DOW,Tipo,thr_cal,n,meanROI,sdROI,p,octdec_bets,octdec_stake,octdec_profit_exp,octdec_profit_real
Seg,FT,0.1667,54,0.2552407407407407,0.985789137680697,0.02854198753507009,52,10264.0,2619.7909629629626,2183.0840000000003
Ter,FT,0.446,132,0.09996212121212121,0.9078434341032164,0.10292472846787004,127,24729.0,2471.9632954545455,786.6709999999998
Ter,FH,0.581,55,0.17328181818181818,0.8647487098254504,0.06862797234209816,54,6994.0,1211.9330363636363,662.036
