{
  "isotonic": {
    "x": [
      0.11544483188216431,
      0.16400867907675593,
      0.16468215048478055,
      0.3012987130578298,
      0.30454495382872765,
      0.32617718206810803,
      0.3336748825092887,
      0.41113363814746684,
      0.41220380877115614,
      0.6011866946371296,
      0.6275624742969188,
      0.6278792024202545
    ],
    "y": [
      0.0,
      0.0,
      0.09433962264150944,
      0.09433962264150944,
      0.3333333333333333,
      0.3333333333333333,
      0.35,
      0.35,
      0.375,
      0.375,
      0.5,
      0.5
    ]
  },
  "note": "Calibracao isotonic para Sex–Dom",
  "cutoff": 0.62
}