month,bets,stake,profit,roi_turn
2025-08,25,5059.0,-237.48599999999996,-0.04694326942083415
2025-09,46,7467.0,251.9740000000001,0.0337450113834204
2025-10,349,46545.0,-176.91299999999984,-0.0038009023525620335
2025-11,317,49316.0,-1919.8339999999998,-0.038929231892286476
2025-12,177,24540.0,3242.008,0.13211116544417278
