missing_stages,status,trace_id
H3B_EXEC_REQUEST_CREATED|H3B_EXECUTOR_RECEIVED|H3B_DRYRUN_FINISHED|H3B_FINAL_GATE_DECIDED|H3B_PLACE_FINISHED,UNKNOWN,h3bup:na:700d33c1f9d9
H3B_BRIDGE_FETCHED|H3B_EXEC_REQUEST_CREATED|H3B_EXECUTOR_RECEIVED|H3B_DRYRUN_FINISHED|H3B_FINAL_GATE_DECIDED|H3B_PLACE_FINISHED,UNKNOWN,h3bup:na:cefbf7b6da55
H3B_BRIDGE_FETCHED|H3B_EXEC_REQUEST_CREATED|H3B_EXECUTOR_RECEIVED|H3B_DRYRUN_FINISHED|H3B_FINAL_GATE_DECIDED|H3B_PLACE_FINISHED,UNKNOWN,h3bup:na:d3ebe4add06c
H3B_BRIDGE_FETCHED|H3B_EXEC_REQUEST_CREATED|H3B_EXECUTOR_RECEIVED|H3B_DRYRUN_FINISHED|H3B_FINAL_GATE_DECIDED|H3B_PLACE_FINISHED,UNKNOWN,h3bup:na:b2c07bedb88f
H3B_BRIDGE_FETCHED|H3B_EXEC_REQUEST_CREATED|H3B_EXECUTOR_RECEIVED|H3B_DRYRUN_FINISHED|H3B_FINAL_GATE_DECIDED|H3B_PLACE_FINISHED,UNKNOWN,h3bup:na:239c3350b66b
H3B_BRIDGE_FETCHED|H3B_EXEC_REQUEST_CREATED|H3B_EXECUTOR_RECEIVED|H3B_DRYRUN_FINISHED|H3B_FINAL_GATE_DECIDED|H3B_PLACE_FINISHED,UNKNOWN,h3bup:na:0547910a1e54
H3B_BRIDGE_FETCHED|H3B_EXEC_REQUEST_CREATED|H3B_EXECUTOR_RECEIVED|H3B_DRYRUN_FINISHED|H3B_FINAL_GATE_DECIDED|H3B_PLACE_FINISHED,UNKNOWN,h3bup:na:d58c2261fdd2
H3B_EXEC_REQUEST_CREATED|H3B_EXECUTOR_RECEIVED|H3B_DRYRUN_FINISHED|H3B_FINAL_GATE_DECIDED|H3B_PLACE_FINISHED,UNKNOWN,h3bup:na:5f5a9dceba6d
H3B_BRIDGE_FETCHED|H3B_EXEC_REQUEST_CREATED|H3B_EXECUTOR_RECEIVED|H3B_DRYRUN_FINISHED|H3B_FINAL_GATE_DECIDED|H3B_PLACE_FINISHED,UNKNOWN,h3bup:na:26a39043ab1e
H3B_BRIDGE_FETCHED|H3B_EXEC_REQUEST_CREATED|H3B_EXECUTOR_RECEIVED|H3B_DRYRUN_FINISHED|H3B_FINAL_GATE_DECIDED|H3B_PLACE_FINISHED,UNKNOWN,h3bup:na:a1312bb8c7af
H3B_BRIDGE_FETCHED|H3B_EXEC_REQUEST_CREATED|H3B_EXECUTOR_RECEIVED|H3B_DRYRUN_FINISHED|H3B_FINAL_GATE_DECIDED|H3B_PLACE_FINISHED,UNKNOWN,h3bup:na:690cfc8bbbd1
H3B_BRIDGE_FETCHED|H3B_EXEC_REQUEST_CREATED|H3B_EXECUTOR_RECEIVED|H3B_DRYRUN_FINISHED|H3B_FINAL_GATE_DECIDED|H3B_PLACE_FINISHED,UNKNOWN,h3bup:na:d49ff10a0966
H3B_BRIDGE_FETCHED|H3B_EXEC_REQUEST_CREATED|H3B_EXECUTOR_RECEIVED|H3B_DRYRUN_FINISHED|H3B_FINAL_GATE_DECIDED|H3B_PLACE_FINISHED,UNKNOWN,h3bup:na:932333a11aea
H3B_BRIDGE_FETCHED|H3B_EXEC_REQUEST_CREATED|H3B_EXECUTOR_RECEIVED|H3B_DRYRUN_FINISHED|H3B_FINAL_GATE_DECIDED|H3B_PLACE_FINISHED,UNKNOWN,h3bup:na:3519772f7527
H3B_EXEC_REQUEST_CREATED|H3B_EXECUTOR_RECEIVED|H3B_DRYRUN_FINISHED|H3B_FINAL_GATE_DECIDED|H3B_PLACE_FINISHED,UNKNOWN,h3bup:na:7aab62810705
H3B_EXEC_REQUEST_CREATED|H3B_EXECUTOR_RECEIVED|H3B_DRYRUN_FINISHED|H3B_FINAL_GATE_DECIDED|H3B_PLACE_FINISHED,UNKNOWN,h3bup:na:b36e6dcc4543
H3B_BRIDGE_FETCHED|H3B_EXEC_REQUEST_CREATED|H3B_EXECUTOR_RECEIVED|H3B_DRYRUN_FINISHED|H3B_FINAL_GATE_DECIDED|H3B_PLACE_FINISHED,UNKNOWN,h3bup:na:92b2e42bedfd
H3B_BRIDGE_FETCHED|H3B_EXEC_REQUEST_CREATED|H3B_EXECUTOR_RECEIVED|H3B_DRYRUN_FINISHED|H3B_FINAL_GATE_DECIDED|H3B_PLACE_FINISHED,UNKNOWN,h3bup:na:bc68228dd85e
H3B_BRIDGE_FETCHED|H3B_EXEC_REQUEST_CREATED|H3B_EXECUTOR_RECEIVED|H3B_DRYRUN_FINISHED|H3B_FINAL_GATE_DECIDED|H3B_PLACE_FINISHED,UNKNOWN,h3bup:na:e61e41aa9b51
H3B_BRIDGE_FETCHED|H3B_EXEC_REQUEST_CREATED|H3B_EXECUTOR_RECEIVED|H3B_DRYRUN_FINISHED|H3B_FINAL_GATE_DECIDED|H3B_PLACE_FINISHED,UNKNOWN,h3bup:na:6f06e83594f7
H3B_BRIDGE_FETCHED|H3B_EXEC_REQUEST_CREATED|H3B_EXECUTOR_RECEIVED|H3B_DRYRUN_FINISHED|H3B_FINAL_GATE_DECIDED|H3B_PLACE_FINISHED,UNKNOWN,h3bup:na:421374386629
H3B_BRIDGE_FETCHED|H3B_EXEC_REQUEST_CREATED|H3B_EXECUTOR_RECEIVED|H3B_DRYRUN_FINISHED|H3B_FINAL_GATE_DECIDED|H3B_PLACE_FINISHED,UNKNOWN,h3bup:na:aae6cb67ecbd
H3B_BRIDGE_FETCHED|H3B_EXEC_REQUEST_CREATED|H3B_EXECUTOR_RECEIVED|H3B_DRYRUN_FINISHED|H3B_FINAL_GATE_DECIDED|H3B_PLACE_FINISHED,UNKNOWN,h3bup:na:8e1a8149c9a6
H3B_BRIDGE_FETCHED|H3B_EXEC_REQUEST_CREATED|H3B_EXECUTOR_RECEIVED|H3B_DRYRUN_FINISHED|H3B_FINAL_GATE_DECIDED|H3B_PLACE_FINISHED,UNKNOWN,h3bup:na:b7f39a96ce90
H3B_BRIDGE_FETCHED|H3B_EXEC_REQUEST_CREATED|H3B_EXECUTOR_RECEIVED|H3B_DRYRUN_FINISHED|H3B_FINAL_GATE_DECIDED|H3B_PLACE_FINISHED,UNKNOWN,h3bup:na:6ffd14717dce
H3B_BRIDGE_FETCHED|H3B_EXEC_REQUEST_CREATED|H3B_EXECUTOR_RECEIVED|H3B_DRYRUN_FINISHED|H3B_FINAL_GATE_DECIDED|H3B_PLACE_FINISHED,UNKNOWN,h3bup:na:d0534d515134
H3B_BRIDGE_FETCHED|H3B_EXEC_REQUEST_CREATED|H3B_EXECUTOR_RECEIVED|H3B_DRYRUN_FINISHED|H3B_FINAL_GATE_DECIDED|H3B_PLACE_FINISHED,UNKNOWN,h3bup:na:e15be2e60faa
H3B_BRIDGE_FETCHED|H3B_EXEC_REQUEST_CREATED|H3B_EXECUTOR_RECEIVED|H3B_DRYRUN_FINISHED|H3B_FINAL_GATE_DECIDED|H3B_PLACE_FINISHED,UNKNOWN,h3bup:na:a82520699a0c
H3B_EXEC_REQUEST_CREATED|H3B_EXECUTOR_RECEIVED|H3B_DRYRUN_FINISHED|H3B_FINAL_GATE_DECIDED|H3B_PLACE_FINISHED,UNKNOWN,h3bup:na:fba2aebac965
H3B_BRIDGE_FETCHED|H3B_EXEC_REQUEST_CREATED|H3B_EXECUTOR_RECEIVED|H3B_DRYRUN_FINISHED|H3B_FINAL_GATE_DECIDED|H3B_PLACE_FINISHED,UNKNOWN,h3bup:na:89cbb9a4f28e
H3B_BRIDGE_FETCHED|H3B_EXEC_REQUEST_CREATED|H3B_EXECUTOR_RECEIVED|H3B_DRYRUN_FINISHED|H3B_FINAL_GATE_DECIDED|H3B_PLACE_FINISHED,UNKNOWN,h3bup:na:25ba26eb1e86
H3B_BRIDGE_FETCHED|H3B_EXEC_REQUEST_CREATED|H3B_EXECUTOR_RECEIVED|H3B_DRYRUN_FINISHED|H3B_FINAL_GATE_DECIDED|H3B_PLACE_FINISHED,UNKNOWN,h3bup:na:333fea87e604
H3B_BRIDGE_FETCHED|H3B_EXEC_REQUEST_CREATED|H3B_EXECUTOR_RECEIVED|H3B_DRYRUN_FINISHED|H3B_FINAL_GATE_DECIDED|H3B_PLACE_FINISHED,UNKNOWN,h3bup:na:48dcef019fdc
H3B_BRIDGE_FETCHED|H3B_EXEC_REQUEST_CREATED|H3B_EXECUTOR_RECEIVED|H3B_DRYRUN_FINISHED|H3B_FINAL_GATE_DECIDED|H3B_PLACE_FINISHED,UNKNOWN,h3bup:na:994775271cb4
H3B_BRIDGE_FETCHED|H3B_EXEC_REQUEST_CREATED|H3B_EXECUTOR_RECEIVED|H3B_DRYRUN_FINISHED|H3B_FINAL_GATE_DECIDED|H3B_PLACE_FINISHED,UNKNOWN,h3bup:na:cf6be3068d7a
H3B_BRIDGE_FETCHED|H3B_EXEC_REQUEST_CREATED|H3B_EXECUTOR_RECEIVED|H3B_DRYRUN_FINISHED|H3B_FINAL_GATE_DECIDED|H3B_PLACE_FINISHED,UNKNOWN,h3bup:na:048dac8745fe
H3B_BRIDGE_FETCHED|H3B_EXEC_REQUEST_CREATED|H3B_EXECUTOR_RECEIVED|H3B_DRYRUN_FINISHED|H3B_FINAL_GATE_DECIDED|H3B_PLACE_FINISHED,UNKNOWN,h3bup:na:4f20da1de9b0
H3B_BRIDGE_FETCHED|H3B_EXEC_REQUEST_CREATED|H3B_EXECUTOR_RECEIVED|H3B_DRYRUN_FINISHED|H3B_FINAL_GATE_DECIDED|H3B_PLACE_FINISHED,UNKNOWN,h3bup:na:fc819e895416
H3B_BRIDGE_FETCHED|H3B_EXEC_REQUEST_CREATED|H3B_EXECUTOR_RECEIVED|H3B_DRYRUN_FINISHED|H3B_FINAL_GATE_DECIDED|H3B_PLACE_FINISHED,UNKNOWN,h3bup:na:71e176bcafb6
H3B_BRIDGE_FETCHED|H3B_EXEC_REQUEST_CREATED|H3B_EXECUTOR_RECEIVED|H3B_DRYRUN_FINISHED|H3B_FINAL_GATE_DECIDED|H3B_PLACE_FINISHED,UNKNOWN,h3bup:na:0e91ef1bdead
H3B_BRIDGE_FETCHED|H3B_EXEC_REQUEST_CREATED|H3B_EXECUTOR_RECEIVED|H3B_DRYRUN_FINISHED|H3B_FINAL_GATE_DECIDED|H3B_PLACE_FINISHED,UNKNOWN,h3bup:na:3ddc662bce94
H3B_EXEC_REQUEST_CREATED|H3B_EXECUTOR_RECEIVED|H3B_DRYRUN_FINISHED|H3B_FINAL_GATE_DECIDED|H3B_PLACE_FINISHED,UNKNOWN,h3bup:na:86e7e6f43c32
H3B_BRIDGE_FETCHED|H3B_EXEC_REQUEST_CREATED|H3B_EXECUTOR_RECEIVED|H3B_DRYRUN_FINISHED|H3B_FINAL_GATE_DECIDED|H3B_PLACE_FINISHED,UNKNOWN,h3bup:na:d77666a58476
H3B_EXEC_REQUEST_CREATED|H3B_EXECUTOR_RECEIVED|H3B_DRYRUN_FINISHED|H3B_FINAL_GATE_DECIDED|H3B_PLACE_FINISHED,UNKNOWN,h3bup:na:0b7f487e598c
H3B_EXEC_REQUEST_CREATED|H3B_EXECUTOR_RECEIVED|H3B_DRYRUN_FINISHED|H3B_FINAL_GATE_DECIDED|H3B_PLACE_FINISHED,UNKNOWN,h3bup:na:5b5568a12495
H3B_BRIDGE_FETCHED|H3B_EXEC_REQUEST_CREATED|H3B_EXECUTOR_RECEIVED|H3B_DRYRUN_FINISHED|H3B_FINAL_GATE_DECIDED|H3B_PLACE_FINISHED,UNKNOWN,h3bup:na:0df86b88e836
H3B_BRIDGE_FETCHED|H3B_EXEC_REQUEST_CREATED|H3B_EXECUTOR_RECEIVED|H3B_DRYRUN_FINISHED|H3B_FINAL_GATE_DECIDED|H3B_PLACE_FINISHED,UNKNOWN,h3bup:na:8dace05e7583
H3B_BRIDGE_FETCHED|H3B_EXEC_REQUEST_CREATED|H3B_EXECUTOR_RECEIVED|H3B_DRYRUN_FINISHED|H3B_FINAL_GATE_DECIDED|H3B_PLACE_FINISHED,UNKNOWN,h3bup:na:f58824f88cc2
H3B_BRIDGE_FETCHED|H3B_EXEC_REQUEST_CREATED|H3B_EXECUTOR_RECEIVED|H3B_DRYRUN_FINISHED|H3B_FINAL_GATE_DECIDED|H3B_PLACE_FINISHED,UNKNOWN,h3bup:na:9fc18ff81ad0
H3B_BRIDGE_FETCHED|H3B_EXEC_REQUEST_CREATED|H3B_EXECUTOR_RECEIVED|H3B_DRYRUN_FINISHED|H3B_FINAL_GATE_DECIDED|H3B_PLACE_FINISHED,UNKNOWN,h3bup:na:c4762881dee8
H3B_EXEC_REQUEST_CREATED|H3B_EXECUTOR_RECEIVED|H3B_DRYRUN_FINISHED|H3B_FINAL_GATE_DECIDED|H3B_PLACE_FINISHED,UNKNOWN,h3bup:na:8dc1332d9418
H3B_EXEC_REQUEST_CREATED|H3B_EXECUTOR_RECEIVED|H3B_DRYRUN_FINISHED|H3B_FINAL_GATE_DECIDED|H3B_PLACE_FINISHED,UNKNOWN,h3bup:na:e919819da17c
H3B_BRIDGE_FETCHED|H3B_EXEC_REQUEST_CREATED|H3B_EXECUTOR_RECEIVED|H3B_DRYRUN_FINISHED|H3B_FINAL_GATE_DECIDED|H3B_PLACE_FINISHED,UNKNOWN,h3bup:na:4686f62fa348
H3B_EXEC_REQUEST_CREATED|H3B_EXECUTOR_RECEIVED|H3B_DRYRUN_FINISHED|H3B_FINAL_GATE_DECIDED|H3B_PLACE_FINISHED,UNKNOWN,h3bup:na:83fd4068f7ee
H3B_BRIDGE_FETCHED|H3B_EXEC_REQUEST_CREATED|H3B_EXECUTOR_RECEIVED|H3B_DRYRUN_FINISHED|H3B_FINAL_GATE_DECIDED|H3B_PLACE_FINISHED,UNKNOWN,h3bup:na:86291a2ecae4
H3B_EXEC_REQUEST_CREATED|H3B_EXECUTOR_RECEIVED|H3B_DRYRUN_FINISHED|H3B_FINAL_GATE_DECIDED|H3B_PLACE_FINISHED,UNKNOWN,h3bup:na:44f65988b8f0
H3B_EXEC_REQUEST_CREATED|H3B_EXECUTOR_RECEIVED|H3B_DRYRUN_FINISHED|H3B_FINAL_GATE_DECIDED|H3B_PLACE_FINISHED,UNKNOWN,h3bup:na:a6e3e0049ce7
H3B_BRIDGE_FETCHED|H3B_EXEC_REQUEST_CREATED|H3B_EXECUTOR_RECEIVED|H3B_DRYRUN_FINISHED|H3B_FINAL_GATE_DECIDED|H3B_PLACE_FINISHED,UNKNOWN,h3bup:na:d59ee81739fd
H3B_BRIDGE_FETCHED|H3B_EXEC_REQUEST_CREATED|H3B_EXECUTOR_RECEIVED|H3B_DRYRUN_FINISHED|H3B_FINAL_GATE_DECIDED|H3B_PLACE_FINISHED,UNKNOWN,h3bup:na:a8f1b623f3ce
H3B_EXEC_REQUEST_CREATED|H3B_EXECUTOR_RECEIVED|H3B_DRYRUN_FINISHED|H3B_FINAL_GATE_DECIDED|H3B_PLACE_FINISHED,UNKNOWN,h3bup:na:0b43fd5efd1c
H3B_EXEC_REQUEST_CREATED|H3B_EXECUTOR_RECEIVED|H3B_DRYRUN_FINISHED|H3B_FINAL_GATE_DECIDED|H3B_PLACE_FINISHED,UNKNOWN,h3bup:na:2373347c3661
H3B_BRIDGE_FETCHED|H3B_EXEC_REQUEST_CREATED|H3B_EXECUTOR_RECEIVED|H3B_DRYRUN_FINISHED|H3B_FINAL_GATE_DECIDED|H3B_PLACE_FINISHED,UNKNOWN,h3bup:na:10a8c30c249b
H3B_EXEC_REQUEST_CREATED|H3B_EXECUTOR_RECEIVED|H3B_DRYRUN_FINISHED|H3B_FINAL_GATE_DECIDED|H3B_PLACE_FINISHED,UNKNOWN,h3bup:na:f391db2eec28
H3B_BRIDGE_FETCHED|H3B_EXEC_REQUEST_CREATED|H3B_EXECUTOR_RECEIVED|H3B_DRYRUN_FINISHED|H3B_FINAL_GATE_DECIDED|H3B_PLACE_FINISHED,UNKNOWN,h3bup:na:c43405825392
H3B_EXEC_REQUEST_CREATED|H3B_PLACE_FINISHED,CAP_BLOCKED,h3bup:na:caa1abc01b34
H3B_BRIDGE_FETCHED|H3B_EXEC_REQUEST_CREATED|H3B_EXECUTOR_RECEIVED|H3B_DRYRUN_FINISHED|H3B_FINAL_GATE_DECIDED|H3B_PLACE_FINISHED,UNKNOWN,h3bup:na:224dac7bb05e
H3B_EXEC_REQUEST_CREATED|H3B_PLACE_FINISHED,CAP_BLOCKED,h3bup:na:8a3574a68a3c
H3B_BRIDGE_FETCHED|H3B_EXEC_REQUEST_CREATED|H3B_EXECUTOR_RECEIVED|H3B_DRYRUN_FINISHED|H3B_FINAL_GATE_DECIDED|H3B_PLACE_FINISHED,UNKNOWN,h3bup:na:647093aacd80
H3B_BRIDGE_FETCHED|H3B_EXEC_REQUEST_CREATED|H3B_EXECUTOR_RECEIVED|H3B_DRYRUN_FINISHED|H3B_FINAL_GATE_DECIDED|H3B_PLACE_FINISHED,UNKNOWN,h3bup:na:aeff82652ebb
H3B_BRIDGE_FETCHED|H3B_EXEC_REQUEST_CREATED|H3B_EXECUTOR_RECEIVED|H3B_DRYRUN_FINISHED|H3B_FINAL_GATE_DECIDED|H3B_PLACE_FINISHED,UNKNOWN,h3bup:na:5068783a874d
H3B_EXEC_REQUEST_CREATED|H3B_EXECUTOR_RECEIVED|H3B_DRYRUN_FINISHED|H3B_FINAL_GATE_DECIDED|H3B_PLACE_FINISHED,UNKNOWN,h3bup:na:d42b57a225a5
H3B_BRIDGE_FETCHED|H3B_EXEC_REQUEST_CREATED|H3B_EXECUTOR_RECEIVED|H3B_DRYRUN_FINISHED|H3B_FINAL_GATE_DECIDED|H3B_PLACE_FINISHED,UNKNOWN,h3bup:na:36c293eb1448
H3B_BRIDGE_FETCHED|H3B_EXEC_REQUEST_CREATED|H3B_EXECUTOR_RECEIVED|H3B_DRYRUN_FINISHED|H3B_FINAL_GATE_DECIDED|H3B_PLACE_FINISHED,UNKNOWN,h3bup:na:0dd792fa0cd3
H3B_BRIDGE_FETCHED|H3B_EXEC_REQUEST_CREATED|H3B_EXECUTOR_RECEIVED|H3B_DRYRUN_FINISHED|H3B_FINAL_GATE_DECIDED|H3B_PLACE_FINISHED,UNKNOWN,h3bup:na:ea78b1f5fd3c
H3B_BRIDGE_FETCHED|H3B_EXEC_REQUEST_CREATED|H3B_EXECUTOR_RECEIVED|H3B_DRYRUN_FINISHED|H3B_FINAL_GATE_DECIDED|H3B_PLACE_FINISHED,UNKNOWN,h3bup:na:b19b060050bf
H3B_EXEC_REQUEST_CREATED|H3B_EXECUTOR_RECEIVED|H3B_DRYRUN_FINISHED|H3B_FINAL_GATE_DECIDED|H3B_PLACE_FINISHED,UNKNOWN,h3bup:na:4adf630d6a71
H3B_BRIDGE_FETCHED|H3B_EXEC_REQUEST_CREATED|H3B_EXECUTOR_RECEIVED|H3B_DRYRUN_FINISHED|H3B_FINAL_GATE_DECIDED|H3B_PLACE_FINISHED,UNKNOWN,h3bup:na:565bebed1865
H3B_EXEC_REQUEST_CREATED|H3B_EXECUTOR_RECEIVED|H3B_DRYRUN_FINISHED|H3B_FINAL_GATE_DECIDED|H3B_PLACE_FINISHED,UNKNOWN,h3bup:na:70a564a9418e
H3B_BRIDGE_FETCHED|H3B_EXEC_REQUEST_CREATED|H3B_EXECUTOR_RECEIVED|H3B_DRYRUN_FINISHED|H3B_FINAL_GATE_DECIDED|H3B_PLACE_FINISHED,UNKNOWN,h3bup:na:dd4c75190117
H3B_BRIDGE_FETCHED|H3B_EXEC_REQUEST_CREATED|H3B_EXECUTOR_RECEIVED|H3B_DRYRUN_FINISHED|H3B_FINAL_GATE_DECIDED|H3B_PLACE_FINISHED,UNKNOWN,h3bup:na:b7afcad5fdf3
H3B_EXEC_REQUEST_CREATED|H3B_EXECUTOR_RECEIVED|H3B_DRYRUN_FINISHED|H3B_FINAL_GATE_DECIDED|H3B_PLACE_FINISHED,UNKNOWN,h3bup:na:b1200b1fdc3e
H3B_BRIDGE_FETCHED|H3B_EXEC_REQUEST_CREATED|H3B_EXECUTOR_RECEIVED|H3B_DRYRUN_FINISHED|H3B_FINAL_GATE_DECIDED|H3B_PLACE_FINISHED,UNKNOWN,h3bup:na:3689f85ebe31
H3B_BRIDGE_FETCHED|H3B_EXEC_REQUEST_CREATED|H3B_EXECUTOR_RECEIVED|H3B_DRYRUN_FINISHED|H3B_FINAL_GATE_DECIDED|H3B_PLACE_FINISHED,UNKNOWN,h3bup:na:4af6c2e221fa
H3B_BRIDGE_FETCHED|H3B_EXEC_REQUEST_CREATED|H3B_EXECUTOR_RECEIVED|H3B_DRYRUN_FINISHED|H3B_FINAL_GATE_DECIDED|H3B_PLACE_FINISHED,UNKNOWN,h3bup:na:8dc008eeb532
H3B_BRIDGE_FETCHED|H3B_EXEC_REQUEST_CREATED|H3B_EXECUTOR_RECEIVED|H3B_DRYRUN_FINISHED|H3B_FINAL_GATE_DECIDED|H3B_PLACE_FINISHED,UNKNOWN,h3bup:na:4c03e311a763
H3B_BRIDGE_FETCHED|H3B_EXEC_REQUEST_CREATED|H3B_EXECUTOR_RECEIVED|H3B_DRYRUN_FINISHED|H3B_FINAL_GATE_DECIDED|H3B_PLACE_FINISHED,UNKNOWN,h3bup:na:9d42ad1a83f7
H3B_BRIDGE_FETCHED|H3B_EXEC_REQUEST_CREATED|H3B_EXECUTOR_RECEIVED|H3B_DRYRUN_FINISHED|H3B_FINAL_GATE_DECIDED|H3B_PLACE_FINISHED,UNKNOWN,h3bup:na:46388233e1da
H3B_BRIDGE_FETCHED|H3B_EXEC_REQUEST_CREATED|H3B_EXECUTOR_RECEIVED|H3B_DRYRUN_FINISHED|H3B_FINAL_GATE_DECIDED|H3B_PLACE_FINISHED,UNKNOWN,h3bup:na:6fe119f90712
H3B_BRIDGE_FETCHED|H3B_EXEC_REQUEST_CREATED|H3B_EXECUTOR_RECEIVED|H3B_DRYRUN_FINISHED|H3B_FINAL_GATE_DECIDED|H3B_PLACE_FINISHED,UNKNOWN,h3bup:na:74c666c54424
H3B_BRIDGE_FETCHED|H3B_EXEC_REQUEST_CREATED|H3B_EXECUTOR_RECEIVED|H3B_DRYRUN_FINISHED|H3B_FINAL_GATE_DECIDED|H3B_PLACE_FINISHED,UNKNOWN,h3bup:na:2af3d0005a95
H3B_EXEC_REQUEST_CREATED|H3B_EXECUTOR_RECEIVED|H3B_DRYRUN_FINISHED|H3B_FINAL_GATE_DECIDED|H3B_PLACE_FINISHED,UNKNOWN,h3bup:na:e1dae9371d35
H3B_BRIDGE_FETCHED|H3B_EXEC_REQUEST_CREATED|H3B_EXECUTOR_RECEIVED|H3B_DRYRUN_FINISHED|H3B_FINAL_GATE_DECIDED|H3B_PLACE_FINISHED,UNKNOWN,h3bup:na:a5a90e80ccb3
H3B_BRIDGE_FETCHED|H3B_EXEC_REQUEST_CREATED|H3B_EXECUTOR_RECEIVED|H3B_DRYRUN_FINISHED|H3B_FINAL_GATE_DECIDED|H3B_PLACE_FINISHED,UNKNOWN,h3bup:na:c64c032f6e95
H3B_EXEC_REQUEST_CREATED|H3B_EXECUTOR_RECEIVED|H3B_DRYRUN_FINISHED|H3B_FINAL_GATE_DECIDED|H3B_PLACE_FINISHED,UNKNOWN,h3bup:na:20a06d4ef5ff
H3B_BRIDGE_FETCHED|H3B_EXEC_REQUEST_CREATED|H3B_EXECUTOR_RECEIVED|H3B_DRYRUN_FINISHED|H3B_FINAL_GATE_DECIDED|H3B_PLACE_FINISHED,UNKNOWN,h3bup:na:67b8d0791f2e
H3B_BRIDGE_FETCHED|H3B_EXEC_REQUEST_CREATED|H3B_EXECUTOR_RECEIVED|H3B_DRYRUN_FINISHED|H3B_FINAL_GATE_DECIDED|H3B_PLACE_FINISHED,UNKNOWN,h3bup:na:9400278cdfe2
H3B_BRIDGE_FETCHED|H3B_EXEC_REQUEST_CREATED|H3B_EXECUTOR_RECEIVED|H3B_DRYRUN_FINISHED|H3B_FINAL_GATE_DECIDED|H3B_PLACE_FINISHED,UNKNOWN,h3bup:na:1c894199d2b3
H3B_BRIDGE_FETCHED|H3B_EXEC_REQUEST_CREATED|H3B_EXECUTOR_RECEIVED|H3B_DRYRUN_FINISHED|H3B_FINAL_GATE_DECIDED|H3B_PLACE_FINISHED,UNKNOWN,h3bup:na:7944c2f9061a
H3B_BRIDGE_FETCHED|H3B_EXEC_REQUEST_CREATED|H3B_EXECUTOR_RECEIVED|H3B_DRYRUN_FINISHED|H3B_FINAL_GATE_DECIDED|H3B_PLACE_FINISHED,UNKNOWN,h3bup:na:8727930e1732
H3B_BRIDGE_FETCHED|H3B_EXEC_REQUEST_CREATED|H3B_EXECUTOR_RECEIVED|H3B_DRYRUN_FINISHED|H3B_FINAL_GATE_DECIDED|H3B_PLACE_FINISHED,UNKNOWN,h3bup:na:635f02fe7ecf
H3B_BRIDGE_FETCHED|H3B_EXEC_REQUEST_CREATED|H3B_EXECUTOR_RECEIVED|H3B_DRYRUN_FINISHED|H3B_FINAL_GATE_DECIDED|H3B_PLACE_FINISHED,UNKNOWN,h3bup:na:57c400916076
H3B_BRIDGE_FETCHED|H3B_EXEC_REQUEST_CREATED|H3B_EXECUTOR_RECEIVED|H3B_DRYRUN_FINISHED|H3B_FINAL_GATE_DECIDED|H3B_PLACE_FINISHED,UNKNOWN,h3bup:na:9e0562db85fb
H3B_BRIDGE_FETCHED|H3B_EXEC_REQUEST_CREATED|H3B_EXECUTOR_RECEIVED|H3B_DRYRUN_FINISHED|H3B_FINAL_GATE_DECIDED|H3B_PLACE_FINISHED,UNKNOWN,h3bup:na:e708cde8379b
H3B_BRIDGE_FETCHED|H3B_EXEC_REQUEST_CREATED|H3B_EXECUTOR_RECEIVED|H3B_DRYRUN_FINISHED|H3B_FINAL_GATE_DECIDED|H3B_PLACE_FINISHED,UNKNOWN,h3bup:na:8fa723e558a2
H3B_BRIDGE_FETCHED|H3B_EXEC_REQUEST_CREATED|H3B_EXECUTOR_RECEIVED|H3B_DRYRUN_FINISHED|H3B_FINAL_GATE_DECIDED|H3B_PLACE_FINISHED,UNKNOWN,h3bup:na:9d9998290629
H3B_BRIDGE_FETCHED|H3B_EXEC_REQUEST_CREATED|H3B_EXECUTOR_RECEIVED|H3B_DRYRUN_FINISHED|H3B_FINAL_GATE_DECIDED|H3B_PLACE_FINISHED,UNKNOWN,h3bup:na:f3c90c871c76
H3B_EXEC_REQUEST_CREATED|H3B_EXECUTOR_RECEIVED|H3B_DRYRUN_FINISHED|H3B_FINAL_GATE_DECIDED|H3B_PLACE_FINISHED,UNKNOWN,h3bup:na:748a67f18e80
H3B_BRIDGE_FETCHED|H3B_EXEC_REQUEST_CREATED|H3B_EXECUTOR_RECEIVED|H3B_DRYRUN_FINISHED|H3B_FINAL_GATE_DECIDED|H3B_PLACE_FINISHED,UNKNOWN,h3bup:na:34c6c98557e5
H3B_EXEC_REQUEST_CREATED|H3B_EXECUTOR_RECEIVED|H3B_DRYRUN_FINISHED|H3B_FINAL_GATE_DECIDED|H3B_PLACE_FINISHED,UNKNOWN,h3bup:na:d32cd8998983
H3B_BRIDGE_FETCHED|H3B_EXEC_REQUEST_CREATED|H3B_EXECUTOR_RECEIVED|H3B_DRYRUN_FINISHED|H3B_FINAL_GATE_DECIDED|H3B_PLACE_FINISHED,UNKNOWN,h3bup:na:5e3d99b4872d
H3B_BRIDGE_FETCHED|H3B_EXEC_REQUEST_CREATED|H3B_EXECUTOR_RECEIVED|H3B_DRYRUN_FINISHED|H3B_FINAL_GATE_DECIDED|H3B_PLACE_FINISHED,UNKNOWN,h3bup:na:91439942cdfb
H3B_BRIDGE_FETCHED|H3B_EXEC_REQUEST_CREATED|H3B_EXECUTOR_RECEIVED|H3B_DRYRUN_FINISHED|H3B_FINAL_GATE_DECIDED|H3B_PLACE_FINISHED,UNKNOWN,h3bup:na:c9339b741793
H3B_BRIDGE_FETCHED|H3B_EXEC_REQUEST_CREATED|H3B_EXECUTOR_RECEIVED|H3B_DRYRUN_FINISHED|H3B_FINAL_GATE_DECIDED|H3B_PLACE_FINISHED,UNKNOWN,h3bup:na:1314509184f5
H3B_BRIDGE_FETCHED|H3B_EXEC_REQUEST_CREATED|H3B_EXECUTOR_RECEIVED|H3B_DRYRUN_FINISHED|H3B_FINAL_GATE_DECIDED|H3B_PLACE_FINISHED,UNKNOWN,h3bup:na:3eb956f80b26
H3B_BRIDGE_FETCHED|H3B_EXEC_REQUEST_CREATED|H3B_EXECUTOR_RECEIVED|H3B_DRYRUN_FINISHED|H3B_FINAL_GATE_DECIDED|H3B_PLACE_FINISHED,UNKNOWN,h3bup:na:da765843084a
H3B_BRIDGE_FETCHED|H3B_EXEC_REQUEST_CREATED|H3B_EXECUTOR_RECEIVED|H3B_DRYRUN_FINISHED|H3B_FINAL_GATE_DECIDED|H3B_PLACE_FINISHED,UNKNOWN,h3bup:na:699e3044fcea
H3B_EXEC_REQUEST_CREATED|H3B_EXECUTOR_RECEIVED|H3B_DRYRUN_FINISHED|H3B_FINAL_GATE_DECIDED|H3B_PLACE_FINISHED,UNKNOWN,h3bup:na:41d664d114aa
H3B_BRIDGE_FETCHED|H3B_EXEC_REQUEST_CREATED|H3B_EXECUTOR_RECEIVED|H3B_DRYRUN_FINISHED|H3B_FINAL_GATE_DECIDED|H3B_PLACE_FINISHED,UNKNOWN,h3bup:na:03095cc6f7b9
H3B_BRIDGE_FETCHED|H3B_EXEC_REQUEST_CREATED|H3B_EXECUTOR_RECEIVED|H3B_DRYRUN_FINISHED|H3B_FINAL_GATE_DECIDED|H3B_PLACE_FINISHED,UNKNOWN,h3bup:na:55c0b9196dd2
H3B_BRIDGE_FETCHED|H3B_EXEC_REQUEST_CREATED|H3B_EXECUTOR_RECEIVED|H3B_DRYRUN_FINISHED|H3B_FINAL_GATE_DECIDED|H3B_PLACE_FINISHED,UNKNOWN,h3bup:na:1a65cee1fa1c
H3B_BRIDGE_FETCHED|H3B_EXEC_REQUEST_CREATED|H3B_EXECUTOR_RECEIVED|H3B_DRYRUN_FINISHED|H3B_FINAL_GATE_DECIDED|H3B_PLACE_FINISHED,UNKNOWN,h3bup:na:46598993b4f7
H3B_BRIDGE_FETCHED|H3B_EXEC_REQUEST_CREATED|H3B_EXECUTOR_RECEIVED|H3B_DRYRUN_FINISHED|H3B_FINAL_GATE_DECIDED|H3B_PLACE_FINISHED,UNKNOWN,h3bup:na:1255f2354a99
H3B_BRIDGE_FETCHED|H3B_EXEC_REQUEST_CREATED|H3B_EXECUTOR_RECEIVED|H3B_DRYRUN_FINISHED|H3B_FINAL_GATE_DECIDED|H3B_PLACE_FINISHED,UNKNOWN,h3bup:na:2a61ba95b059
H3B_BRIDGE_FETCHED|H3B_EXEC_REQUEST_CREATED|H3B_EXECUTOR_RECEIVED|H3B_DRYRUN_FINISHED|H3B_FINAL_GATE_DECIDED|H3B_PLACE_FINISHED,UNKNOWN,h3bup:na:c64a03675de6
H3B_BRIDGE_FETCHED|H3B_EXEC_REQUEST_CREATED|H3B_EXECUTOR_RECEIVED|H3B_DRYRUN_FINISHED|H3B_FINAL_GATE_DECIDED|H3B_PLACE_FINISHED,UNKNOWN,h3bup:na:e89e79c33ce8
H3B_BRIDGE_FETCHED|H3B_EXEC_REQUEST_CREATED|H3B_EXECUTOR_RECEIVED|H3B_DRYRUN_FINISHED|H3B_FINAL_GATE_DECIDED|H3B_PLACE_FINISHED,UNKNOWN,h3bup:na:30bc76b2bc91
H3B_BRIDGE_FETCHED|H3B_EXEC_REQUEST_CREATED|H3B_EXECUTOR_RECEIVED|H3B_DRYRUN_FINISHED|H3B_FINAL_GATE_DECIDED|H3B_PLACE_FINISHED,UNKNOWN,h3bup:na:8d236beaaa91
H3B_BRIDGE_FETCHED|H3B_EXEC_REQUEST_CREATED|H3B_EXECUTOR_RECEIVED|H3B_DRYRUN_FINISHED|H3B_FINAL_GATE_DECIDED|H3B_PLACE_FINISHED,UNKNOWN,h3bup:na:05256502c788
H3B_BRIDGE_FETCHED|H3B_EXEC_REQUEST_CREATED|H3B_EXECUTOR_RECEIVED|H3B_DRYRUN_FINISHED|H3B_FINAL_GATE_DECIDED|H3B_PLACE_FINISHED,UNKNOWN,h3bup:na:f0f32a2c33d2
H3B_EXEC_REQUEST_CREATED|H3B_EXECUTOR_RECEIVED|H3B_DRYRUN_FINISHED|H3B_FINAL_GATE_DECIDED|H3B_PLACE_FINISHED,UNKNOWN,h3bup:na:5b19468b7f11
H3B_BRIDGE_FETCHED|H3B_EXEC_REQUEST_CREATED|H3B_EXECUTOR_RECEIVED|H3B_DRYRUN_FINISHED|H3B_FINAL_GATE_DECIDED|H3B_PLACE_FINISHED,UNKNOWN,h3bup:na:c5deb1005d6a
H3B_BRIDGE_FETCHED|H3B_EXEC_REQUEST_CREATED|H3B_EXECUTOR_RECEIVED|H3B_DRYRUN_FINISHED|H3B_FINAL_GATE_DECIDED|H3B_PLACE_FINISHED,UNKNOWN,h3bup:na:4b262d2ca75b
H3B_BRIDGE_FETCHED|H3B_EXEC_REQUEST_CREATED|H3B_EXECUTOR_RECEIVED|H3B_DRYRUN_FINISHED|H3B_FINAL_GATE_DECIDED|H3B_PLACE_FINISHED,UNKNOWN,h3bup:na:b7edc23d80a5
H3B_EXEC_REQUEST_CREATED|H3B_EXECUTOR_RECEIVED|H3B_DRYRUN_FINISHED|H3B_FINAL_GATE_DECIDED|H3B_PLACE_FINISHED,UNKNOWN,h3bup:na:346d117854fd
H3B_BRIDGE_FETCHED|H3B_EXEC_REQUEST_CREATED|H3B_EXECUTOR_RECEIVED|H3B_DRYRUN_FINISHED|H3B_FINAL_GATE_DECIDED|H3B_PLACE_FINISHED,UNKNOWN,h3bup:na:6b3b4110e34f
H3B_BRIDGE_FETCHED|H3B_EXEC_REQUEST_CREATED|H3B_EXECUTOR_RECEIVED|H3B_DRYRUN_FINISHED|H3B_FINAL_GATE_DECIDED|H3B_PLACE_FINISHED,UNKNOWN,h3bup:na:71ed59d69d6f
H3B_PLACE_FINISHED,CAP_BLOCKED,h3bup:na:d0eacf1cc7ed
H3B_EXEC_REQUEST_CREATED|H3B_EXECUTOR_RECEIVED|H3B_DRYRUN_FINISHED|H3B_FINAL_GATE_DECIDED|H3B_PLACE_FINISHED,UNKNOWN,h3bup:na:a8b271e5b882
H3B_EXEC_REQUEST_CREATED|H3B_EXECUTOR_RECEIVED|H3B_DRYRUN_FINISHED|H3B_FINAL_GATE_DECIDED|H3B_PLACE_FINISHED,UNKNOWN,h3bup:na:864f191bc2f7
H3B_BRIDGE_FETCHED|H3B_EXEC_REQUEST_CREATED|H3B_EXECUTOR_RECEIVED|H3B_DRYRUN_FINISHED|H3B_FINAL_GATE_DECIDED|H3B_PLACE_FINISHED,UNKNOWN,h3bup:na:f82e0c8565b1
H3B_EXEC_REQUEST_CREATED|H3B_EXECUTOR_RECEIVED|H3B_DRYRUN_FINISHED|H3B_FINAL_GATE_DECIDED|H3B_PLACE_FINISHED,UNKNOWN,h3bup:na:4327808ac465
H3B_BRIDGE_FETCHED|H3B_EXEC_REQUEST_CREATED|H3B_EXECUTOR_RECEIVED|H3B_DRYRUN_FINISHED|H3B_FINAL_GATE_DECIDED|H3B_PLACE_FINISHED,UNKNOWN,h3bup:na:67b1387ce5df
H3B_EXEC_REQUEST_CREATED|H3B_EXECUTOR_RECEIVED|H3B_DRYRUN_FINISHED|H3B_FINAL_GATE_DECIDED|H3B_PLACE_FINISHED,UNKNOWN,h3bup:na:f002df8b3b48
H3B_EXEC_REQUEST_CREATED|H3B_EXECUTOR_RECEIVED|H3B_DRYRUN_FINISHED|H3B_FINAL_GATE_DECIDED|H3B_PLACE_FINISHED,UNKNOWN,h3bup:na:784eac759dcf
H3B_BRIDGE_FETCHED|H3B_EXEC_REQUEST_CREATED|H3B_EXECUTOR_RECEIVED|H3B_DRYRUN_FINISHED|H3B_FINAL_GATE_DECIDED|H3B_PLACE_FINISHED,UNKNOWN,h3bup:na:7262a1b08471
H3B_EXEC_REQUEST_CREATED|H3B_EXECUTOR_RECEIVED|H3B_DRYRUN_FINISHED|H3B_FINAL_GATE_DECIDED|H3B_PLACE_FINISHED,UNKNOWN,h3bup:na:e66df883a9c0
H3B_EXEC_REQUEST_CREATED|H3B_EXECUTOR_RECEIVED|H3B_DRYRUN_FINISHED|H3B_FINAL_GATE_DECIDED|H3B_PLACE_FINISHED,UNKNOWN,h3bup:na:a868f0b05a85
H3B_EXEC_REQUEST_CREATED|H3B_EXECUTOR_RECEIVED|H3B_DRYRUN_FINISHED|H3B_FINAL_GATE_DECIDED|H3B_PLACE_FINISHED,UNKNOWN,h3bup:na:c52e5bfcc7ec
H3B_BRIDGE_FETCHED|H3B_EXEC_REQUEST_CREATED|H3B_EXECUTOR_RECEIVED|H3B_DRYRUN_FINISHED|H3B_FINAL_GATE_DECIDED|H3B_PLACE_FINISHED,UNKNOWN,h3bup:na:660fec6fec7c
H3B_EXEC_REQUEST_CREATED|H3B_EXECUTOR_RECEIVED|H3B_DRYRUN_FINISHED|H3B_FINAL_GATE_DECIDED|H3B_PLACE_FINISHED,UNKNOWN,h3bup:na:a57c51714a4d
H3B_EXEC_REQUEST_CREATED|H3B_EXECUTOR_RECEIVED|H3B_DRYRUN_FINISHED|H3B_FINAL_GATE_DECIDED|H3B_PLACE_FINISHED,UNKNOWN,h3bup:na:1e86f1bcaf45
H3B_EXEC_REQUEST_CREATED|H3B_EXECUTOR_RECEIVED|H3B_DRYRUN_FINISHED|H3B_FINAL_GATE_DECIDED|H3B_PLACE_FINISHED,UNKNOWN,h3bup:na:1ec3e290992c
H3B_BRIDGE_FETCHED|H3B_EXEC_REQUEST_CREATED|H3B_EXECUTOR_RECEIVED|H3B_DRYRUN_FINISHED|H3B_FINAL_GATE_DECIDED|H3B_PLACE_FINISHED,UNKNOWN,h3bup:na:53574e2424d7
H3B_BRIDGE_FETCHED|H3B_EXEC_REQUEST_CREATED|H3B_EXECUTOR_RECEIVED|H3B_DRYRUN_FINISHED|H3B_FINAL_GATE_DECIDED|H3B_PLACE_FINISHED,UNKNOWN,h3bup:na:b82366b1f276
H3B_EXEC_REQUEST_CREATED|H3B_EXECUTOR_RECEIVED|H3B_DRYRUN_FINISHED|H3B_FINAL_GATE_DECIDED|H3B_PLACE_FINISHED,UNKNOWN,h3bup:na:459b2ba31415
H3B_BRIDGE_FETCHED|H3B_EXEC_REQUEST_CREATED|H3B_EXECUTOR_RECEIVED|H3B_DRYRUN_FINISHED|H3B_FINAL_GATE_DECIDED|H3B_PLACE_FINISHED,UNKNOWN,h3bup:na:364a31d1c64c
H3B_BRIDGE_FETCHED|H3B_EXEC_REQUEST_CREATED|H3B_EXECUTOR_RECEIVED|H3B_DRYRUN_FINISHED|H3B_FINAL_GATE_DECIDED|H3B_PLACE_FINISHED,UNKNOWN,h3bup:na:25a879b8ad39
H3B_BRIDGE_FETCHED|H3B_EXEC_REQUEST_CREATED|H3B_EXECUTOR_RECEIVED|H3B_DRYRUN_FINISHED|H3B_FINAL_GATE_DECIDED|H3B_PLACE_FINISHED,UNKNOWN,h3bup:na:d09540bc93c5
H3B_EXEC_REQUEST_CREATED|H3B_EXECUTOR_RECEIVED|H3B_DRYRUN_FINISHED|H3B_FINAL_GATE_DECIDED|H3B_PLACE_FINISHED,UNKNOWN,h3bup:na:6951b1c62a06
H3B_PLACE_FINISHED,CAP_BLOCKED,h3bup:na:50c2a36a0ccf
H3B_BRIDGE_FETCHED|H3B_EXEC_REQUEST_CREATED|H3B_EXECUTOR_RECEIVED|H3B_DRYRUN_FINISHED|H3B_FINAL_GATE_DECIDED|H3B_PLACE_FINISHED,UNKNOWN,h3bup:na:1778a5a01ccf
H3B_BRIDGE_FETCHED|H3B_EXEC_REQUEST_CREATED|H3B_EXECUTOR_RECEIVED|H3B_DRYRUN_FINISHED|H3B_FINAL_GATE_DECIDED|H3B_PLACE_FINISHED,UNKNOWN,h3bup:na:94e5f2fd1f1e
H3B_BRIDGE_FETCHED|H3B_EXEC_REQUEST_CREATED|H3B_EXECUTOR_RECEIVED|H3B_DRYRUN_FINISHED|H3B_FINAL_GATE_DECIDED|H3B_PLACE_FINISHED,UNKNOWN,h3bup:na:80f9390067af
H3B_BRIDGE_FETCHED|H3B_EXEC_REQUEST_CREATED|H3B_EXECUTOR_RECEIVED|H3B_DRYRUN_FINISHED|H3B_FINAL_GATE_DECIDED|H3B_PLACE_FINISHED,UNKNOWN,h3bup:na:abf37df38db1
H3B_BRIDGE_FETCHED|H3B_EXEC_REQUEST_CREATED|H3B_EXECUTOR_RECEIVED|H3B_DRYRUN_FINISHED|H3B_FINAL_GATE_DECIDED|H3B_PLACE_FINISHED,UNKNOWN,h3bup:na:17922c047058
H3B_BRIDGE_FETCHED|H3B_EXEC_REQUEST_CREATED|H3B_EXECUTOR_RECEIVED|H3B_DRYRUN_FINISHED|H3B_FINAL_GATE_DECIDED|H3B_PLACE_FINISHED,UNKNOWN,h3bup:na:705bba3269f9
H3B_BRIDGE_FETCHED|H3B_EXEC_REQUEST_CREATED|H3B_EXECUTOR_RECEIVED|H3B_DRYRUN_FINISHED|H3B_FINAL_GATE_DECIDED|H3B_PLACE_FINISHED,UNKNOWN,h3bup:na:44c7fddd8d15
H3B_PLACE_FINISHED,CAP_BLOCKED,h3bup:na:8c1ca4f1f0f9
H3B_EXEC_REQUEST_CREATED|H3B_EXECUTOR_RECEIVED|H3B_DRYRUN_FINISHED|H3B_FINAL_GATE_DECIDED|H3B_PLACE_FINISHED,UNKNOWN,h3bup:na:5d23759ef214
H3B_BRIDGE_FETCHED|H3B_EXEC_REQUEST_CREATED|H3B_EXECUTOR_RECEIVED|H3B_DRYRUN_FINISHED|H3B_FINAL_GATE_DECIDED|H3B_PLACE_FINISHED,UNKNOWN,h3bup:na:2cf84e1f1ba2
H3B_BRIDGE_FETCHED|H3B_EXEC_REQUEST_CREATED|H3B_EXECUTOR_RECEIVED|H3B_DRYRUN_FINISHED|H3B_FINAL_GATE_DECIDED|H3B_PLACE_FINISHED,UNKNOWN,h3bup:na:de5a926fa945
H3B_BRIDGE_FETCHED|H3B_EXEC_REQUEST_CREATED|H3B_EXECUTOR_RECEIVED|H3B_DRYRUN_FINISHED|H3B_FINAL_GATE_DECIDED|H3B_PLACE_FINISHED,UNKNOWN,h3bup:na:05c687ef6bf4
H3B_BRIDGE_FETCHED|H3B_EXEC_REQUEST_CREATED|H3B_EXECUTOR_RECEIVED|H3B_DRYRUN_FINISHED|H3B_FINAL_GATE_DECIDED|H3B_PLACE_FINISHED,UNKNOWN,h3bup:na:05a9069f2ea9
H3B_BRIDGE_FETCHED|H3B_EXEC_REQUEST_CREATED|H3B_EXECUTOR_RECEIVED|H3B_DRYRUN_FINISHED|H3B_FINAL_GATE_DECIDED|H3B_PLACE_FINISHED,UNKNOWN,h3bup:na:f294d1249a1e
H3B_BRIDGE_FETCHED|H3B_EXEC_REQUEST_CREATED|H3B_EXECUTOR_RECEIVED|H3B_DRYRUN_FINISHED|H3B_FINAL_GATE_DECIDED|H3B_PLACE_FINISHED,UNKNOWN,h3bup:na:1b48954a1b96
H3B_EXEC_REQUEST_CREATED|H3B_EXECUTOR_RECEIVED|H3B_DRYRUN_FINISHED|H3B_FINAL_GATE_DECIDED|H3B_PLACE_FINISHED,UNKNOWN,h3bup:na:bef03f17e1db
H3B_BRIDGE_FETCHED|H3B_EXEC_REQUEST_CREATED|H3B_EXECUTOR_RECEIVED|H3B_DRYRUN_FINISHED|H3B_FINAL_GATE_DECIDED|H3B_PLACE_FINISHED,UNKNOWN,h3bup:na:2ddb529ed1d2
H3B_PLACE_FINISHED,CAP_BLOCKED,h3bup:na:2b56477ce2bf
H3B_PLACE_FINISHED,CAP_BLOCKED,h3bup:na:9aac8a8d0c17
H3B_BRIDGE_FETCHED|H3B_EXEC_REQUEST_CREATED|H3B_EXECUTOR_RECEIVED|H3B_DRYRUN_FINISHED|H3B_FINAL_GATE_DECIDED|H3B_PLACE_FINISHED,UNKNOWN,h3bup:na:a70d9d4b624b
H3B_BRIDGE_FETCHED|H3B_EXEC_REQUEST_CREATED|H3B_EXECUTOR_RECEIVED|H3B_DRYRUN_FINISHED|H3B_FINAL_GATE_DECIDED|H3B_PLACE_FINISHED,UNKNOWN,h3bup:na:4a5795db59d4
H3B_EXEC_REQUEST_CREATED|H3B_EXECUTOR_RECEIVED|H3B_DRYRUN_FINISHED|H3B_FINAL_GATE_DECIDED|H3B_PLACE_FINISHED,UNKNOWN,h3bup:na:204fa8ac38f0
H3B_EXEC_REQUEST_CREATED|H3B_EXECUTOR_RECEIVED|H3B_DRYRUN_FINISHED|H3B_FINAL_GATE_DECIDED|H3B_PLACE_FINISHED,UNKNOWN,h3bup:na:e8a6884f8a8a
H3B_EXEC_REQUEST_CREATED|H3B_EXECUTOR_RECEIVED|H3B_DRYRUN_FINISHED|H3B_FINAL_GATE_DECIDED|H3B_PLACE_FINISHED,UNKNOWN,h3bup:na:2f8d3305876e
H3B_BRIDGE_FETCHED|H3B_EXEC_REQUEST_CREATED|H3B_EXECUTOR_RECEIVED|H3B_DRYRUN_FINISHED|H3B_FINAL_GATE_DECIDED|H3B_PLACE_FINISHED,UNKNOWN,h3bup:na:5c39d77b0e15
H3B_BRIDGE_FETCHED|H3B_EXEC_REQUEST_CREATED|H3B_EXECUTOR_RECEIVED|H3B_DRYRUN_FINISHED|H3B_FINAL_GATE_DECIDED|H3B_PLACE_FINISHED,UNKNOWN,h3bup:na:bc8b3acbf771
H3B_EXEC_REQUEST_CREATED|H3B_EXECUTOR_RECEIVED|H3B_DRYRUN_FINISHED|H3B_FINAL_GATE_DECIDED|H3B_PLACE_FINISHED,UNKNOWN,h3bup:na:1985b6ae9fd5
H3B_EXEC_REQUEST_CREATED|H3B_EXECUTOR_RECEIVED|H3B_DRYRUN_FINISHED|H3B_FINAL_GATE_DECIDED|H3B_PLACE_FINISHED,UNKNOWN,h3bup:na:4c1c352795bb
H3B_BRIDGE_FETCHED|H3B_EXEC_REQUEST_CREATED|H3B_EXECUTOR_RECEIVED|H3B_DRYRUN_FINISHED|H3B_FINAL_GATE_DECIDED|H3B_PLACE_FINISHED,UNKNOWN,h3bup:na:4c082708a4c2
H3B_BRIDGE_FETCHED|H3B_EXEC_REQUEST_CREATED|H3B_EXECUTOR_RECEIVED|H3B_DRYRUN_FINISHED|H3B_FINAL_GATE_DECIDED|H3B_PLACE_FINISHED,UNKNOWN,h3bup:na:b7d61208265d
H3B_BRIDGE_FETCHED|H3B_EXEC_REQUEST_CREATED|H3B_EXECUTOR_RECEIVED|H3B_DRYRUN_FINISHED|H3B_FINAL_GATE_DECIDED|H3B_PLACE_FINISHED,UNKNOWN,h3bup:na:994d37fe8654
H3B_BRIDGE_FETCHED|H3B_EXEC_REQUEST_CREATED|H3B_EXECUTOR_RECEIVED|H3B_DRYRUN_FINISHED|H3B_FINAL_GATE_DECIDED|H3B_PLACE_FINISHED,UNKNOWN,h3bup:na:ec6f43d700e1
H3B_EXEC_REQUEST_CREATED|H3B_EXECUTOR_RECEIVED|H3B_DRYRUN_FINISHED|H3B_FINAL_GATE_DECIDED|H3B_PLACE_FINISHED,UNKNOWN,h3bup:na:648aba1bc25e
H3B_BRIDGE_FETCHED|H3B_EXEC_REQUEST_CREATED|H3B_EXECUTOR_RECEIVED|H3B_DRYRUN_FINISHED|H3B_FINAL_GATE_DECIDED|H3B_PLACE_FINISHED,UNKNOWN,h3bup:na:8ee6bed9024f
H3B_BRIDGE_FETCHED|H3B_EXEC_REQUEST_CREATED|H3B_EXECUTOR_RECEIVED|H3B_DRYRUN_FINISHED|H3B_FINAL_GATE_DECIDED|H3B_PLACE_FINISHED,UNKNOWN,h3bup:na:24840b2db891
H3B_BRIDGE_FETCHED|H3B_EXEC_REQUEST_CREATED|H3B_EXECUTOR_RECEIVED|H3B_DRYRUN_FINISHED|H3B_FINAL_GATE_DECIDED|H3B_PLACE_FINISHED,UNKNOWN,h3bup:na:1640fb2641b4
H3B_BRIDGE_FETCHED|H3B_EXEC_REQUEST_CREATED|H3B_EXECUTOR_RECEIVED|H3B_DRYRUN_FINISHED|H3B_FINAL_GATE_DECIDED|H3B_PLACE_FINISHED,UNKNOWN,h3bup:na:9472aad9fb71
H3B_BRIDGE_FETCHED|H3B_EXEC_REQUEST_CREATED|H3B_EXECUTOR_RECEIVED|H3B_DRYRUN_FINISHED|H3B_FINAL_GATE_DECIDED|H3B_PLACE_FINISHED,UNKNOWN,h3bup:na:957ac76ee39a
H3B_BRIDGE_FETCHED|H3B_EXEC_REQUEST_CREATED|H3B_EXECUTOR_RECEIVED|H3B_DRYRUN_FINISHED|H3B_FINAL_GATE_DECIDED|H3B_PLACE_FINISHED,UNKNOWN,h3bup:na:c3ae6331a6e4
H3B_BRIDGE_FETCHED|H3B_EXEC_REQUEST_CREATED|H3B_EXECUTOR_RECEIVED|H3B_DRYRUN_FINISHED|H3B_FINAL_GATE_DECIDED|H3B_PLACE_FINISHED,UNKNOWN,h3bup:na:ef0340041848
H3B_BRIDGE_FETCHED|H3B_EXEC_REQUEST_CREATED|H3B_EXECUTOR_RECEIVED|H3B_DRYRUN_FINISHED|H3B_FINAL_GATE_DECIDED|H3B_PLACE_FINISHED,UNKNOWN,h3bup:na:ad21a25e2f03
H3B_BRIDGE_FETCHED|H3B_EXEC_REQUEST_CREATED|H3B_EXECUTOR_RECEIVED|H3B_DRYRUN_FINISHED|H3B_FINAL_GATE_DECIDED|H3B_PLACE_FINISHED,UNKNOWN,h3bup:na:1d86e761759d
H3B_BRIDGE_FETCHED|H3B_EXEC_REQUEST_CREATED|H3B_EXECUTOR_RECEIVED|H3B_DRYRUN_FINISHED|H3B_FINAL_GATE_DECIDED|H3B_PLACE_FINISHED,UNKNOWN,h3bup:na:e4c2e5df3d66
H3B_BRIDGE_FETCHED|H3B_EXEC_REQUEST_CREATED|H3B_EXECUTOR_RECEIVED|H3B_DRYRUN_FINISHED|H3B_FINAL_GATE_DECIDED|H3B_PLACE_FINISHED,UNKNOWN,h3bup:na:5860e745fbed
H3B_BRIDGE_FETCHED|H3B_EXEC_REQUEST_CREATED|H3B_EXECUTOR_RECEIVED|H3B_DRYRUN_FINISHED|H3B_FINAL_GATE_DECIDED|H3B_PLACE_FINISHED,UNKNOWN,h3bup:na:19a6dbee3310
H3B_BRIDGE_FETCHED|H3B_EXEC_REQUEST_CREATED|H3B_EXECUTOR_RECEIVED|H3B_DRYRUN_FINISHED|H3B_FINAL_GATE_DECIDED|H3B_PLACE_FINISHED,UNKNOWN,h3bup:na:ed579630f260
H3B_BRIDGE_FETCHED|H3B_EXEC_REQUEST_CREATED|H3B_EXECUTOR_RECEIVED|H3B_DRYRUN_FINISHED|H3B_FINAL_GATE_DECIDED|H3B_PLACE_FINISHED,UNKNOWN,h3bup:na:4cdd62fc5fd3
H3B_EXEC_REQUEST_CREATED|H3B_EXECUTOR_RECEIVED|H3B_DRYRUN_FINISHED|H3B_FINAL_GATE_DECIDED|H3B_PLACE_FINISHED,UNKNOWN,h3bup:na:f3d0d67959be
H3B_PLACE_FINISHED,CAP_BLOCKED,h3bup:na:2dceba198569
H3B_BRIDGE_FETCHED|H3B_EXEC_REQUEST_CREATED|H3B_EXECUTOR_RECEIVED|H3B_DRYRUN_FINISHED|H3B_FINAL_GATE_DECIDED|H3B_PLACE_FINISHED,UNKNOWN,h3bup:na:69c7162d60ac
H3B_EXEC_REQUEST_CREATED|H3B_EXECUTOR_RECEIVED|H3B_DRYRUN_FINISHED|H3B_FINAL_GATE_DECIDED|H3B_PLACE_FINISHED,UNKNOWN,h3bup:na:65d2bf325005
H3B_BRIDGE_FETCHED|H3B_EXEC_REQUEST_CREATED|H3B_EXECUTOR_RECEIVED|H3B_DRYRUN_FINISHED|H3B_FINAL_GATE_DECIDED|H3B_PLACE_FINISHED,UNKNOWN,h3bup:na:20dd19c3d222
H3B_BRIDGE_FETCHED|H3B_EXEC_REQUEST_CREATED|H3B_EXECUTOR_RECEIVED|H3B_DRYRUN_FINISHED|H3B_FINAL_GATE_DECIDED|H3B_PLACE_FINISHED,UNKNOWN,h3bup:na:9360e930646e
H3B_BRIDGE_FETCHED|H3B_EXEC_REQUEST_CREATED|H3B_EXECUTOR_RECEIVED|H3B_DRYRUN_FINISHED|H3B_FINAL_GATE_DECIDED|H3B_PLACE_FINISHED,UNKNOWN,h3bup:na:410221fa6c8a
H3B_BRIDGE_FETCHED|H3B_EXEC_REQUEST_CREATED|H3B_EXECUTOR_RECEIVED|H3B_DRYRUN_FINISHED|H3B_FINAL_GATE_DECIDED|H3B_PLACE_FINISHED,UNKNOWN,h3bup:na:58d3d3bc08d9
H3B_BRIDGE_FETCHED|H3B_EXEC_REQUEST_CREATED|H3B_EXECUTOR_RECEIVED|H3B_DRYRUN_FINISHED|H3B_FINAL_GATE_DECIDED|H3B_PLACE_FINISHED,UNKNOWN,h3bup:na:156d463be50b
H3B_EXEC_REQUEST_CREATED|H3B_EXECUTOR_RECEIVED|H3B_DRYRUN_FINISHED|H3B_FINAL_GATE_DECIDED|H3B_PLACE_FINISHED,UNKNOWN,h3bup:na:f89f899d113e
H3B_BRIDGE_FETCHED|H3B_EXEC_REQUEST_CREATED|H3B_EXECUTOR_RECEIVED|H3B_DRYRUN_FINISHED|H3B_FINAL_GATE_DECIDED|H3B_PLACE_FINISHED,UNKNOWN,h3bup:na:984d25a02e47
H3B_BRIDGE_FETCHED|H3B_EXEC_REQUEST_CREATED|H3B_EXECUTOR_RECEIVED|H3B_DRYRUN_FINISHED|H3B_FINAL_GATE_DECIDED|H3B_PLACE_FINISHED,UNKNOWN,h3bup:na:b3d30e6c0f70
H3B_PLACE_FINISHED,CAP_BLOCKED,h3bup:na:8c6994e083c8
H3B_BRIDGE_FETCHED|H3B_EXEC_REQUEST_CREATED|H3B_EXECUTOR_RECEIVED|H3B_DRYRUN_FINISHED|H3B_FINAL_GATE_DECIDED|H3B_PLACE_FINISHED,UNKNOWN,h3bup:na:c07132c34650
H3B_EXEC_REQUEST_CREATED|H3B_EXECUTOR_RECEIVED|H3B_DRYRUN_FINISHED|H3B_FINAL_GATE_DECIDED|H3B_PLACE_FINISHED,UNKNOWN,h3bup:na:bf5aa78915d1
H3B_BRIDGE_FETCHED|H3B_EXEC_REQUEST_CREATED|H3B_EXECUTOR_RECEIVED|H3B_DRYRUN_FINISHED|H3B_FINAL_GATE_DECIDED|H3B_PLACE_FINISHED,UNKNOWN,h3bup:na:79a8900874c8
H3B_EXEC_REQUEST_CREATED|H3B_EXECUTOR_RECEIVED|H3B_DRYRUN_FINISHED|H3B_FINAL_GATE_DECIDED|H3B_PLACE_FINISHED,UNKNOWN,h3bup:na:148d7642dcc6
H3B_BRIDGE_FETCHED|H3B_EXEC_REQUEST_CREATED|H3B_EXECUTOR_RECEIVED|H3B_DRYRUN_FINISHED|H3B_FINAL_GATE_DECIDED|H3B_PLACE_FINISHED,UNKNOWN,h3bup:na:538a7c5039f8
H3B_BRIDGE_FETCHED|H3B_EXEC_REQUEST_CREATED|H3B_EXECUTOR_RECEIVED|H3B_DRYRUN_FINISHED|H3B_FINAL_GATE_DECIDED|H3B_PLACE_FINISHED,UNKNOWN,h3bup:na:f7a36725dca9
H3B_BRIDGE_FETCHED|H3B_EXEC_REQUEST_CREATED|H3B_EXECUTOR_RECEIVED|H3B_DRYRUN_FINISHED|H3B_FINAL_GATE_DECIDED|H3B_PLACE_FINISHED,UNKNOWN,h3bup:na:21acf462aa8b
H3B_BRIDGE_FETCHED|H3B_EXEC_REQUEST_CREATED|H3B_EXECUTOR_RECEIVED|H3B_DRYRUN_FINISHED|H3B_FINAL_GATE_DECIDED|H3B_PLACE_FINISHED,UNKNOWN,h3bup:na:4b963336d249
H3B_BRIDGE_FETCHED|H3B_EXEC_REQUEST_CREATED|H3B_EXECUTOR_RECEIVED|H3B_DRYRUN_FINISHED|H3B_FINAL_GATE_DECIDED|H3B_PLACE_FINISHED,UNKNOWN,h3bup:na:a3b4d701a45c
H3B_BRIDGE_FETCHED|H3B_EXEC_REQUEST_CREATED|H3B_EXECUTOR_RECEIVED|H3B_DRYRUN_FINISHED|H3B_FINAL_GATE_DECIDED|H3B_PLACE_FINISHED,UNKNOWN,h3bup:na:c10e55e644df
H3B_BRIDGE_FETCHED|H3B_EXEC_REQUEST_CREATED|H3B_EXECUTOR_RECEIVED|H3B_DRYRUN_FINISHED|H3B_FINAL_GATE_DECIDED|H3B_PLACE_FINISHED,UNKNOWN,h3bup:na:a59dc46f5c4b
H3B_PLACE_FINISHED,CAP_BLOCKED,h3bup:na:410739de5303
H3B_BRIDGE_FETCHED|H3B_EXEC_REQUEST_CREATED|H3B_EXECUTOR_RECEIVED|H3B_DRYRUN_FINISHED|H3B_FINAL_GATE_DECIDED|H3B_PLACE_FINISHED,UNKNOWN,h3bup:na:4ca562b658f5
H3B_BRIDGE_FETCHED|H3B_EXEC_REQUEST_CREATED|H3B_EXECUTOR_RECEIVED|H3B_DRYRUN_FINISHED|H3B_FINAL_GATE_DECIDED|H3B_PLACE_FINISHED,UNKNOWN,h3bup:na:f46dd03e2cda
H3B_BRIDGE_FETCHED|H3B_EXEC_REQUEST_CREATED|H3B_EXECUTOR_RECEIVED|H3B_DRYRUN_FINISHED|H3B_FINAL_GATE_DECIDED|H3B_PLACE_FINISHED,UNKNOWN,h3bup:na:6d3c854ecf85
H3B_BRIDGE_FETCHED|H3B_EXEC_REQUEST_CREATED|H3B_EXECUTOR_RECEIVED|H3B_DRYRUN_FINISHED|H3B_FINAL_GATE_DECIDED|H3B_PLACE_FINISHED,UNKNOWN,h3bup:na:a684778e3755
H3B_BRIDGE_FETCHED|H3B_EXEC_REQUEST_CREATED|H3B_EXECUTOR_RECEIVED|H3B_DRYRUN_FINISHED|H3B_FINAL_GATE_DECIDED|H3B_PLACE_FINISHED,UNKNOWN,h3bup:na:76a4670281fe
H3B_BRIDGE_FETCHED|H3B_EXEC_REQUEST_CREATED|H3B_EXECUTOR_RECEIVED|H3B_DRYRUN_FINISHED|H3B_FINAL_GATE_DECIDED|H3B_PLACE_FINISHED,UNKNOWN,h3bup:na:3d8145ddcbe6
H3B_PLACE_FINISHED,CAP_BLOCKED,h3bup:na:3d1bb888c306
H3B_EXEC_REQUEST_CREATED|H3B_EXECUTOR_RECEIVED|H3B_DRYRUN_FINISHED|H3B_FINAL_GATE_DECIDED|H3B_PLACE_FINISHED,UNKNOWN,h3bup:na:42e7565846e4
H3B_EXEC_REQUEST_CREATED|H3B_EXECUTOR_RECEIVED|H3B_DRYRUN_FINISHED|H3B_FINAL_GATE_DECIDED|H3B_PLACE_FINISHED,UNKNOWN,h3bup:na:10e5302f41b0
H3B_BRIDGE_FETCHED|H3B_EXEC_REQUEST_CREATED|H3B_EXECUTOR_RECEIVED|H3B_DRYRUN_FINISHED|H3B_FINAL_GATE_DECIDED|H3B_PLACE_FINISHED,UNKNOWN,h3bup:na:1cb5e9f02fe9
H3B_BRIDGE_FETCHED|H3B_EXEC_REQUEST_CREATED|H3B_EXECUTOR_RECEIVED|H3B_DRYRUN_FINISHED|H3B_FINAL_GATE_DECIDED|H3B_PLACE_FINISHED,UNKNOWN,h3bup:na:48df1119c6bb
H3B_BRIDGE_FETCHED|H3B_EXEC_REQUEST_CREATED|H3B_EXECUTOR_RECEIVED|H3B_DRYRUN_FINISHED|H3B_FINAL_GATE_DECIDED|H3B_PLACE_FINISHED,UNKNOWN,h3bup:na:1c976b940032
H3B_BRIDGE_FETCHED|H3B_EXEC_REQUEST_CREATED|H3B_EXECUTOR_RECEIVED|H3B_DRYRUN_FINISHED|H3B_FINAL_GATE_DECIDED|H3B_PLACE_FINISHED,UNKNOWN,h3bup:na:17c35cd97d7f
H3B_BRIDGE_FETCHED|H3B_EXEC_REQUEST_CREATED|H3B_EXECUTOR_RECEIVED|H3B_DRYRUN_FINISHED|H3B_FINAL_GATE_DECIDED|H3B_PLACE_FINISHED,UNKNOWN,h3bup:na:55f08a43edf4
H3B_BRIDGE_FETCHED|H3B_EXEC_REQUEST_CREATED|H3B_EXECUTOR_RECEIVED|H3B_DRYRUN_FINISHED|H3B_FINAL_GATE_DECIDED|H3B_PLACE_FINISHED,UNKNOWN,h3bup:na:f8b2989967db
H3B_BRIDGE_FETCHED|H3B_EXEC_REQUEST_CREATED|H3B_EXECUTOR_RECEIVED|H3B_DRYRUN_FINISHED|H3B_FINAL_GATE_DECIDED|H3B_PLACE_FINISHED,UNKNOWN,h3bup:na:6e65545910a0
H3B_EXEC_REQUEST_CREATED|H3B_EXECUTOR_RECEIVED|H3B_DRYRUN_FINISHED|H3B_FINAL_GATE_DECIDED|H3B_PLACE_FINISHED,UNKNOWN,h3bup:na:f7fde5775114
H3B_BRIDGE_FETCHED|H3B_EXEC_REQUEST_CREATED|H3B_EXECUTOR_RECEIVED|H3B_DRYRUN_FINISHED|H3B_FINAL_GATE_DECIDED|H3B_PLACE_FINISHED,UNKNOWN,h3bup:na:9e3f7e2355f1
H3B_EXEC_REQUEST_CREATED|H3B_EXECUTOR_RECEIVED|H3B_DRYRUN_FINISHED|H3B_FINAL_GATE_DECIDED|H3B_PLACE_FINISHED,UNKNOWN,h3bup:na:2c86fcbb339e
H3B_EXEC_REQUEST_CREATED|H3B_EXECUTOR_RECEIVED|H3B_DRYRUN_FINISHED|H3B_FINAL_GATE_DECIDED|H3B_PLACE_FINISHED,UNKNOWN,h3bup:na:47c1ae6fed12
H3B_FINAL_GATE_DECIDED|H3B_PLACE_FINISHED,API_FAILED,h3bup:na:b3edf267f138
H3B_BRIDGE_FETCHED|H3B_EXEC_REQUEST_CREATED|H3B_EXECUTOR_RECEIVED|H3B_DRYRUN_FINISHED|H3B_FINAL_GATE_DECIDED|H3B_PLACE_FINISHED,UNKNOWN,h3bup:na:dc179737bc18
H3B_EXEC_REQUEST_CREATED|H3B_EXECUTOR_RECEIVED|H3B_DRYRUN_FINISHED|H3B_FINAL_GATE_DECIDED|H3B_PLACE_FINISHED,UNKNOWN,h3bup:na:707b4f5129d3
H3B_EXEC_REQUEST_CREATED|H3B_EXECUTOR_RECEIVED|H3B_DRYRUN_FINISHED|H3B_FINAL_GATE_DECIDED|H3B_PLACE_FINISHED,UNKNOWN,h3bup:na:b6ccc52dc8d3
H3B_BRIDGE_FETCHED|H3B_EXEC_REQUEST_CREATED|H3B_EXECUTOR_RECEIVED|H3B_DRYRUN_FINISHED|H3B_FINAL_GATE_DECIDED|H3B_PLACE_FINISHED,UNKNOWN,h3bup:na:820f8f6ea68d
H3B_BRIDGE_FETCHED|H3B_EXEC_REQUEST_CREATED|H3B_EXECUTOR_RECEIVED|H3B_DRYRUN_FINISHED|H3B_FINAL_GATE_DECIDED|H3B_PLACE_FINISHED,UNKNOWN,h3bup:na:71af98a927cf
H3B_EXEC_REQUEST_CREATED|H3B_EXECUTOR_RECEIVED|H3B_DRYRUN_FINISHED|H3B_FINAL_GATE_DECIDED|H3B_PLACE_FINISHED,UNKNOWN,h3bup:na:d53379bdae42
H3B_BRIDGE_FETCHED|H3B_EXEC_REQUEST_CREATED|H3B_EXECUTOR_RECEIVED|H3B_DRYRUN_FINISHED|H3B_FINAL_GATE_DECIDED|H3B_PLACE_FINISHED,UNKNOWN,h3bup:na:3477d7fe09ab
H3B_EXEC_REQUEST_CREATED|H3B_EXECUTOR_RECEIVED|H3B_DRYRUN_FINISHED|H3B_FINAL_GATE_DECIDED|H3B_PLACE_FINISHED,UNKNOWN,h3bup:na:0985b9de75f9
H3B_EXEC_REQUEST_CREATED|H3B_EXECUTOR_RECEIVED|H3B_DRYRUN_FINISHED|H3B_FINAL_GATE_DECIDED|H3B_PLACE_FINISHED,UNKNOWN,h3bup:na:dbb460d5bd9b
H3B_EXEC_REQUEST_CREATED|H3B_EXECUTOR_RECEIVED|H3B_DRYRUN_FINISHED|H3B_FINAL_GATE_DECIDED|H3B_PLACE_FINISHED,UNKNOWN,h3bup:na:35f210c565da
H3B_BRIDGE_FETCHED|H3B_EXEC_REQUEST_CREATED|H3B_EXECUTOR_RECEIVED|H3B_DRYRUN_FINISHED|H3B_FINAL_GATE_DECIDED|H3B_PLACE_FINISHED,UNKNOWN,h3bup:na:d540b7b430e4
H3B_BRIDGE_FETCHED|H3B_EXEC_REQUEST_CREATED|H3B_EXECUTOR_RECEIVED|H3B_DRYRUN_FINISHED|H3B_FINAL_GATE_DECIDED|H3B_PLACE_FINISHED,UNKNOWN,h3bup:na:89e49f89a12c
H3B_EXEC_REQUEST_CREATED|H3B_EXECUTOR_RECEIVED|H3B_DRYRUN_FINISHED|H3B_FINAL_GATE_DECIDED|H3B_PLACE_FINISHED,UNKNOWN,h3bup:na:f151aac64249
H3B_EXEC_REQUEST_CREATED|H3B_EXECUTOR_RECEIVED|H3B_DRYRUN_FINISHED|H3B_FINAL_GATE_DECIDED|H3B_PLACE_FINISHED,UNKNOWN,h3bup:na:f76a89c7913c
H3B_BRIDGE_FETCHED|H3B_EXEC_REQUEST_CREATED|H3B_EXECUTOR_RECEIVED|H3B_DRYRUN_FINISHED|H3B_FINAL_GATE_DECIDED|H3B_PLACE_FINISHED,UNKNOWN,h3bup:na:e2c55dd26a99
H3B_BRIDGE_FETCHED|H3B_EXEC_REQUEST_CREATED|H3B_EXECUTOR_RECEIVED|H3B_DRYRUN_FINISHED|H3B_FINAL_GATE_DECIDED|H3B_PLACE_FINISHED,UNKNOWN,h3bup:na:952beeed3318
H3B_BRIDGE_FETCHED|H3B_EXEC_REQUEST_CREATED|H3B_EXECUTOR_RECEIVED|H3B_DRYRUN_FINISHED|H3B_FINAL_GATE_DECIDED|H3B_PLACE_FINISHED,UNKNOWN,h3bup:na:bf67aba2cd34
H3B_EXEC_REQUEST_CREATED|H3B_EXECUTOR_RECEIVED|H3B_DRYRUN_FINISHED|H3B_FINAL_GATE_DECIDED|H3B_PLACE_FINISHED,UNKNOWN,h3bup:na:79544cfec001
H3B_BRIDGE_FETCHED|H3B_EXEC_REQUEST_CREATED|H3B_EXECUTOR_RECEIVED|H3B_DRYRUN_FINISHED|H3B_FINAL_GATE_DECIDED|H3B_PLACE_FINISHED,UNKNOWN,h3bup:na:5d5586097fad
H3B_BRIDGE_FETCHED|H3B_EXEC_REQUEST_CREATED|H3B_EXECUTOR_RECEIVED|H3B_DRYRUN_FINISHED|H3B_FINAL_GATE_DECIDED|H3B_PLACE_FINISHED,UNKNOWN,h3bup:na:5e600ccf5d65
H3B_PLACE_FINISHED,CAP_BLOCKED,h3bup:na:fc52ff281f22
H3B_BRIDGE_FETCHED|H3B_EXEC_REQUEST_CREATED|H3B_EXECUTOR_RECEIVED|H3B_DRYRUN_FINISHED|H3B_FINAL_GATE_DECIDED|H3B_PLACE_FINISHED,UNKNOWN,h3bup:na:a72ac0deb602
H3B_BRIDGE_FETCHED|H3B_EXEC_REQUEST_CREATED|H3B_EXECUTOR_RECEIVED|H3B_DRYRUN_FINISHED|H3B_FINAL_GATE_DECIDED|H3B_PLACE_FINISHED,UNKNOWN,h3bup:na:2d9c258809dc
H3B_BRIDGE_FETCHED|H3B_EXEC_REQUEST_CREATED|H3B_EXECUTOR_RECEIVED|H3B_DRYRUN_FINISHED|H3B_FINAL_GATE_DECIDED|H3B_PLACE_FINISHED,UNKNOWN,h3bup:na:6597d255ec0f
H3B_EXEC_REQUEST_CREATED|H3B_EXECUTOR_RECEIVED|H3B_DRYRUN_FINISHED|H3B_FINAL_GATE_DECIDED|H3B_PLACE_FINISHED,UNKNOWN,h3bup:na:a150db07f2b2
H3B_BRIDGE_FETCHED|H3B_EXEC_REQUEST_CREATED|H3B_EXECUTOR_RECEIVED|H3B_DRYRUN_FINISHED|H3B_FINAL_GATE_DECIDED|H3B_PLACE_FINISHED,UNKNOWN,h3bup:na:2cdf307a74d6
H3B_BRIDGE_FETCHED|H3B_EXEC_REQUEST_CREATED|H3B_EXECUTOR_RECEIVED|H3B_DRYRUN_FINISHED|H3B_FINAL_GATE_DECIDED|H3B_PLACE_FINISHED,UNKNOWN,h3bup:na:1cdf347818ed
H3B_BRIDGE_FETCHED|H3B_EXEC_REQUEST_CREATED|H3B_EXECUTOR_RECEIVED|H3B_DRYRUN_FINISHED|H3B_FINAL_GATE_DECIDED|H3B_PLACE_FINISHED,UNKNOWN,h3bup:na:a9caad7324ef
H3B_BRIDGE_FETCHED|H3B_EXEC_REQUEST_CREATED|H3B_EXECUTOR_RECEIVED|H3B_DRYRUN_FINISHED|H3B_FINAL_GATE_DECIDED|H3B_PLACE_FINISHED,UNKNOWN,h3bup:na:ba55e24d5cd0
H3B_BRIDGE_FETCHED|H3B_EXEC_REQUEST_CREATED|H3B_EXECUTOR_RECEIVED|H3B_DRYRUN_FINISHED|H3B_FINAL_GATE_DECIDED|H3B_PLACE_FINISHED,UNKNOWN,h3bup:na:abdbaed1b812
H3B_BRIDGE_FETCHED|H3B_EXEC_REQUEST_CREATED|H3B_EXECUTOR_RECEIVED|H3B_DRYRUN_FINISHED|H3B_FINAL_GATE_DECIDED|H3B_PLACE_FINISHED,UNKNOWN,h3bup:na:4e5653ffd562
H3B_EXEC_REQUEST_CREATED|H3B_EXECUTOR_RECEIVED|H3B_DRYRUN_FINISHED|H3B_FINAL_GATE_DECIDED|H3B_PLACE_FINISHED,UNKNOWN,h3bup:na:96c4542fd934
H3B_BRIDGE_FETCHED|H3B_EXEC_REQUEST_CREATED|H3B_EXECUTOR_RECEIVED|H3B_DRYRUN_FINISHED|H3B_FINAL_GATE_DECIDED|H3B_PLACE_FINISHED,UNKNOWN,h3bup:na:d69e39909deb
H3B_EXEC_REQUEST_CREATED|H3B_EXECUTOR_RECEIVED|H3B_DRYRUN_FINISHED|H3B_FINAL_GATE_DECIDED|H3B_PLACE_FINISHED,UNKNOWN,h3bup:na:0ac653035b2f
H3B_BRIDGE_FETCHED|H3B_EXEC_REQUEST_CREATED|H3B_EXECUTOR_RECEIVED|H3B_DRYRUN_FINISHED|H3B_FINAL_GATE_DECIDED|H3B_PLACE_FINISHED,UNKNOWN,h3bup:na:eadcb83be925
H3B_BRIDGE_FETCHED|H3B_EXEC_REQUEST_CREATED|H3B_EXECUTOR_RECEIVED|H3B_DRYRUN_FINISHED|H3B_FINAL_GATE_DECIDED|H3B_PLACE_FINISHED,UNKNOWN,h3bup:na:34977a14c682
H3B_EXEC_REQUEST_CREATED|H3B_EXECUTOR_RECEIVED|H3B_DRYRUN_FINISHED|H3B_FINAL_GATE_DECIDED|H3B_PLACE_FINISHED,UNKNOWN,h3bup:na:18267e27e87c
H3B_EXEC_REQUEST_CREATED|H3B_EXECUTOR_RECEIVED|H3B_DRYRUN_FINISHED|H3B_FINAL_GATE_DECIDED|H3B_PLACE_FINISHED,UNKNOWN,h3bup:na:6ee48a665658
H3B_EXEC_REQUEST_CREATED|H3B_EXECUTOR_RECEIVED|H3B_DRYRUN_FINISHED|H3B_FINAL_GATE_DECIDED|H3B_PLACE_FINISHED,UNKNOWN,h3bup:na:d6b668b1c2a9
H3B_PLACE_FINISHED,CAP_BLOCKED,h3bup:na:27adb1ba68dd
H3B_BRIDGE_FETCHED|H3B_EXEC_REQUEST_CREATED|H3B_EXECUTOR_RECEIVED|H3B_DRYRUN_FINISHED|H3B_FINAL_GATE_DECIDED|H3B_PLACE_FINISHED,UNKNOWN,h3bup:na:591f9c89cfe8
H3B_BRIDGE_FETCHED|H3B_EXEC_REQUEST_CREATED|H3B_EXECUTOR_RECEIVED|H3B_DRYRUN_FINISHED|H3B_FINAL_GATE_DECIDED|H3B_PLACE_FINISHED,UNKNOWN,h3bup:na:8165643d1fc2
H3B_PLACE_FINISHED,CAP_BLOCKED,h3bup:na:2c052be0d5e2
H3B_BRIDGE_FETCHED|H3B_EXEC_REQUEST_CREATED|H3B_EXECUTOR_RECEIVED|H3B_DRYRUN_FINISHED|H3B_FINAL_GATE_DECIDED|H3B_PLACE_FINISHED,UNKNOWN,h3bup:na:b70bee9103dc
H3B_BRIDGE_FETCHED|H3B_EXEC_REQUEST_CREATED|H3B_EXECUTOR_RECEIVED|H3B_DRYRUN_FINISHED|H3B_FINAL_GATE_DECIDED|H3B_PLACE_FINISHED,UNKNOWN,h3bup:na:60ffab167275
H3B_EXEC_REQUEST_CREATED|H3B_EXECUTOR_RECEIVED|H3B_DRYRUN_FINISHED|H3B_FINAL_GATE_DECIDED|H3B_PLACE_FINISHED,UNKNOWN,h3bup:na:0e628d59bef3
H3B_BRIDGE_FETCHED|H3B_EXEC_REQUEST_CREATED|H3B_EXECUTOR_RECEIVED|H3B_DRYRUN_FINISHED|H3B_FINAL_GATE_DECIDED|H3B_PLACE_FINISHED,UNKNOWN,h3bup:na:ad5d7dd18ba5
H3B_EXEC_REQUEST_CREATED|H3B_EXECUTOR_RECEIVED|H3B_DRYRUN_FINISHED|H3B_FINAL_GATE_DECIDED|H3B_PLACE_FINISHED,UNKNOWN,h3bup:na:304e37346984
H3B_BRIDGE_FETCHED|H3B_EXEC_REQUEST_CREATED|H3B_EXECUTOR_RECEIVED|H3B_DRYRUN_FINISHED|H3B_FINAL_GATE_DECIDED|H3B_PLACE_FINISHED,UNKNOWN,h3bup:na:21c304e459b2
H3B_EXEC_REQUEST_CREATED|H3B_EXECUTOR_RECEIVED|H3B_DRYRUN_FINISHED|H3B_FINAL_GATE_DECIDED|H3B_PLACE_FINISHED,UNKNOWN,h3bup:na:e4e907d606ae
H3B_EXEC_REQUEST_CREATED|H3B_EXECUTOR_RECEIVED|H3B_DRYRUN_FINISHED|H3B_FINAL_GATE_DECIDED|H3B_PLACE_FINISHED,UNKNOWN,h3bup:na:05be1b9c0cdf
H3B_EXEC_REQUEST_CREATED|H3B_EXECUTOR_RECEIVED|H3B_DRYRUN_FINISHED|H3B_FINAL_GATE_DECIDED|H3B_PLACE_FINISHED,UNKNOWN,h3bup:na:8b2f8d1d204d
H3B_BRIDGE_FETCHED|H3B_EXEC_REQUEST_CREATED|H3B_EXECUTOR_RECEIVED|H3B_DRYRUN_FINISHED|H3B_FINAL_GATE_DECIDED|H3B_PLACE_FINISHED,UNKNOWN,h3bup:na:a5f221967de9
H3B_BRIDGE_FETCHED|H3B_EXEC_REQUEST_CREATED|H3B_EXECUTOR_RECEIVED|H3B_DRYRUN_FINISHED|H3B_FINAL_GATE_DECIDED|H3B_PLACE_FINISHED,UNKNOWN,h3bup:na:0ea15e2d8782
H3B_BRIDGE_FETCHED|H3B_EXEC_REQUEST_CREATED|H3B_EXECUTOR_RECEIVED|H3B_DRYRUN_FINISHED|H3B_FINAL_GATE_DECIDED|H3B_PLACE_FINISHED,UNKNOWN,h3bup:na:ad8011647d95
H3B_BRIDGE_FETCHED|H3B_EXEC_REQUEST_CREATED|H3B_EXECUTOR_RECEIVED|H3B_DRYRUN_FINISHED|H3B_FINAL_GATE_DECIDED|H3B_PLACE_FINISHED,UNKNOWN,h3bup:na:72614d2f9ef4
H3B_BRIDGE_FETCHED|H3B_EXEC_REQUEST_CREATED|H3B_EXECUTOR_RECEIVED|H3B_DRYRUN_FINISHED|H3B_FINAL_GATE_DECIDED|H3B_PLACE_FINISHED,UNKNOWN,h3bup:na:ee6414662266
H3B_EXEC_REQUEST_CREATED|H3B_EXECUTOR_RECEIVED|H3B_DRYRUN_FINISHED|H3B_FINAL_GATE_DECIDED|H3B_PLACE_FINISHED,UNKNOWN,h3bup:na:758d76dc48bd
H3B_BRIDGE_FETCHED|H3B_EXEC_REQUEST_CREATED|H3B_EXECUTOR_RECEIVED|H3B_DRYRUN_FINISHED|H3B_FINAL_GATE_DECIDED|H3B_PLACE_FINISHED,UNKNOWN,h3bup:na:d858b0afed35
H3B_BRIDGE_FETCHED|H3B_EXEC_REQUEST_CREATED|H3B_EXECUTOR_RECEIVED|H3B_DRYRUN_FINISHED|H3B_FINAL_GATE_DECIDED|H3B_PLACE_FINISHED,UNKNOWN,h3bup:na:32600fad6b32
H3B_BRIDGE_FETCHED|H3B_EXEC_REQUEST_CREATED|H3B_EXECUTOR_RECEIVED|H3B_DRYRUN_FINISHED|H3B_FINAL_GATE_DECIDED|H3B_PLACE_FINISHED,UNKNOWN,h3bup:na:34803a3f0104
H3B_EXEC_REQUEST_CREATED|H3B_EXECUTOR_RECEIVED|H3B_DRYRUN_FINISHED|H3B_FINAL_GATE_DECIDED|H3B_PLACE_FINISHED,UNKNOWN,h3bup:na:091679c73c81
H3B_EXEC_REQUEST_CREATED|H3B_EXECUTOR_RECEIVED|H3B_DRYRUN_FINISHED|H3B_FINAL_GATE_DECIDED|H3B_PLACE_FINISHED,UNKNOWN,h3bup:na:9471ae815997
H3B_EXEC_REQUEST_CREATED|H3B_EXECUTOR_RECEIVED|H3B_DRYRUN_FINISHED|H3B_FINAL_GATE_DECIDED|H3B_PLACE_FINISHED,UNKNOWN,h3bup:na:f8180e37df09
H3B_BRIDGE_FETCHED|H3B_EXEC_REQUEST_CREATED|H3B_EXECUTOR_RECEIVED|H3B_DRYRUN_FINISHED|H3B_FINAL_GATE_DECIDED|H3B_PLACE_FINISHED,UNKNOWN,h3bup:na:de57056d2695
H3B_BRIDGE_FETCHED|H3B_EXEC_REQUEST_CREATED|H3B_EXECUTOR_RECEIVED|H3B_DRYRUN_FINISHED|H3B_FINAL_GATE_DECIDED|H3B_PLACE_FINISHED,UNKNOWN,h3bup:na:18d3a3f6c038
H3B_BRIDGE_FETCHED|H3B_EXEC_REQUEST_CREATED|H3B_EXECUTOR_RECEIVED|H3B_DRYRUN_FINISHED|H3B_FINAL_GATE_DECIDED|H3B_PLACE_FINISHED,UNKNOWN,h3bup:na:d564174d00d8
H3B_BRIDGE_FETCHED|H3B_EXEC_REQUEST_CREATED|H3B_EXECUTOR_RECEIVED|H3B_DRYRUN_FINISHED|H3B_FINAL_GATE_DECIDED|H3B_PLACE_FINISHED,UNKNOWN,h3bup:na:b7bb0759c81f
H3B_BRIDGE_FETCHED|H3B_EXEC_REQUEST_CREATED|H3B_EXECUTOR_RECEIVED|H3B_DRYRUN_FINISHED|H3B_FINAL_GATE_DECIDED|H3B_PLACE_FINISHED,UNKNOWN,h3bup:na:2c50717ecbc2
H3B_EXEC_REQUEST_CREATED|H3B_EXECUTOR_RECEIVED|H3B_DRYRUN_FINISHED|H3B_FINAL_GATE_DECIDED|H3B_PLACE_FINISHED,UNKNOWN,h3bup:na:61d33ee5a425
H3B_EXEC_REQUEST_CREATED|H3B_EXECUTOR_RECEIVED|H3B_DRYRUN_FINISHED|H3B_FINAL_GATE_DECIDED|H3B_PLACE_FINISHED,UNKNOWN,h3bup:na:31dd36de5990
H3B_BRIDGE_FETCHED|H3B_EXEC_REQUEST_CREATED|H3B_EXECUTOR_RECEIVED|H3B_DRYRUN_FINISHED|H3B_FINAL_GATE_DECIDED|H3B_PLACE_FINISHED,UNKNOWN,h3bup:na:54fd47eb051f
H3B_BRIDGE_FETCHED|H3B_EXEC_REQUEST_CREATED|H3B_EXECUTOR_RECEIVED|H3B_DRYRUN_FINISHED|H3B_FINAL_GATE_DECIDED|H3B_PLACE_FINISHED,UNKNOWN,h3bup:na:26c34a9b4553
H3B_EXEC_REQUEST_CREATED|H3B_EXECUTOR_RECEIVED|H3B_DRYRUN_FINISHED|H3B_FINAL_GATE_DECIDED|H3B_PLACE_FINISHED,UNKNOWN,h3bup:na:e8f31a2f3d12
H3B_BRIDGE_FETCHED|H3B_EXEC_REQUEST_CREATED|H3B_EXECUTOR_RECEIVED|H3B_DRYRUN_FINISHED|H3B_FINAL_GATE_DECIDED|H3B_PLACE_FINISHED,UNKNOWN,h3bup:na:babfc5c3059d
H3B_BRIDGE_FETCHED|H3B_EXEC_REQUEST_CREATED|H3B_EXECUTOR_RECEIVED|H3B_DRYRUN_FINISHED|H3B_FINAL_GATE_DECIDED|H3B_PLACE_FINISHED,UNKNOWN,h3bup:na:ea79c7eb2097
H3B_EXEC_REQUEST_CREATED|H3B_EXECUTOR_RECEIVED|H3B_DRYRUN_FINISHED|H3B_FINAL_GATE_DECIDED|H3B_PLACE_FINISHED,UNKNOWN,h3bup:na:9dafac0085b0
H3B_BRIDGE_FETCHED|H3B_EXEC_REQUEST_CREATED|H3B_EXECUTOR_RECEIVED|H3B_DRYRUN_FINISHED|H3B_FINAL_GATE_DECIDED|H3B_PLACE_FINISHED,UNKNOWN,h3bup:na:d135f7cde74d
H3B_BRIDGE_FETCHED|H3B_EXEC_REQUEST_CREATED|H3B_EXECUTOR_RECEIVED|H3B_DRYRUN_FINISHED|H3B_FINAL_GATE_DECIDED|H3B_PLACE_FINISHED,UNKNOWN,h3bup:na:b0e7cd34752e
H3B_EXEC_REQUEST_CREATED|H3B_EXECUTOR_RECEIVED|H3B_DRYRUN_FINISHED|H3B_FINAL_GATE_DECIDED|H3B_PLACE_FINISHED,UNKNOWN,h3bup:na:ce281573debb
H3B_EXEC_REQUEST_CREATED|H3B_EXECUTOR_RECEIVED|H3B_DRYRUN_FINISHED|H3B_FINAL_GATE_DECIDED|H3B_PLACE_FINISHED,UNKNOWN,h3bup:na:5b68bb975096
H3B_BRIDGE_FETCHED|H3B_EXEC_REQUEST_CREATED|H3B_EXECUTOR_RECEIVED|H3B_DRYRUN_FINISHED|H3B_FINAL_GATE_DECIDED|H3B_PLACE_FINISHED,UNKNOWN,h3bup:na:efc29328df6d
H3B_BRIDGE_FETCHED|H3B_EXEC_REQUEST_CREATED|H3B_EXECUTOR_RECEIVED|H3B_DRYRUN_FINISHED|H3B_FINAL_GATE_DECIDED|H3B_PLACE_FINISHED,UNKNOWN,h3bup:na:7b40ad41a631
H3B_BRIDGE_FETCHED|H3B_EXEC_REQUEST_CREATED|H3B_EXECUTOR_RECEIVED|H3B_DRYRUN_FINISHED|H3B_FINAL_GATE_DECIDED|H3B_PLACE_FINISHED,UNKNOWN,h3bup:na:69e19c16c82e
H3B_BRIDGE_FETCHED|H3B_EXEC_REQUEST_CREATED|H3B_EXECUTOR_RECEIVED|H3B_DRYRUN_FINISHED|H3B_FINAL_GATE_DECIDED|H3B_PLACE_FINISHED,UNKNOWN,h3bup:na:4247be2c6e88
H3B_BRIDGE_FETCHED|H3B_EXEC_REQUEST_CREATED|H3B_EXECUTOR_RECEIVED|H3B_DRYRUN_FINISHED|H3B_FINAL_GATE_DECIDED|H3B_PLACE_FINISHED,UNKNOWN,h3bup:na:d4d166c1906a
H3B_BRIDGE_FETCHED|H3B_EXEC_REQUEST_CREATED|H3B_EXECUTOR_RECEIVED|H3B_DRYRUN_FINISHED|H3B_FINAL_GATE_DECIDED|H3B_PLACE_FINISHED,UNKNOWN,h3bup:na:a30c3c32c89f
H3B_EXEC_REQUEST_CREATED|H3B_EXECUTOR_RECEIVED|H3B_DRYRUN_FINISHED|H3B_FINAL_GATE_DECIDED|H3B_PLACE_FINISHED,UNKNOWN,h3bup:na:837f3e7438c6
H3B_BRIDGE_FETCHED|H3B_EXEC_REQUEST_CREATED|H3B_EXECUTOR_RECEIVED|H3B_DRYRUN_FINISHED|H3B_FINAL_GATE_DECIDED|H3B_PLACE_FINISHED,UNKNOWN,h3bup:na:2997aa48f759
H3B_BRIDGE_FETCHED|H3B_EXEC_REQUEST_CREATED|H3B_EXECUTOR_RECEIVED|H3B_DRYRUN_FINISHED|H3B_FINAL_GATE_DECIDED|H3B_PLACE_FINISHED,UNKNOWN,h3bup:na:5ee38f3ae57e
H3B_BRIDGE_FETCHED|H3B_EXEC_REQUEST_CREATED|H3B_EXECUTOR_RECEIVED|H3B_DRYRUN_FINISHED|H3B_FINAL_GATE_DECIDED|H3B_PLACE_FINISHED,UNKNOWN,h3bup:na:e5a4fbfb3f56
H3B_BRIDGE_FETCHED|H3B_EXEC_REQUEST_CREATED|H3B_EXECUTOR_RECEIVED|H3B_DRYRUN_FINISHED|H3B_FINAL_GATE_DECIDED|H3B_PLACE_FINISHED,UNKNOWN,h3bup:na:ab24cc2b3481
H3B_EXEC_REQUEST_CREATED|H3B_EXECUTOR_RECEIVED|H3B_DRYRUN_FINISHED|H3B_FINAL_GATE_DECIDED|H3B_PLACE_FINISHED,UNKNOWN,h3bup:na:c38657dc2793
H3B_EXEC_REQUEST_CREATED|H3B_EXECUTOR_RECEIVED|H3B_DRYRUN_FINISHED|H3B_FINAL_GATE_DECIDED|H3B_PLACE_FINISHED,UNKNOWN,h3bup:na:273336e9cdcf
H3B_BRIDGE_FETCHED|H3B_EXEC_REQUEST_CREATED|H3B_EXECUTOR_RECEIVED|H3B_DRYRUN_FINISHED|H3B_FINAL_GATE_DECIDED|H3B_PLACE_FINISHED,UNKNOWN,h3bup:na:7483feb97158
H3B_BRIDGE_FETCHED|H3B_EXEC_REQUEST_CREATED|H3B_EXECUTOR_RECEIVED|H3B_DRYRUN_FINISHED|H3B_FINAL_GATE_DECIDED|H3B_PLACE_FINISHED,UNKNOWN,h3bup:na:98912866f35d
H3B_EXEC_REQUEST_CREATED|H3B_EXECUTOR_RECEIVED|H3B_DRYRUN_FINISHED|H3B_FINAL_GATE_DECIDED|H3B_PLACE_FINISHED,UNKNOWN,h3bup:na:1b4352966ba5
H3B_BRIDGE_FETCHED|H3B_EXEC_REQUEST_CREATED|H3B_EXECUTOR_RECEIVED|H3B_DRYRUN_FINISHED|H3B_FINAL_GATE_DECIDED|H3B_PLACE_FINISHED,UNKNOWN,h3bup:na:380909567619
H3B_EXEC_REQUEST_CREATED|H3B_EXECUTOR_RECEIVED|H3B_DRYRUN_FINISHED|H3B_FINAL_GATE_DECIDED|H3B_PLACE_FINISHED,UNKNOWN,h3bup:na:40183ff96679
H3B_BRIDGE_FETCHED|H3B_EXEC_REQUEST_CREATED|H3B_EXECUTOR_RECEIVED|H3B_DRYRUN_FINISHED|H3B_FINAL_GATE_DECIDED|H3B_PLACE_FINISHED,UNKNOWN,h3bup:na:00077602b0e4
H3B_BRIDGE_FETCHED|H3B_EXEC_REQUEST_CREATED|H3B_EXECUTOR_RECEIVED|H3B_DRYRUN_FINISHED|H3B_FINAL_GATE_DECIDED|H3B_PLACE_FINISHED,UNKNOWN,h3bup:na:3503ba6f88c0
H3B_BRIDGE_FETCHED|H3B_EXEC_REQUEST_CREATED|H3B_EXECUTOR_RECEIVED|H3B_DRYRUN_FINISHED|H3B_FINAL_GATE_DECIDED|H3B_PLACE_FINISHED,UNKNOWN,h3bup:na:243c2da334b4
H3B_EXEC_REQUEST_CREATED|H3B_EXECUTOR_RECEIVED|H3B_DRYRUN_FINISHED|H3B_FINAL_GATE_DECIDED|H3B_PLACE_FINISHED,UNKNOWN,h3bup:na:564966c215dd
H3B_BRIDGE_FETCHED|H3B_EXEC_REQUEST_CREATED|H3B_EXECUTOR_RECEIVED|H3B_DRYRUN_FINISHED|H3B_FINAL_GATE_DECIDED|H3B_PLACE_FINISHED,UNKNOWN,h3bup:na:8c74ff1d25e2
H3B_BRIDGE_FETCHED|H3B_EXEC_REQUEST_CREATED|H3B_EXECUTOR_RECEIVED|H3B_DRYRUN_FINISHED|H3B_FINAL_GATE_DECIDED|H3B_PLACE_FINISHED,UNKNOWN,h3bup:na:0fa89f4927f5
H3B_BRIDGE_FETCHED|H3B_EXEC_REQUEST_CREATED|H3B_EXECUTOR_RECEIVED|H3B_DRYRUN_FINISHED|H3B_FINAL_GATE_DECIDED|H3B_PLACE_FINISHED,UNKNOWN,h3bup:na:b790c04a2b5c
H3B_BRIDGE_FETCHED|H3B_EXEC_REQUEST_CREATED|H3B_EXECUTOR_RECEIVED|H3B_DRYRUN_FINISHED|H3B_FINAL_GATE_DECIDED|H3B_PLACE_FINISHED,UNKNOWN,h3bup:na:d9c368de542e
H3B_EXEC_REQUEST_CREATED|H3B_EXECUTOR_RECEIVED|H3B_DRYRUN_FINISHED|H3B_FINAL_GATE_DECIDED|H3B_PLACE_FINISHED,UNKNOWN,h3bup:na:13b405d387c2
H3B_BRIDGE_FETCHED|H3B_EXEC_REQUEST_CREATED|H3B_EXECUTOR_RECEIVED|H3B_DRYRUN_FINISHED|H3B_FINAL_GATE_DECIDED|H3B_PLACE_FINISHED,UNKNOWN,h3bup:na:17cd59289ee4
H3B_BRIDGE_FETCHED|H3B_EXEC_REQUEST_CREATED|H3B_EXECUTOR_RECEIVED|H3B_DRYRUN_FINISHED|H3B_FINAL_GATE_DECIDED|H3B_PLACE_FINISHED,UNKNOWN,h3bup:na:0276d587c944
H3B_EXEC_REQUEST_CREATED|H3B_EXECUTOR_RECEIVED|H3B_DRYRUN_FINISHED|H3B_FINAL_GATE_DECIDED|H3B_PLACE_FINISHED,UNKNOWN,h3bup:na:26c541af3867
H3B_BRIDGE_FETCHED|H3B_EXEC_REQUEST_CREATED|H3B_EXECUTOR_RECEIVED|H3B_DRYRUN_FINISHED|H3B_FINAL_GATE_DECIDED|H3B_PLACE_FINISHED,UNKNOWN,h3bup:na:5d97f5a92633
H3B_EXEC_REQUEST_CREATED|H3B_EXECUTOR_RECEIVED|H3B_DRYRUN_FINISHED|H3B_FINAL_GATE_DECIDED|H3B_PLACE_FINISHED,UNKNOWN,h3bup:na:42038aaab629
H3B_EXEC_REQUEST_CREATED|H3B_EXECUTOR_RECEIVED|H3B_DRYRUN_FINISHED|H3B_FINAL_GATE_DECIDED|H3B_PLACE_FINISHED,UNKNOWN,h3bup:na:ab37b5b7eba9
H3B_EXEC_REQUEST_CREATED|H3B_EXECUTOR_RECEIVED|H3B_DRYRUN_FINISHED|H3B_FINAL_GATE_DECIDED|H3B_PLACE_FINISHED,UNKNOWN,h3bup:na:823a3a0ead15
H3B_BRIDGE_FETCHED|H3B_EXEC_REQUEST_CREATED|H3B_EXECUTOR_RECEIVED|H3B_DRYRUN_FINISHED|H3B_FINAL_GATE_DECIDED|H3B_PLACE_FINISHED,UNKNOWN,h3bup:na:c4616229ee49
H3B_BRIDGE_FETCHED|H3B_EXEC_REQUEST_CREATED|H3B_EXECUTOR_RECEIVED|H3B_DRYRUN_FINISHED|H3B_FINAL_GATE_DECIDED|H3B_PLACE_FINISHED,UNKNOWN,h3bup:na:89865195d5f0
H3B_BRIDGE_FETCHED|H3B_EXEC_REQUEST_CREATED|H3B_EXECUTOR_RECEIVED|H3B_DRYRUN_FINISHED|H3B_FINAL_GATE_DECIDED|H3B_PLACE_FINISHED,UNKNOWN,h3bup:na:9c21a2d84917
H3B_BRIDGE_FETCHED|H3B_EXEC_REQUEST_CREATED|H3B_EXECUTOR_RECEIVED|H3B_DRYRUN_FINISHED|H3B_FINAL_GATE_DECIDED|H3B_PLACE_FINISHED,UNKNOWN,h3bup:na:ef707866461b
H3B_FINAL_GATE_DECIDED|H3B_PLACE_FINISHED,API_FAILED,h3bup:na:81171ec9a82e
H3B_BRIDGE_FETCHED|H3B_EXEC_REQUEST_CREATED|H3B_EXECUTOR_RECEIVED|H3B_DRYRUN_FINISHED|H3B_FINAL_GATE_DECIDED|H3B_PLACE_FINISHED,UNKNOWN,h3bup:na:6b6a573e2e82
H3B_BRIDGE_FETCHED|H3B_EXEC_REQUEST_CREATED|H3B_EXECUTOR_RECEIVED|H3B_DRYRUN_FINISHED|H3B_FINAL_GATE_DECIDED|H3B_PLACE_FINISHED,UNKNOWN,h3bup:na:393c67b50f7d
H3B_BRIDGE_FETCHED|H3B_EXEC_REQUEST_CREATED|H3B_EXECUTOR_RECEIVED|H3B_DRYRUN_FINISHED|H3B_FINAL_GATE_DECIDED|H3B_PLACE_FINISHED,UNKNOWN,h3bup:na:135d0ac9b15e
H3B_BRIDGE_FETCHED|H3B_EXEC_REQUEST_CREATED|H3B_EXECUTOR_RECEIVED|H3B_DRYRUN_FINISHED|H3B_FINAL_GATE_DECIDED|H3B_PLACE_FINISHED,UNKNOWN,h3bup:na:7d1a55a246d0
H3B_BRIDGE_FETCHED|H3B_EXEC_REQUEST_CREATED|H3B_EXECUTOR_RECEIVED|H3B_DRYRUN_FINISHED|H3B_FINAL_GATE_DECIDED|H3B_PLACE_FINISHED,UNKNOWN,h3bup:na:245453ca58de
H3B_BRIDGE_FETCHED|H3B_EXEC_REQUEST_CREATED|H3B_EXECUTOR_RECEIVED|H3B_DRYRUN_FINISHED|H3B_FINAL_GATE_DECIDED|H3B_PLACE_FINISHED,UNKNOWN,h3bup:na:2bbae06edd29
H3B_BRIDGE_FETCHED|H3B_EXEC_REQUEST_CREATED|H3B_EXECUTOR_RECEIVED|H3B_DRYRUN_FINISHED|H3B_FINAL_GATE_DECIDED|H3B_PLACE_FINISHED,UNKNOWN,h3bup:na:8d0498932ffb
H3B_BRIDGE_FETCHED|H3B_EXEC_REQUEST_CREATED|H3B_EXECUTOR_RECEIVED|H3B_DRYRUN_FINISHED|H3B_FINAL_GATE_DECIDED|H3B_PLACE_FINISHED,UNKNOWN,h3bup:na:55887b19c1f2
H3B_BRIDGE_FETCHED|H3B_EXEC_REQUEST_CREATED|H3B_EXECUTOR_RECEIVED|H3B_DRYRUN_FINISHED|H3B_FINAL_GATE_DECIDED|H3B_PLACE_FINISHED,UNKNOWN,h3bup:na:d6c51fb87a1a
H3B_BRIDGE_FETCHED|H3B_EXEC_REQUEST_CREATED|H3B_EXECUTOR_RECEIVED|H3B_DRYRUN_FINISHED|H3B_FINAL_GATE_DECIDED|H3B_PLACE_FINISHED,UNKNOWN,h3bup:na:9c4c3b6707fb
H3B_BRIDGE_FETCHED|H3B_EXEC_REQUEST_CREATED|H3B_EXECUTOR_RECEIVED|H3B_DRYRUN_FINISHED|H3B_FINAL_GATE_DECIDED|H3B_PLACE_FINISHED,UNKNOWN,h3bup:na:1d59b81cee3a
H3B_BRIDGE_FETCHED|H3B_EXEC_REQUEST_CREATED|H3B_EXECUTOR_RECEIVED|H3B_DRYRUN_FINISHED|H3B_FINAL_GATE_DECIDED|H3B_PLACE_FINISHED,UNKNOWN,h3bup:na:4e1044ed42d5
H3B_BRIDGE_FETCHED|H3B_EXEC_REQUEST_CREATED|H3B_EXECUTOR_RECEIVED|H3B_DRYRUN_FINISHED|H3B_FINAL_GATE_DECIDED|H3B_PLACE_FINISHED,UNKNOWN,h3bup:na:a392f965eb88
H3B_EXEC_REQUEST_CREATED|H3B_EXECUTOR_RECEIVED|H3B_DRYRUN_FINISHED|H3B_FINAL_GATE_DECIDED|H3B_PLACE_FINISHED,UNKNOWN,h3bup:na:8ce69bcc1e88
H3B_EXEC_REQUEST_CREATED|H3B_EXECUTOR_RECEIVED|H3B_DRYRUN_FINISHED|H3B_FINAL_GATE_DECIDED|H3B_PLACE_FINISHED,UNKNOWN,h3bup:na:90a340de9a1a
H3B_EXEC_REQUEST_CREATED|H3B_EXECUTOR_RECEIVED|H3B_DRYRUN_FINISHED|H3B_FINAL_GATE_DECIDED|H3B_PLACE_FINISHED,UNKNOWN,h3bup:na:9a902e4e5347
H3B_BRIDGE_FETCHED|H3B_EXEC_REQUEST_CREATED|H3B_EXECUTOR_RECEIVED|H3B_DRYRUN_FINISHED|H3B_FINAL_GATE_DECIDED|H3B_PLACE_FINISHED,UNKNOWN,h3bup:na:535efb7526cb
H3B_BRIDGE_FETCHED|H3B_EXEC_REQUEST_CREATED|H3B_EXECUTOR_RECEIVED|H3B_DRYRUN_FINISHED|H3B_FINAL_GATE_DECIDED|H3B_PLACE_FINISHED,UNKNOWN,h3bup:na:4078c88c49c4
H3B_EXEC_REQUEST_CREATED|H3B_EXECUTOR_RECEIVED|H3B_DRYRUN_FINISHED|H3B_FINAL_GATE_DECIDED|H3B_PLACE_FINISHED,UNKNOWN,h3bup:na:7b4fac55c54d
H3B_BRIDGE_FETCHED|H3B_EXEC_REQUEST_CREATED|H3B_EXECUTOR_RECEIVED|H3B_DRYRUN_FINISHED|H3B_FINAL_GATE_DECIDED|H3B_PLACE_FINISHED,UNKNOWN,h3bup:na:0255d00370ad
H3B_BRIDGE_FETCHED|H3B_EXEC_REQUEST_CREATED|H3B_EXECUTOR_RECEIVED|H3B_DRYRUN_FINISHED|H3B_FINAL_GATE_DECIDED|H3B_PLACE_FINISHED,UNKNOWN,h3bup:na:661341bb27cd
H3B_BRIDGE_FETCHED|H3B_EXEC_REQUEST_CREATED|H3B_EXECUTOR_RECEIVED|H3B_DRYRUN_FINISHED|H3B_FINAL_GATE_DECIDED|H3B_PLACE_FINISHED,UNKNOWN,h3bup:na:b0e8c2cd7daf
H3B_BRIDGE_FETCHED|H3B_EXEC_REQUEST_CREATED|H3B_EXECUTOR_RECEIVED|H3B_DRYRUN_FINISHED|H3B_FINAL_GATE_DECIDED|H3B_PLACE_FINISHED,UNKNOWN,h3bup:na:30c97d0e5b82
H3B_BRIDGE_FETCHED|H3B_EXEC_REQUEST_CREATED|H3B_EXECUTOR_RECEIVED|H3B_DRYRUN_FINISHED|H3B_FINAL_GATE_DECIDED|H3B_PLACE_FINISHED,UNKNOWN,h3bup:na:06a09073b9b5
H3B_EXEC_REQUEST_CREATED|H3B_EXECUTOR_RECEIVED|H3B_DRYRUN_FINISHED|H3B_FINAL_GATE_DECIDED|H3B_PLACE_FINISHED,UNKNOWN,h3bup:na:404bc787f445
H3B_BRIDGE_FETCHED|H3B_EXEC_REQUEST_CREATED|H3B_EXECUTOR_RECEIVED|H3B_DRYRUN_FINISHED|H3B_FINAL_GATE_DECIDED|H3B_PLACE_FINISHED,UNKNOWN,h3bup:na:7042ffb21137
H3B_EXEC_REQUEST_CREATED|H3B_EXECUTOR_RECEIVED|H3B_DRYRUN_FINISHED|H3B_FINAL_GATE_DECIDED|H3B_PLACE_FINISHED,UNKNOWN,h3bup:na:ce39cf31862f
H3B_EXEC_REQUEST_CREATED|H3B_EXECUTOR_RECEIVED|H3B_DRYRUN_FINISHED|H3B_FINAL_GATE_DECIDED|H3B_PLACE_FINISHED,UNKNOWN,h3bup:na:b5a65812833e
H3B_EXEC_REQUEST_CREATED|H3B_EXECUTOR_RECEIVED|H3B_DRYRUN_FINISHED|H3B_FINAL_GATE_DECIDED|H3B_PLACE_FINISHED,UNKNOWN,h3bup:na:e691395b4942
H3B_BRIDGE_FETCHED|H3B_EXEC_REQUEST_CREATED|H3B_EXECUTOR_RECEIVED|H3B_DRYRUN_FINISHED|H3B_FINAL_GATE_DECIDED|H3B_PLACE_FINISHED,UNKNOWN,h3bup:na:fe89f4f4232e
H3B_BRIDGE_FETCHED|H3B_EXEC_REQUEST_CREATED|H3B_EXECUTOR_RECEIVED|H3B_DRYRUN_FINISHED|H3B_FINAL_GATE_DECIDED|H3B_PLACE_FINISHED,UNKNOWN,h3bup:na:56953de260d6
H3B_EXEC_REQUEST_CREATED|H3B_EXECUTOR_RECEIVED|H3B_DRYRUN_FINISHED|H3B_FINAL_GATE_DECIDED|H3B_PLACE_FINISHED,UNKNOWN,h3bup:na:2cf50d5cef55
H3B_BRIDGE_FETCHED|H3B_EXEC_REQUEST_CREATED|H3B_EXECUTOR_RECEIVED|H3B_DRYRUN_FINISHED|H3B_FINAL_GATE_DECIDED|H3B_PLACE_FINISHED,UNKNOWN,h3bup:na:961189e610c1
H3B_BRIDGE_FETCHED|H3B_EXEC_REQUEST_CREATED|H3B_EXECUTOR_RECEIVED|H3B_DRYRUN_FINISHED|H3B_FINAL_GATE_DECIDED|H3B_PLACE_FINISHED,UNKNOWN,h3bup:na:229bd6c12628
H3B_BRIDGE_FETCHED|H3B_EXEC_REQUEST_CREATED|H3B_EXECUTOR_RECEIVED|H3B_DRYRUN_FINISHED|H3B_FINAL_GATE_DECIDED|H3B_PLACE_FINISHED,UNKNOWN,h3bup:na:96951e2f9735
H3B_BRIDGE_FETCHED|H3B_EXEC_REQUEST_CREATED|H3B_EXECUTOR_RECEIVED|H3B_DRYRUN_FINISHED|H3B_FINAL_GATE_DECIDED|H3B_PLACE_FINISHED,UNKNOWN,h3bup:na:376280e5b194
H3B_BRIDGE_FETCHED|H3B_EXEC_REQUEST_CREATED|H3B_EXECUTOR_RECEIVED|H3B_DRYRUN_FINISHED|H3B_FINAL_GATE_DECIDED|H3B_PLACE_FINISHED,UNKNOWN,h3bup:na:43ad7dce7714
H3B_BRIDGE_FETCHED|H3B_EXEC_REQUEST_CREATED|H3B_EXECUTOR_RECEIVED|H3B_DRYRUN_FINISHED|H3B_FINAL_GATE_DECIDED|H3B_PLACE_FINISHED,UNKNOWN,h3bup:na:08afec904f36
H3B_BRIDGE_FETCHED|H3B_EXEC_REQUEST_CREATED|H3B_EXECUTOR_RECEIVED|H3B_DRYRUN_FINISHED|H3B_FINAL_GATE_DECIDED|H3B_PLACE_FINISHED,UNKNOWN,h3bup:na:ae121f0cb81d
H3B_BRIDGE_FETCHED|H3B_EXEC_REQUEST_CREATED|H3B_EXECUTOR_RECEIVED|H3B_DRYRUN_FINISHED|H3B_FINAL_GATE_DECIDED|H3B_PLACE_FINISHED,UNKNOWN,h3bup:na:b4226d4ded75
H3B_BRIDGE_FETCHED|H3B_EXEC_REQUEST_CREATED|H3B_EXECUTOR_RECEIVED|H3B_DRYRUN_FINISHED|H3B_FINAL_GATE_DECIDED|H3B_PLACE_FINISHED,UNKNOWN,h3bup:na:eb2e4b7c12c6
H3B_BRIDGE_FETCHED|H3B_EXEC_REQUEST_CREATED|H3B_EXECUTOR_RECEIVED|H3B_DRYRUN_FINISHED|H3B_FINAL_GATE_DECIDED|H3B_PLACE_FINISHED,UNKNOWN,h3bup:na:245fedc9cec6
H3B_BRIDGE_FETCHED|H3B_EXEC_REQUEST_CREATED|H3B_EXECUTOR_RECEIVED|H3B_DRYRUN_FINISHED|H3B_FINAL_GATE_DECIDED|H3B_PLACE_FINISHED,UNKNOWN,h3bup:na:12724af589b5
H3B_BRIDGE_FETCHED|H3B_EXEC_REQUEST_CREATED|H3B_EXECUTOR_RECEIVED|H3B_DRYRUN_FINISHED|H3B_FINAL_GATE_DECIDED|H3B_PLACE_FINISHED,UNKNOWN,h3bup:na:dc04d97ac8f4
H3B_EXEC_REQUEST_CREATED|H3B_EXECUTOR_RECEIVED|H3B_DRYRUN_FINISHED|H3B_FINAL_GATE_DECIDED|H3B_PLACE_FINISHED,UNKNOWN,h3bup:na:e4ff762382aa
H3B_BRIDGE_FETCHED|H3B_EXEC_REQUEST_CREATED|H3B_EXECUTOR_RECEIVED|H3B_DRYRUN_FINISHED|H3B_FINAL_GATE_DECIDED|H3B_PLACE_FINISHED,UNKNOWN,h3bup:na:ce232d087197
H3B_BRIDGE_FETCHED|H3B_EXEC_REQUEST_CREATED|H3B_EXECUTOR_RECEIVED|H3B_DRYRUN_FINISHED|H3B_FINAL_GATE_DECIDED|H3B_PLACE_FINISHED,UNKNOWN,h3bup:na:818e9e826854
H3B_BRIDGE_FETCHED|H3B_EXEC_REQUEST_CREATED|H3B_EXECUTOR_RECEIVED|H3B_DRYRUN_FINISHED|H3B_FINAL_GATE_DECIDED|H3B_PLACE_FINISHED,UNKNOWN,h3bup:na:24e710633e5f
H3B_BRIDGE_FETCHED|H3B_EXEC_REQUEST_CREATED|H3B_EXECUTOR_RECEIVED|H3B_DRYRUN_FINISHED|H3B_FINAL_GATE_DECIDED|H3B_PLACE_FINISHED,UNKNOWN,h3bup:na:41bdae96d262
H3B_BRIDGE_FETCHED|H3B_EXEC_REQUEST_CREATED|H3B_EXECUTOR_RECEIVED|H3B_DRYRUN_FINISHED|H3B_FINAL_GATE_DECIDED|H3B_PLACE_FINISHED,UNKNOWN,h3bup:na:9b004777977a
H3B_BRIDGE_FETCHED|H3B_EXEC_REQUEST_CREATED|H3B_EXECUTOR_RECEIVED|H3B_DRYRUN_FINISHED|H3B_FINAL_GATE_DECIDED|H3B_PLACE_FINISHED,UNKNOWN,h3bup:na:586f3585c9f2
H3B_BRIDGE_FETCHED|H3B_EXEC_REQUEST_CREATED|H3B_EXECUTOR_RECEIVED|H3B_DRYRUN_FINISHED|H3B_FINAL_GATE_DECIDED|H3B_PLACE_FINISHED,UNKNOWN,h3bup:na:56276076d9c6
H3B_BRIDGE_FETCHED|H3B_EXEC_REQUEST_CREATED|H3B_EXECUTOR_RECEIVED|H3B_DRYRUN_FINISHED|H3B_FINAL_GATE_DECIDED|H3B_PLACE_FINISHED,UNKNOWN,h3bup:na:ad0c8a1d2a6d
H3B_EXEC_REQUEST_CREATED|H3B_EXECUTOR_RECEIVED|H3B_DRYRUN_FINISHED|H3B_FINAL_GATE_DECIDED|H3B_PLACE_FINISHED,UNKNOWN,h3bup:na:f7467c4332d9
H3B_BRIDGE_FETCHED|H3B_EXEC_REQUEST_CREATED|H3B_EXECUTOR_RECEIVED|H3B_DRYRUN_FINISHED|H3B_FINAL_GATE_DECIDED|H3B_PLACE_FINISHED,UNKNOWN,h3bup:na:5b1c6a6be5bf
H3B_EXEC_REQUEST_CREATED|H3B_EXECUTOR_RECEIVED|H3B_DRYRUN_FINISHED|H3B_FINAL_GATE_DECIDED|H3B_PLACE_FINISHED,UNKNOWN,h3bup:na:ff7a06fdf6b9
H3B_BRIDGE_FETCHED|H3B_EXEC_REQUEST_CREATED|H3B_EXECUTOR_RECEIVED|H3B_DRYRUN_FINISHED|H3B_FINAL_GATE_DECIDED|H3B_PLACE_FINISHED,UNKNOWN,h3bup:na:fb57f8aead63
H3B_EXEC_REQUEST_CREATED|H3B_EXECUTOR_RECEIVED|H3B_DRYRUN_FINISHED|H3B_FINAL_GATE_DECIDED|H3B_PLACE_FINISHED,UNKNOWN,h3bup:na:0ac8dd98e0b8
H3B_EXEC_REQUEST_CREATED|H3B_EXECUTOR_RECEIVED|H3B_DRYRUN_FINISHED|H3B_FINAL_GATE_DECIDED|H3B_PLACE_FINISHED,UNKNOWN,h3bup:na:72003054bd87
H3B_EXEC_REQUEST_CREATED|H3B_EXECUTOR_RECEIVED|H3B_DRYRUN_FINISHED|H3B_FINAL_GATE_DECIDED|H3B_PLACE_FINISHED,UNKNOWN,h3bup:na:3dd87539311c
H3B_BRIDGE_FETCHED|H3B_EXEC_REQUEST_CREATED|H3B_EXECUTOR_RECEIVED|H3B_DRYRUN_FINISHED|H3B_FINAL_GATE_DECIDED|H3B_PLACE_FINISHED,UNKNOWN,h3bup:na:af67f45b3f1f
H3B_BRIDGE_FETCHED|H3B_EXEC_REQUEST_CREATED|H3B_EXECUTOR_RECEIVED|H3B_DRYRUN_FINISHED|H3B_FINAL_GATE_DECIDED|H3B_PLACE_FINISHED,UNKNOWN,h3bup:na:d665837a0da9
H3B_BRIDGE_FETCHED|H3B_EXEC_REQUEST_CREATED|H3B_EXECUTOR_RECEIVED|H3B_DRYRUN_FINISHED|H3B_FINAL_GATE_DECIDED|H3B_PLACE_FINISHED,UNKNOWN,h3bup:na:ce8063e784ef
H3B_BRIDGE_FETCHED|H3B_EXEC_REQUEST_CREATED|H3B_EXECUTOR_RECEIVED|H3B_DRYRUN_FINISHED|H3B_FINAL_GATE_DECIDED|H3B_PLACE_FINISHED,UNKNOWN,h3bup:na:5f8c64a4f54d
H3B_BRIDGE_FETCHED|H3B_EXEC_REQUEST_CREATED|H3B_EXECUTOR_RECEIVED|H3B_DRYRUN_FINISHED|H3B_FINAL_GATE_DECIDED|H3B_PLACE_FINISHED,UNKNOWN,h3bup:na:4dbbae6f95c4
H3B_BRIDGE_FETCHED|H3B_EXEC_REQUEST_CREATED|H3B_EXECUTOR_RECEIVED|H3B_DRYRUN_FINISHED|H3B_FINAL_GATE_DECIDED|H3B_PLACE_FINISHED,UNKNOWN,h3bup:na:f139dc2615f0
H3B_BRIDGE_FETCHED|H3B_EXEC_REQUEST_CREATED|H3B_EXECUTOR_RECEIVED|H3B_DRYRUN_FINISHED|H3B_FINAL_GATE_DECIDED|H3B_PLACE_FINISHED,UNKNOWN,h3bup:na:bf01ec7dc532
H3B_BRIDGE_FETCHED|H3B_EXEC_REQUEST_CREATED|H3B_EXECUTOR_RECEIVED|H3B_DRYRUN_FINISHED|H3B_FINAL_GATE_DECIDED|H3B_PLACE_FINISHED,UNKNOWN,h3bup:na:d18449ccf2fa
H3B_BRIDGE_FETCHED|H3B_EXEC_REQUEST_CREATED|H3B_EXECUTOR_RECEIVED|H3B_DRYRUN_FINISHED|H3B_FINAL_GATE_DECIDED|H3B_PLACE_FINISHED,UNKNOWN,h3bup:na:2616de3bc721
H3B_EXEC_REQUEST_CREATED|H3B_EXECUTOR_RECEIVED|H3B_DRYRUN_FINISHED|H3B_FINAL_GATE_DECIDED|H3B_PLACE_FINISHED,UNKNOWN,h3bup:na:bb5315705a40
H3B_BRIDGE_FETCHED|H3B_EXEC_REQUEST_CREATED|H3B_EXECUTOR_RECEIVED|H3B_DRYRUN_FINISHED|H3B_FINAL_GATE_DECIDED|H3B_PLACE_FINISHED,UNKNOWN,h3bup:na:2e2c533efa5b
H3B_BRIDGE_FETCHED|H3B_EXEC_REQUEST_CREATED|H3B_EXECUTOR_RECEIVED|H3B_DRYRUN_FINISHED|H3B_FINAL_GATE_DECIDED|H3B_PLACE_FINISHED,UNKNOWN,h3bup:na:6ace8a850b5e
H3B_BRIDGE_FETCHED|H3B_EXEC_REQUEST_CREATED|H3B_EXECUTOR_RECEIVED|H3B_DRYRUN_FINISHED|H3B_FINAL_GATE_DECIDED|H3B_PLACE_FINISHED,UNKNOWN,h3bup:na:8d8ea13a8060
H3B_BRIDGE_FETCHED|H3B_EXEC_REQUEST_CREATED|H3B_EXECUTOR_RECEIVED|H3B_DRYRUN_FINISHED|H3B_FINAL_GATE_DECIDED|H3B_PLACE_FINISHED,UNKNOWN,h3bup:na:15ce4c0f1833
H3B_BRIDGE_FETCHED|H3B_EXEC_REQUEST_CREATED|H3B_EXECUTOR_RECEIVED|H3B_DRYRUN_FINISHED|H3B_FINAL_GATE_DECIDED|H3B_PLACE_FINISHED,UNKNOWN,h3bup:na:4e20b44b72bc
H3B_EXEC_REQUEST_CREATED|H3B_EXECUTOR_RECEIVED|H3B_DRYRUN_FINISHED|H3B_FINAL_GATE_DECIDED|H3B_PLACE_FINISHED,UNKNOWN,h3bup:na:11659db560df
H3B_BRIDGE_FETCHED|H3B_EXEC_REQUEST_CREATED|H3B_EXECUTOR_RECEIVED|H3B_DRYRUN_FINISHED|H3B_FINAL_GATE_DECIDED|H3B_PLACE_FINISHED,UNKNOWN,h3bup:na:125770702f91
H3B_BRIDGE_FETCHED|H3B_EXEC_REQUEST_CREATED|H3B_EXECUTOR_RECEIVED|H3B_DRYRUN_FINISHED|H3B_FINAL_GATE_DECIDED|H3B_PLACE_FINISHED,UNKNOWN,h3bup:na:2229d88915bd
H3B_BRIDGE_FETCHED|H3B_EXEC_REQUEST_CREATED|H3B_EXECUTOR_RECEIVED|H3B_DRYRUN_FINISHED|H3B_FINAL_GATE_DECIDED|H3B_PLACE_FINISHED,UNKNOWN,h3bup:na:eb0e0c53a94c
H3B_BRIDGE_FETCHED|H3B_EXEC_REQUEST_CREATED|H3B_EXECUTOR_RECEIVED|H3B_DRYRUN_FINISHED|H3B_FINAL_GATE_DECIDED|H3B_PLACE_FINISHED,UNKNOWN,h3bup:na:6e669500ba1e
H3B_BRIDGE_FETCHED|H3B_EXEC_REQUEST_CREATED|H3B_EXECUTOR_RECEIVED|H3B_DRYRUN_FINISHED|H3B_FINAL_GATE_DECIDED|H3B_PLACE_FINISHED,UNKNOWN,h3bup:na:8d07d355f82d
H3B_BRIDGE_FETCHED|H3B_EXEC_REQUEST_CREATED|H3B_EXECUTOR_RECEIVED|H3B_DRYRUN_FINISHED|H3B_FINAL_GATE_DECIDED|H3B_PLACE_FINISHED,UNKNOWN,h3bup:na:eb8b04950b6e
H3B_BRIDGE_FETCHED|H3B_EXEC_REQUEST_CREATED|H3B_EXECUTOR_RECEIVED|H3B_DRYRUN_FINISHED|H3B_FINAL_GATE_DECIDED|H3B_PLACE_FINISHED,UNKNOWN,h3bup:na:2fd173f413bb
H3B_BRIDGE_FETCHED|H3B_EXEC_REQUEST_CREATED|H3B_EXECUTOR_RECEIVED|H3B_DRYRUN_FINISHED|H3B_FINAL_GATE_DECIDED|H3B_PLACE_FINISHED,UNKNOWN,h3bup:na:c827419a17a1
H3B_BRIDGE_FETCHED|H3B_EXEC_REQUEST_CREATED|H3B_EXECUTOR_RECEIVED|H3B_DRYRUN_FINISHED|H3B_FINAL_GATE_DECIDED|H3B_PLACE_FINISHED,UNKNOWN,h3bup:na:9381df4dad2c
H3B_EXEC_REQUEST_CREATED|H3B_EXECUTOR_RECEIVED|H3B_DRYRUN_FINISHED|H3B_FINAL_GATE_DECIDED|H3B_PLACE_FINISHED,UNKNOWN,h3bup:na:2447b07604fd
H3B_EXEC_REQUEST_CREATED|H3B_EXECUTOR_RECEIVED|H3B_DRYRUN_FINISHED|H3B_FINAL_GATE_DECIDED|H3B_PLACE_FINISHED,UNKNOWN,h3bup:na:03f97326c0e5
H3B_BRIDGE_FETCHED|H3B_EXEC_REQUEST_CREATED|H3B_EXECUTOR_RECEIVED|H3B_DRYRUN_FINISHED|H3B_FINAL_GATE_DECIDED|H3B_PLACE_FINISHED,UNKNOWN,h3bup:na:a0b56705fe03
H3B_BRIDGE_FETCHED|H3B_EXEC_REQUEST_CREATED|H3B_EXECUTOR_RECEIVED|H3B_DRYRUN_FINISHED|H3B_FINAL_GATE_DECIDED|H3B_PLACE_FINISHED,UNKNOWN,h3bup:na:0eca1abfbdce
H3B_BRIDGE_FETCHED|H3B_EXEC_REQUEST_CREATED|H3B_EXECUTOR_RECEIVED|H3B_DRYRUN_FINISHED|H3B_FINAL_GATE_DECIDED|H3B_PLACE_FINISHED,UNKNOWN,h3bup:na:da1780195123
H3B_BRIDGE_FETCHED|H3B_EXEC_REQUEST_CREATED|H3B_EXECUTOR_RECEIVED|H3B_DRYRUN_FINISHED|H3B_FINAL_GATE_DECIDED|H3B_PLACE_FINISHED,UNKNOWN,h3bup:na:aa43e943df95
H3B_EXEC_REQUEST_CREATED|H3B_EXECUTOR_RECEIVED|H3B_DRYRUN_FINISHED|H3B_FINAL_GATE_DECIDED|H3B_PLACE_FINISHED,UNKNOWN,h3bup:na:75cf4d72d83b
H3B_BRIDGE_FETCHED|H3B_EXEC_REQUEST_CREATED|H3B_EXECUTOR_RECEIVED|H3B_DRYRUN_FINISHED|H3B_FINAL_GATE_DECIDED|H3B_PLACE_FINISHED,UNKNOWN,h3bup:na:a39265730230
H3B_BRIDGE_FETCHED|H3B_EXEC_REQUEST_CREATED|H3B_EXECUTOR_RECEIVED|H3B_DRYRUN_FINISHED|H3B_FINAL_GATE_DECIDED|H3B_PLACE_FINISHED,UNKNOWN,h3bup:na:e4d14cbbbb2f
H3B_BRIDGE_FETCHED|H3B_EXEC_REQUEST_CREATED|H3B_EXECUTOR_RECEIVED|H3B_DRYRUN_FINISHED|H3B_FINAL_GATE_DECIDED|H3B_PLACE_FINISHED,UNKNOWN,h3bup:na:ea65e6c7f34c
H3B_BRIDGE_FETCHED|H3B_EXEC_REQUEST_CREATED|H3B_EXECUTOR_RECEIVED|H3B_DRYRUN_FINISHED|H3B_FINAL_GATE_DECIDED|H3B_PLACE_FINISHED,UNKNOWN,h3bup:na:b9aac5146ca3
H3B_BRIDGE_FETCHED|H3B_EXEC_REQUEST_CREATED|H3B_EXECUTOR_RECEIVED|H3B_DRYRUN_FINISHED|H3B_FINAL_GATE_DECIDED|H3B_PLACE_FINISHED,UNKNOWN,h3bup:na:4ce1110f27c9
H3B_BRIDGE_FETCHED|H3B_EXEC_REQUEST_CREATED|H3B_EXECUTOR_RECEIVED|H3B_DRYRUN_FINISHED|H3B_FINAL_GATE_DECIDED|H3B_PLACE_FINISHED,UNKNOWN,h3bup:na:2ce4ecb3a528
H3B_BRIDGE_FETCHED|H3B_EXEC_REQUEST_CREATED|H3B_EXECUTOR_RECEIVED|H3B_DRYRUN_FINISHED|H3B_FINAL_GATE_DECIDED|H3B_PLACE_FINISHED,UNKNOWN,h3bup:na:a9ae54fcd13b
H3B_EXEC_REQUEST_CREATED|H3B_EXECUTOR_RECEIVED|H3B_DRYRUN_FINISHED|H3B_FINAL_GATE_DECIDED|H3B_PLACE_FINISHED,UNKNOWN,h3bup:na:ffb1800fa995
H3B_BRIDGE_FETCHED|H3B_EXEC_REQUEST_CREATED|H3B_EXECUTOR_RECEIVED|H3B_DRYRUN_FINISHED|H3B_FINAL_GATE_DECIDED|H3B_PLACE_FINISHED,UNKNOWN,h3bup:na:8245e6b7ad25
H3B_BRIDGE_FETCHED|H3B_EXEC_REQUEST_CREATED|H3B_EXECUTOR_RECEIVED|H3B_DRYRUN_FINISHED|H3B_FINAL_GATE_DECIDED|H3B_PLACE_FINISHED,UNKNOWN,h3bup:na:e168a67cda93
H3B_BRIDGE_FETCHED|H3B_EXEC_REQUEST_CREATED|H3B_EXECUTOR_RECEIVED|H3B_DRYRUN_FINISHED|H3B_FINAL_GATE_DECIDED|H3B_PLACE_FINISHED,UNKNOWN,h3bup:na:c8270ffa9048
H3B_BRIDGE_FETCHED|H3B_EXEC_REQUEST_CREATED|H3B_EXECUTOR_RECEIVED|H3B_DRYRUN_FINISHED|H3B_FINAL_GATE_DECIDED|H3B_PLACE_FINISHED,UNKNOWN,h3bup:na:b986301af1bb
H3B_BRIDGE_FETCHED|H3B_EXEC_REQUEST_CREATED|H3B_EXECUTOR_RECEIVED|H3B_DRYRUN_FINISHED|H3B_FINAL_GATE_DECIDED|H3B_PLACE_FINISHED,UNKNOWN,h3bup:na:7ac833096686
H3B_EXEC_REQUEST_CREATED|H3B_EXECUTOR_RECEIVED|H3B_DRYRUN_FINISHED|H3B_FINAL_GATE_DECIDED|H3B_PLACE_FINISHED,UNKNOWN,h3bup:na:893be70c4d59
H3B_BRIDGE_FETCHED|H3B_EXEC_REQUEST_CREATED|H3B_EXECUTOR_RECEIVED|H3B_DRYRUN_FINISHED|H3B_FINAL_GATE_DECIDED|H3B_PLACE_FINISHED,UNKNOWN,h3bup:na:cdd223e93aeb
H3B_EXEC_REQUEST_CREATED|H3B_EXECUTOR_RECEIVED|H3B_DRYRUN_FINISHED|H3B_FINAL_GATE_DECIDED|H3B_PLACE_FINISHED,UNKNOWN,h3bup:na:ff6b7a547f37
H3B_BRIDGE_FETCHED|H3B_EXEC_REQUEST_CREATED|H3B_EXECUTOR_RECEIVED|H3B_DRYRUN_FINISHED|H3B_FINAL_GATE_DECIDED|H3B_PLACE_FINISHED,UNKNOWN,h3bup:na:13bd9be74bc7
H3B_BRIDGE_FETCHED|H3B_EXEC_REQUEST_CREATED|H3B_EXECUTOR_RECEIVED|H3B_DRYRUN_FINISHED|H3B_FINAL_GATE_DECIDED|H3B_PLACE_FINISHED,UNKNOWN,h3bup:na:f6f495f0b5a3
H3B_BRIDGE_FETCHED|H3B_EXEC_REQUEST_CREATED|H3B_EXECUTOR_RECEIVED|H3B_DRYRUN_FINISHED|H3B_FINAL_GATE_DECIDED|H3B_PLACE_FINISHED,UNKNOWN,h3bup:na:5f9b4a8a62a9
H3B_EXEC_REQUEST_CREATED|H3B_EXECUTOR_RECEIVED|H3B_DRYRUN_FINISHED|H3B_FINAL_GATE_DECIDED|H3B_PLACE_FINISHED,UNKNOWN,h3bup:na:0d126da124b5
H3B_BRIDGE_FETCHED|H3B_EXEC_REQUEST_CREATED|H3B_EXECUTOR_RECEIVED|H3B_DRYRUN_FINISHED|H3B_FINAL_GATE_DECIDED|H3B_PLACE_FINISHED,UNKNOWN,h3bup:na:41afbffc45bb
H3B_BRIDGE_FETCHED|H3B_EXEC_REQUEST_CREATED|H3B_EXECUTOR_RECEIVED|H3B_DRYRUN_FINISHED|H3B_FINAL_GATE_DECIDED|H3B_PLACE_FINISHED,UNKNOWN,h3bup:na:21ca6b82fc9c
H3B_EXEC_REQUEST_CREATED|H3B_EXECUTOR_RECEIVED|H3B_DRYRUN_FINISHED|H3B_FINAL_GATE_DECIDED|H3B_PLACE_FINISHED,UNKNOWN,h3bup:na:f368a68af23d
H3B_EXEC_REQUEST_CREATED|H3B_EXECUTOR_RECEIVED|H3B_DRYRUN_FINISHED|H3B_FINAL_GATE_DECIDED|H3B_PLACE_FINISHED,UNKNOWN,h3bup:na:4f2574c15607
H3B_EXEC_REQUEST_CREATED|H3B_EXECUTOR_RECEIVED|H3B_DRYRUN_FINISHED|H3B_FINAL_GATE_DECIDED|H3B_PLACE_FINISHED,UNKNOWN,h3bup:na:3f2dd2eccd4f
H3B_BRIDGE_FETCHED|H3B_EXEC_REQUEST_CREATED|H3B_EXECUTOR_RECEIVED|H3B_DRYRUN_FINISHED|H3B_FINAL_GATE_DECIDED|H3B_PLACE_FINISHED,UNKNOWN,h3bup:na:0f507f06a75f
H3B_BRIDGE_FETCHED|H3B_EXEC_REQUEST_CREATED|H3B_EXECUTOR_RECEIVED|H3B_DRYRUN_FINISHED|H3B_FINAL_GATE_DECIDED|H3B_PLACE_FINISHED,UNKNOWN,h3bup:na:89b9b99ac3d0
H3B_BRIDGE_FETCHED|H3B_EXEC_REQUEST_CREATED|H3B_EXECUTOR_RECEIVED|H3B_DRYRUN_FINISHED|H3B_FINAL_GATE_DECIDED|H3B_PLACE_FINISHED,UNKNOWN,h3bup:na:515d27e4ccca
H3B_BRIDGE_FETCHED|H3B_EXEC_REQUEST_CREATED|H3B_EXECUTOR_RECEIVED|H3B_DRYRUN_FINISHED|H3B_FINAL_GATE_DECIDED|H3B_PLACE_FINISHED,UNKNOWN,h3bup:na:2e19c926c3a4
H3B_BRIDGE_FETCHED|H3B_EXEC_REQUEST_CREATED|H3B_EXECUTOR_RECEIVED|H3B_DRYRUN_FINISHED|H3B_FINAL_GATE_DECIDED|H3B_PLACE_FINISHED,UNKNOWN,h3bup:na:359830e9a524
H3B_BRIDGE_FETCHED|H3B_EXEC_REQUEST_CREATED|H3B_EXECUTOR_RECEIVED|H3B_DRYRUN_FINISHED|H3B_FINAL_GATE_DECIDED|H3B_PLACE_FINISHED,UNKNOWN,h3bup:na:fbd9b284c450
H3B_BRIDGE_FETCHED|H3B_EXEC_REQUEST_CREATED|H3B_EXECUTOR_RECEIVED|H3B_DRYRUN_FINISHED|H3B_FINAL_GATE_DECIDED|H3B_PLACE_FINISHED,UNKNOWN,h3bup:na:ba74bb3fc412
H3B_BRIDGE_FETCHED|H3B_EXEC_REQUEST_CREATED|H3B_EXECUTOR_RECEIVED|H3B_DRYRUN_FINISHED|H3B_FINAL_GATE_DECIDED|H3B_PLACE_FINISHED,UNKNOWN,h3bup:na:190c02f6ae56
H3B_BRIDGE_FETCHED|H3B_EXEC_REQUEST_CREATED|H3B_EXECUTOR_RECEIVED|H3B_DRYRUN_FINISHED|H3B_FINAL_GATE_DECIDED|H3B_PLACE_FINISHED,UNKNOWN,h3bup:na:fef541e395d8
H3B_EXEC_REQUEST_CREATED|H3B_EXECUTOR_RECEIVED|H3B_DRYRUN_FINISHED|H3B_FINAL_GATE_DECIDED|H3B_PLACE_FINISHED,UNKNOWN,h3bup:na:b6694a50a09e
H3B_EXEC_REQUEST_CREATED|H3B_EXECUTOR_RECEIVED|H3B_DRYRUN_FINISHED|H3B_FINAL_GATE_DECIDED|H3B_PLACE_FINISHED,UNKNOWN,h3bup:na:d390664e65e4
H3B_EXEC_REQUEST_CREATED|H3B_EXECUTOR_RECEIVED|H3B_DRYRUN_FINISHED|H3B_FINAL_GATE_DECIDED|H3B_PLACE_FINISHED,UNKNOWN,h3bup:na:cadfb7f5d279
H3B_EXEC_REQUEST_CREATED|H3B_EXECUTOR_RECEIVED|H3B_DRYRUN_FINISHED|H3B_FINAL_GATE_DECIDED|H3B_PLACE_FINISHED,UNKNOWN,h3bup:na:4a48e4dca748
H3B_EXEC_REQUEST_CREATED|H3B_EXECUTOR_RECEIVED|H3B_DRYRUN_FINISHED|H3B_FINAL_GATE_DECIDED|H3B_PLACE_FINISHED,UNKNOWN,h3bup:na:1f2dcafdf1f1
H3B_EXEC_REQUEST_CREATED|H3B_EXECUTOR_RECEIVED|H3B_DRYRUN_FINISHED|H3B_FINAL_GATE_DECIDED|H3B_PLACE_FINISHED,UNKNOWN,h3bup:na:8c1a5888c173
H3B_BRIDGE_FETCHED|H3B_EXEC_REQUEST_CREATED|H3B_EXECUTOR_RECEIVED|H3B_DRYRUN_FINISHED|H3B_FINAL_GATE_DECIDED|H3B_PLACE_FINISHED,UNKNOWN,h3bup:na:7188787798f5
H3B_BRIDGE_FETCHED|H3B_EXEC_REQUEST_CREATED|H3B_EXECUTOR_RECEIVED|H3B_DRYRUN_FINISHED|H3B_FINAL_GATE_DECIDED|H3B_PLACE_FINISHED,UNKNOWN,h3bup:na:9927dfcf1e8a
H3B_EXEC_REQUEST_CREATED|H3B_EXECUTOR_RECEIVED|H3B_DRYRUN_FINISHED|H3B_FINAL_GATE_DECIDED|H3B_PLACE_FINISHED,UNKNOWN,h3bup:na:45071889f2f1
H3B_BRIDGE_FETCHED|H3B_EXEC_REQUEST_CREATED|H3B_EXECUTOR_RECEIVED|H3B_DRYRUN_FINISHED|H3B_FINAL_GATE_DECIDED|H3B_PLACE_FINISHED,UNKNOWN,h3bup:na:a21b1b72ab98
H3B_BRIDGE_FETCHED|H3B_EXEC_REQUEST_CREATED|H3B_EXECUTOR_RECEIVED|H3B_DRYRUN_FINISHED|H3B_FINAL_GATE_DECIDED|H3B_PLACE_FINISHED,UNKNOWN,h3bup:na:577662c50746
H3B_PLACE_FINISHED,CAP_BLOCKED,h3bup:na:f8f3f93edfb0
H3B_BRIDGE_FETCHED|H3B_EXEC_REQUEST_CREATED|H3B_EXECUTOR_RECEIVED|H3B_DRYRUN_FINISHED|H3B_FINAL_GATE_DECIDED|H3B_PLACE_FINISHED,UNKNOWN,h3bup:na:364591699a7f
H3B_EXEC_REQUEST_CREATED|H3B_EXECUTOR_RECEIVED|H3B_DRYRUN_FINISHED|H3B_FINAL_GATE_DECIDED|H3B_PLACE_FINISHED,UNKNOWN,h3bup:na:15178b8a3229
H3B_EXEC_REQUEST_CREATED|H3B_EXECUTOR_RECEIVED|H3B_DRYRUN_FINISHED|H3B_FINAL_GATE_DECIDED|H3B_PLACE_FINISHED,UNKNOWN,h3bup:na:0d3bc03b2b81
H3B_EXEC_REQUEST_CREATED|H3B_EXECUTOR_RECEIVED|H3B_DRYRUN_FINISHED|H3B_FINAL_GATE_DECIDED|H3B_PLACE_FINISHED,UNKNOWN,h3bup:na:4d3621365087
H3B_BRIDGE_FETCHED|H3B_EXEC_REQUEST_CREATED|H3B_EXECUTOR_RECEIVED|H3B_DRYRUN_FINISHED|H3B_FINAL_GATE_DECIDED|H3B_PLACE_FINISHED,UNKNOWN,h3bup:na:2824a614029c
H3B_EXEC_REQUEST_CREATED|H3B_EXECUTOR_RECEIVED|H3B_DRYRUN_FINISHED|H3B_FINAL_GATE_DECIDED|H3B_PLACE_FINISHED,UNKNOWN,h3bup:na:26a02e0cbf55
H3B_BRIDGE_FETCHED|H3B_EXEC_REQUEST_CREATED|H3B_EXECUTOR_RECEIVED|H3B_DRYRUN_FINISHED|H3B_FINAL_GATE_DECIDED|H3B_PLACE_FINISHED,UNKNOWN,h3bup:na:67ed126cbcab
H3B_EXEC_REQUEST_CREATED|H3B_EXECUTOR_RECEIVED|H3B_DRYRUN_FINISHED|H3B_FINAL_GATE_DECIDED|H3B_PLACE_FINISHED,UNKNOWN,h3bup:na:350921d49bc5
H3B_BRIDGE_FETCHED|H3B_EXEC_REQUEST_CREATED|H3B_EXECUTOR_RECEIVED|H3B_DRYRUN_FINISHED|H3B_FINAL_GATE_DECIDED|H3B_PLACE_FINISHED,UNKNOWN,h3bup:na:01df97475627
H3B_EXEC_REQUEST_CREATED|H3B_EXECUTOR_RECEIVED|H3B_DRYRUN_FINISHED|H3B_FINAL_GATE_DECIDED|H3B_PLACE_FINISHED,UNKNOWN,h3bup:na:38d7d0b74fce
H3B_EXEC_REQUEST_CREATED|H3B_EXECUTOR_RECEIVED|H3B_DRYRUN_FINISHED|H3B_FINAL_GATE_DECIDED|H3B_PLACE_FINISHED,UNKNOWN,h3bup:na:50b0fd26a893
H3B_BRIDGE_FETCHED|H3B_EXEC_REQUEST_CREATED|H3B_EXECUTOR_RECEIVED|H3B_DRYRUN_FINISHED|H3B_FINAL_GATE_DECIDED|H3B_PLACE_FINISHED,UNKNOWN,h3bup:na:46720f27b585
H3B_BRIDGE_FETCHED|H3B_EXEC_REQUEST_CREATED|H3B_EXECUTOR_RECEIVED|H3B_DRYRUN_FINISHED|H3B_FINAL_GATE_DECIDED|H3B_PLACE_FINISHED,UNKNOWN,h3bup:na:3aea4d863452
H3B_EXEC_REQUEST_CREATED|H3B_EXECUTOR_RECEIVED|H3B_DRYRUN_FINISHED|H3B_FINAL_GATE_DECIDED|H3B_PLACE_FINISHED,UNKNOWN,h3bup:na:e8a83cff0647
H3B_BRIDGE_FETCHED|H3B_EXEC_REQUEST_CREATED|H3B_EXECUTOR_RECEIVED|H3B_DRYRUN_FINISHED|H3B_FINAL_GATE_DECIDED|H3B_PLACE_FINISHED,UNKNOWN,h3bup:na:c8ad6d7303f2
H3B_BRIDGE_FETCHED|H3B_EXEC_REQUEST_CREATED|H3B_EXECUTOR_RECEIVED|H3B_DRYRUN_FINISHED|H3B_FINAL_GATE_DECIDED|H3B_PLACE_FINISHED,UNKNOWN,h3bup:na:8bc10c14b7da
H3B_BRIDGE_FETCHED|H3B_EXEC_REQUEST_CREATED|H3B_EXECUTOR_RECEIVED|H3B_DRYRUN_FINISHED|H3B_FINAL_GATE_DECIDED|H3B_PLACE_FINISHED,UNKNOWN,h3bup:na:4239ddea01cc
H3B_BRIDGE_FETCHED|H3B_EXEC_REQUEST_CREATED|H3B_EXECUTOR_RECEIVED|H3B_DRYRUN_FINISHED|H3B_FINAL_GATE_DECIDED|H3B_PLACE_FINISHED,UNKNOWN,h3bup:na:cbe8bdabc74c
H3B_EXEC_REQUEST_CREATED|H3B_EXECUTOR_RECEIVED|H3B_DRYRUN_FINISHED|H3B_FINAL_GATE_DECIDED|H3B_PLACE_FINISHED,UNKNOWN,h3bup:na:9b1f5c24343d
H3B_EXEC_REQUEST_CREATED|H3B_EXECUTOR_RECEIVED|H3B_DRYRUN_FINISHED|H3B_FINAL_GATE_DECIDED|H3B_PLACE_FINISHED,UNKNOWN,h3bup:na:05676904583c
H3B_BRIDGE_FETCHED|H3B_EXEC_REQUEST_CREATED|H3B_EXECUTOR_RECEIVED|H3B_DRYRUN_FINISHED|H3B_FINAL_GATE_DECIDED|H3B_PLACE_FINISHED,UNKNOWN,h3bup:na:f5d04e39eb17
H3B_BRIDGE_FETCHED|H3B_EXEC_REQUEST_CREATED|H3B_EXECUTOR_RECEIVED|H3B_DRYRUN_FINISHED|H3B_FINAL_GATE_DECIDED|H3B_PLACE_FINISHED,UNKNOWN,h3bup:na:7f72a8f23507
H3B_BRIDGE_FETCHED|H3B_EXEC_REQUEST_CREATED|H3B_EXECUTOR_RECEIVED|H3B_DRYRUN_FINISHED|H3B_FINAL_GATE_DECIDED|H3B_PLACE_FINISHED,UNKNOWN,h3bup:na:9c682f360407
H3B_BRIDGE_FETCHED|H3B_EXEC_REQUEST_CREATED|H3B_EXECUTOR_RECEIVED|H3B_DRYRUN_FINISHED|H3B_FINAL_GATE_DECIDED|H3B_PLACE_FINISHED,UNKNOWN,h3bup:na:8d2b733b0d2d
H3B_EXEC_REQUEST_CREATED|H3B_EXECUTOR_RECEIVED|H3B_DRYRUN_FINISHED|H3B_FINAL_GATE_DECIDED|H3B_PLACE_FINISHED,UNKNOWN,h3bup:na:2a2b1d60080c
H3B_BRIDGE_FETCHED|H3B_EXEC_REQUEST_CREATED|H3B_EXECUTOR_RECEIVED|H3B_DRYRUN_FINISHED|H3B_FINAL_GATE_DECIDED|H3B_PLACE_FINISHED,UNKNOWN,h3bup:na:f00b62ee402c
H3B_BRIDGE_FETCHED|H3B_EXEC_REQUEST_CREATED|H3B_EXECUTOR_RECEIVED|H3B_DRYRUN_FINISHED|H3B_FINAL_GATE_DECIDED|H3B_PLACE_FINISHED,UNKNOWN,h3bup:na:5d75083bd907
H3B_EXEC_REQUEST_CREATED|H3B_EXECUTOR_RECEIVED|H3B_DRYRUN_FINISHED|H3B_FINAL_GATE_DECIDED|H3B_PLACE_FINISHED,UNKNOWN,h3bup:na:c0e521c6740b
H3B_EXEC_REQUEST_CREATED|H3B_EXECUTOR_RECEIVED|H3B_DRYRUN_FINISHED|H3B_FINAL_GATE_DECIDED|H3B_PLACE_FINISHED,UNKNOWN,h3bup:na:b80196b87f20
H3B_BRIDGE_FETCHED|H3B_EXEC_REQUEST_CREATED|H3B_EXECUTOR_RECEIVED|H3B_DRYRUN_FINISHED|H3B_FINAL_GATE_DECIDED|H3B_PLACE_FINISHED,UNKNOWN,h3bup:na:06492afcabea
H3B_BRIDGE_FETCHED|H3B_EXEC_REQUEST_CREATED|H3B_EXECUTOR_RECEIVED|H3B_DRYRUN_FINISHED|H3B_FINAL_GATE_DECIDED|H3B_PLACE_FINISHED,UNKNOWN,h3bup:na:0e90afba3c2e
H3B_BRIDGE_FETCHED|H3B_EXEC_REQUEST_CREATED|H3B_EXECUTOR_RECEIVED|H3B_DRYRUN_FINISHED|H3B_FINAL_GATE_DECIDED|H3B_PLACE_FINISHED,UNKNOWN,h3bup:na:8eb8eda7a44d
H3B_BRIDGE_FETCHED|H3B_EXEC_REQUEST_CREATED|H3B_EXECUTOR_RECEIVED|H3B_DRYRUN_FINISHED|H3B_FINAL_GATE_DECIDED|H3B_PLACE_FINISHED,UNKNOWN,h3bup:na:a4c148f1b492
H3B_EXEC_REQUEST_CREATED|H3B_EXECUTOR_RECEIVED|H3B_DRYRUN_FINISHED|H3B_FINAL_GATE_DECIDED|H3B_PLACE_FINISHED,UNKNOWN,h3bup:na:91e2755c30d4
H3B_BRIDGE_FETCHED|H3B_EXEC_REQUEST_CREATED|H3B_EXECUTOR_RECEIVED|H3B_DRYRUN_FINISHED|H3B_FINAL_GATE_DECIDED|H3B_PLACE_FINISHED,UNKNOWN,h3bup:na:87724ae4e4b0
H3B_PLACE_FINISHED,CAP_BLOCKED,h3bup:na:75076b96a6da
H3B_EXEC_REQUEST_CREATED|H3B_EXECUTOR_RECEIVED|H3B_DRYRUN_FINISHED|H3B_FINAL_GATE_DECIDED|H3B_PLACE_FINISHED,UNKNOWN,h3bup:na:4909faccb4b2
H3B_BRIDGE_FETCHED|H3B_EXEC_REQUEST_CREATED|H3B_EXECUTOR_RECEIVED|H3B_DRYRUN_FINISHED|H3B_FINAL_GATE_DECIDED|H3B_PLACE_FINISHED,UNKNOWN,h3bup:na:6c40c59df884
H3B_BRIDGE_FETCHED|H3B_EXEC_REQUEST_CREATED|H3B_EXECUTOR_RECEIVED|H3B_DRYRUN_FINISHED|H3B_FINAL_GATE_DECIDED|H3B_PLACE_FINISHED,UNKNOWN,h3bup:na:a93f07bf3d03
H3B_EXEC_REQUEST_CREATED|H3B_EXECUTOR_RECEIVED|H3B_DRYRUN_FINISHED|H3B_FINAL_GATE_DECIDED|H3B_PLACE_FINISHED,UNKNOWN,h3bup:na:219540be35b7
H3B_BRIDGE_FETCHED|H3B_EXEC_REQUEST_CREATED|H3B_EXECUTOR_RECEIVED|H3B_DRYRUN_FINISHED|H3B_FINAL_GATE_DECIDED|H3B_PLACE_FINISHED,UNKNOWN,h3bup:na:4d03d97725c7
H3B_BRIDGE_FETCHED|H3B_EXEC_REQUEST_CREATED|H3B_EXECUTOR_RECEIVED|H3B_DRYRUN_FINISHED|H3B_FINAL_GATE_DECIDED|H3B_PLACE_FINISHED,UNKNOWN,h3bup:na:10a0450a9c9a
H3B_EXEC_REQUEST_CREATED|H3B_EXECUTOR_RECEIVED|H3B_DRYRUN_FINISHED|H3B_FINAL_GATE_DECIDED|H3B_PLACE_FINISHED,UNKNOWN,h3bup:na:eb40a17c1bfd
H3B_EXEC_REQUEST_CREATED|H3B_EXECUTOR_RECEIVED|H3B_DRYRUN_FINISHED|H3B_FINAL_GATE_DECIDED|H3B_PLACE_FINISHED,UNKNOWN,h3bup:na:cd51b693ed49
H3B_EXEC_REQUEST_CREATED|H3B_EXECUTOR_RECEIVED|H3B_DRYRUN_FINISHED|H3B_FINAL_GATE_DECIDED|H3B_PLACE_FINISHED,UNKNOWN,h3bup:na:5430d8da199f
H3B_BRIDGE_FETCHED|H3B_EXEC_REQUEST_CREATED|H3B_EXECUTOR_RECEIVED|H3B_DRYRUN_FINISHED|H3B_FINAL_GATE_DECIDED|H3B_PLACE_FINISHED,UNKNOWN,h3bup:na:95137b918b84
H3B_EXEC_REQUEST_CREATED|H3B_EXECUTOR_RECEIVED|H3B_DRYRUN_FINISHED|H3B_FINAL_GATE_DECIDED|H3B_PLACE_FINISHED,UNKNOWN,h3bup:na:783938517d1c
H3B_EXEC_REQUEST_CREATED|H3B_EXECUTOR_RECEIVED|H3B_DRYRUN_FINISHED|H3B_FINAL_GATE_DECIDED|H3B_PLACE_FINISHED,UNKNOWN,h3bup:na:df2841c5dab1
H3B_BRIDGE_FETCHED|H3B_EXEC_REQUEST_CREATED|H3B_EXECUTOR_RECEIVED|H3B_DRYRUN_FINISHED|H3B_FINAL_GATE_DECIDED|H3B_PLACE_FINISHED,UNKNOWN,h3bup:na:6b04bb769d96
H3B_BRIDGE_FETCHED|H3B_EXEC_REQUEST_CREATED|H3B_EXECUTOR_RECEIVED|H3B_DRYRUN_FINISHED|H3B_FINAL_GATE_DECIDED|H3B_PLACE_FINISHED,UNKNOWN,h3bup:na:4f6a3ebcd0a5
H3B_PLACE_FINISHED,CAP_BLOCKED,h3bup:na:0a0c64d7e1c0
H3B_BRIDGE_FETCHED|H3B_EXEC_REQUEST_CREATED|H3B_EXECUTOR_RECEIVED|H3B_DRYRUN_FINISHED|H3B_FINAL_GATE_DECIDED|H3B_PLACE_FINISHED,UNKNOWN,h3bup:na:2a6ee215c89d
H3B_PLACE_FINISHED,CAP_BLOCKED,h3bup:na:8f0a11ead140
H3B_EXEC_REQUEST_CREATED|H3B_EXECUTOR_RECEIVED|H3B_DRYRUN_FINISHED|H3B_FINAL_GATE_DECIDED|H3B_PLACE_FINISHED,UNKNOWN,h3bup:na:152e65c993a3
H3B_PLACE_FINISHED,CAP_BLOCKED,h3bup:na:af3fd187a3bf
H3B_BRIDGE_FETCHED|H3B_EXEC_REQUEST_CREATED|H3B_EXECUTOR_RECEIVED|H3B_DRYRUN_FINISHED|H3B_FINAL_GATE_DECIDED|H3B_PLACE_FINISHED,UNKNOWN,h3bup:na:ca26630ca493
H3B_EXEC_REQUEST_CREATED|H3B_EXECUTOR_RECEIVED|H3B_DRYRUN_FINISHED|H3B_FINAL_GATE_DECIDED|H3B_PLACE_FINISHED,UNKNOWN,h3bup:na:cc994dde78f7
H3B_BRIDGE_FETCHED|H3B_EXEC_REQUEST_CREATED|H3B_EXECUTOR_RECEIVED|H3B_DRYRUN_FINISHED|H3B_FINAL_GATE_DECIDED|H3B_PLACE_FINISHED,UNKNOWN,h3bup:na:1726d16c4205
H3B_EXEC_REQUEST_CREATED|H3B_EXECUTOR_RECEIVED|H3B_DRYRUN_FINISHED|H3B_FINAL_GATE_DECIDED|H3B_PLACE_FINISHED,UNKNOWN,h3bup:na:f36eb0c6c9c0
H3B_BRIDGE_FETCHED|H3B_EXEC_REQUEST_CREATED|H3B_EXECUTOR_RECEIVED|H3B_DRYRUN_FINISHED|H3B_FINAL_GATE_DECIDED|H3B_PLACE_FINISHED,UNKNOWN,h3bup:na:9402db0cf3ea
H3B_BRIDGE_FETCHED|H3B_EXEC_REQUEST_CREATED|H3B_EXECUTOR_RECEIVED|H3B_DRYRUN_FINISHED|H3B_FINAL_GATE_DECIDED|H3B_PLACE_FINISHED,UNKNOWN,h3bup:na:903f7ff8cf69
H3B_BRIDGE_FETCHED|H3B_EXEC_REQUEST_CREATED|H3B_EXECUTOR_RECEIVED|H3B_DRYRUN_FINISHED|H3B_FINAL_GATE_DECIDED|H3B_PLACE_FINISHED,UNKNOWN,h3bup:na:ade8a4a258b4
H3B_BRIDGE_FETCHED|H3B_EXEC_REQUEST_CREATED|H3B_EXECUTOR_RECEIVED|H3B_DRYRUN_FINISHED|H3B_FINAL_GATE_DECIDED|H3B_PLACE_FINISHED,UNKNOWN,h3bup:na:9da049533427
H3B_EXEC_REQUEST_CREATED|H3B_EXECUTOR_RECEIVED|H3B_DRYRUN_FINISHED|H3B_FINAL_GATE_DECIDED|H3B_PLACE_FINISHED,UNKNOWN,h3bup:na:d7d03160d4d2
H3B_BRIDGE_FETCHED|H3B_EXEC_REQUEST_CREATED|H3B_EXECUTOR_RECEIVED|H3B_DRYRUN_FINISHED|H3B_FINAL_GATE_DECIDED|H3B_PLACE_FINISHED,UNKNOWN,h3bup:na:f70e37e870f3
H3B_BRIDGE_FETCHED|H3B_EXEC_REQUEST_CREATED|H3B_EXECUTOR_RECEIVED|H3B_DRYRUN_FINISHED|H3B_FINAL_GATE_DECIDED|H3B_PLACE_FINISHED,UNKNOWN,h3bup:na:714ecd72a1d6
H3B_EXEC_REQUEST_CREATED|H3B_EXECUTOR_RECEIVED|H3B_DRYRUN_FINISHED|H3B_FINAL_GATE_DECIDED|H3B_PLACE_FINISHED,UNKNOWN,h3bup:na:9dc4c59b9b96
H3B_EXEC_REQUEST_CREATED|H3B_EXECUTOR_RECEIVED|H3B_DRYRUN_FINISHED|H3B_FINAL_GATE_DECIDED|H3B_PLACE_FINISHED,UNKNOWN,h3bup:na:8956d6a5e1c5
H3B_BRIDGE_FETCHED|H3B_EXEC_REQUEST_CREATED|H3B_EXECUTOR_RECEIVED|H3B_DRYRUN_FINISHED|H3B_FINAL_GATE_DECIDED|H3B_PLACE_FINISHED,UNKNOWN,h3bup:na:a3e93cfdff08
H3B_BRIDGE_FETCHED|H3B_EXEC_REQUEST_CREATED|H3B_EXECUTOR_RECEIVED|H3B_DRYRUN_FINISHED|H3B_FINAL_GATE_DECIDED|H3B_PLACE_FINISHED,UNKNOWN,h3bup:na:d12790013e7c
H3B_BRIDGE_FETCHED|H3B_EXEC_REQUEST_CREATED|H3B_EXECUTOR_RECEIVED|H3B_DRYRUN_FINISHED|H3B_FINAL_GATE_DECIDED|H3B_PLACE_FINISHED,UNKNOWN,h3bup:na:1ef97268b99a
H3B_BRIDGE_FETCHED|H3B_EXEC_REQUEST_CREATED|H3B_EXECUTOR_RECEIVED|H3B_DRYRUN_FINISHED|H3B_FINAL_GATE_DECIDED|H3B_PLACE_FINISHED,UNKNOWN,h3bup:na:333c27d3aca1
H3B_BRIDGE_FETCHED|H3B_EXEC_REQUEST_CREATED|H3B_EXECUTOR_RECEIVED|H3B_DRYRUN_FINISHED|H3B_FINAL_GATE_DECIDED|H3B_PLACE_FINISHED,UNKNOWN,h3bup:na:0b3d6c1f1481
H3B_EXEC_REQUEST_CREATED|H3B_EXECUTOR_RECEIVED|H3B_DRYRUN_FINISHED|H3B_FINAL_GATE_DECIDED|H3B_PLACE_FINISHED,UNKNOWN,h3bup:na:e7328f17e99e
H3B_EXEC_REQUEST_CREATED|H3B_EXECUTOR_RECEIVED|H3B_DRYRUN_FINISHED|H3B_FINAL_GATE_DECIDED|H3B_PLACE_FINISHED,UNKNOWN,h3bup:na:b10f8071ccff
H3B_EXEC_REQUEST_CREATED|H3B_EXECUTOR_RECEIVED|H3B_DRYRUN_FINISHED|H3B_FINAL_GATE_DECIDED|H3B_PLACE_FINISHED,UNKNOWN,h3bup:na:164fe0553252
H3B_BRIDGE_FETCHED|H3B_EXEC_REQUEST_CREATED|H3B_EXECUTOR_RECEIVED|H3B_DRYRUN_FINISHED|H3B_FINAL_GATE_DECIDED|H3B_PLACE_FINISHED,UNKNOWN,h3bup:na:aa1730c03619
H3B_BRIDGE_FETCHED|H3B_EXEC_REQUEST_CREATED|H3B_EXECUTOR_RECEIVED|H3B_DRYRUN_FINISHED|H3B_FINAL_GATE_DECIDED|H3B_PLACE_FINISHED,UNKNOWN,h3bup:na:08c9ef1539a0
H3B_BRIDGE_FETCHED|H3B_EXEC_REQUEST_CREATED|H3B_EXECUTOR_RECEIVED|H3B_DRYRUN_FINISHED|H3B_FINAL_GATE_DECIDED|H3B_PLACE_FINISHED,UNKNOWN,h3bup:na:5e03fa65c709
H3B_BRIDGE_FETCHED|H3B_EXEC_REQUEST_CREATED|H3B_EXECUTOR_RECEIVED|H3B_DRYRUN_FINISHED|H3B_FINAL_GATE_DECIDED|H3B_PLACE_FINISHED,UNKNOWN,h3bup:na:6e270a047fdc
H3B_BRIDGE_FETCHED|H3B_EXEC_REQUEST_CREATED|H3B_EXECUTOR_RECEIVED|H3B_DRYRUN_FINISHED|H3B_FINAL_GATE_DECIDED|H3B_PLACE_FINISHED,UNKNOWN,h3bup:na:fde8e2c4c2bf
H3B_BRIDGE_FETCHED|H3B_EXEC_REQUEST_CREATED|H3B_EXECUTOR_RECEIVED|H3B_DRYRUN_FINISHED|H3B_FINAL_GATE_DECIDED|H3B_PLACE_FINISHED,UNKNOWN,h3bup:na:4e83c3eb67a6
H3B_BRIDGE_FETCHED|H3B_EXEC_REQUEST_CREATED|H3B_EXECUTOR_RECEIVED|H3B_DRYRUN_FINISHED|H3B_FINAL_GATE_DECIDED|H3B_PLACE_FINISHED,UNKNOWN,h3bup:na:4bac54068ed8
H3B_BRIDGE_FETCHED|H3B_EXEC_REQUEST_CREATED|H3B_EXECUTOR_RECEIVED|H3B_DRYRUN_FINISHED|H3B_FINAL_GATE_DECIDED|H3B_PLACE_FINISHED,UNKNOWN,h3bup:na:858c3327ebd5
H3B_EXEC_REQUEST_CREATED|H3B_EXECUTOR_RECEIVED|H3B_DRYRUN_FINISHED|H3B_FINAL_GATE_DECIDED|H3B_PLACE_FINISHED,UNKNOWN,h3bup:na:50363153399b
H3B_PLACE_FINISHED,CAP_BLOCKED,h3bup:na:6f78b0240a31
H3B_EXEC_REQUEST_CREATED|H3B_EXECUTOR_RECEIVED|H3B_DRYRUN_FINISHED|H3B_FINAL_GATE_DECIDED|H3B_PLACE_FINISHED,UNKNOWN,h3bup:na:6f9f5d67d9b7
H3B_BRIDGE_FETCHED|H3B_EXEC_REQUEST_CREATED|H3B_EXECUTOR_RECEIVED|H3B_DRYRUN_FINISHED|H3B_FINAL_GATE_DECIDED|H3B_PLACE_FINISHED,UNKNOWN,h3bup:na:a22fb311b81e
H3B_EXEC_REQUEST_CREATED|H3B_EXECUTOR_RECEIVED|H3B_DRYRUN_FINISHED|H3B_FINAL_GATE_DECIDED|H3B_PLACE_FINISHED,UNKNOWN,h3bup:na:b854792d23c2
H3B_EXEC_REQUEST_CREATED|H3B_EXECUTOR_RECEIVED|H3B_DRYRUN_FINISHED|H3B_FINAL_GATE_DECIDED|H3B_PLACE_FINISHED,UNKNOWN,h3bup:na:2a76d48b82c5
H3B_EXEC_REQUEST_CREATED|H3B_EXECUTOR_RECEIVED|H3B_DRYRUN_FINISHED|H3B_FINAL_GATE_DECIDED|H3B_PLACE_FINISHED,UNKNOWN,h3bup:na:d38b88af57e2
H3B_BRIDGE_FETCHED|H3B_EXEC_REQUEST_CREATED|H3B_EXECUTOR_RECEIVED|H3B_DRYRUN_FINISHED|H3B_FINAL_GATE_DECIDED|H3B_PLACE_FINISHED,UNKNOWN,h3bup:na:a1b72cda0275
H3B_BRIDGE_FETCHED|H3B_EXEC_REQUEST_CREATED|H3B_EXECUTOR_RECEIVED|H3B_DRYRUN_FINISHED|H3B_FINAL_GATE_DECIDED|H3B_PLACE_FINISHED,UNKNOWN,h3bup:na:73aee4b0ae7e
H3B_BRIDGE_FETCHED|H3B_EXEC_REQUEST_CREATED|H3B_EXECUTOR_RECEIVED|H3B_DRYRUN_FINISHED|H3B_FINAL_GATE_DECIDED|H3B_PLACE_FINISHED,UNKNOWN,h3bup:na:c1d85d4343df
H3B_PLACE_FINISHED,CAP_BLOCKED,h3bup:na:b059abaf9120
H3B_PLACE_FINISHED,CAP_BLOCKED,h3bup:na:777ead65804f
H3B_BRIDGE_FETCHED|H3B_EXEC_REQUEST_CREATED|H3B_EXECUTOR_RECEIVED|H3B_DRYRUN_FINISHED|H3B_FINAL_GATE_DECIDED|H3B_PLACE_FINISHED,UNKNOWN,h3bup:na:125224793dbb
H3B_BRIDGE_FETCHED|H3B_EXEC_REQUEST_CREATED|H3B_EXECUTOR_RECEIVED|H3B_DRYRUN_FINISHED|H3B_FINAL_GATE_DECIDED|H3B_PLACE_FINISHED,UNKNOWN,h3bup:na:3647cc748b42
H3B_BRIDGE_FETCHED|H3B_EXEC_REQUEST_CREATED|H3B_EXECUTOR_RECEIVED|H3B_DRYRUN_FINISHED|H3B_FINAL_GATE_DECIDED|H3B_PLACE_FINISHED,UNKNOWN,h3bup:na:bbc6dcd1f74e
H3B_BRIDGE_FETCHED|H3B_EXEC_REQUEST_CREATED|H3B_EXECUTOR_RECEIVED|H3B_DRYRUN_FINISHED|H3B_FINAL_GATE_DECIDED|H3B_PLACE_FINISHED,UNKNOWN,h3bup:na:c46d8ba17d5a
H3B_EXEC_REQUEST_CREATED|H3B_EXECUTOR_RECEIVED|H3B_DRYRUN_FINISHED|H3B_FINAL_GATE_DECIDED|H3B_PLACE_FINISHED,UNKNOWN,h3bup:na:3d6e81d5e844
H3B_BRIDGE_FETCHED|H3B_EXEC_REQUEST_CREATED|H3B_EXECUTOR_RECEIVED|H3B_DRYRUN_FINISHED|H3B_FINAL_GATE_DECIDED|H3B_PLACE_FINISHED,UNKNOWN,h3bup:na:6a74d55cd4e4
H3B_BRIDGE_FETCHED|H3B_EXEC_REQUEST_CREATED|H3B_EXECUTOR_RECEIVED|H3B_DRYRUN_FINISHED|H3B_FINAL_GATE_DECIDED|H3B_PLACE_FINISHED,UNKNOWN,h3bup:na:ada5a2fc50a1
H3B_BRIDGE_FETCHED|H3B_EXEC_REQUEST_CREATED|H3B_EXECUTOR_RECEIVED|H3B_DRYRUN_FINISHED|H3B_FINAL_GATE_DECIDED|H3B_PLACE_FINISHED,UNKNOWN,h3bup:na:49e6ddd1ee1f
H3B_BRIDGE_FETCHED|H3B_EXEC_REQUEST_CREATED|H3B_EXECUTOR_RECEIVED|H3B_DRYRUN_FINISHED|H3B_FINAL_GATE_DECIDED|H3B_PLACE_FINISHED,UNKNOWN,h3bup:na:d48841118895
H3B_BRIDGE_FETCHED|H3B_EXEC_REQUEST_CREATED|H3B_EXECUTOR_RECEIVED|H3B_DRYRUN_FINISHED|H3B_FINAL_GATE_DECIDED|H3B_PLACE_FINISHED,UNKNOWN,h3bup:na:abd10d9999b7
H3B_EXEC_REQUEST_CREATED|H3B_EXECUTOR_RECEIVED|H3B_DRYRUN_FINISHED|H3B_FINAL_GATE_DECIDED|H3B_PLACE_FINISHED,UNKNOWN,h3bup:na:d6c54fe7c723
H3B_BRIDGE_FETCHED|H3B_EXEC_REQUEST_CREATED|H3B_EXECUTOR_RECEIVED|H3B_DRYRUN_FINISHED|H3B_FINAL_GATE_DECIDED|H3B_PLACE_FINISHED,UNKNOWN,h3bup:na:55c51edea96a
H3B_EXEC_REQUEST_CREATED|H3B_EXECUTOR_RECEIVED|H3B_DRYRUN_FINISHED|H3B_FINAL_GATE_DECIDED|H3B_PLACE_FINISHED,UNKNOWN,h3bup:na:936d0469412d
H3B_BRIDGE_FETCHED|H3B_EXEC_REQUEST_CREATED|H3B_EXECUTOR_RECEIVED|H3B_DRYRUN_FINISHED|H3B_FINAL_GATE_DECIDED|H3B_PLACE_FINISHED,UNKNOWN,h3bup:na:50445f8bd75f
H3B_BRIDGE_FETCHED|H3B_EXEC_REQUEST_CREATED|H3B_EXECUTOR_RECEIVED|H3B_DRYRUN_FINISHED|H3B_FINAL_GATE_DECIDED|H3B_PLACE_FINISHED,UNKNOWN,h3bup:na:d35dba51c5ae
H3B_EXEC_REQUEST_CREATED|H3B_EXECUTOR_RECEIVED|H3B_DRYRUN_FINISHED|H3B_FINAL_GATE_DECIDED|H3B_PLACE_FINISHED,UNKNOWN,h3bup:na:2d4dd83c89bb
H3B_EXEC_REQUEST_CREATED|H3B_EXECUTOR_RECEIVED|H3B_DRYRUN_FINISHED|H3B_FINAL_GATE_DECIDED|H3B_PLACE_FINISHED,UNKNOWN,h3bup:na:33a4608fa0c6
H3B_EXEC_REQUEST_CREATED|H3B_EXECUTOR_RECEIVED|H3B_DRYRUN_FINISHED|H3B_FINAL_GATE_DECIDED|H3B_PLACE_FINISHED,UNKNOWN,h3bup:na:b3eba5ca4488
H3B_PLACE_FINISHED,CAP_BLOCKED,h3bup:na:cec24f8906b4
H3B_EXEC_REQUEST_CREATED|H3B_EXECUTOR_RECEIVED|H3B_DRYRUN_FINISHED|H3B_FINAL_GATE_DECIDED|H3B_PLACE_FINISHED,UNKNOWN,h3bup:na:0d2a605e0226
H3B_BRIDGE_FETCHED|H3B_EXEC_REQUEST_CREATED|H3B_EXECUTOR_RECEIVED|H3B_DRYRUN_FINISHED|H3B_FINAL_GATE_DECIDED|H3B_PLACE_FINISHED,UNKNOWN,h3bup:na:3165fcdf3104
H3B_EXEC_REQUEST_CREATED|H3B_EXECUTOR_RECEIVED|H3B_DRYRUN_FINISHED|H3B_FINAL_GATE_DECIDED|H3B_PLACE_FINISHED,UNKNOWN,h3bup:na:f62c65d051eb
H3B_BRIDGE_FETCHED|H3B_EXEC_REQUEST_CREATED|H3B_EXECUTOR_RECEIVED|H3B_DRYRUN_FINISHED|H3B_FINAL_GATE_DECIDED|H3B_PLACE_FINISHED,UNKNOWN,h3bup:na:c2baa31be4ab
H3B_BRIDGE_FETCHED|H3B_EXEC_REQUEST_CREATED|H3B_EXECUTOR_RECEIVED|H3B_DRYRUN_FINISHED|H3B_FINAL_GATE_DECIDED|H3B_PLACE_FINISHED,UNKNOWN,h3bup:na:f709b89c92e1
H3B_BRIDGE_FETCHED|H3B_EXEC_REQUEST_CREATED|H3B_EXECUTOR_RECEIVED|H3B_DRYRUN_FINISHED|H3B_FINAL_GATE_DECIDED|H3B_PLACE_FINISHED,UNKNOWN,h3bup:na:54e151d67ac9
H3B_EXEC_REQUEST_CREATED|H3B_EXECUTOR_RECEIVED|H3B_DRYRUN_FINISHED|H3B_FINAL_GATE_DECIDED|H3B_PLACE_FINISHED,UNKNOWN,h3bup:na:0d6f32ca0b46
H3B_PLACE_FINISHED,CAP_BLOCKED,h3bup:na:3c0fcdd3ffaa
H3B_BRIDGE_FETCHED|H3B_EXEC_REQUEST_CREATED|H3B_EXECUTOR_RECEIVED|H3B_DRYRUN_FINISHED|H3B_FINAL_GATE_DECIDED|H3B_PLACE_FINISHED,UNKNOWN,h3bup:na:207d1b53b123
H3B_BRIDGE_FETCHED|H3B_EXEC_REQUEST_CREATED|H3B_EXECUTOR_RECEIVED|H3B_DRYRUN_FINISHED|H3B_FINAL_GATE_DECIDED|H3B_PLACE_FINISHED,UNKNOWN,h3bup:na:b837b320ffed
H3B_BRIDGE_FETCHED|H3B_EXEC_REQUEST_CREATED|H3B_EXECUTOR_RECEIVED|H3B_DRYRUN_FINISHED|H3B_FINAL_GATE_DECIDED|H3B_PLACE_FINISHED,UNKNOWN,h3bup:na:225697b5dbd5
H3B_PLACE_FINISHED,CAP_BLOCKED,h3bup:na:04bde67e50bf
H3B_BRIDGE_FETCHED|H3B_EXEC_REQUEST_CREATED|H3B_EXECUTOR_RECEIVED|H3B_DRYRUN_FINISHED|H3B_FINAL_GATE_DECIDED|H3B_PLACE_FINISHED,UNKNOWN,h3bup:na:044201dd40c9
H3B_EXEC_REQUEST_CREATED|H3B_EXECUTOR_RECEIVED|H3B_DRYRUN_FINISHED|H3B_FINAL_GATE_DECIDED|H3B_PLACE_FINISHED,UNKNOWN,h3bup:na:9a6b1105e846
H3B_BRIDGE_FETCHED|H3B_EXEC_REQUEST_CREATED|H3B_EXECUTOR_RECEIVED|H3B_DRYRUN_FINISHED|H3B_FINAL_GATE_DECIDED|H3B_PLACE_FINISHED,UNKNOWN,h3bup:na:e01b58cde764
H3B_BRIDGE_FETCHED|H3B_EXEC_REQUEST_CREATED|H3B_EXECUTOR_RECEIVED|H3B_DRYRUN_FINISHED|H3B_FINAL_GATE_DECIDED|H3B_PLACE_FINISHED,UNKNOWN,h3bup:na:b043ee67865a
H3B_EXEC_REQUEST_CREATED|H3B_EXECUTOR_RECEIVED|H3B_DRYRUN_FINISHED|H3B_FINAL_GATE_DECIDED|H3B_PLACE_FINISHED,UNKNOWN,h3bup:na:7e3f7a5faed4
H3B_BRIDGE_FETCHED|H3B_EXEC_REQUEST_CREATED|H3B_EXECUTOR_RECEIVED|H3B_DRYRUN_FINISHED|H3B_FINAL_GATE_DECIDED|H3B_PLACE_FINISHED,UNKNOWN,h3bup:na:221345c4f98e
H3B_BRIDGE_FETCHED|H3B_EXEC_REQUEST_CREATED|H3B_EXECUTOR_RECEIVED|H3B_DRYRUN_FINISHED|H3B_FINAL_GATE_DECIDED|H3B_PLACE_FINISHED,UNKNOWN,h3bup:na:7930a34a471b
H3B_BRIDGE_FETCHED|H3B_EXEC_REQUEST_CREATED|H3B_EXECUTOR_RECEIVED|H3B_DRYRUN_FINISHED|H3B_FINAL_GATE_DECIDED|H3B_PLACE_FINISHED,UNKNOWN,h3bup:na:0c42960e66f5
H3B_BRIDGE_FETCHED|H3B_EXEC_REQUEST_CREATED|H3B_EXECUTOR_RECEIVED|H3B_DRYRUN_FINISHED|H3B_FINAL_GATE_DECIDED|H3B_PLACE_FINISHED,UNKNOWN,h3bup:na:09b6dddb9e20
H3B_BRIDGE_FETCHED|H3B_EXEC_REQUEST_CREATED|H3B_EXECUTOR_RECEIVED|H3B_DRYRUN_FINISHED|H3B_FINAL_GATE_DECIDED|H3B_PLACE_FINISHED,UNKNOWN,h3bup:na:99ef107f97eb
H3B_EXEC_REQUEST_CREATED|H3B_EXECUTOR_RECEIVED|H3B_DRYRUN_FINISHED|H3B_FINAL_GATE_DECIDED|H3B_PLACE_FINISHED,UNKNOWN,h3bup:na:37fc26f7adec
H3B_EXEC_REQUEST_CREATED|H3B_EXECUTOR_RECEIVED|H3B_DRYRUN_FINISHED|H3B_FINAL_GATE_DECIDED|H3B_PLACE_FINISHED,UNKNOWN,h3bup:na:403fa05c6a5c
H3B_BRIDGE_FETCHED|H3B_EXEC_REQUEST_CREATED|H3B_EXECUTOR_RECEIVED|H3B_DRYRUN_FINISHED|H3B_FINAL_GATE_DECIDED|H3B_PLACE_FINISHED,UNKNOWN,h3bup:na:07616571d72c
H3B_EXEC_REQUEST_CREATED|H3B_EXECUTOR_RECEIVED|H3B_DRYRUN_FINISHED|H3B_FINAL_GATE_DECIDED|H3B_PLACE_FINISHED,UNKNOWN,h3bup:na:fc81802c9cee
H3B_BRIDGE_FETCHED|H3B_EXEC_REQUEST_CREATED|H3B_EXECUTOR_RECEIVED|H3B_DRYRUN_FINISHED|H3B_FINAL_GATE_DECIDED|H3B_PLACE_FINISHED,UNKNOWN,h3bup:na:4821adff1b51
H3B_BRIDGE_FETCHED|H3B_EXEC_REQUEST_CREATED|H3B_EXECUTOR_RECEIVED|H3B_DRYRUN_FINISHED|H3B_FINAL_GATE_DECIDED|H3B_PLACE_FINISHED,UNKNOWN,h3bup:na:a2a045dee414
H3B_BRIDGE_FETCHED|H3B_EXEC_REQUEST_CREATED|H3B_EXECUTOR_RECEIVED|H3B_DRYRUN_FINISHED|H3B_FINAL_GATE_DECIDED|H3B_PLACE_FINISHED,UNKNOWN,h3bup:na:9ecc95763319
H3B_BRIDGE_FETCHED|H3B_EXEC_REQUEST_CREATED|H3B_EXECUTOR_RECEIVED|H3B_DRYRUN_FINISHED|H3B_FINAL_GATE_DECIDED|H3B_PLACE_FINISHED,UNKNOWN,h3bup:na:5b684dedace1
H3B_BRIDGE_FETCHED|H3B_EXEC_REQUEST_CREATED|H3B_EXECUTOR_RECEIVED|H3B_DRYRUN_FINISHED|H3B_FINAL_GATE_DECIDED|H3B_PLACE_FINISHED,UNKNOWN,h3bup:na:480859ac0161
H3B_BRIDGE_FETCHED|H3B_EXEC_REQUEST_CREATED|H3B_EXECUTOR_RECEIVED|H3B_DRYRUN_FINISHED|H3B_FINAL_GATE_DECIDED|H3B_PLACE_FINISHED,UNKNOWN,h3bup:na:3c664f0aca32
H3B_EXEC_REQUEST_CREATED|H3B_EXECUTOR_RECEIVED|H3B_DRYRUN_FINISHED|H3B_FINAL_GATE_DECIDED|H3B_PLACE_FINISHED,UNKNOWN,h3bup:na:c9e2c2981b6a
H3B_BRIDGE_FETCHED|H3B_EXEC_REQUEST_CREATED|H3B_EXECUTOR_RECEIVED|H3B_DRYRUN_FINISHED|H3B_FINAL_GATE_DECIDED|H3B_PLACE_FINISHED,UNKNOWN,h3bup:na:722bdd97ec43
H3B_EXEC_REQUEST_CREATED|H3B_EXECUTOR_RECEIVED|H3B_DRYRUN_FINISHED|H3B_FINAL_GATE_DECIDED|H3B_PLACE_FINISHED,UNKNOWN,h3bup:na:e7ac94302077
H3B_EXEC_REQUEST_CREATED|H3B_EXECUTOR_RECEIVED|H3B_DRYRUN_FINISHED|H3B_FINAL_GATE_DECIDED|H3B_PLACE_FINISHED,UNKNOWN,h3bup:na:8eca5402b591
H3B_EXEC_REQUEST_CREATED|H3B_EXECUTOR_RECEIVED|H3B_DRYRUN_FINISHED|H3B_FINAL_GATE_DECIDED|H3B_PLACE_FINISHED,UNKNOWN,h3bup:na:56c5529b012e
H3B_BRIDGE_FETCHED|H3B_EXEC_REQUEST_CREATED|H3B_EXECUTOR_RECEIVED|H3B_DRYRUN_FINISHED|H3B_FINAL_GATE_DECIDED|H3B_PLACE_FINISHED,UNKNOWN,h3bup:na:88ffe694737e
H3B_BRIDGE_FETCHED|H3B_EXEC_REQUEST_CREATED|H3B_EXECUTOR_RECEIVED|H3B_DRYRUN_FINISHED|H3B_FINAL_GATE_DECIDED|H3B_PLACE_FINISHED,UNKNOWN,h3bup:na:322977a532d4
H3B_BRIDGE_FETCHED|H3B_EXEC_REQUEST_CREATED|H3B_EXECUTOR_RECEIVED|H3B_DRYRUN_FINISHED|H3B_FINAL_GATE_DECIDED|H3B_PLACE_FINISHED,UNKNOWN,h3bup:na:53ef2631c1c2
H3B_BRIDGE_FETCHED|H3B_EXEC_REQUEST_CREATED|H3B_EXECUTOR_RECEIVED|H3B_DRYRUN_FINISHED|H3B_FINAL_GATE_DECIDED|H3B_PLACE_FINISHED,UNKNOWN,h3bup:na:80550685dac9
H3B_EXEC_REQUEST_CREATED|H3B_EXECUTOR_RECEIVED|H3B_DRYRUN_FINISHED|H3B_FINAL_GATE_DECIDED|H3B_PLACE_FINISHED,UNKNOWN,h3bup:na:301ba34b9636
H3B_PLACE_FINISHED,CAP_BLOCKED,h3bup:na:185a429da2b4
H3B_PLACE_FINISHED,CAP_BLOCKED,h3bup:na:92274a965eac
H3B_BRIDGE_FETCHED|H3B_EXEC_REQUEST_CREATED|H3B_EXECUTOR_RECEIVED|H3B_DRYRUN_FINISHED|H3B_FINAL_GATE_DECIDED|H3B_PLACE_FINISHED,UNKNOWN,h3bup:na:18afbf62f6fb
H3B_EXEC_REQUEST_CREATED|H3B_EXECUTOR_RECEIVED|H3B_DRYRUN_FINISHED|H3B_FINAL_GATE_DECIDED|H3B_PLACE_FINISHED,UNKNOWN,h3bup:na:cd30bfd07508
H3B_EXEC_REQUEST_CREATED|H3B_EXECUTOR_RECEIVED|H3B_DRYRUN_FINISHED|H3B_FINAL_GATE_DECIDED|H3B_PLACE_FINISHED,UNKNOWN,h3bup:na:00df34a77369
H3B_BRIDGE_FETCHED|H3B_EXEC_REQUEST_CREATED|H3B_EXECUTOR_RECEIVED|H3B_DRYRUN_FINISHED|H3B_FINAL_GATE_DECIDED|H3B_PLACE_FINISHED,UNKNOWN,h3bup:na:cf98c3787b22
H3B_BRIDGE_FETCHED|H3B_EXEC_REQUEST_CREATED|H3B_EXECUTOR_RECEIVED|H3B_DRYRUN_FINISHED|H3B_FINAL_GATE_DECIDED|H3B_PLACE_FINISHED,UNKNOWN,h3bup:na:e3a286ff0364
H3B_EXEC_REQUEST_CREATED|H3B_EXECUTOR_RECEIVED|H3B_DRYRUN_FINISHED|H3B_FINAL_GATE_DECIDED|H3B_PLACE_FINISHED,UNKNOWN,h3bup:na:6c7b8074de67
H3B_BRIDGE_FETCHED|H3B_EXEC_REQUEST_CREATED|H3B_EXECUTOR_RECEIVED|H3B_DRYRUN_FINISHED|H3B_FINAL_GATE_DECIDED|H3B_PLACE_FINISHED,UNKNOWN,h3bup:na:233f469f58cc
H3B_BRIDGE_FETCHED|H3B_EXEC_REQUEST_CREATED|H3B_EXECUTOR_RECEIVED|H3B_DRYRUN_FINISHED|H3B_FINAL_GATE_DECIDED|H3B_PLACE_FINISHED,UNKNOWN,h3bup:na:c845ec34df0d
H3B_BRIDGE_FETCHED|H3B_EXEC_REQUEST_CREATED|H3B_EXECUTOR_RECEIVED|H3B_DRYRUN_FINISHED|H3B_FINAL_GATE_DECIDED|H3B_PLACE_FINISHED,UNKNOWN,h3bup:na:1826c4fe2260
H3B_BRIDGE_FETCHED|H3B_EXEC_REQUEST_CREATED|H3B_EXECUTOR_RECEIVED|H3B_DRYRUN_FINISHED|H3B_FINAL_GATE_DECIDED|H3B_PLACE_FINISHED,UNKNOWN,h3bup:na:88c7572078a4
H3B_BRIDGE_FETCHED|H3B_EXEC_REQUEST_CREATED|H3B_EXECUTOR_RECEIVED|H3B_DRYRUN_FINISHED|H3B_FINAL_GATE_DECIDED|H3B_PLACE_FINISHED,UNKNOWN,h3bup:na:2d79b6ef9b17
H3B_BRIDGE_FETCHED|H3B_EXEC_REQUEST_CREATED|H3B_EXECUTOR_RECEIVED|H3B_DRYRUN_FINISHED|H3B_FINAL_GATE_DECIDED|H3B_PLACE_FINISHED,UNKNOWN,h3bup:na:cc1ea7c66304
H3B_EXEC_REQUEST_CREATED|H3B_EXECUTOR_RECEIVED|H3B_DRYRUN_FINISHED|H3B_FINAL_GATE_DECIDED|H3B_PLACE_FINISHED,UNKNOWN,h3bup:na:c4de0d79d0b5
H3B_BRIDGE_FETCHED|H3B_EXEC_REQUEST_CREATED|H3B_EXECUTOR_RECEIVED|H3B_DRYRUN_FINISHED|H3B_FINAL_GATE_DECIDED|H3B_PLACE_FINISHED,UNKNOWN,h3bup:na:7d8baf00de7f
H3B_EXEC_REQUEST_CREATED|H3B_EXECUTOR_RECEIVED|H3B_DRYRUN_FINISHED|H3B_FINAL_GATE_DECIDED|H3B_PLACE_FINISHED,UNKNOWN,h3bup:na:d8c74bdfb076
H3B_EXEC_REQUEST_CREATED|H3B_EXECUTOR_RECEIVED|H3B_DRYRUN_FINISHED|H3B_FINAL_GATE_DECIDED|H3B_PLACE_FINISHED,UNKNOWN,h3bup:na:22010fd41ee1
H3B_BRIDGE_FETCHED|H3B_EXEC_REQUEST_CREATED|H3B_EXECUTOR_RECEIVED|H3B_DRYRUN_FINISHED|H3B_FINAL_GATE_DECIDED|H3B_PLACE_FINISHED,UNKNOWN,h3bup:na:0d6949adb1a7
H3B_BRIDGE_FETCHED|H3B_EXEC_REQUEST_CREATED|H3B_EXECUTOR_RECEIVED|H3B_DRYRUN_FINISHED|H3B_FINAL_GATE_DECIDED|H3B_PLACE_FINISHED,UNKNOWN,h3bup:na:0d5af11cef65
H3B_BRIDGE_FETCHED|H3B_EXEC_REQUEST_CREATED|H3B_EXECUTOR_RECEIVED|H3B_DRYRUN_FINISHED|H3B_FINAL_GATE_DECIDED|H3B_PLACE_FINISHED,UNKNOWN,h3bup:na:4911865af086
H3B_EXEC_REQUEST_CREATED|H3B_EXECUTOR_RECEIVED|H3B_DRYRUN_FINISHED|H3B_FINAL_GATE_DECIDED|H3B_PLACE_FINISHED,UNKNOWN,h3bup:na:25390537c5f3
H3B_EXEC_REQUEST_CREATED|H3B_EXECUTOR_RECEIVED|H3B_DRYRUN_FINISHED|H3B_FINAL_GATE_DECIDED|H3B_PLACE_FINISHED,UNKNOWN,h3bup:na:3cf9dac9340e
H3B_BRIDGE_FETCHED|H3B_EXEC_REQUEST_CREATED|H3B_EXECUTOR_RECEIVED|H3B_DRYRUN_FINISHED|H3B_FINAL_GATE_DECIDED|H3B_PLACE_FINISHED,UNKNOWN,h3bup:na:f61850461eb8
H3B_BRIDGE_FETCHED|H3B_EXEC_REQUEST_CREATED|H3B_EXECUTOR_RECEIVED|H3B_DRYRUN_FINISHED|H3B_FINAL_GATE_DECIDED|H3B_PLACE_FINISHED,UNKNOWN,h3bup:na:eccbd1323f92
H3B_BRIDGE_FETCHED|H3B_EXEC_REQUEST_CREATED|H3B_EXECUTOR_RECEIVED|H3B_DRYRUN_FINISHED|H3B_FINAL_GATE_DECIDED|H3B_PLACE_FINISHED,UNKNOWN,h3bup:na:7d4b019d2045
H3B_BRIDGE_FETCHED|H3B_EXEC_REQUEST_CREATED|H3B_EXECUTOR_RECEIVED|H3B_DRYRUN_FINISHED|H3B_FINAL_GATE_DECIDED|H3B_PLACE_FINISHED,UNKNOWN,h3bup:na:ddb339a39ebb
H3B_BRIDGE_FETCHED|H3B_EXEC_REQUEST_CREATED|H3B_EXECUTOR_RECEIVED|H3B_DRYRUN_FINISHED|H3B_FINAL_GATE_DECIDED|H3B_PLACE_FINISHED,UNKNOWN,h3bup:na:a62df1b60ed0
H3B_BRIDGE_FETCHED|H3B_EXEC_REQUEST_CREATED|H3B_EXECUTOR_RECEIVED|H3B_DRYRUN_FINISHED|H3B_FINAL_GATE_DECIDED|H3B_PLACE_FINISHED,UNKNOWN,h3bup:na:fbe7c9314fed
H3B_BRIDGE_FETCHED|H3B_EXEC_REQUEST_CREATED|H3B_EXECUTOR_RECEIVED|H3B_DRYRUN_FINISHED|H3B_FINAL_GATE_DECIDED|H3B_PLACE_FINISHED,UNKNOWN,h3bup:na:b3607a350f3a
H3B_BRIDGE_FETCHED|H3B_EXEC_REQUEST_CREATED|H3B_EXECUTOR_RECEIVED|H3B_DRYRUN_FINISHED|H3B_FINAL_GATE_DECIDED|H3B_PLACE_FINISHED,UNKNOWN,h3bup:na:b5137a89fd31
H3B_BRIDGE_FETCHED|H3B_EXEC_REQUEST_CREATED|H3B_EXECUTOR_RECEIVED|H3B_DRYRUN_FINISHED|H3B_FINAL_GATE_DECIDED|H3B_PLACE_FINISHED,UNKNOWN,h3bup:na:2b1f93b6e8f3
H3B_EXEC_REQUEST_CREATED|H3B_EXECUTOR_RECEIVED|H3B_DRYRUN_FINISHED|H3B_FINAL_GATE_DECIDED|H3B_PLACE_FINISHED,UNKNOWN,h3bup:na:b6f00e8e1b6a
H3B_EXEC_REQUEST_CREATED|H3B_EXECUTOR_RECEIVED|H3B_DRYRUN_FINISHED|H3B_FINAL_GATE_DECIDED|H3B_PLACE_FINISHED,UNKNOWN,h3bup:na:a66903f4e795
H3B_BRIDGE_FETCHED|H3B_EXEC_REQUEST_CREATED|H3B_EXECUTOR_RECEIVED|H3B_DRYRUN_FINISHED|H3B_FINAL_GATE_DECIDED|H3B_PLACE_FINISHED,UNKNOWN,h3bup:na:33468e9bb359
H3B_EXEC_REQUEST_CREATED|H3B_EXECUTOR_RECEIVED|H3B_DRYRUN_FINISHED|H3B_FINAL_GATE_DECIDED|H3B_PLACE_FINISHED,UNKNOWN,h3bup:na:5de7d554f7b9
H3B_FINAL_GATE_DECIDED|H3B_PLACE_FINISHED,API_FAILED,h3bup:na:c4bb4239033b
H3B_BRIDGE_FETCHED|H3B_EXEC_REQUEST_CREATED|H3B_EXECUTOR_RECEIVED|H3B_DRYRUN_FINISHED|H3B_FINAL_GATE_DECIDED|H3B_PLACE_FINISHED,UNKNOWN,h3bup:na:730f16187d99
H3B_EXEC_REQUEST_CREATED|H3B_EXECUTOR_RECEIVED|H3B_DRYRUN_FINISHED|H3B_FINAL_GATE_DECIDED|H3B_PLACE_FINISHED,UNKNOWN,h3bup:na:3fe24dc17a32
H3B_BRIDGE_FETCHED|H3B_EXEC_REQUEST_CREATED|H3B_EXECUTOR_RECEIVED|H3B_DRYRUN_FINISHED|H3B_FINAL_GATE_DECIDED|H3B_PLACE_FINISHED,UNKNOWN,h3bup:na:a1ad6fcb7d0a
H3B_PLACE_FINISHED,CAP_BLOCKED,h3bup:na:518a91ea1d94
H3B_BRIDGE_FETCHED|H3B_EXEC_REQUEST_CREATED|H3B_EXECUTOR_RECEIVED|H3B_DRYRUN_FINISHED|H3B_FINAL_GATE_DECIDED|H3B_PLACE_FINISHED,UNKNOWN,h3bup:na:38a618a012e2
H3B_BRIDGE_FETCHED|H3B_EXEC_REQUEST_CREATED|H3B_EXECUTOR_RECEIVED|H3B_DRYRUN_FINISHED|H3B_FINAL_GATE_DECIDED|H3B_PLACE_FINISHED,UNKNOWN,h3bup:na:c2e1e3525534
H3B_BRIDGE_FETCHED|H3B_EXEC_REQUEST_CREATED|H3B_EXECUTOR_RECEIVED|H3B_DRYRUN_FINISHED|H3B_FINAL_GATE_DECIDED|H3B_PLACE_FINISHED,UNKNOWN,h3bup:na:0dc28ccdacb6
H3B_EXEC_REQUEST_CREATED|H3B_EXECUTOR_RECEIVED|H3B_DRYRUN_FINISHED|H3B_FINAL_GATE_DECIDED|H3B_PLACE_FINISHED,UNKNOWN,h3bup:na:4667c51061cf
H3B_BRIDGE_FETCHED|H3B_EXEC_REQUEST_CREATED|H3B_EXECUTOR_RECEIVED|H3B_DRYRUN_FINISHED|H3B_FINAL_GATE_DECIDED|H3B_PLACE_FINISHED,UNKNOWN,h3bup:na:2348ba0b87e1
H3B_PLACE_FINISHED,CAP_BLOCKED,h3bup:na:dd010407ed77
H3B_EXEC_REQUEST_CREATED|H3B_EXECUTOR_RECEIVED|H3B_DRYRUN_FINISHED|H3B_FINAL_GATE_DECIDED|H3B_PLACE_FINISHED,UNKNOWN,h3bup:na:26fa22553a8c
H3B_EXEC_REQUEST_CREATED|H3B_EXECUTOR_RECEIVED|H3B_DRYRUN_FINISHED|H3B_FINAL_GATE_DECIDED|H3B_PLACE_FINISHED,UNKNOWN,h3bup:na:baf08375a7ea
H3B_EXEC_REQUEST_CREATED|H3B_EXECUTOR_RECEIVED|H3B_DRYRUN_FINISHED|H3B_FINAL_GATE_DECIDED|H3B_PLACE_FINISHED,UNKNOWN,h3bup:na:35b1c4052a1d
H3B_BRIDGE_FETCHED|H3B_EXEC_REQUEST_CREATED|H3B_EXECUTOR_RECEIVED|H3B_DRYRUN_FINISHED|H3B_FINAL_GATE_DECIDED|H3B_PLACE_FINISHED,UNKNOWN,h3bup:na:9c0e1518d323
H3B_BRIDGE_FETCHED|H3B_EXEC_REQUEST_CREATED|H3B_EXECUTOR_RECEIVED|H3B_DRYRUN_FINISHED|H3B_FINAL_GATE_DECIDED|H3B_PLACE_FINISHED,UNKNOWN,h3bup:na:5da5b9e575f9
H3B_BRIDGE_FETCHED|H3B_EXEC_REQUEST_CREATED|H3B_EXECUTOR_RECEIVED|H3B_DRYRUN_FINISHED|H3B_FINAL_GATE_DECIDED|H3B_PLACE_FINISHED,UNKNOWN,h3bup:na:6b6925d4f184
H3B_PLACE_FINISHED,CAP_BLOCKED,h3bup:na:e9783ee3ecf9
H3B_EXEC_REQUEST_CREATED|H3B_EXECUTOR_RECEIVED|H3B_DRYRUN_FINISHED|H3B_FINAL_GATE_DECIDED|H3B_PLACE_FINISHED,UNKNOWN,h3bup:na:f3b79285d539
H3B_BRIDGE_FETCHED|H3B_EXEC_REQUEST_CREATED|H3B_EXECUTOR_RECEIVED|H3B_DRYRUN_FINISHED|H3B_FINAL_GATE_DECIDED|H3B_PLACE_FINISHED,UNKNOWN,h3bup:na:7537bd240dee
H3B_BRIDGE_FETCHED|H3B_EXEC_REQUEST_CREATED|H3B_EXECUTOR_RECEIVED|H3B_DRYRUN_FINISHED|H3B_FINAL_GATE_DECIDED|H3B_PLACE_FINISHED,UNKNOWN,h3bup:na:e6f6db03d7f3
H3B_BRIDGE_FETCHED|H3B_EXEC_REQUEST_CREATED|H3B_EXECUTOR_RECEIVED|H3B_DRYRUN_FINISHED|H3B_FINAL_GATE_DECIDED|H3B_PLACE_FINISHED,UNKNOWN,h3bup:na:b954eacd9197
H3B_BRIDGE_FETCHED|H3B_EXEC_REQUEST_CREATED|H3B_EXECUTOR_RECEIVED|H3B_DRYRUN_FINISHED|H3B_FINAL_GATE_DECIDED|H3B_PLACE_FINISHED,UNKNOWN,h3bup:na:f79cf501f23a
H3B_EXEC_REQUEST_CREATED|H3B_EXECUTOR_RECEIVED|H3B_DRYRUN_FINISHED|H3B_FINAL_GATE_DECIDED|H3B_PLACE_FINISHED,UNKNOWN,h3bup:na:f997111d5d40
H3B_BRIDGE_FETCHED|H3B_EXEC_REQUEST_CREATED|H3B_EXECUTOR_RECEIVED|H3B_DRYRUN_FINISHED|H3B_FINAL_GATE_DECIDED|H3B_PLACE_FINISHED,UNKNOWN,h3bup:na:7bc5f8bbd99f
H3B_EXEC_REQUEST_CREATED|H3B_EXECUTOR_RECEIVED|H3B_DRYRUN_FINISHED|H3B_FINAL_GATE_DECIDED|H3B_PLACE_FINISHED,UNKNOWN,h3bup:na:72740833b5c4
H3B_EXEC_REQUEST_CREATED|H3B_EXECUTOR_RECEIVED|H3B_DRYRUN_FINISHED|H3B_FINAL_GATE_DECIDED|H3B_PLACE_FINISHED,UNKNOWN,h3bup:na:e6294d8fd3f1
H3B_BRIDGE_FETCHED|H3B_EXEC_REQUEST_CREATED|H3B_EXECUTOR_RECEIVED|H3B_DRYRUN_FINISHED|H3B_FINAL_GATE_DECIDED|H3B_PLACE_FINISHED,UNKNOWN,h3bup:na:503716988758
H3B_BRIDGE_FETCHED|H3B_EXEC_REQUEST_CREATED|H3B_EXECUTOR_RECEIVED|H3B_DRYRUN_FINISHED|H3B_FINAL_GATE_DECIDED|H3B_PLACE_FINISHED,UNKNOWN,h3bup:na:ec76fa649ba8
H3B_EXEC_REQUEST_CREATED|H3B_EXECUTOR_RECEIVED|H3B_DRYRUN_FINISHED|H3B_FINAL_GATE_DECIDED|H3B_PLACE_FINISHED,UNKNOWN,h3bup:na:8eb884f9df33
H3B_EXEC_REQUEST_CREATED|H3B_EXECUTOR_RECEIVED|H3B_DRYRUN_FINISHED|H3B_FINAL_GATE_DECIDED|H3B_PLACE_FINISHED,UNKNOWN,h3bup:na:4be0cba8c4cb
H3B_BRIDGE_FETCHED|H3B_EXEC_REQUEST_CREATED|H3B_EXECUTOR_RECEIVED|H3B_DRYRUN_FINISHED|H3B_FINAL_GATE_DECIDED|H3B_PLACE_FINISHED,UNKNOWN,h3bup:na:c10ec1ca7f81
H3B_BRIDGE_FETCHED|H3B_EXEC_REQUEST_CREATED|H3B_EXECUTOR_RECEIVED|H3B_DRYRUN_FINISHED|H3B_FINAL_GATE_DECIDED|H3B_PLACE_FINISHED,UNKNOWN,h3bup:na:4dae448478cb
H3B_BRIDGE_FETCHED|H3B_EXEC_REQUEST_CREATED|H3B_EXECUTOR_RECEIVED|H3B_DRYRUN_FINISHED|H3B_FINAL_GATE_DECIDED|H3B_PLACE_FINISHED,UNKNOWN,h3bup:na:352dfae4e285
H3B_BRIDGE_FETCHED|H3B_EXEC_REQUEST_CREATED|H3B_EXECUTOR_RECEIVED|H3B_DRYRUN_FINISHED|H3B_FINAL_GATE_DECIDED|H3B_PLACE_FINISHED,UNKNOWN,h3bup:na:2e9b61751e70
H3B_BRIDGE_FETCHED|H3B_EXEC_REQUEST_CREATED|H3B_EXECUTOR_RECEIVED|H3B_DRYRUN_FINISHED|H3B_FINAL_GATE_DECIDED|H3B_PLACE_FINISHED,UNKNOWN,h3bup:na:e514e1ef933f
H3B_BRIDGE_FETCHED|H3B_EXEC_REQUEST_CREATED|H3B_EXECUTOR_RECEIVED|H3B_DRYRUN_FINISHED|H3B_FINAL_GATE_DECIDED|H3B_PLACE_FINISHED,UNKNOWN,h3bup:na:b4a10a2b8947
H3B_BRIDGE_FETCHED|H3B_EXEC_REQUEST_CREATED|H3B_EXECUTOR_RECEIVED|H3B_DRYRUN_FINISHED|H3B_FINAL_GATE_DECIDED|H3B_PLACE_FINISHED,UNKNOWN,h3bup:na:3cd9295a54a3
H3B_BRIDGE_FETCHED|H3B_EXEC_REQUEST_CREATED|H3B_EXECUTOR_RECEIVED|H3B_DRYRUN_FINISHED|H3B_FINAL_GATE_DECIDED|H3B_PLACE_FINISHED,UNKNOWN,h3bup:na:93a53e9786a7
H3B_BRIDGE_FETCHED|H3B_EXEC_REQUEST_CREATED|H3B_EXECUTOR_RECEIVED|H3B_DRYRUN_FINISHED|H3B_FINAL_GATE_DECIDED|H3B_PLACE_FINISHED,UNKNOWN,h3bup:na:f96cba0bbea6
H3B_BRIDGE_FETCHED|H3B_EXEC_REQUEST_CREATED|H3B_EXECUTOR_RECEIVED|H3B_DRYRUN_FINISHED|H3B_FINAL_GATE_DECIDED|H3B_PLACE_FINISHED,UNKNOWN,h3bup:na:4571eb9d3445
H3B_BRIDGE_FETCHED|H3B_EXEC_REQUEST_CREATED|H3B_EXECUTOR_RECEIVED|H3B_DRYRUN_FINISHED|H3B_FINAL_GATE_DECIDED|H3B_PLACE_FINISHED,UNKNOWN,h3bup:na:eb8de984e76d
H3B_EXEC_REQUEST_CREATED|H3B_EXECUTOR_RECEIVED|H3B_DRYRUN_FINISHED|H3B_FINAL_GATE_DECIDED|H3B_PLACE_FINISHED,UNKNOWN,h3bup:na:2a7c3e20fe97
H3B_BRIDGE_FETCHED|H3B_EXEC_REQUEST_CREATED|H3B_EXECUTOR_RECEIVED|H3B_DRYRUN_FINISHED|H3B_FINAL_GATE_DECIDED|H3B_PLACE_FINISHED,UNKNOWN,h3bup:na:990d4c768b7a
H3B_EXEC_REQUEST_CREATED|H3B_EXECUTOR_RECEIVED|H3B_DRYRUN_FINISHED|H3B_FINAL_GATE_DECIDED|H3B_PLACE_FINISHED,UNKNOWN,h3bup:na:5ad5639732f7
H3B_EXEC_REQUEST_CREATED|H3B_EXECUTOR_RECEIVED|H3B_DRYRUN_FINISHED|H3B_FINAL_GATE_DECIDED|H3B_PLACE_FINISHED,UNKNOWN,h3bup:na:b7376ee61478
H3B_PLACE_FINISHED,CAP_BLOCKED,h3bup:na:681b75d3e803
H3B_EXEC_REQUEST_CREATED|H3B_EXECUTOR_RECEIVED|H3B_DRYRUN_FINISHED|H3B_FINAL_GATE_DECIDED|H3B_PLACE_FINISHED,UNKNOWN,h3bup:na:e18e6025edb1
H3B_BRIDGE_FETCHED|H3B_EXEC_REQUEST_CREATED|H3B_EXECUTOR_RECEIVED|H3B_DRYRUN_FINISHED|H3B_FINAL_GATE_DECIDED|H3B_PLACE_FINISHED,UNKNOWN,h3bup:na:18529d91d873
H3B_BRIDGE_FETCHED|H3B_EXEC_REQUEST_CREATED|H3B_EXECUTOR_RECEIVED|H3B_DRYRUN_FINISHED|H3B_FINAL_GATE_DECIDED|H3B_PLACE_FINISHED,UNKNOWN,h3bup:na:01859c561720
H3B_EXEC_REQUEST_CREATED|H3B_EXECUTOR_RECEIVED|H3B_DRYRUN_FINISHED|H3B_FINAL_GATE_DECIDED|H3B_PLACE_FINISHED,UNKNOWN,h3bup:na:0f81ad0b96bf
H3B_PLACE_FINISHED,CAP_BLOCKED,h3bup:na:71e9d7f77726
H3B_BRIDGE_FETCHED|H3B_EXEC_REQUEST_CREATED|H3B_EXECUTOR_RECEIVED|H3B_DRYRUN_FINISHED|H3B_FINAL_GATE_DECIDED|H3B_PLACE_FINISHED,UNKNOWN,h3bup:na:ed44beb62815
H3B_BRIDGE_FETCHED|H3B_EXEC_REQUEST_CREATED|H3B_EXECUTOR_RECEIVED|H3B_DRYRUN_FINISHED|H3B_FINAL_GATE_DECIDED|H3B_PLACE_FINISHED,UNKNOWN,h3bup:na:e98be2617115
H3B_BRIDGE_FETCHED|H3B_EXEC_REQUEST_CREATED|H3B_EXECUTOR_RECEIVED|H3B_DRYRUN_FINISHED|H3B_FINAL_GATE_DECIDED|H3B_PLACE_FINISHED,UNKNOWN,h3bup:na:30fc69427781
H3B_EXEC_REQUEST_CREATED|H3B_EXECUTOR_RECEIVED|H3B_DRYRUN_FINISHED|H3B_FINAL_GATE_DECIDED|H3B_PLACE_FINISHED,UNKNOWN,h3bup:na:4f6b8ea54a73
H3B_EXEC_REQUEST_CREATED|H3B_EXECUTOR_RECEIVED|H3B_DRYRUN_FINISHED|H3B_FINAL_GATE_DECIDED|H3B_PLACE_FINISHED,UNKNOWN,h3bup:na:45c05d12bcec
H3B_PLACE_FINISHED,CAP_BLOCKED,h3bup:na:9e103082e309
H3B_EXEC_REQUEST_CREATED|H3B_EXECUTOR_RECEIVED|H3B_DRYRUN_FINISHED|H3B_FINAL_GATE_DECIDED|H3B_PLACE_FINISHED,UNKNOWN,h3bup:na:ce8b73589a5d
H3B_EXEC_REQUEST_CREATED|H3B_EXECUTOR_RECEIVED|H3B_DRYRUN_FINISHED|H3B_FINAL_GATE_DECIDED|H3B_PLACE_FINISHED,UNKNOWN,h3bup:na:d4631ab39523
H3B_EXEC_REQUEST_CREATED|H3B_EXECUTOR_RECEIVED|H3B_DRYRUN_FINISHED|H3B_FINAL_GATE_DECIDED|H3B_PLACE_FINISHED,UNKNOWN,h3bup:na:2c528f272682
H3B_EXEC_REQUEST_CREATED|H3B_EXECUTOR_RECEIVED|H3B_DRYRUN_FINISHED|H3B_FINAL_GATE_DECIDED|H3B_PLACE_FINISHED,UNKNOWN,h3bup:na:ea0e9aaacc9d
H3B_EXEC_REQUEST_CREATED|H3B_EXECUTOR_RECEIVED|H3B_DRYRUN_FINISHED|H3B_FINAL_GATE_DECIDED|H3B_PLACE_FINISHED,UNKNOWN,h3bup:na:f72f33b8b4c5
H3B_EXEC_REQUEST_CREATED|H3B_EXECUTOR_RECEIVED|H3B_DRYRUN_FINISHED|H3B_FINAL_GATE_DECIDED|H3B_PLACE_FINISHED,UNKNOWN,h3bup:na:4426a4064fe6
H3B_BRIDGE_FETCHED|H3B_EXEC_REQUEST_CREATED|H3B_EXECUTOR_RECEIVED|H3B_DRYRUN_FINISHED|H3B_FINAL_GATE_DECIDED|H3B_PLACE_FINISHED,UNKNOWN,h3bup:na:2a1104cf0fae
H3B_BRIDGE_FETCHED|H3B_EXEC_REQUEST_CREATED|H3B_EXECUTOR_RECEIVED|H3B_DRYRUN_FINISHED|H3B_FINAL_GATE_DECIDED|H3B_PLACE_FINISHED,UNKNOWN,h3bup:na:71d1b20f3cb3
H3B_EXEC_REQUEST_CREATED|H3B_EXECUTOR_RECEIVED|H3B_DRYRUN_FINISHED|H3B_FINAL_GATE_DECIDED|H3B_PLACE_FINISHED,UNKNOWN,h3bup:na:e0108e35e6f1
H3B_FINAL_GATE_DECIDED|H3B_PLACE_FINISHED,API_FAILED,h3bup:na:b05df353be93
H3B_EXEC_REQUEST_CREATED|H3B_EXECUTOR_RECEIVED|H3B_DRYRUN_FINISHED|H3B_FINAL_GATE_DECIDED|H3B_PLACE_FINISHED,UNKNOWN,h3bup:na:0ca730a02cee
H3B_BRIDGE_FETCHED|H3B_EXEC_REQUEST_CREATED|H3B_EXECUTOR_RECEIVED|H3B_DRYRUN_FINISHED|H3B_FINAL_GATE_DECIDED|H3B_PLACE_FINISHED,UNKNOWN,h3bup:na:695e1bc3437f
H3B_BRIDGE_FETCHED|H3B_EXEC_REQUEST_CREATED|H3B_EXECUTOR_RECEIVED|H3B_DRYRUN_FINISHED|H3B_FINAL_GATE_DECIDED|H3B_PLACE_FINISHED,UNKNOWN,h3bup:na:0a2c6abbc9af
H3B_BRIDGE_FETCHED|H3B_EXEC_REQUEST_CREATED|H3B_EXECUTOR_RECEIVED|H3B_DRYRUN_FINISHED|H3B_FINAL_GATE_DECIDED|H3B_PLACE_FINISHED,UNKNOWN,h3bup:na:52f677b98d81
H3B_EXEC_REQUEST_CREATED|H3B_EXECUTOR_RECEIVED|H3B_DRYRUN_FINISHED|H3B_FINAL_GATE_DECIDED|H3B_PLACE_FINISHED,UNKNOWN,h3bup:na:75c651572296
H3B_EXEC_REQUEST_CREATED|H3B_EXECUTOR_RECEIVED|H3B_DRYRUN_FINISHED|H3B_FINAL_GATE_DECIDED|H3B_PLACE_FINISHED,UNKNOWN,h3bup:na:644f35e9e139
H3B_BRIDGE_FETCHED|H3B_EXEC_REQUEST_CREATED|H3B_EXECUTOR_RECEIVED|H3B_DRYRUN_FINISHED|H3B_FINAL_GATE_DECIDED|H3B_PLACE_FINISHED,UNKNOWN,h3bup:na:d36dfdbc3c46
H3B_BRIDGE_FETCHED|H3B_EXEC_REQUEST_CREATED|H3B_EXECUTOR_RECEIVED|H3B_DRYRUN_FINISHED|H3B_FINAL_GATE_DECIDED|H3B_PLACE_FINISHED,UNKNOWN,h3bup:na:35be58abe611
H3B_BRIDGE_FETCHED|H3B_EXEC_REQUEST_CREATED|H3B_EXECUTOR_RECEIVED|H3B_DRYRUN_FINISHED|H3B_FINAL_GATE_DECIDED|H3B_PLACE_FINISHED,UNKNOWN,h3bup:na:e6e00de0bc02
H3B_EXEC_REQUEST_CREATED|H3B_EXECUTOR_RECEIVED|H3B_DRYRUN_FINISHED|H3B_FINAL_GATE_DECIDED|H3B_PLACE_FINISHED,UNKNOWN,h3bup:na:8b4c8869d7ac
H3B_EXEC_REQUEST_CREATED|H3B_EXECUTOR_RECEIVED|H3B_DRYRUN_FINISHED|H3B_FINAL_GATE_DECIDED|H3B_PLACE_FINISHED,UNKNOWN,h3bup:na:c2d70261dfbb
H3B_EXEC_REQUEST_CREATED|H3B_EXECUTOR_RECEIVED|H3B_DRYRUN_FINISHED|H3B_FINAL_GATE_DECIDED|H3B_PLACE_FINISHED,UNKNOWN,h3bup:na:017a95289729
H3B_EXEC_REQUEST_CREATED|H3B_EXECUTOR_RECEIVED|H3B_DRYRUN_FINISHED|H3B_FINAL_GATE_DECIDED|H3B_PLACE_FINISHED,UNKNOWN,h3bup:na:a6f851e5fa03
H3B_BRIDGE_FETCHED|H3B_EXEC_REQUEST_CREATED|H3B_EXECUTOR_RECEIVED|H3B_DRYRUN_FINISHED|H3B_FINAL_GATE_DECIDED|H3B_PLACE_FINISHED,UNKNOWN,h3bup:na:bef04f15b5aa
H3B_EXEC_REQUEST_CREATED|H3B_EXECUTOR_RECEIVED|H3B_DRYRUN_FINISHED|H3B_FINAL_GATE_DECIDED|H3B_PLACE_FINISHED,UNKNOWN,h3bup:na:ad8060643298
H3B_EXEC_REQUEST_CREATED|H3B_EXECUTOR_RECEIVED|H3B_DRYRUN_FINISHED|H3B_FINAL_GATE_DECIDED|H3B_PLACE_FINISHED,UNKNOWN,h3bup:na:dae56b135276
H3B_BRIDGE_FETCHED|H3B_EXEC_REQUEST_CREATED|H3B_EXECUTOR_RECEIVED|H3B_DRYRUN_FINISHED|H3B_FINAL_GATE_DECIDED|H3B_PLACE_FINISHED,UNKNOWN,h3bup:na:7cf8015ef73a
H3B_EXEC_REQUEST_CREATED|H3B_EXECUTOR_RECEIVED|H3B_DRYRUN_FINISHED|H3B_FINAL_GATE_DECIDED|H3B_PLACE_FINISHED,UNKNOWN,h3bup:na:008693ba38ff
H3B_EXEC_REQUEST_CREATED|H3B_EXECUTOR_RECEIVED|H3B_DRYRUN_FINISHED|H3B_FINAL_GATE_DECIDED|H3B_PLACE_FINISHED,UNKNOWN,h3bup:na:f1b4d960074c
H3B_BRIDGE_FETCHED|H3B_EXEC_REQUEST_CREATED|H3B_EXECUTOR_RECEIVED|H3B_DRYRUN_FINISHED|H3B_FINAL_GATE_DECIDED|H3B_PLACE_FINISHED,UNKNOWN,h3bup:na:a73798f2f855
H3B_BRIDGE_FETCHED|H3B_EXEC_REQUEST_CREATED|H3B_EXECUTOR_RECEIVED|H3B_DRYRUN_FINISHED|H3B_FINAL_GATE_DECIDED|H3B_PLACE_FINISHED,UNKNOWN,h3bup:na:143eb1924d5c
H3B_BRIDGE_FETCHED|H3B_EXEC_REQUEST_CREATED|H3B_EXECUTOR_RECEIVED|H3B_DRYRUN_FINISHED|H3B_FINAL_GATE_DECIDED|H3B_PLACE_FINISHED,UNKNOWN,h3bup:na:0ad76a5e6e22
H3B_BRIDGE_FETCHED|H3B_EXEC_REQUEST_CREATED|H3B_EXECUTOR_RECEIVED|H3B_DRYRUN_FINISHED|H3B_FINAL_GATE_DECIDED|H3B_PLACE_FINISHED,UNKNOWN,h3bup:na:0e03230e1a97
H3B_EXEC_REQUEST_CREATED|H3B_EXECUTOR_RECEIVED|H3B_DRYRUN_FINISHED|H3B_FINAL_GATE_DECIDED|H3B_PLACE_FINISHED,UNKNOWN,h3bup:na:0a6b5d88482b
H3B_BRIDGE_FETCHED|H3B_EXEC_REQUEST_CREATED|H3B_EXECUTOR_RECEIVED|H3B_DRYRUN_FINISHED|H3B_FINAL_GATE_DECIDED|H3B_PLACE_FINISHED,UNKNOWN,h3bup:na:dbdd8fc60c9c
H3B_EXEC_REQUEST_CREATED|H3B_EXECUTOR_RECEIVED|H3B_DRYRUN_FINISHED|H3B_FINAL_GATE_DECIDED|H3B_PLACE_FINISHED,UNKNOWN,h3bup:na:ac32e9063adc
H3B_BRIDGE_FETCHED|H3B_EXEC_REQUEST_CREATED|H3B_EXECUTOR_RECEIVED|H3B_DRYRUN_FINISHED|H3B_FINAL_GATE_DECIDED|H3B_PLACE_FINISHED,UNKNOWN,h3bup:na:ce69308633dd
H3B_EXEC_REQUEST_CREATED|H3B_EXECUTOR_RECEIVED|H3B_DRYRUN_FINISHED|H3B_FINAL_GATE_DECIDED|H3B_PLACE_FINISHED,UNKNOWN,h3bup:na:dc78473d0d19
H3B_BRIDGE_FETCHED|H3B_EXEC_REQUEST_CREATED|H3B_EXECUTOR_RECEIVED|H3B_DRYRUN_FINISHED|H3B_FINAL_GATE_DECIDED|H3B_PLACE_FINISHED,UNKNOWN,h3bup:na:75f2c4783b28
H3B_BRIDGE_FETCHED|H3B_EXEC_REQUEST_CREATED|H3B_EXECUTOR_RECEIVED|H3B_DRYRUN_FINISHED|H3B_FINAL_GATE_DECIDED|H3B_PLACE_FINISHED,UNKNOWN,h3bup:na:7a88bcf6262a
H3B_BRIDGE_FETCHED|H3B_EXEC_REQUEST_CREATED|H3B_EXECUTOR_RECEIVED|H3B_DRYRUN_FINISHED|H3B_FINAL_GATE_DECIDED|H3B_PLACE_FINISHED,UNKNOWN,h3bup:na:ed7d2d689ec3
H3B_BRIDGE_FETCHED|H3B_EXEC_REQUEST_CREATED|H3B_EXECUTOR_RECEIVED|H3B_DRYRUN_FINISHED|H3B_FINAL_GATE_DECIDED|H3B_PLACE_FINISHED,UNKNOWN,h3bup:na:827da302684c
H3B_BRIDGE_FETCHED|H3B_EXEC_REQUEST_CREATED|H3B_EXECUTOR_RECEIVED|H3B_DRYRUN_FINISHED|H3B_FINAL_GATE_DECIDED|H3B_PLACE_FINISHED,UNKNOWN,h3bup:na:e4c16826e9e3
H3B_BRIDGE_FETCHED|H3B_EXEC_REQUEST_CREATED|H3B_EXECUTOR_RECEIVED|H3B_DRYRUN_FINISHED|H3B_FINAL_GATE_DECIDED|H3B_PLACE_FINISHED,UNKNOWN,h3bup:na:25768747334a
H3B_BRIDGE_FETCHED|H3B_EXEC_REQUEST_CREATED|H3B_EXECUTOR_RECEIVED|H3B_DRYRUN_FINISHED|H3B_FINAL_GATE_DECIDED|H3B_PLACE_FINISHED,UNKNOWN,h3bup:na:5960b72b1319
H3B_BRIDGE_FETCHED|H3B_EXEC_REQUEST_CREATED|H3B_EXECUTOR_RECEIVED|H3B_DRYRUN_FINISHED|H3B_FINAL_GATE_DECIDED|H3B_PLACE_FINISHED,UNKNOWN,h3bup:na:f65d343f8a9a
H3B_PLACE_FINISHED,CAP_BLOCKED,h3bup:na:aa02772970e8
H3B_BRIDGE_FETCHED|H3B_EXEC_REQUEST_CREATED|H3B_EXECUTOR_RECEIVED|H3B_DRYRUN_FINISHED|H3B_FINAL_GATE_DECIDED|H3B_PLACE_FINISHED,UNKNOWN,h3bup:na:f332dee86a51
H3B_BRIDGE_FETCHED|H3B_EXEC_REQUEST_CREATED|H3B_EXECUTOR_RECEIVED|H3B_DRYRUN_FINISHED|H3B_FINAL_GATE_DECIDED|H3B_PLACE_FINISHED,UNKNOWN,h3bup:na:677e0403c332
H3B_EXEC_REQUEST_CREATED|H3B_EXECUTOR_RECEIVED|H3B_DRYRUN_FINISHED|H3B_FINAL_GATE_DECIDED|H3B_PLACE_FINISHED,UNKNOWN,h3bup:na:cdf821385f8a
H3B_EXEC_REQUEST_CREATED|H3B_EXECUTOR_RECEIVED|H3B_DRYRUN_FINISHED|H3B_FINAL_GATE_DECIDED|H3B_PLACE_FINISHED,UNKNOWN,h3bup:na:c999ba5b8b55
H3B_EXEC_REQUEST_CREATED|H3B_EXECUTOR_RECEIVED|H3B_DRYRUN_FINISHED|H3B_FINAL_GATE_DECIDED|H3B_PLACE_FINISHED,UNKNOWN,h3bup:na:025cbed4e7a8
H3B_EXEC_REQUEST_CREATED|H3B_EXECUTOR_RECEIVED|H3B_DRYRUN_FINISHED|H3B_FINAL_GATE_DECIDED|H3B_PLACE_FINISHED,UNKNOWN,h3bup:na:b2a2c4a02f23
H3B_BRIDGE_FETCHED|H3B_EXEC_REQUEST_CREATED|H3B_EXECUTOR_RECEIVED|H3B_DRYRUN_FINISHED|H3B_FINAL_GATE_DECIDED|H3B_PLACE_FINISHED,UNKNOWN,h3bup:na:04a4175cca05
H3B_BRIDGE_FETCHED|H3B_EXEC_REQUEST_CREATED|H3B_EXECUTOR_RECEIVED|H3B_DRYRUN_FINISHED|H3B_FINAL_GATE_DECIDED|H3B_PLACE_FINISHED,UNKNOWN,h3bup:na:edc0c5dccee5
H3B_BRIDGE_FETCHED|H3B_EXEC_REQUEST_CREATED|H3B_EXECUTOR_RECEIVED|H3B_DRYRUN_FINISHED|H3B_FINAL_GATE_DECIDED|H3B_PLACE_FINISHED,UNKNOWN,h3bup:na:a45a7fc57484
H3B_EXEC_REQUEST_CREATED|H3B_EXECUTOR_RECEIVED|H3B_DRYRUN_FINISHED|H3B_FINAL_GATE_DECIDED|H3B_PLACE_FINISHED,UNKNOWN,h3bup:na:3810b4901b27
H3B_PLACE_FINISHED,CAP_BLOCKED,h3bup:na:9ab2b19e7614
H3B_EXEC_REQUEST_CREATED|H3B_EXECUTOR_RECEIVED|H3B_DRYRUN_FINISHED|H3B_FINAL_GATE_DECIDED|H3B_PLACE_FINISHED,UNKNOWN,h3bup:na:902250612d34
H3B_BRIDGE_FETCHED|H3B_EXEC_REQUEST_CREATED|H3B_EXECUTOR_RECEIVED|H3B_DRYRUN_FINISHED|H3B_FINAL_GATE_DECIDED|H3B_PLACE_FINISHED,UNKNOWN,h3bup:na:f4158aaed77b
H3B_EXEC_REQUEST_CREATED|H3B_EXECUTOR_RECEIVED|H3B_DRYRUN_FINISHED|H3B_FINAL_GATE_DECIDED|H3B_PLACE_FINISHED,UNKNOWN,h3bup:na:14e4d69f3c22
H3B_BRIDGE_FETCHED|H3B_EXEC_REQUEST_CREATED|H3B_EXECUTOR_RECEIVED|H3B_DRYRUN_FINISHED|H3B_FINAL_GATE_DECIDED|H3B_PLACE_FINISHED,UNKNOWN,h3bup:na:b129312fc899
H3B_EXEC_REQUEST_CREATED|H3B_EXECUTOR_RECEIVED|H3B_DRYRUN_FINISHED|H3B_FINAL_GATE_DECIDED|H3B_PLACE_FINISHED,UNKNOWN,h3bup:na:7cf86c81e416
H3B_BRIDGE_FETCHED|H3B_EXEC_REQUEST_CREATED|H3B_EXECUTOR_RECEIVED|H3B_DRYRUN_FINISHED|H3B_FINAL_GATE_DECIDED|H3B_PLACE_FINISHED,UNKNOWN,h3bup:na:24a7924ce681
H3B_EXEC_REQUEST_CREATED|H3B_EXECUTOR_RECEIVED|H3B_DRYRUN_FINISHED|H3B_FINAL_GATE_DECIDED|H3B_PLACE_FINISHED,UNKNOWN,h3bup:na:a286e2e144b9
H3B_BRIDGE_FETCHED|H3B_EXEC_REQUEST_CREATED|H3B_EXECUTOR_RECEIVED|H3B_DRYRUN_FINISHED|H3B_FINAL_GATE_DECIDED|H3B_PLACE_FINISHED,UNKNOWN,h3bup:na:e20c2216f6ac
H3B_BRIDGE_FETCHED|H3B_EXEC_REQUEST_CREATED|H3B_EXECUTOR_RECEIVED|H3B_DRYRUN_FINISHED|H3B_FINAL_GATE_DECIDED|H3B_PLACE_FINISHED,UNKNOWN,h3bup:na:7afc57a6780f
H3B_EXEC_REQUEST_CREATED|H3B_EXECUTOR_RECEIVED|H3B_DRYRUN_FINISHED|H3B_FINAL_GATE_DECIDED|H3B_PLACE_FINISHED,UNKNOWN,h3bup:na:ba65b7275e62
H3B_EXEC_REQUEST_CREATED|H3B_EXECUTOR_RECEIVED|H3B_DRYRUN_FINISHED|H3B_FINAL_GATE_DECIDED|H3B_PLACE_FINISHED,UNKNOWN,h3bup:na:4c696e97435d
H3B_BRIDGE_FETCHED|H3B_EXEC_REQUEST_CREATED|H3B_EXECUTOR_RECEIVED|H3B_DRYRUN_FINISHED|H3B_FINAL_GATE_DECIDED|H3B_PLACE_FINISHED,UNKNOWN,h3bup:na:7702301f1d1e
H3B_BRIDGE_FETCHED|H3B_EXEC_REQUEST_CREATED|H3B_EXECUTOR_RECEIVED|H3B_DRYRUN_FINISHED|H3B_FINAL_GATE_DECIDED|H3B_PLACE_FINISHED,UNKNOWN,h3bup:na:e89e5b638591
H3B_BRIDGE_FETCHED|H3B_EXEC_REQUEST_CREATED|H3B_EXECUTOR_RECEIVED|H3B_DRYRUN_FINISHED|H3B_FINAL_GATE_DECIDED|H3B_PLACE_FINISHED,UNKNOWN,h3bup:na:9299945bf26c
H3B_BRIDGE_FETCHED|H3B_EXEC_REQUEST_CREATED|H3B_EXECUTOR_RECEIVED|H3B_DRYRUN_FINISHED|H3B_FINAL_GATE_DECIDED|H3B_PLACE_FINISHED,UNKNOWN,h3bup:na:881326f5f0a1
H3B_BRIDGE_FETCHED|H3B_EXEC_REQUEST_CREATED|H3B_EXECUTOR_RECEIVED|H3B_DRYRUN_FINISHED|H3B_FINAL_GATE_DECIDED|H3B_PLACE_FINISHED,UNKNOWN,h3bup:na:8c5c5454ccae
H3B_EXEC_REQUEST_CREATED|H3B_EXECUTOR_RECEIVED|H3B_DRYRUN_FINISHED|H3B_FINAL_GATE_DECIDED|H3B_PLACE_FINISHED,UNKNOWN,h3bup:na:5d099934fa53
H3B_EXEC_REQUEST_CREATED|H3B_EXECUTOR_RECEIVED|H3B_DRYRUN_FINISHED|H3B_FINAL_GATE_DECIDED|H3B_PLACE_FINISHED,UNKNOWN,h3bup:na:eeb75ee80336
H3B_BRIDGE_FETCHED|H3B_EXEC_REQUEST_CREATED|H3B_EXECUTOR_RECEIVED|H3B_DRYRUN_FINISHED|H3B_FINAL_GATE_DECIDED|H3B_PLACE_FINISHED,UNKNOWN,h3bup:na:8c0baea2f427
H3B_BRIDGE_FETCHED|H3B_EXEC_REQUEST_CREATED|H3B_EXECUTOR_RECEIVED|H3B_DRYRUN_FINISHED|H3B_FINAL_GATE_DECIDED|H3B_PLACE_FINISHED,UNKNOWN,h3bup:na:85ebe8849b94
H3B_BRIDGE_FETCHED|H3B_EXEC_REQUEST_CREATED|H3B_EXECUTOR_RECEIVED|H3B_DRYRUN_FINISHED|H3B_FINAL_GATE_DECIDED|H3B_PLACE_FINISHED,UNKNOWN,h3bup:na:c68373755bd7
H3B_BRIDGE_FETCHED|H3B_EXEC_REQUEST_CREATED|H3B_EXECUTOR_RECEIVED|H3B_DRYRUN_FINISHED|H3B_FINAL_GATE_DECIDED|H3B_PLACE_FINISHED,UNKNOWN,h3bup:na:069fda2ff4b3
H3B_EXEC_REQUEST_CREATED|H3B_EXECUTOR_RECEIVED|H3B_DRYRUN_FINISHED|H3B_FINAL_GATE_DECIDED|H3B_PLACE_FINISHED,UNKNOWN,h3bup:na:9d35d1c17b9e
H3B_BRIDGE_FETCHED|H3B_EXEC_REQUEST_CREATED|H3B_EXECUTOR_RECEIVED|H3B_DRYRUN_FINISHED|H3B_FINAL_GATE_DECIDED|H3B_PLACE_FINISHED,UNKNOWN,h3bup:na:0d7103a04421
H3B_BRIDGE_FETCHED|H3B_EXEC_REQUEST_CREATED|H3B_EXECUTOR_RECEIVED|H3B_DRYRUN_FINISHED|H3B_FINAL_GATE_DECIDED|H3B_PLACE_FINISHED,UNKNOWN,h3bup:na:af5bfa6ab447
H3B_EXEC_REQUEST_CREATED|H3B_EXECUTOR_RECEIVED|H3B_DRYRUN_FINISHED|H3B_FINAL_GATE_DECIDED|H3B_PLACE_FINISHED,UNKNOWN,h3bup:na:6ade2811e942
H3B_EXEC_REQUEST_CREATED|H3B_EXECUTOR_RECEIVED|H3B_DRYRUN_FINISHED|H3B_FINAL_GATE_DECIDED|H3B_PLACE_FINISHED,UNKNOWN,h3bup:na:b2e6f18476e4
H3B_EXEC_REQUEST_CREATED|H3B_EXECUTOR_RECEIVED|H3B_DRYRUN_FINISHED|H3B_FINAL_GATE_DECIDED|H3B_PLACE_FINISHED,UNKNOWN,h3bup:na:27f8898a5358
H3B_BRIDGE_FETCHED|H3B_EXEC_REQUEST_CREATED|H3B_EXECUTOR_RECEIVED|H3B_DRYRUN_FINISHED|H3B_FINAL_GATE_DECIDED|H3B_PLACE_FINISHED,UNKNOWN,h3bup:na:de3c84836272
H3B_EXEC_REQUEST_CREATED|H3B_EXECUTOR_RECEIVED|H3B_DRYRUN_FINISHED|H3B_FINAL_GATE_DECIDED|H3B_PLACE_FINISHED,UNKNOWN,h3bup:na:28accf1e60eb
H3B_EXEC_REQUEST_CREATED|H3B_EXECUTOR_RECEIVED|H3B_DRYRUN_FINISHED|H3B_FINAL_GATE_DECIDED|H3B_PLACE_FINISHED,UNKNOWN,h3bup:na:ed60cdac8d4d
H3B_BRIDGE_FETCHED|H3B_EXEC_REQUEST_CREATED|H3B_EXECUTOR_RECEIVED|H3B_DRYRUN_FINISHED|H3B_FINAL_GATE_DECIDED|H3B_PLACE_FINISHED,UNKNOWN,h3bup:na:2acecce80da8
H3B_BRIDGE_FETCHED|H3B_EXEC_REQUEST_CREATED|H3B_EXECUTOR_RECEIVED|H3B_DRYRUN_FINISHED|H3B_FINAL_GATE_DECIDED|H3B_PLACE_FINISHED,UNKNOWN,h3bup:na:5c9cd27e9dd4
H3B_BRIDGE_FETCHED|H3B_EXEC_REQUEST_CREATED|H3B_EXECUTOR_RECEIVED|H3B_DRYRUN_FINISHED|H3B_FINAL_GATE_DECIDED|H3B_PLACE_FINISHED,UNKNOWN,h3bup:na:167ef3be59bd
H3B_BRIDGE_FETCHED|H3B_EXEC_REQUEST_CREATED|H3B_EXECUTOR_RECEIVED|H3B_DRYRUN_FINISHED|H3B_FINAL_GATE_DECIDED|H3B_PLACE_FINISHED,UNKNOWN,h3bup:na:900c481dcd32
H3B_BRIDGE_FETCHED|H3B_EXEC_REQUEST_CREATED|H3B_EXECUTOR_RECEIVED|H3B_DRYRUN_FINISHED|H3B_FINAL_GATE_DECIDED|H3B_PLACE_FINISHED,UNKNOWN,h3bup:na:a5f1520342ca
H3B_EXEC_REQUEST_CREATED|H3B_EXECUTOR_RECEIVED|H3B_DRYRUN_FINISHED|H3B_FINAL_GATE_DECIDED|H3B_PLACE_FINISHED,UNKNOWN,h3bup:na:62689661a63a
H3B_EXEC_REQUEST_CREATED|H3B_EXECUTOR_RECEIVED|H3B_DRYRUN_FINISHED|H3B_FINAL_GATE_DECIDED|H3B_PLACE_FINISHED,UNKNOWN,h3bup:na:8313d8b4c83a
H3B_BRIDGE_FETCHED|H3B_EXEC_REQUEST_CREATED|H3B_EXECUTOR_RECEIVED|H3B_DRYRUN_FINISHED|H3B_FINAL_GATE_DECIDED|H3B_PLACE_FINISHED,UNKNOWN,h3bup:na:349cdf9bb769
H3B_EXEC_REQUEST_CREATED|H3B_EXECUTOR_RECEIVED|H3B_DRYRUN_FINISHED|H3B_FINAL_GATE_DECIDED|H3B_PLACE_FINISHED,UNKNOWN,h3bup:na:ae7417037ce7
H3B_BRIDGE_FETCHED|H3B_EXEC_REQUEST_CREATED|H3B_EXECUTOR_RECEIVED|H3B_DRYRUN_FINISHED|H3B_FINAL_GATE_DECIDED|H3B_PLACE_FINISHED,UNKNOWN,h3bup:na:ea4c38d92a72
H3B_BRIDGE_FETCHED|H3B_EXEC_REQUEST_CREATED|H3B_EXECUTOR_RECEIVED|H3B_DRYRUN_FINISHED|H3B_FINAL_GATE_DECIDED|H3B_PLACE_FINISHED,UNKNOWN,h3bup:na:eaf98fd7eab4
H3B_BRIDGE_FETCHED|H3B_EXEC_REQUEST_CREATED|H3B_EXECUTOR_RECEIVED|H3B_DRYRUN_FINISHED|H3B_FINAL_GATE_DECIDED|H3B_PLACE_FINISHED,UNKNOWN,h3bup:na:24cac460e87c
H3B_BRIDGE_FETCHED|H3B_EXEC_REQUEST_CREATED|H3B_EXECUTOR_RECEIVED|H3B_DRYRUN_FINISHED|H3B_FINAL_GATE_DECIDED|H3B_PLACE_FINISHED,UNKNOWN,h3bup:na:a2f08c40a2d4
H3B_BRIDGE_FETCHED|H3B_EXEC_REQUEST_CREATED|H3B_EXECUTOR_RECEIVED|H3B_DRYRUN_FINISHED|H3B_FINAL_GATE_DECIDED|H3B_PLACE_FINISHED,UNKNOWN,h3bup:na:0a1101808c83
H3B_BRIDGE_FETCHED|H3B_EXEC_REQUEST_CREATED|H3B_EXECUTOR_RECEIVED|H3B_DRYRUN_FINISHED|H3B_FINAL_GATE_DECIDED|H3B_PLACE_FINISHED,UNKNOWN,h3bup:na:333ac56c78b1
H3B_BRIDGE_FETCHED|H3B_EXEC_REQUEST_CREATED|H3B_EXECUTOR_RECEIVED|H3B_DRYRUN_FINISHED|H3B_FINAL_GATE_DECIDED|H3B_PLACE_FINISHED,UNKNOWN,h3bup:na:fb40997e1895
H3B_BRIDGE_FETCHED|H3B_EXEC_REQUEST_CREATED|H3B_EXECUTOR_RECEIVED|H3B_DRYRUN_FINISHED|H3B_FINAL_GATE_DECIDED|H3B_PLACE_FINISHED,UNKNOWN,h3bup:na:db4fbd782f4b
H3B_BRIDGE_FETCHED|H3B_EXEC_REQUEST_CREATED|H3B_EXECUTOR_RECEIVED|H3B_DRYRUN_FINISHED|H3B_FINAL_GATE_DECIDED|H3B_PLACE_FINISHED,UNKNOWN,h3bup:na:e32f28dca0f6
H3B_EXEC_REQUEST_CREATED|H3B_EXECUTOR_RECEIVED|H3B_DRYRUN_FINISHED|H3B_FINAL_GATE_DECIDED|H3B_PLACE_FINISHED,UNKNOWN,h3bup:na:ba978b1eddc2
H3B_BRIDGE_FETCHED|H3B_EXEC_REQUEST_CREATED|H3B_EXECUTOR_RECEIVED|H3B_DRYRUN_FINISHED|H3B_FINAL_GATE_DECIDED|H3B_PLACE_FINISHED,UNKNOWN,h3bup:na:1f5daca0c04f
H3B_EXEC_REQUEST_CREATED|H3B_EXECUTOR_RECEIVED|H3B_DRYRUN_FINISHED|H3B_FINAL_GATE_DECIDED|H3B_PLACE_FINISHED,UNKNOWN,h3bup:na:6c3dbb8e04e9
H3B_BRIDGE_FETCHED|H3B_EXEC_REQUEST_CREATED|H3B_EXECUTOR_RECEIVED|H3B_DRYRUN_FINISHED|H3B_FINAL_GATE_DECIDED|H3B_PLACE_FINISHED,UNKNOWN,h3bup:na:c1a19c9f5540
H3B_BRIDGE_FETCHED|H3B_EXEC_REQUEST_CREATED|H3B_EXECUTOR_RECEIVED|H3B_DRYRUN_FINISHED|H3B_FINAL_GATE_DECIDED|H3B_PLACE_FINISHED,UNKNOWN,h3bup:na:ee51c27287a9
H3B_EXEC_REQUEST_CREATED|H3B_EXECUTOR_RECEIVED|H3B_DRYRUN_FINISHED|H3B_FINAL_GATE_DECIDED|H3B_PLACE_FINISHED,UNKNOWN,h3bup:na:a8ffda0b8bce
H3B_BRIDGE_FETCHED|H3B_EXEC_REQUEST_CREATED|H3B_EXECUTOR_RECEIVED|H3B_DRYRUN_FINISHED|H3B_FINAL_GATE_DECIDED|H3B_PLACE_FINISHED,UNKNOWN,h3bup:na:e83f55b26464
H3B_BRIDGE_FETCHED|H3B_EXEC_REQUEST_CREATED|H3B_EXECUTOR_RECEIVED|H3B_DRYRUN_FINISHED|H3B_FINAL_GATE_DECIDED|H3B_PLACE_FINISHED,UNKNOWN,h3bup:na:0c3a2b0f5a59
H3B_EXEC_REQUEST_CREATED|H3B_EXECUTOR_RECEIVED|H3B_DRYRUN_FINISHED|H3B_FINAL_GATE_DECIDED|H3B_PLACE_FINISHED,UNKNOWN,h3bup:na:e64262d9d03f
H3B_EXEC_REQUEST_CREATED|H3B_EXECUTOR_RECEIVED|H3B_DRYRUN_FINISHED|H3B_FINAL_GATE_DECIDED|H3B_PLACE_FINISHED,UNKNOWN,h3bup:na:a8ba2c1294d1
H3B_EXEC_REQUEST_CREATED|H3B_EXECUTOR_RECEIVED|H3B_DRYRUN_FINISHED|H3B_FINAL_GATE_DECIDED|H3B_PLACE_FINISHED,UNKNOWN,h3bup:na:a40d4add2d76
H3B_BRIDGE_FETCHED|H3B_EXEC_REQUEST_CREATED|H3B_EXECUTOR_RECEIVED|H3B_DRYRUN_FINISHED|H3B_FINAL_GATE_DECIDED|H3B_PLACE_FINISHED,UNKNOWN,h3bup:na:1cb5b91f8ae0
H3B_PLACE_FINISHED,CAP_BLOCKED,h3bup:na:746c57fd6e8f
H3B_PLACE_FINISHED,CAP_BLOCKED,h3bup:na:0eb9dfb57f70
H3B_BRIDGE_FETCHED|H3B_EXEC_REQUEST_CREATED|H3B_EXECUTOR_RECEIVED|H3B_DRYRUN_FINISHED|H3B_FINAL_GATE_DECIDED|H3B_PLACE_FINISHED,UNKNOWN,h3bup:na:be868c721354
H3B_BRIDGE_FETCHED|H3B_EXEC_REQUEST_CREATED|H3B_EXECUTOR_RECEIVED|H3B_DRYRUN_FINISHED|H3B_FINAL_GATE_DECIDED|H3B_PLACE_FINISHED,UNKNOWN,h3bup:na:a37fb2d4644e
H3B_PLACE_FINISHED,CAP_BLOCKED,h3bup:na:c4fee6fa3c88
H3B_BRIDGE_FETCHED|H3B_EXEC_REQUEST_CREATED|H3B_EXECUTOR_RECEIVED|H3B_DRYRUN_FINISHED|H3B_FINAL_GATE_DECIDED|H3B_PLACE_FINISHED,UNKNOWN,h3bup:na:b4fec8895d48
H3B_EXEC_REQUEST_CREATED|H3B_EXECUTOR_RECEIVED|H3B_DRYRUN_FINISHED|H3B_FINAL_GATE_DECIDED|H3B_PLACE_FINISHED,UNKNOWN,h3bup:na:e892eebdd63c
H3B_BRIDGE_FETCHED|H3B_EXEC_REQUEST_CREATED|H3B_EXECUTOR_RECEIVED|H3B_DRYRUN_FINISHED|H3B_FINAL_GATE_DECIDED|H3B_PLACE_FINISHED,UNKNOWN,h3bup:na:085c2f45a43a
H3B_EXEC_REQUEST_CREATED|H3B_EXECUTOR_RECEIVED|H3B_DRYRUN_FINISHED|H3B_FINAL_GATE_DECIDED|H3B_PLACE_FINISHED,UNKNOWN,h3bup:na:a64f849a5710
H3B_EXEC_REQUEST_CREATED|H3B_EXECUTOR_RECEIVED|H3B_DRYRUN_FINISHED|H3B_FINAL_GATE_DECIDED|H3B_PLACE_FINISHED,UNKNOWN,h3bup:na:a422b646de53
H3B_BRIDGE_FETCHED|H3B_EXEC_REQUEST_CREATED|H3B_EXECUTOR_RECEIVED|H3B_DRYRUN_FINISHED|H3B_FINAL_GATE_DECIDED|H3B_PLACE_FINISHED,UNKNOWN,h3bup:na:e656f24d6088
H3B_BRIDGE_FETCHED|H3B_EXEC_REQUEST_CREATED|H3B_EXECUTOR_RECEIVED|H3B_DRYRUN_FINISHED|H3B_FINAL_GATE_DECIDED|H3B_PLACE_FINISHED,UNKNOWN,h3bup:na:e49beeb117f1
H3B_EXEC_REQUEST_CREATED|H3B_EXECUTOR_RECEIVED|H3B_DRYRUN_FINISHED|H3B_FINAL_GATE_DECIDED|H3B_PLACE_FINISHED,UNKNOWN,h3bup:na:3cdadf356b02
H3B_BRIDGE_FETCHED|H3B_EXEC_REQUEST_CREATED|H3B_EXECUTOR_RECEIVED|H3B_DRYRUN_FINISHED|H3B_FINAL_GATE_DECIDED|H3B_PLACE_FINISHED,UNKNOWN,h3bup:na:940024835307
H3B_BRIDGE_FETCHED|H3B_EXEC_REQUEST_CREATED|H3B_EXECUTOR_RECEIVED|H3B_DRYRUN_FINISHED|H3B_FINAL_GATE_DECIDED|H3B_PLACE_FINISHED,UNKNOWN,h3bup:na:cb3e354ca643
H3B_BRIDGE_FETCHED|H3B_EXEC_REQUEST_CREATED|H3B_EXECUTOR_RECEIVED|H3B_DRYRUN_FINISHED|H3B_FINAL_GATE_DECIDED|H3B_PLACE_FINISHED,UNKNOWN,h3bup:na:d86fd9a1b49a
H3B_EXEC_REQUEST_CREATED|H3B_EXECUTOR_RECEIVED|H3B_DRYRUN_FINISHED|H3B_FINAL_GATE_DECIDED|H3B_PLACE_FINISHED,UNKNOWN,h3bup:na:145e5bc81461
H3B_EXEC_REQUEST_CREATED|H3B_EXECUTOR_RECEIVED|H3B_DRYRUN_FINISHED|H3B_FINAL_GATE_DECIDED|H3B_PLACE_FINISHED,UNKNOWN,h3bup:na:c056c31eefab
H3B_BRIDGE_FETCHED|H3B_EXEC_REQUEST_CREATED|H3B_EXECUTOR_RECEIVED|H3B_DRYRUN_FINISHED|H3B_FINAL_GATE_DECIDED|H3B_PLACE_FINISHED,UNKNOWN,h3bup:na:96132d39058e
H3B_BRIDGE_FETCHED|H3B_EXEC_REQUEST_CREATED|H3B_EXECUTOR_RECEIVED|H3B_DRYRUN_FINISHED|H3B_FINAL_GATE_DECIDED|H3B_PLACE_FINISHED,UNKNOWN,h3bup:na:3bb43b20f4c6
H3B_EXEC_REQUEST_CREATED|H3B_EXECUTOR_RECEIVED|H3B_DRYRUN_FINISHED|H3B_FINAL_GATE_DECIDED|H3B_PLACE_FINISHED,UNKNOWN,h3bup:na:36158ac70c44
H3B_EXEC_REQUEST_CREATED|H3B_EXECUTOR_RECEIVED|H3B_DRYRUN_FINISHED|H3B_FINAL_GATE_DECIDED|H3B_PLACE_FINISHED,UNKNOWN,h3bup:na:0b1780ef7638
H3B_EXEC_REQUEST_CREATED|H3B_EXECUTOR_RECEIVED|H3B_DRYRUN_FINISHED|H3B_FINAL_GATE_DECIDED|H3B_PLACE_FINISHED,UNKNOWN,h3bup:na:e15e5bc9b204
H3B_BRIDGE_FETCHED|H3B_EXEC_REQUEST_CREATED|H3B_EXECUTOR_RECEIVED|H3B_DRYRUN_FINISHED|H3B_FINAL_GATE_DECIDED|H3B_PLACE_FINISHED,UNKNOWN,h3bup:na:4bf8b540e700
H3B_EXEC_REQUEST_CREATED|H3B_EXECUTOR_RECEIVED|H3B_DRYRUN_FINISHED|H3B_FINAL_GATE_DECIDED|H3B_PLACE_FINISHED,UNKNOWN,h3bup:na:3a1edc89756f
H3B_EXEC_REQUEST_CREATED|H3B_EXECUTOR_RECEIVED|H3B_DRYRUN_FINISHED|H3B_FINAL_GATE_DECIDED|H3B_PLACE_FINISHED,UNKNOWN,h3bup:na:923414cb0eb8
H3B_BRIDGE_FETCHED|H3B_EXEC_REQUEST_CREATED|H3B_EXECUTOR_RECEIVED|H3B_DRYRUN_FINISHED|H3B_FINAL_GATE_DECIDED|H3B_PLACE_FINISHED,UNKNOWN,h3bup:na:9f0c9e44c10d
H3B_BRIDGE_FETCHED|H3B_EXEC_REQUEST_CREATED|H3B_EXECUTOR_RECEIVED|H3B_DRYRUN_FINISHED|H3B_FINAL_GATE_DECIDED|H3B_PLACE_FINISHED,UNKNOWN,h3bup:na:20365c348d18
H3B_BRIDGE_FETCHED|H3B_EXEC_REQUEST_CREATED|H3B_EXECUTOR_RECEIVED|H3B_DRYRUN_FINISHED|H3B_FINAL_GATE_DECIDED|H3B_PLACE_FINISHED,UNKNOWN,h3bup:na:791f98df7494
H3B_BRIDGE_FETCHED|H3B_EXEC_REQUEST_CREATED|H3B_EXECUTOR_RECEIVED|H3B_DRYRUN_FINISHED|H3B_FINAL_GATE_DECIDED|H3B_PLACE_FINISHED,UNKNOWN,h3bup:na:0f731c382942
H3B_BRIDGE_FETCHED|H3B_EXEC_REQUEST_CREATED|H3B_EXECUTOR_RECEIVED|H3B_DRYRUN_FINISHED|H3B_FINAL_GATE_DECIDED|H3B_PLACE_FINISHED,UNKNOWN,h3bup:na:7a7bce46beb0
H3B_EXEC_REQUEST_CREATED|H3B_EXECUTOR_RECEIVED|H3B_DRYRUN_FINISHED|H3B_FINAL_GATE_DECIDED|H3B_PLACE_FINISHED,UNKNOWN,h3bup:na:fed269402e34
H3B_EXEC_REQUEST_CREATED|H3B_EXECUTOR_RECEIVED|H3B_DRYRUN_FINISHED|H3B_FINAL_GATE_DECIDED|H3B_PLACE_FINISHED,UNKNOWN,h3bup:na:f923b2fcdb36
H3B_EXEC_REQUEST_CREATED|H3B_EXECUTOR_RECEIVED|H3B_DRYRUN_FINISHED|H3B_FINAL_GATE_DECIDED|H3B_PLACE_FINISHED,UNKNOWN,h3bup:na:2493fd91b53e
H3B_BRIDGE_FETCHED|H3B_EXEC_REQUEST_CREATED|H3B_EXECUTOR_RECEIVED|H3B_DRYRUN_FINISHED|H3B_FINAL_GATE_DECIDED|H3B_PLACE_FINISHED,UNKNOWN,h3bup:na:078f46e5b81f
H3B_BRIDGE_FETCHED|H3B_EXEC_REQUEST_CREATED|H3B_EXECUTOR_RECEIVED|H3B_DRYRUN_FINISHED|H3B_FINAL_GATE_DECIDED|H3B_PLACE_FINISHED,UNKNOWN,h3bup:na:6da2ace480d4
H3B_BRIDGE_FETCHED|H3B_EXEC_REQUEST_CREATED|H3B_EXECUTOR_RECEIVED|H3B_DRYRUN_FINISHED|H3B_FINAL_GATE_DECIDED|H3B_PLACE_FINISHED,UNKNOWN,h3bup:na:74ea64cd1216
H3B_BRIDGE_FETCHED|H3B_EXEC_REQUEST_CREATED|H3B_EXECUTOR_RECEIVED|H3B_DRYRUN_FINISHED|H3B_FINAL_GATE_DECIDED|H3B_PLACE_FINISHED,UNKNOWN,h3bup:na:a1c74051b8cd
H3B_BRIDGE_FETCHED|H3B_EXEC_REQUEST_CREATED|H3B_EXECUTOR_RECEIVED|H3B_DRYRUN_FINISHED|H3B_FINAL_GATE_DECIDED|H3B_PLACE_FINISHED,UNKNOWN,h3bup:na:f7140b81b840
H3B_BRIDGE_FETCHED|H3B_EXEC_REQUEST_CREATED|H3B_EXECUTOR_RECEIVED|H3B_DRYRUN_FINISHED|H3B_FINAL_GATE_DECIDED|H3B_PLACE_FINISHED,UNKNOWN,h3bup:na:adaeb1cd81f0
H3B_BRIDGE_FETCHED|H3B_EXEC_REQUEST_CREATED|H3B_EXECUTOR_RECEIVED|H3B_DRYRUN_FINISHED|H3B_FINAL_GATE_DECIDED|H3B_PLACE_FINISHED,UNKNOWN,h3bup:na:df209082c4a9
H3B_BRIDGE_FETCHED|H3B_EXEC_REQUEST_CREATED|H3B_EXECUTOR_RECEIVED|H3B_DRYRUN_FINISHED|H3B_FINAL_GATE_DECIDED|H3B_PLACE_FINISHED,UNKNOWN,h3bup:na:9f105487df48
H3B_EXEC_REQUEST_CREATED|H3B_EXECUTOR_RECEIVED|H3B_DRYRUN_FINISHED|H3B_FINAL_GATE_DECIDED|H3B_PLACE_FINISHED,UNKNOWN,h3bup:na:fe17d92d967c
H3B_BRIDGE_FETCHED|H3B_EXEC_REQUEST_CREATED|H3B_EXECUTOR_RECEIVED|H3B_DRYRUN_FINISHED|H3B_FINAL_GATE_DECIDED|H3B_PLACE_FINISHED,UNKNOWN,h3bup:na:afd09410e9c8
H3B_BRIDGE_FETCHED|H3B_EXEC_REQUEST_CREATED|H3B_EXECUTOR_RECEIVED|H3B_DRYRUN_FINISHED|H3B_FINAL_GATE_DECIDED|H3B_PLACE_FINISHED,UNKNOWN,h3bup:na:670b561e91ed
H3B_EXEC_REQUEST_CREATED|H3B_EXECUTOR_RECEIVED|H3B_DRYRUN_FINISHED|H3B_FINAL_GATE_DECIDED|H3B_PLACE_FINISHED,UNKNOWN,h3bup:na:2bc1b8502df0
H3B_BRIDGE_FETCHED|H3B_EXEC_REQUEST_CREATED|H3B_EXECUTOR_RECEIVED|H3B_DRYRUN_FINISHED|H3B_FINAL_GATE_DECIDED|H3B_PLACE_FINISHED,UNKNOWN,h3bup:na:dd1cdfe56b8e
H3B_BRIDGE_FETCHED|H3B_EXEC_REQUEST_CREATED|H3B_EXECUTOR_RECEIVED|H3B_DRYRUN_FINISHED|H3B_FINAL_GATE_DECIDED|H3B_PLACE_FINISHED,UNKNOWN,h3bup:na:030acb977da4
H3B_BRIDGE_FETCHED|H3B_EXEC_REQUEST_CREATED|H3B_EXECUTOR_RECEIVED|H3B_DRYRUN_FINISHED|H3B_FINAL_GATE_DECIDED|H3B_PLACE_FINISHED,UNKNOWN,h3bup:na:514c68624188
H3B_BRIDGE_FETCHED|H3B_EXEC_REQUEST_CREATED|H3B_EXECUTOR_RECEIVED|H3B_DRYRUN_FINISHED|H3B_FINAL_GATE_DECIDED|H3B_PLACE_FINISHED,UNKNOWN,h3bup:na:418313ff1cf3
H3B_BRIDGE_FETCHED|H3B_EXEC_REQUEST_CREATED|H3B_EXECUTOR_RECEIVED|H3B_DRYRUN_FINISHED|H3B_FINAL_GATE_DECIDED|H3B_PLACE_FINISHED,UNKNOWN,h3bup:na:51ae8ee1fddd
H3B_BRIDGE_FETCHED|H3B_EXEC_REQUEST_CREATED|H3B_EXECUTOR_RECEIVED|H3B_DRYRUN_FINISHED|H3B_FINAL_GATE_DECIDED|H3B_PLACE_FINISHED,UNKNOWN,h3bup:na:06d63b405ee6
H3B_EXEC_REQUEST_CREATED|H3B_EXECUTOR_RECEIVED|H3B_DRYRUN_FINISHED|H3B_FINAL_GATE_DECIDED|H3B_PLACE_FINISHED,UNKNOWN,h3bup:na:65b23c4a789b
H3B_BRIDGE_FETCHED|H3B_EXEC_REQUEST_CREATED|H3B_EXECUTOR_RECEIVED|H3B_DRYRUN_FINISHED|H3B_FINAL_GATE_DECIDED|H3B_PLACE_FINISHED,UNKNOWN,h3bup:na:857c31b9ebb1
H3B_BRIDGE_FETCHED|H3B_EXEC_REQUEST_CREATED|H3B_EXECUTOR_RECEIVED|H3B_DRYRUN_FINISHED|H3B_FINAL_GATE_DECIDED|H3B_PLACE_FINISHED,UNKNOWN,h3bup:na:bb26d8cf5bf3
H3B_BRIDGE_FETCHED|H3B_EXEC_REQUEST_CREATED|H3B_EXECUTOR_RECEIVED|H3B_DRYRUN_FINISHED|H3B_FINAL_GATE_DECIDED|H3B_PLACE_FINISHED,UNKNOWN,h3bup:na:eefa20206a15
H3B_BRIDGE_FETCHED|H3B_EXEC_REQUEST_CREATED|H3B_EXECUTOR_RECEIVED|H3B_DRYRUN_FINISHED|H3B_FINAL_GATE_DECIDED|H3B_PLACE_FINISHED,UNKNOWN,h3bup:na:0c5c30688694
H3B_BRIDGE_FETCHED|H3B_EXEC_REQUEST_CREATED|H3B_EXECUTOR_RECEIVED|H3B_DRYRUN_FINISHED|H3B_FINAL_GATE_DECIDED|H3B_PLACE_FINISHED,UNKNOWN,h3bup:na:18cbe8c68a44
H3B_BRIDGE_FETCHED|H3B_EXEC_REQUEST_CREATED|H3B_EXECUTOR_RECEIVED|H3B_DRYRUN_FINISHED|H3B_FINAL_GATE_DECIDED|H3B_PLACE_FINISHED,UNKNOWN,h3bup:na:51a717c02c00
H3B_EXEC_REQUEST_CREATED|H3B_EXECUTOR_RECEIVED|H3B_DRYRUN_FINISHED|H3B_FINAL_GATE_DECIDED|H3B_PLACE_FINISHED,UNKNOWN,h3bup:na:9af9cad0fb68
H3B_EXEC_REQUEST_CREATED|H3B_EXECUTOR_RECEIVED|H3B_DRYRUN_FINISHED|H3B_FINAL_GATE_DECIDED|H3B_PLACE_FINISHED,UNKNOWN,h3bup:na:381f9bfd13b2
H3B_EXEC_REQUEST_CREATED|H3B_EXECUTOR_RECEIVED|H3B_DRYRUN_FINISHED|H3B_FINAL_GATE_DECIDED|H3B_PLACE_FINISHED,UNKNOWN,h3bup:na:f03dc60af294
H3B_BRIDGE_FETCHED|H3B_EXEC_REQUEST_CREATED|H3B_EXECUTOR_RECEIVED|H3B_DRYRUN_FINISHED|H3B_FINAL_GATE_DECIDED|H3B_PLACE_FINISHED,UNKNOWN,h3bup:na:ab74a98b5634
H3B_BRIDGE_FETCHED|H3B_EXEC_REQUEST_CREATED|H3B_EXECUTOR_RECEIVED|H3B_DRYRUN_FINISHED|H3B_FINAL_GATE_DECIDED|H3B_PLACE_FINISHED,UNKNOWN,h3bup:na:5f9978a5bc59
H3B_EXEC_REQUEST_CREATED|H3B_EXECUTOR_RECEIVED|H3B_DRYRUN_FINISHED|H3B_FINAL_GATE_DECIDED|H3B_PLACE_FINISHED,UNKNOWN,h3bup:na:610b319d51bb
H3B_BRIDGE_FETCHED|H3B_EXEC_REQUEST_CREATED|H3B_EXECUTOR_RECEIVED|H3B_DRYRUN_FINISHED|H3B_FINAL_GATE_DECIDED|H3B_PLACE_FINISHED,UNKNOWN,h3bup:na:29893bb6ff98
H3B_BRIDGE_FETCHED|H3B_EXEC_REQUEST_CREATED|H3B_EXECUTOR_RECEIVED|H3B_DRYRUN_FINISHED|H3B_FINAL_GATE_DECIDED|H3B_PLACE_FINISHED,UNKNOWN,h3bup:na:e3c9c4814601
H3B_BRIDGE_FETCHED|H3B_EXEC_REQUEST_CREATED|H3B_EXECUTOR_RECEIVED|H3B_DRYRUN_FINISHED|H3B_FINAL_GATE_DECIDED|H3B_PLACE_FINISHED,UNKNOWN,h3bup:na:8eb56e3538ff
H3B_BRIDGE_FETCHED|H3B_EXEC_REQUEST_CREATED|H3B_EXECUTOR_RECEIVED|H3B_DRYRUN_FINISHED|H3B_FINAL_GATE_DECIDED|H3B_PLACE_FINISHED,UNKNOWN,h3bup:na:e675a54f434b
H3B_BRIDGE_FETCHED|H3B_EXEC_REQUEST_CREATED|H3B_EXECUTOR_RECEIVED|H3B_DRYRUN_FINISHED|H3B_FINAL_GATE_DECIDED|H3B_PLACE_FINISHED,UNKNOWN,h3bup:na:766254430b55
H3B_EXEC_REQUEST_CREATED|H3B_EXECUTOR_RECEIVED|H3B_DRYRUN_FINISHED|H3B_FINAL_GATE_DECIDED|H3B_PLACE_FINISHED,UNKNOWN,h3bup:na:e3dcea49858c
H3B_EXEC_REQUEST_CREATED|H3B_EXECUTOR_RECEIVED|H3B_DRYRUN_FINISHED|H3B_FINAL_GATE_DECIDED|H3B_PLACE_FINISHED,UNKNOWN,h3bup:na:5c82d478602e
H3B_BRIDGE_FETCHED|H3B_EXEC_REQUEST_CREATED|H3B_EXECUTOR_RECEIVED|H3B_DRYRUN_FINISHED|H3B_FINAL_GATE_DECIDED|H3B_PLACE_FINISHED,UNKNOWN,h3bup:na:7a822595c53d
H3B_BRIDGE_FETCHED|H3B_EXEC_REQUEST_CREATED|H3B_EXECUTOR_RECEIVED|H3B_DRYRUN_FINISHED|H3B_FINAL_GATE_DECIDED|H3B_PLACE_FINISHED,UNKNOWN,h3bup:na:6242a37532ae
H3B_BRIDGE_FETCHED|H3B_EXEC_REQUEST_CREATED|H3B_EXECUTOR_RECEIVED|H3B_DRYRUN_FINISHED|H3B_FINAL_GATE_DECIDED|H3B_PLACE_FINISHED,UNKNOWN,h3bup:na:b065d1391370
H3B_BRIDGE_FETCHED|H3B_EXEC_REQUEST_CREATED|H3B_EXECUTOR_RECEIVED|H3B_DRYRUN_FINISHED|H3B_FINAL_GATE_DECIDED|H3B_PLACE_FINISHED,UNKNOWN,h3bup:na:c269a0fec66b
H3B_EXEC_REQUEST_CREATED|H3B_EXECUTOR_RECEIVED|H3B_DRYRUN_FINISHED|H3B_FINAL_GATE_DECIDED|H3B_PLACE_FINISHED,UNKNOWN,h3bup:na:1b5c91c067f9
H3B_BRIDGE_FETCHED|H3B_EXEC_REQUEST_CREATED|H3B_EXECUTOR_RECEIVED|H3B_DRYRUN_FINISHED|H3B_FINAL_GATE_DECIDED|H3B_PLACE_FINISHED,UNKNOWN,h3bup:na:7fdb5727a2a0
H3B_BRIDGE_FETCHED|H3B_EXEC_REQUEST_CREATED|H3B_EXECUTOR_RECEIVED|H3B_DRYRUN_FINISHED|H3B_FINAL_GATE_DECIDED|H3B_PLACE_FINISHED,UNKNOWN,h3bup:na:913608a0231f
H3B_BRIDGE_FETCHED|H3B_EXEC_REQUEST_CREATED|H3B_EXECUTOR_RECEIVED|H3B_DRYRUN_FINISHED|H3B_FINAL_GATE_DECIDED|H3B_PLACE_FINISHED,UNKNOWN,h3bup:na:64b2c79fc61e
H3B_BRIDGE_FETCHED|H3B_EXEC_REQUEST_CREATED|H3B_EXECUTOR_RECEIVED|H3B_DRYRUN_FINISHED|H3B_FINAL_GATE_DECIDED|H3B_PLACE_FINISHED,UNKNOWN,h3bup:na:b4de03b114e2
H3B_BRIDGE_FETCHED|H3B_EXEC_REQUEST_CREATED|H3B_EXECUTOR_RECEIVED|H3B_DRYRUN_FINISHED|H3B_FINAL_GATE_DECIDED|H3B_PLACE_FINISHED,UNKNOWN,h3bup:na:957acfdd3200
H3B_EXEC_REQUEST_CREATED|H3B_EXECUTOR_RECEIVED|H3B_DRYRUN_FINISHED|H3B_FINAL_GATE_DECIDED|H3B_PLACE_FINISHED,UNKNOWN,h3bup:na:185b4311fb98
H3B_EXEC_REQUEST_CREATED|H3B_EXECUTOR_RECEIVED|H3B_DRYRUN_FINISHED|H3B_FINAL_GATE_DECIDED|H3B_PLACE_FINISHED,UNKNOWN,h3bup:na:af52e1937060
H3B_BRIDGE_FETCHED|H3B_EXEC_REQUEST_CREATED|H3B_EXECUTOR_RECEIVED|H3B_DRYRUN_FINISHED|H3B_FINAL_GATE_DECIDED|H3B_PLACE_FINISHED,UNKNOWN,h3bup:na:b0c054799b8d
H3B_EXEC_REQUEST_CREATED|H3B_EXECUTOR_RECEIVED|H3B_DRYRUN_FINISHED|H3B_FINAL_GATE_DECIDED|H3B_PLACE_FINISHED,UNKNOWN,h3bup:na:ee7b1ffadcf1
H3B_BRIDGE_FETCHED|H3B_EXEC_REQUEST_CREATED|H3B_EXECUTOR_RECEIVED|H3B_DRYRUN_FINISHED|H3B_FINAL_GATE_DECIDED|H3B_PLACE_FINISHED,UNKNOWN,h3bup:na:818d6dfcfbe1
H3B_BRIDGE_FETCHED|H3B_EXEC_REQUEST_CREATED|H3B_EXECUTOR_RECEIVED|H3B_DRYRUN_FINISHED|H3B_FINAL_GATE_DECIDED|H3B_PLACE_FINISHED,UNKNOWN,h3bup:na:3bc5ba9041fd
H3B_PLACE_FINISHED,CAP_BLOCKED,h3bup:na:03ce7c677abd
H3B_PLACE_FINISHED,CAP_BLOCKED,h3bup:na:d7e57c269350
H3B_BRIDGE_FETCHED|H3B_EXEC_REQUEST_CREATED|H3B_EXECUTOR_RECEIVED|H3B_DRYRUN_FINISHED|H3B_FINAL_GATE_DECIDED|H3B_PLACE_FINISHED,UNKNOWN,h3bup:na:5707deba315d
H3B_EXEC_REQUEST_CREATED|H3B_EXECUTOR_RECEIVED|H3B_DRYRUN_FINISHED|H3B_FINAL_GATE_DECIDED|H3B_PLACE_FINISHED,UNKNOWN,h3bup:na:727eefba9a45
H3B_BRIDGE_FETCHED|H3B_EXEC_REQUEST_CREATED|H3B_EXECUTOR_RECEIVED|H3B_DRYRUN_FINISHED|H3B_FINAL_GATE_DECIDED|H3B_PLACE_FINISHED,UNKNOWN,h3bup:na:8466a97c631e
H3B_EXEC_REQUEST_CREATED|H3B_EXECUTOR_RECEIVED|H3B_DRYRUN_FINISHED|H3B_FINAL_GATE_DECIDED|H3B_PLACE_FINISHED,UNKNOWN,h3bup:na:9873b183f986
H3B_EXEC_REQUEST_CREATED|H3B_EXECUTOR_RECEIVED|H3B_DRYRUN_FINISHED|H3B_FINAL_GATE_DECIDED|H3B_PLACE_FINISHED,UNKNOWN,h3bup:na:2004022f1a3a
H3B_BRIDGE_FETCHED|H3B_EXEC_REQUEST_CREATED|H3B_EXECUTOR_RECEIVED|H3B_DRYRUN_FINISHED|H3B_FINAL_GATE_DECIDED|H3B_PLACE_FINISHED,UNKNOWN,h3bup:na:746ea61cf966
H3B_EXEC_REQUEST_CREATED|H3B_EXECUTOR_RECEIVED|H3B_DRYRUN_FINISHED|H3B_FINAL_GATE_DECIDED|H3B_PLACE_FINISHED,UNKNOWN,h3bup:na:7b3d08f7153f
H3B_BRIDGE_FETCHED|H3B_EXEC_REQUEST_CREATED|H3B_EXECUTOR_RECEIVED|H3B_DRYRUN_FINISHED|H3B_FINAL_GATE_DECIDED|H3B_PLACE_FINISHED,UNKNOWN,h3bup:na:2897d79a4d8c
H3B_BRIDGE_FETCHED|H3B_EXEC_REQUEST_CREATED|H3B_EXECUTOR_RECEIVED|H3B_DRYRUN_FINISHED|H3B_FINAL_GATE_DECIDED|H3B_PLACE_FINISHED,UNKNOWN,h3bup:na:ffc90cff2fbe
H3B_BRIDGE_FETCHED|H3B_EXEC_REQUEST_CREATED|H3B_EXECUTOR_RECEIVED|H3B_DRYRUN_FINISHED|H3B_FINAL_GATE_DECIDED|H3B_PLACE_FINISHED,UNKNOWN,h3bup:na:ff1fe74e3bc2
H3B_BRIDGE_FETCHED|H3B_EXEC_REQUEST_CREATED|H3B_EXECUTOR_RECEIVED|H3B_DRYRUN_FINISHED|H3B_FINAL_GATE_DECIDED|H3B_PLACE_FINISHED,UNKNOWN,h3bup:na:ef402f875667
H3B_EXEC_REQUEST_CREATED|H3B_EXECUTOR_RECEIVED|H3B_DRYRUN_FINISHED|H3B_FINAL_GATE_DECIDED|H3B_PLACE_FINISHED,UNKNOWN,h3bup:na:13b01b9308ec
H3B_BRIDGE_FETCHED|H3B_EXEC_REQUEST_CREATED|H3B_EXECUTOR_RECEIVED|H3B_DRYRUN_FINISHED|H3B_FINAL_GATE_DECIDED|H3B_PLACE_FINISHED,UNKNOWN,h3bup:na:21cf622f66ed
H3B_BRIDGE_FETCHED|H3B_EXEC_REQUEST_CREATED|H3B_EXECUTOR_RECEIVED|H3B_DRYRUN_FINISHED|H3B_FINAL_GATE_DECIDED|H3B_PLACE_FINISHED,UNKNOWN,h3bup:na:635bda63e342
H3B_BRIDGE_FETCHED|H3B_EXEC_REQUEST_CREATED|H3B_EXECUTOR_RECEIVED|H3B_DRYRUN_FINISHED|H3B_FINAL_GATE_DECIDED|H3B_PLACE_FINISHED,UNKNOWN,h3bup:na:8fc9faba98aa
H3B_BRIDGE_FETCHED|H3B_EXEC_REQUEST_CREATED|H3B_EXECUTOR_RECEIVED|H3B_DRYRUN_FINISHED|H3B_FINAL_GATE_DECIDED|H3B_PLACE_FINISHED,UNKNOWN,h3bup:na:d16e1ca53de6
H3B_BRIDGE_FETCHED|H3B_EXEC_REQUEST_CREATED|H3B_EXECUTOR_RECEIVED|H3B_DRYRUN_FINISHED|H3B_FINAL_GATE_DECIDED|H3B_PLACE_FINISHED,UNKNOWN,h3bup:na:abe7752badf5
H3B_BRIDGE_FETCHED|H3B_EXEC_REQUEST_CREATED|H3B_EXECUTOR_RECEIVED|H3B_DRYRUN_FINISHED|H3B_FINAL_GATE_DECIDED|H3B_PLACE_FINISHED,UNKNOWN,h3bup:na:0a5ff6fb40e0
H3B_BRIDGE_FETCHED|H3B_EXEC_REQUEST_CREATED|H3B_EXECUTOR_RECEIVED|H3B_DRYRUN_FINISHED|H3B_FINAL_GATE_DECIDED|H3B_PLACE_FINISHED,UNKNOWN,h3bup:na:1deffb98ca4c
H3B_BRIDGE_FETCHED|H3B_EXEC_REQUEST_CREATED|H3B_EXECUTOR_RECEIVED|H3B_DRYRUN_FINISHED|H3B_FINAL_GATE_DECIDED|H3B_PLACE_FINISHED,UNKNOWN,h3bup:na:f4c2c2f1956c
H3B_BRIDGE_FETCHED|H3B_EXEC_REQUEST_CREATED|H3B_EXECUTOR_RECEIVED|H3B_DRYRUN_FINISHED|H3B_FINAL_GATE_DECIDED|H3B_PLACE_FINISHED,UNKNOWN,h3bup:na:e776d338282b
H3B_BRIDGE_FETCHED|H3B_EXEC_REQUEST_CREATED|H3B_EXECUTOR_RECEIVED|H3B_DRYRUN_FINISHED|H3B_FINAL_GATE_DECIDED|H3B_PLACE_FINISHED,UNKNOWN,h3bup:na:e13deeee3463
H3B_BRIDGE_FETCHED|H3B_EXEC_REQUEST_CREATED|H3B_EXECUTOR_RECEIVED|H3B_DRYRUN_FINISHED|H3B_FINAL_GATE_DECIDED|H3B_PLACE_FINISHED,UNKNOWN,h3bup:na:63366c265771
H3B_BRIDGE_FETCHED|H3B_EXEC_REQUEST_CREATED|H3B_EXECUTOR_RECEIVED|H3B_DRYRUN_FINISHED|H3B_FINAL_GATE_DECIDED|H3B_PLACE_FINISHED,UNKNOWN,h3bup:na:c89e111dd441
H3B_BRIDGE_FETCHED|H3B_EXEC_REQUEST_CREATED|H3B_EXECUTOR_RECEIVED|H3B_DRYRUN_FINISHED|H3B_FINAL_GATE_DECIDED|H3B_PLACE_FINISHED,UNKNOWN,h3bup:na:a05806770b4f
H3B_BRIDGE_FETCHED|H3B_EXEC_REQUEST_CREATED|H3B_EXECUTOR_RECEIVED|H3B_DRYRUN_FINISHED|H3B_FINAL_GATE_DECIDED|H3B_PLACE_FINISHED,UNKNOWN,h3bup:na:a6bff39f53f6
H3B_EXEC_REQUEST_CREATED|H3B_EXECUTOR_RECEIVED|H3B_DRYRUN_FINISHED|H3B_FINAL_GATE_DECIDED|H3B_PLACE_FINISHED,UNKNOWN,h3bup:na:e0a0603526cb
H3B_BRIDGE_FETCHED|H3B_EXEC_REQUEST_CREATED|H3B_EXECUTOR_RECEIVED|H3B_DRYRUN_FINISHED|H3B_FINAL_GATE_DECIDED|H3B_PLACE_FINISHED,UNKNOWN,h3bup:na:5e112bb4fc2a
H3B_BRIDGE_FETCHED|H3B_EXEC_REQUEST_CREATED|H3B_EXECUTOR_RECEIVED|H3B_DRYRUN_FINISHED|H3B_FINAL_GATE_DECIDED|H3B_PLACE_FINISHED,UNKNOWN,h3bup:na:a882df02beef
H3B_BRIDGE_FETCHED|H3B_EXEC_REQUEST_CREATED|H3B_EXECUTOR_RECEIVED|H3B_DRYRUN_FINISHED|H3B_FINAL_GATE_DECIDED|H3B_PLACE_FINISHED,UNKNOWN,h3bup:na:8824e4b1d82e
H3B_BRIDGE_FETCHED|H3B_EXEC_REQUEST_CREATED|H3B_EXECUTOR_RECEIVED|H3B_DRYRUN_FINISHED|H3B_FINAL_GATE_DECIDED|H3B_PLACE_FINISHED,UNKNOWN,h3bup:na:6ebbe7a76188
H3B_EXEC_REQUEST_CREATED|H3B_EXECUTOR_RECEIVED|H3B_DRYRUN_FINISHED|H3B_FINAL_GATE_DECIDED|H3B_PLACE_FINISHED,UNKNOWN,h3bup:na:01a863cbc739
H3B_EXEC_REQUEST_CREATED|H3B_EXECUTOR_RECEIVED|H3B_DRYRUN_FINISHED|H3B_FINAL_GATE_DECIDED|H3B_PLACE_FINISHED,UNKNOWN,h3bup:na:d52086f0469a
H3B_EXEC_REQUEST_CREATED|H3B_EXECUTOR_RECEIVED|H3B_DRYRUN_FINISHED|H3B_FINAL_GATE_DECIDED|H3B_PLACE_FINISHED,UNKNOWN,h3bup:na:10822d7b4999
H3B_EXEC_REQUEST_CREATED|H3B_EXECUTOR_RECEIVED|H3B_DRYRUN_FINISHED|H3B_FINAL_GATE_DECIDED|H3B_PLACE_FINISHED,UNKNOWN,h3bup:na:2b6c1f15db2a
H3B_BRIDGE_FETCHED|H3B_EXEC_REQUEST_CREATED|H3B_EXECUTOR_RECEIVED|H3B_DRYRUN_FINISHED|H3B_FINAL_GATE_DECIDED|H3B_PLACE_FINISHED,UNKNOWN,h3bup:na:f0af2d67fa96
H3B_EXEC_REQUEST_CREATED|H3B_EXECUTOR_RECEIVED|H3B_DRYRUN_FINISHED|H3B_FINAL_GATE_DECIDED|H3B_PLACE_FINISHED,UNKNOWN,h3bup:na:294ab93fa988
H3B_PLACE_FINISHED,CAP_BLOCKED,h3bup:na:e0dca5929301
H3B_EXEC_REQUEST_CREATED|H3B_EXECUTOR_RECEIVED|H3B_DRYRUN_FINISHED|H3B_FINAL_GATE_DECIDED|H3B_PLACE_FINISHED,UNKNOWN,h3bup:na:53bdc842deed
H3B_EXEC_REQUEST_CREATED|H3B_EXECUTOR_RECEIVED|H3B_DRYRUN_FINISHED|H3B_FINAL_GATE_DECIDED|H3B_PLACE_FINISHED,UNKNOWN,h3bup:na:77f493fcb9da
H3B_BRIDGE_FETCHED|H3B_EXEC_REQUEST_CREATED|H3B_EXECUTOR_RECEIVED|H3B_DRYRUN_FINISHED|H3B_FINAL_GATE_DECIDED|H3B_PLACE_FINISHED,UNKNOWN,h3bup:na:c6a04589480f
H3B_BRIDGE_FETCHED|H3B_EXEC_REQUEST_CREATED|H3B_EXECUTOR_RECEIVED|H3B_DRYRUN_FINISHED|H3B_FINAL_GATE_DECIDED|H3B_PLACE_FINISHED,UNKNOWN,h3bup:na:78d269a15ee5
H3B_BRIDGE_FETCHED|H3B_EXEC_REQUEST_CREATED|H3B_EXECUTOR_RECEIVED|H3B_DRYRUN_FINISHED|H3B_FINAL_GATE_DECIDED|H3B_PLACE_FINISHED,UNKNOWN,h3bup:na:92e09138ed4f
H3B_EXEC_REQUEST_CREATED|H3B_EXECUTOR_RECEIVED|H3B_DRYRUN_FINISHED|H3B_FINAL_GATE_DECIDED|H3B_PLACE_FINISHED,UNKNOWN,h3bup:na:5b22a8537b3c
H3B_BRIDGE_FETCHED|H3B_EXEC_REQUEST_CREATED|H3B_EXECUTOR_RECEIVED|H3B_DRYRUN_FINISHED|H3B_FINAL_GATE_DECIDED|H3B_PLACE_FINISHED,UNKNOWN,h3bup:na:1c63203ec786
H3B_EXEC_REQUEST_CREATED|H3B_EXECUTOR_RECEIVED|H3B_DRYRUN_FINISHED|H3B_FINAL_GATE_DECIDED|H3B_PLACE_FINISHED,UNKNOWN,h3bup:na:b0b7bede2a01
H3B_EXEC_REQUEST_CREATED|H3B_EXECUTOR_RECEIVED|H3B_DRYRUN_FINISHED|H3B_FINAL_GATE_DECIDED|H3B_PLACE_FINISHED,UNKNOWN,h3bup:na:aeb7477ac711
H3B_BRIDGE_FETCHED|H3B_EXEC_REQUEST_CREATED|H3B_EXECUTOR_RECEIVED|H3B_DRYRUN_FINISHED|H3B_FINAL_GATE_DECIDED|H3B_PLACE_FINISHED,UNKNOWN,h3bup:na:55a971d834e0
H3B_BRIDGE_FETCHED|H3B_EXEC_REQUEST_CREATED|H3B_EXECUTOR_RECEIVED|H3B_DRYRUN_FINISHED|H3B_FINAL_GATE_DECIDED|H3B_PLACE_FINISHED,UNKNOWN,h3bup:na:e14a3062cce9
H3B_BRIDGE_FETCHED|H3B_EXEC_REQUEST_CREATED|H3B_EXECUTOR_RECEIVED|H3B_DRYRUN_FINISHED|H3B_FINAL_GATE_DECIDED|H3B_PLACE_FINISHED,UNKNOWN,h3bup:na:12745d84599a
H3B_BRIDGE_FETCHED|H3B_EXEC_REQUEST_CREATED|H3B_EXECUTOR_RECEIVED|H3B_DRYRUN_FINISHED|H3B_FINAL_GATE_DECIDED|H3B_PLACE_FINISHED,UNKNOWN,h3bup:na:72ee231a079a
H3B_BRIDGE_FETCHED|H3B_EXEC_REQUEST_CREATED|H3B_EXECUTOR_RECEIVED|H3B_DRYRUN_FINISHED|H3B_FINAL_GATE_DECIDED|H3B_PLACE_FINISHED,UNKNOWN,h3bup:na:deba0f4a59fb
H3B_BRIDGE_FETCHED|H3B_EXEC_REQUEST_CREATED|H3B_EXECUTOR_RECEIVED|H3B_DRYRUN_FINISHED|H3B_FINAL_GATE_DECIDED|H3B_PLACE_FINISHED,UNKNOWN,h3bup:na:ccb1223e9d1d
H3B_EXEC_REQUEST_CREATED|H3B_EXECUTOR_RECEIVED|H3B_DRYRUN_FINISHED|H3B_FINAL_GATE_DECIDED|H3B_PLACE_FINISHED,UNKNOWN,h3bup:na:9f93b04431fe
H3B_BRIDGE_FETCHED|H3B_EXEC_REQUEST_CREATED|H3B_EXECUTOR_RECEIVED|H3B_DRYRUN_FINISHED|H3B_FINAL_GATE_DECIDED|H3B_PLACE_FINISHED,UNKNOWN,h3bup:na:c4e46a6697d1
H3B_BRIDGE_FETCHED|H3B_EXEC_REQUEST_CREATED|H3B_EXECUTOR_RECEIVED|H3B_DRYRUN_FINISHED|H3B_FINAL_GATE_DECIDED|H3B_PLACE_FINISHED,UNKNOWN,h3bup:na:1483447f4cc8
H3B_EXEC_REQUEST_CREATED|H3B_EXECUTOR_RECEIVED|H3B_DRYRUN_FINISHED|H3B_FINAL_GATE_DECIDED|H3B_PLACE_FINISHED,UNKNOWN,h3bup:na:c190cc508e9a
H3B_EXEC_REQUEST_CREATED|H3B_EXECUTOR_RECEIVED|H3B_DRYRUN_FINISHED|H3B_FINAL_GATE_DECIDED|H3B_PLACE_FINISHED,UNKNOWN,h3bup:na:cfe9423b7738
H3B_PLACE_FINISHED,CAP_BLOCKED,h3bup:na:8fdfaa1de9f5
H3B_BRIDGE_FETCHED|H3B_EXEC_REQUEST_CREATED|H3B_EXECUTOR_RECEIVED|H3B_DRYRUN_FINISHED|H3B_FINAL_GATE_DECIDED|H3B_PLACE_FINISHED,UNKNOWN,h3bup:na:68f31328449c
H3B_EXEC_REQUEST_CREATED|H3B_EXECUTOR_RECEIVED|H3B_DRYRUN_FINISHED|H3B_FINAL_GATE_DECIDED|H3B_PLACE_FINISHED,UNKNOWN,h3bup:na:e470ef76eb67
H3B_BRIDGE_FETCHED|H3B_EXEC_REQUEST_CREATED|H3B_EXECUTOR_RECEIVED|H3B_DRYRUN_FINISHED|H3B_FINAL_GATE_DECIDED|H3B_PLACE_FINISHED,UNKNOWN,h3bup:na:eb28397c2458
H3B_BRIDGE_FETCHED|H3B_EXEC_REQUEST_CREATED|H3B_EXECUTOR_RECEIVED|H3B_DRYRUN_FINISHED|H3B_FINAL_GATE_DECIDED|H3B_PLACE_FINISHED,UNKNOWN,h3bup:na:7edb7287f4ad
H3B_BRIDGE_FETCHED|H3B_EXEC_REQUEST_CREATED|H3B_EXECUTOR_RECEIVED|H3B_DRYRUN_FINISHED|H3B_FINAL_GATE_DECIDED|H3B_PLACE_FINISHED,UNKNOWN,h3bup:na:d2421d176493
H3B_EXEC_REQUEST_CREATED|H3B_EXECUTOR_RECEIVED|H3B_DRYRUN_FINISHED|H3B_FINAL_GATE_DECIDED|H3B_PLACE_FINISHED,UNKNOWN,h3bup:na:229b6381c21e
H3B_BRIDGE_FETCHED|H3B_EXEC_REQUEST_CREATED|H3B_EXECUTOR_RECEIVED|H3B_DRYRUN_FINISHED|H3B_FINAL_GATE_DECIDED|H3B_PLACE_FINISHED,UNKNOWN,h3bup:na:1e7f06a1b0ad
H3B_BRIDGE_FETCHED|H3B_EXEC_REQUEST_CREATED|H3B_EXECUTOR_RECEIVED|H3B_DRYRUN_FINISHED|H3B_FINAL_GATE_DECIDED|H3B_PLACE_FINISHED,UNKNOWN,h3bup:na:7b28e6dc3a14
H3B_BRIDGE_FETCHED|H3B_EXEC_REQUEST_CREATED|H3B_EXECUTOR_RECEIVED|H3B_DRYRUN_FINISHED|H3B_FINAL_GATE_DECIDED|H3B_PLACE_FINISHED,UNKNOWN,h3bup:na:9f5fc75416ec
H3B_BRIDGE_FETCHED|H3B_EXEC_REQUEST_CREATED|H3B_EXECUTOR_RECEIVED|H3B_DRYRUN_FINISHED|H3B_FINAL_GATE_DECIDED|H3B_PLACE_FINISHED,UNKNOWN,h3bup:na:adf1b721ced2
H3B_EXEC_REQUEST_CREATED|H3B_EXECUTOR_RECEIVED|H3B_DRYRUN_FINISHED|H3B_FINAL_GATE_DECIDED|H3B_PLACE_FINISHED,UNKNOWN,h3bup:na:370817df2e7f
H3B_BRIDGE_FETCHED|H3B_EXEC_REQUEST_CREATED|H3B_EXECUTOR_RECEIVED|H3B_DRYRUN_FINISHED|H3B_FINAL_GATE_DECIDED|H3B_PLACE_FINISHED,UNKNOWN,h3bup:na:3f9732a1e40e
H3B_BRIDGE_FETCHED|H3B_EXEC_REQUEST_CREATED|H3B_EXECUTOR_RECEIVED|H3B_DRYRUN_FINISHED|H3B_FINAL_GATE_DECIDED|H3B_PLACE_FINISHED,UNKNOWN,h3bup:na:d81b8a383a38
H3B_PLACE_FINISHED,CAP_BLOCKED,h3bup:na:89d26a4f5bef
H3B_EXEC_REQUEST_CREATED|H3B_EXECUTOR_RECEIVED|H3B_DRYRUN_FINISHED|H3B_FINAL_GATE_DECIDED|H3B_PLACE_FINISHED,UNKNOWN,h3bup:na:a95c6eadfef4
H3B_BRIDGE_FETCHED|H3B_EXEC_REQUEST_CREATED|H3B_EXECUTOR_RECEIVED|H3B_DRYRUN_FINISHED|H3B_FINAL_GATE_DECIDED|H3B_PLACE_FINISHED,UNKNOWN,h3bup:na:05179bf1d51f
H3B_BRIDGE_FETCHED|H3B_EXEC_REQUEST_CREATED|H3B_EXECUTOR_RECEIVED|H3B_DRYRUN_FINISHED|H3B_FINAL_GATE_DECIDED|H3B_PLACE_FINISHED,UNKNOWN,h3bup:na:07505d09ad9e
H3B_EXEC_REQUEST_CREATED|H3B_EXECUTOR_RECEIVED|H3B_DRYRUN_FINISHED|H3B_FINAL_GATE_DECIDED|H3B_PLACE_FINISHED,UNKNOWN,h3bup:na:00326163a9f9
H3B_EXEC_REQUEST_CREATED|H3B_EXECUTOR_RECEIVED|H3B_DRYRUN_FINISHED|H3B_FINAL_GATE_DECIDED|H3B_PLACE_FINISHED,UNKNOWN,h3bup:na:25e989df6f56
H3B_EXEC_REQUEST_CREATED|H3B_EXECUTOR_RECEIVED|H3B_DRYRUN_FINISHED|H3B_FINAL_GATE_DECIDED|H3B_PLACE_FINISHED,UNKNOWN,h3bup:na:429184e1a6b0
H3B_BRIDGE_FETCHED|H3B_EXEC_REQUEST_CREATED|H3B_EXECUTOR_RECEIVED|H3B_DRYRUN_FINISHED|H3B_FINAL_GATE_DECIDED|H3B_PLACE_FINISHED,UNKNOWN,h3bup:na:47c34b8ad982
H3B_EXEC_REQUEST_CREATED|H3B_EXECUTOR_RECEIVED|H3B_DRYRUN_FINISHED|H3B_FINAL_GATE_DECIDED|H3B_PLACE_FINISHED,UNKNOWN,h3bup:na:b61ee040c240
H3B_BRIDGE_FETCHED|H3B_EXEC_REQUEST_CREATED|H3B_EXECUTOR_RECEIVED|H3B_DRYRUN_FINISHED|H3B_FINAL_GATE_DECIDED|H3B_PLACE_FINISHED,UNKNOWN,h3bup:na:4866682516e4
H3B_BRIDGE_FETCHED|H3B_EXEC_REQUEST_CREATED|H3B_EXECUTOR_RECEIVED|H3B_DRYRUN_FINISHED|H3B_FINAL_GATE_DECIDED|H3B_PLACE_FINISHED,UNKNOWN,h3bup:na:9b872b88973b
H3B_BRIDGE_FETCHED|H3B_EXEC_REQUEST_CREATED|H3B_EXECUTOR_RECEIVED|H3B_DRYRUN_FINISHED|H3B_FINAL_GATE_DECIDED|H3B_PLACE_FINISHED,UNKNOWN,h3bup:na:08b984e480f5
H3B_BRIDGE_FETCHED|H3B_EXEC_REQUEST_CREATED|H3B_EXECUTOR_RECEIVED|H3B_DRYRUN_FINISHED|H3B_FINAL_GATE_DECIDED|H3B_PLACE_FINISHED,UNKNOWN,h3bup:na:37c89689090d
H3B_BRIDGE_FETCHED|H3B_EXEC_REQUEST_CREATED|H3B_EXECUTOR_RECEIVED|H3B_DRYRUN_FINISHED|H3B_FINAL_GATE_DECIDED|H3B_PLACE_FINISHED,UNKNOWN,h3bup:na:d9753ae45ef4
H3B_EXEC_REQUEST_CREATED|H3B_EXECUTOR_RECEIVED|H3B_DRYRUN_FINISHED|H3B_FINAL_GATE_DECIDED|H3B_PLACE_FINISHED,UNKNOWN,h3bup:na:731c1574d699
H3B_PLACE_FINISHED,CAP_BLOCKED,h3bup:na:c24580de3c4d
H3B_EXEC_REQUEST_CREATED|H3B_EXECUTOR_RECEIVED|H3B_DRYRUN_FINISHED|H3B_FINAL_GATE_DECIDED|H3B_PLACE_FINISHED,UNKNOWN,h3bup:na:bb888380c270
H3B_EXEC_REQUEST_CREATED|H3B_EXECUTOR_RECEIVED|H3B_DRYRUN_FINISHED|H3B_FINAL_GATE_DECIDED|H3B_PLACE_FINISHED,UNKNOWN,h3bup:na:2746baf72717
H3B_BRIDGE_FETCHED|H3B_EXEC_REQUEST_CREATED|H3B_EXECUTOR_RECEIVED|H3B_DRYRUN_FINISHED|H3B_FINAL_GATE_DECIDED|H3B_PLACE_FINISHED,UNKNOWN,h3bup:na:41eddfac77d1
H3B_EXEC_REQUEST_CREATED|H3B_EXECUTOR_RECEIVED|H3B_DRYRUN_FINISHED|H3B_FINAL_GATE_DECIDED|H3B_PLACE_FINISHED,UNKNOWN,h3bup:na:e14768faa7c9
H3B_EXEC_REQUEST_CREATED|H3B_EXECUTOR_RECEIVED|H3B_DRYRUN_FINISHED|H3B_FINAL_GATE_DECIDED|H3B_PLACE_FINISHED,UNKNOWN,h3bup:na:62979ddc97fa
H3B_BRIDGE_FETCHED|H3B_EXEC_REQUEST_CREATED|H3B_EXECUTOR_RECEIVED|H3B_DRYRUN_FINISHED|H3B_FINAL_GATE_DECIDED|H3B_PLACE_FINISHED,UNKNOWN,h3bup:na:94687bff87a7
H3B_EXEC_REQUEST_CREATED|H3B_EXECUTOR_RECEIVED|H3B_DRYRUN_FINISHED|H3B_FINAL_GATE_DECIDED|H3B_PLACE_FINISHED,UNKNOWN,h3bup:na:a023a4bad8f6
H3B_EXEC_REQUEST_CREATED|H3B_EXECUTOR_RECEIVED|H3B_DRYRUN_FINISHED|H3B_FINAL_GATE_DECIDED|H3B_PLACE_FINISHED,UNKNOWN,h3bup:na:e33752b63fc3
H3B_EXEC_REQUEST_CREATED|H3B_EXECUTOR_RECEIVED|H3B_DRYRUN_FINISHED|H3B_FINAL_GATE_DECIDED|H3B_PLACE_FINISHED,UNKNOWN,h3bup:na:fba7bfd4668a
H3B_EXEC_REQUEST_CREATED|H3B_EXECUTOR_RECEIVED|H3B_DRYRUN_FINISHED|H3B_FINAL_GATE_DECIDED|H3B_PLACE_FINISHED,UNKNOWN,h3bup:na:c1b55ed9a197
H3B_BRIDGE_FETCHED|H3B_EXEC_REQUEST_CREATED|H3B_EXECUTOR_RECEIVED|H3B_DRYRUN_FINISHED|H3B_FINAL_GATE_DECIDED|H3B_PLACE_FINISHED,UNKNOWN,h3bup:na:911269c55ab9
H3B_BRIDGE_FETCHED|H3B_EXEC_REQUEST_CREATED|H3B_EXECUTOR_RECEIVED|H3B_DRYRUN_FINISHED|H3B_FINAL_GATE_DECIDED|H3B_PLACE_FINISHED,UNKNOWN,h3bup:na:de5b5488dd6c
H3B_BRIDGE_FETCHED|H3B_EXEC_REQUEST_CREATED|H3B_EXECUTOR_RECEIVED|H3B_DRYRUN_FINISHED|H3B_FINAL_GATE_DECIDED|H3B_PLACE_FINISHED,UNKNOWN,h3bup:na:901a93ee0dcf
H3B_BRIDGE_FETCHED|H3B_EXEC_REQUEST_CREATED|H3B_EXECUTOR_RECEIVED|H3B_DRYRUN_FINISHED|H3B_FINAL_GATE_DECIDED|H3B_PLACE_FINISHED,UNKNOWN,h3bup:na:f30efe15f177
H3B_EXEC_REQUEST_CREATED|H3B_EXECUTOR_RECEIVED|H3B_DRYRUN_FINISHED|H3B_FINAL_GATE_DECIDED|H3B_PLACE_FINISHED,UNKNOWN,h3bup:na:17e6e8ac4e91
H3B_BRIDGE_FETCHED|H3B_EXEC_REQUEST_CREATED|H3B_EXECUTOR_RECEIVED|H3B_DRYRUN_FINISHED|H3B_FINAL_GATE_DECIDED|H3B_PLACE_FINISHED,UNKNOWN,h3bup:na:bee0a3b23c46
H3B_EXEC_REQUEST_CREATED|H3B_EXECUTOR_RECEIVED|H3B_DRYRUN_FINISHED|H3B_FINAL_GATE_DECIDED|H3B_PLACE_FINISHED,UNKNOWN,h3bup:na:8fe44509f646
H3B_BRIDGE_FETCHED|H3B_EXEC_REQUEST_CREATED|H3B_EXECUTOR_RECEIVED|H3B_DRYRUN_FINISHED|H3B_FINAL_GATE_DECIDED|H3B_PLACE_FINISHED,UNKNOWN,h3bup:na:516ce3422e80
H3B_BRIDGE_FETCHED|H3B_EXEC_REQUEST_CREATED|H3B_EXECUTOR_RECEIVED|H3B_DRYRUN_FINISHED|H3B_FINAL_GATE_DECIDED|H3B_PLACE_FINISHED,UNKNOWN,h3bup:na:2da54f54c888
H3B_BRIDGE_FETCHED|H3B_EXEC_REQUEST_CREATED|H3B_EXECUTOR_RECEIVED|H3B_DRYRUN_FINISHED|H3B_FINAL_GATE_DECIDED|H3B_PLACE_FINISHED,UNKNOWN,h3bup:na:9471b027618d
H3B_EXEC_REQUEST_CREATED|H3B_EXECUTOR_RECEIVED|H3B_DRYRUN_FINISHED|H3B_FINAL_GATE_DECIDED|H3B_PLACE_FINISHED,UNKNOWN,h3bup:na:9d3cabc9b950
H3B_EXEC_REQUEST_CREATED|H3B_EXECUTOR_RECEIVED|H3B_DRYRUN_FINISHED|H3B_FINAL_GATE_DECIDED|H3B_PLACE_FINISHED,UNKNOWN,h3bup:na:bee62478f57d
H3B_EXEC_REQUEST_CREATED|H3B_EXECUTOR_RECEIVED|H3B_DRYRUN_FINISHED|H3B_FINAL_GATE_DECIDED|H3B_PLACE_FINISHED,UNKNOWN,h3bup:na:7bf55b6465b1
H3B_BRIDGE_FETCHED|H3B_EXEC_REQUEST_CREATED|H3B_EXECUTOR_RECEIVED|H3B_DRYRUN_FINISHED|H3B_FINAL_GATE_DECIDED|H3B_PLACE_FINISHED,UNKNOWN,h3bup:na:ecfd057f33d5
H3B_EXEC_REQUEST_CREATED|H3B_EXECUTOR_RECEIVED|H3B_DRYRUN_FINISHED|H3B_FINAL_GATE_DECIDED|H3B_PLACE_FINISHED,UNKNOWN,h3bup:na:b8eccf8eb1b6
H3B_BRIDGE_FETCHED|H3B_EXEC_REQUEST_CREATED|H3B_EXECUTOR_RECEIVED|H3B_DRYRUN_FINISHED|H3B_FINAL_GATE_DECIDED|H3B_PLACE_FINISHED,UNKNOWN,h3bup:na:75c61b0b9161
H3B_EXEC_REQUEST_CREATED|H3B_EXECUTOR_RECEIVED|H3B_DRYRUN_FINISHED|H3B_FINAL_GATE_DECIDED|H3B_PLACE_FINISHED,UNKNOWN,h3bup:na:1f37004a4264
H3B_BRIDGE_FETCHED|H3B_EXEC_REQUEST_CREATED|H3B_EXECUTOR_RECEIVED|H3B_DRYRUN_FINISHED|H3B_FINAL_GATE_DECIDED|H3B_PLACE_FINISHED,UNKNOWN,h3bup:na:ba24c7a390ca
H3B_EXEC_REQUEST_CREATED|H3B_EXECUTOR_RECEIVED|H3B_DRYRUN_FINISHED|H3B_FINAL_GATE_DECIDED|H3B_PLACE_FINISHED,UNKNOWN,h3bup:na:ec6bdc95fdc1
H3B_BRIDGE_FETCHED|H3B_EXEC_REQUEST_CREATED|H3B_EXECUTOR_RECEIVED|H3B_DRYRUN_FINISHED|H3B_FINAL_GATE_DECIDED|H3B_PLACE_FINISHED,UNKNOWN,h3bup:na:e6af69b81c8d
H3B_EXEC_REQUEST_CREATED|H3B_EXECUTOR_RECEIVED|H3B_DRYRUN_FINISHED|H3B_FINAL_GATE_DECIDED|H3B_PLACE_FINISHED,UNKNOWN,h3bup:na:ec12dd8ac43c
H3B_BRIDGE_FETCHED|H3B_EXEC_REQUEST_CREATED|H3B_EXECUTOR_RECEIVED|H3B_DRYRUN_FINISHED|H3B_FINAL_GATE_DECIDED|H3B_PLACE_FINISHED,UNKNOWN,h3bup:na:f928b75ed5f1
H3B_EXEC_REQUEST_CREATED|H3B_EXECUTOR_RECEIVED|H3B_DRYRUN_FINISHED|H3B_FINAL_GATE_DECIDED|H3B_PLACE_FINISHED,UNKNOWN,h3bup:na:224f98cf1a13
H3B_BRIDGE_FETCHED|H3B_EXEC_REQUEST_CREATED|H3B_EXECUTOR_RECEIVED|H3B_DRYRUN_FINISHED|H3B_FINAL_GATE_DECIDED|H3B_PLACE_FINISHED,UNKNOWN,h3bup:na:f2671dbd5c0c
H3B_BRIDGE_FETCHED|H3B_EXEC_REQUEST_CREATED|H3B_EXECUTOR_RECEIVED|H3B_DRYRUN_FINISHED|H3B_FINAL_GATE_DECIDED|H3B_PLACE_FINISHED,UNKNOWN,h3bup:na:f7350fabd2c3
H3B_BRIDGE_FETCHED|H3B_EXEC_REQUEST_CREATED|H3B_EXECUTOR_RECEIVED|H3B_DRYRUN_FINISHED|H3B_FINAL_GATE_DECIDED|H3B_PLACE_FINISHED,UNKNOWN,h3bup:na:02f2c6e4b680
H3B_BRIDGE_FETCHED|H3B_EXEC_REQUEST_CREATED|H3B_EXECUTOR_RECEIVED|H3B_DRYRUN_FINISHED|H3B_FINAL_GATE_DECIDED|H3B_PLACE_FINISHED,UNKNOWN,h3bup:na:82ec08875d91
H3B_EXEC_REQUEST_CREATED|H3B_EXECUTOR_RECEIVED|H3B_DRYRUN_FINISHED|H3B_FINAL_GATE_DECIDED|H3B_PLACE_FINISHED,UNKNOWN,h3bup:na:bf4aa6548f0c
H3B_BRIDGE_FETCHED|H3B_EXEC_REQUEST_CREATED|H3B_EXECUTOR_RECEIVED|H3B_DRYRUN_FINISHED|H3B_FINAL_GATE_DECIDED|H3B_PLACE_FINISHED,UNKNOWN,h3bup:na:b0a178e71cfe
H3B_BRIDGE_FETCHED|H3B_EXEC_REQUEST_CREATED|H3B_EXECUTOR_RECEIVED|H3B_DRYRUN_FINISHED|H3B_FINAL_GATE_DECIDED|H3B_PLACE_FINISHED,UNKNOWN,h3bup:na:08676535a6e4
H3B_BRIDGE_FETCHED|H3B_EXEC_REQUEST_CREATED|H3B_EXECUTOR_RECEIVED|H3B_DRYRUN_FINISHED|H3B_FINAL_GATE_DECIDED|H3B_PLACE_FINISHED,UNKNOWN,h3bup:na:0d6bc6a32a53
H3B_EXEC_REQUEST_CREATED|H3B_EXECUTOR_RECEIVED|H3B_DRYRUN_FINISHED|H3B_FINAL_GATE_DECIDED|H3B_PLACE_FINISHED,UNKNOWN,h3bup:na:af134bbb616b
H3B_BRIDGE_FETCHED|H3B_EXEC_REQUEST_CREATED|H3B_EXECUTOR_RECEIVED|H3B_DRYRUN_FINISHED|H3B_FINAL_GATE_DECIDED|H3B_PLACE_FINISHED,UNKNOWN,h3bup:na:2193bf7cda42
H3B_BRIDGE_FETCHED|H3B_EXEC_REQUEST_CREATED|H3B_EXECUTOR_RECEIVED|H3B_DRYRUN_FINISHED|H3B_FINAL_GATE_DECIDED|H3B_PLACE_FINISHED,UNKNOWN,h3bup:na:bc3bb917c5b4
H3B_BRIDGE_FETCHED|H3B_EXEC_REQUEST_CREATED|H3B_EXECUTOR_RECEIVED|H3B_DRYRUN_FINISHED|H3B_FINAL_GATE_DECIDED|H3B_PLACE_FINISHED,UNKNOWN,h3bup:na:ea33a11eddbc
H3B_BRIDGE_FETCHED|H3B_EXEC_REQUEST_CREATED|H3B_EXECUTOR_RECEIVED|H3B_DRYRUN_FINISHED|H3B_FINAL_GATE_DECIDED|H3B_PLACE_FINISHED,UNKNOWN,h3bup:na:8ba87b0989f6
H3B_EXEC_REQUEST_CREATED|H3B_EXECUTOR_RECEIVED|H3B_DRYRUN_FINISHED|H3B_FINAL_GATE_DECIDED|H3B_PLACE_FINISHED,UNKNOWN,h3bup:na:c9744629c74b
H3B_BRIDGE_FETCHED|H3B_EXEC_REQUEST_CREATED|H3B_EXECUTOR_RECEIVED|H3B_DRYRUN_FINISHED|H3B_FINAL_GATE_DECIDED|H3B_PLACE_FINISHED,UNKNOWN,h3bup:na:6d63529d66e7
H3B_BRIDGE_FETCHED|H3B_EXEC_REQUEST_CREATED|H3B_EXECUTOR_RECEIVED|H3B_DRYRUN_FINISHED|H3B_FINAL_GATE_DECIDED|H3B_PLACE_FINISHED,UNKNOWN,h3bup:na:a14d35082795
H3B_BRIDGE_FETCHED|H3B_EXEC_REQUEST_CREATED|H3B_EXECUTOR_RECEIVED|H3B_DRYRUN_FINISHED|H3B_FINAL_GATE_DECIDED|H3B_PLACE_FINISHED,UNKNOWN,h3bup:na:3a005dccaf1e
H3B_BRIDGE_FETCHED|H3B_EXEC_REQUEST_CREATED|H3B_EXECUTOR_RECEIVED|H3B_DRYRUN_FINISHED|H3B_FINAL_GATE_DECIDED|H3B_PLACE_FINISHED,UNKNOWN,h3bup:na:ee5a1496a2e0
H3B_BRIDGE_FETCHED|H3B_EXEC_REQUEST_CREATED|H3B_EXECUTOR_RECEIVED|H3B_DRYRUN_FINISHED|H3B_FINAL_GATE_DECIDED|H3B_PLACE_FINISHED,UNKNOWN,h3bup:na:46bf4020de7d
H3B_EXEC_REQUEST_CREATED|H3B_EXECUTOR_RECEIVED|H3B_DRYRUN_FINISHED|H3B_FINAL_GATE_DECIDED|H3B_PLACE_FINISHED,UNKNOWN,h3bup:na:2950ec71d104
H3B_BRIDGE_FETCHED|H3B_EXEC_REQUEST_CREATED|H3B_EXECUTOR_RECEIVED|H3B_DRYRUN_FINISHED|H3B_FINAL_GATE_DECIDED|H3B_PLACE_FINISHED,UNKNOWN,h3bup:na:ba9d2a3a7110
H3B_BRIDGE_FETCHED|H3B_EXEC_REQUEST_CREATED|H3B_EXECUTOR_RECEIVED|H3B_DRYRUN_FINISHED|H3B_FINAL_GATE_DECIDED|H3B_PLACE_FINISHED,UNKNOWN,h3bup:na:0651e178d7fd
H3B_EXEC_REQUEST_CREATED|H3B_EXECUTOR_RECEIVED|H3B_DRYRUN_FINISHED|H3B_FINAL_GATE_DECIDED|H3B_PLACE_FINISHED,UNKNOWN,h3bup:na:c5dda9a18253
H3B_BRIDGE_FETCHED|H3B_EXEC_REQUEST_CREATED|H3B_EXECUTOR_RECEIVED|H3B_DRYRUN_FINISHED|H3B_FINAL_GATE_DECIDED|H3B_PLACE_FINISHED,UNKNOWN,h3bup:na:d7b4f1e4e181
H3B_BRIDGE_FETCHED|H3B_EXEC_REQUEST_CREATED|H3B_EXECUTOR_RECEIVED|H3B_DRYRUN_FINISHED|H3B_FINAL_GATE_DECIDED|H3B_PLACE_FINISHED,UNKNOWN,h3bup:na:9cf3d4b8901e
H3B_BRIDGE_FETCHED|H3B_EXEC_REQUEST_CREATED|H3B_EXECUTOR_RECEIVED|H3B_DRYRUN_FINISHED|H3B_FINAL_GATE_DECIDED|H3B_PLACE_FINISHED,UNKNOWN,h3bup:na:7d6ae8f5e826
H3B_BRIDGE_FETCHED|H3B_EXEC_REQUEST_CREATED|H3B_EXECUTOR_RECEIVED|H3B_DRYRUN_FINISHED|H3B_FINAL_GATE_DECIDED|H3B_PLACE_FINISHED,UNKNOWN,h3bup:na:362502cd1fe7
H3B_EXEC_REQUEST_CREATED|H3B_EXECUTOR_RECEIVED|H3B_DRYRUN_FINISHED|H3B_FINAL_GATE_DECIDED|H3B_PLACE_FINISHED,UNKNOWN,h3bup:na:ae7fc2895ac9
H3B_BRIDGE_FETCHED|H3B_EXEC_REQUEST_CREATED|H3B_EXECUTOR_RECEIVED|H3B_DRYRUN_FINISHED|H3B_FINAL_GATE_DECIDED|H3B_PLACE_FINISHED,UNKNOWN,h3bup:na:cd71a2e03ee7
H3B_BRIDGE_FETCHED|H3B_EXEC_REQUEST_CREATED|H3B_EXECUTOR_RECEIVED|H3B_DRYRUN_FINISHED|H3B_FINAL_GATE_DECIDED|H3B_PLACE_FINISHED,UNKNOWN,h3bup:na:a7c86a88cd36
H3B_BRIDGE_FETCHED|H3B_EXEC_REQUEST_CREATED|H3B_EXECUTOR_RECEIVED|H3B_DRYRUN_FINISHED|H3B_FINAL_GATE_DECIDED|H3B_PLACE_FINISHED,UNKNOWN,h3bup:na:2bb5d156a4d0
H3B_EXEC_REQUEST_CREATED|H3B_EXECUTOR_RECEIVED|H3B_DRYRUN_FINISHED|H3B_FINAL_GATE_DECIDED|H3B_PLACE_FINISHED,UNKNOWN,h3bup:na:72e443881a35
H3B_BRIDGE_FETCHED|H3B_EXEC_REQUEST_CREATED|H3B_EXECUTOR_RECEIVED|H3B_DRYRUN_FINISHED|H3B_FINAL_GATE_DECIDED|H3B_PLACE_FINISHED,UNKNOWN,h3bup:na:fc7fb0427dde
H3B_EXEC_REQUEST_CREATED|H3B_EXECUTOR_RECEIVED|H3B_DRYRUN_FINISHED|H3B_FINAL_GATE_DECIDED|H3B_PLACE_FINISHED,UNKNOWN,h3bup:na:225b147afa6b
H3B_BRIDGE_FETCHED|H3B_EXEC_REQUEST_CREATED|H3B_EXECUTOR_RECEIVED|H3B_DRYRUN_FINISHED|H3B_FINAL_GATE_DECIDED|H3B_PLACE_FINISHED,UNKNOWN,h3bup:na:a4dd2b1bbf39
H3B_EXEC_REQUEST_CREATED|H3B_EXECUTOR_RECEIVED|H3B_DRYRUN_FINISHED|H3B_FINAL_GATE_DECIDED|H3B_PLACE_FINISHED,UNKNOWN,h3bup:na:474aa44d024c
H3B_BRIDGE_FETCHED|H3B_EXEC_REQUEST_CREATED|H3B_EXECUTOR_RECEIVED|H3B_DRYRUN_FINISHED|H3B_FINAL_GATE_DECIDED|H3B_PLACE_FINISHED,UNKNOWN,h3bup:na:9ccd79dd20cc
H3B_BRIDGE_FETCHED|H3B_EXEC_REQUEST_CREATED|H3B_EXECUTOR_RECEIVED|H3B_DRYRUN_FINISHED|H3B_FINAL_GATE_DECIDED|H3B_PLACE_FINISHED,UNKNOWN,h3bup:na:e994039d7d9c
H3B_BRIDGE_FETCHED|H3B_EXEC_REQUEST_CREATED|H3B_EXECUTOR_RECEIVED|H3B_DRYRUN_FINISHED|H3B_FINAL_GATE_DECIDED|H3B_PLACE_FINISHED,UNKNOWN,h3bup:na:17f919b425f3
H3B_BRIDGE_FETCHED|H3B_EXEC_REQUEST_CREATED|H3B_EXECUTOR_RECEIVED|H3B_DRYRUN_FINISHED|H3B_FINAL_GATE_DECIDED|H3B_PLACE_FINISHED,UNKNOWN,h3bup:na:0278b91bc34e
H3B_BRIDGE_FETCHED|H3B_EXEC_REQUEST_CREATED|H3B_EXECUTOR_RECEIVED|H3B_DRYRUN_FINISHED|H3B_FINAL_GATE_DECIDED|H3B_PLACE_FINISHED,UNKNOWN,h3bup:na:c066fddc01f8
H3B_BRIDGE_FETCHED|H3B_EXEC_REQUEST_CREATED|H3B_EXECUTOR_RECEIVED|H3B_DRYRUN_FINISHED|H3B_FINAL_GATE_DECIDED|H3B_PLACE_FINISHED,UNKNOWN,h3bup:na:c4711d4f5718
H3B_BRIDGE_FETCHED|H3B_EXEC_REQUEST_CREATED|H3B_EXECUTOR_RECEIVED|H3B_DRYRUN_FINISHED|H3B_FINAL_GATE_DECIDED|H3B_PLACE_FINISHED,UNKNOWN,h3bup:na:06aae08e1c5b
H3B_BRIDGE_FETCHED|H3B_EXEC_REQUEST_CREATED|H3B_EXECUTOR_RECEIVED|H3B_DRYRUN_FINISHED|H3B_FINAL_GATE_DECIDED|H3B_PLACE_FINISHED,UNKNOWN,h3bup:na:518c997bc21a
H3B_BRIDGE_FETCHED|H3B_EXEC_REQUEST_CREATED|H3B_EXECUTOR_RECEIVED|H3B_DRYRUN_FINISHED|H3B_FINAL_GATE_DECIDED|H3B_PLACE_FINISHED,UNKNOWN,h3bup:na:8e50770598f9
H3B_BRIDGE_FETCHED|H3B_EXEC_REQUEST_CREATED|H3B_EXECUTOR_RECEIVED|H3B_DRYRUN_FINISHED|H3B_FINAL_GATE_DECIDED|H3B_PLACE_FINISHED,UNKNOWN,h3bup:na:3492a126de3f
H3B_BRIDGE_FETCHED|H3B_EXEC_REQUEST_CREATED|H3B_EXECUTOR_RECEIVED|H3B_DRYRUN_FINISHED|H3B_FINAL_GATE_DECIDED|H3B_PLACE_FINISHED,UNKNOWN,h3bup:na:71fe80323684
H3B_BRIDGE_FETCHED|H3B_EXEC_REQUEST_CREATED|H3B_EXECUTOR_RECEIVED|H3B_DRYRUN_FINISHED|H3B_FINAL_GATE_DECIDED|H3B_PLACE_FINISHED,UNKNOWN,h3bup:na:e53e1b124103
H3B_BRIDGE_FETCHED|H3B_EXEC_REQUEST_CREATED|H3B_EXECUTOR_RECEIVED|H3B_DRYRUN_FINISHED|H3B_FINAL_GATE_DECIDED|H3B_PLACE_FINISHED,UNKNOWN,h3bup:na:0af973681a11
H3B_BRIDGE_FETCHED|H3B_EXEC_REQUEST_CREATED|H3B_EXECUTOR_RECEIVED|H3B_DRYRUN_FINISHED|H3B_FINAL_GATE_DECIDED|H3B_PLACE_FINISHED,UNKNOWN,h3bup:na:44c27fe2d2cc
H3B_BRIDGE_FETCHED|H3B_EXEC_REQUEST_CREATED|H3B_EXECUTOR_RECEIVED|H3B_DRYRUN_FINISHED|H3B_FINAL_GATE_DECIDED|H3B_PLACE_FINISHED,UNKNOWN,h3bup:na:cbb827ab4d7a
H3B_BRIDGE_FETCHED|H3B_EXEC_REQUEST_CREATED|H3B_EXECUTOR_RECEIVED|H3B_DRYRUN_FINISHED|H3B_FINAL_GATE_DECIDED|H3B_PLACE_FINISHED,UNKNOWN,h3bup:na:6a14778f61fe
H3B_BRIDGE_FETCHED|H3B_EXEC_REQUEST_CREATED|H3B_EXECUTOR_RECEIVED|H3B_DRYRUN_FINISHED|H3B_FINAL_GATE_DECIDED|H3B_PLACE_FINISHED,UNKNOWN,h3bup:na:7e52ccdcc683
H3B_BRIDGE_FETCHED|H3B_EXEC_REQUEST_CREATED|H3B_EXECUTOR_RECEIVED|H3B_DRYRUN_FINISHED|H3B_FINAL_GATE_DECIDED|H3B_PLACE_FINISHED,UNKNOWN,h3bup:na:5c4df182b23c
H3B_PLACE_FINISHED,CAP_BLOCKED,h3bup:na:26ccfcf10d42
H3B_BRIDGE_FETCHED|H3B_EXEC_REQUEST_CREATED|H3B_EXECUTOR_RECEIVED|H3B_DRYRUN_FINISHED|H3B_FINAL_GATE_DECIDED|H3B_PLACE_FINISHED,UNKNOWN,h3bup:na:0dd986b26af4
H3B_BRIDGE_FETCHED|H3B_EXEC_REQUEST_CREATED|H3B_EXECUTOR_RECEIVED|H3B_DRYRUN_FINISHED|H3B_FINAL_GATE_DECIDED|H3B_PLACE_FINISHED,UNKNOWN,h3bup:na:eaa59462c5b6
H3B_BRIDGE_FETCHED|H3B_EXEC_REQUEST_CREATED|H3B_EXECUTOR_RECEIVED|H3B_DRYRUN_FINISHED|H3B_FINAL_GATE_DECIDED|H3B_PLACE_FINISHED,UNKNOWN,h3bup:na:d028c5735506
H3B_BRIDGE_FETCHED|H3B_EXEC_REQUEST_CREATED|H3B_EXECUTOR_RECEIVED|H3B_DRYRUN_FINISHED|H3B_FINAL_GATE_DECIDED|H3B_PLACE_FINISHED,UNKNOWN,h3bup:na:0d06bcc19c6a
H3B_BRIDGE_FETCHED|H3B_EXEC_REQUEST_CREATED|H3B_EXECUTOR_RECEIVED|H3B_DRYRUN_FINISHED|H3B_FINAL_GATE_DECIDED|H3B_PLACE_FINISHED,UNKNOWN,h3bup:na:d25b8b0a0d07
H3B_BRIDGE_FETCHED|H3B_EXEC_REQUEST_CREATED|H3B_EXECUTOR_RECEIVED|H3B_DRYRUN_FINISHED|H3B_FINAL_GATE_DECIDED|H3B_PLACE_FINISHED,UNKNOWN,h3bup:na:2d27f1734652
H3B_BRIDGE_FETCHED|H3B_EXEC_REQUEST_CREATED|H3B_EXECUTOR_RECEIVED|H3B_DRYRUN_FINISHED|H3B_FINAL_GATE_DECIDED|H3B_PLACE_FINISHED,UNKNOWN,h3bup:na:2b43eebba494
H3B_BRIDGE_FETCHED|H3B_EXEC_REQUEST_CREATED|H3B_EXECUTOR_RECEIVED|H3B_DRYRUN_FINISHED|H3B_FINAL_GATE_DECIDED|H3B_PLACE_FINISHED,UNKNOWN,h3bup:na:d320f729c5f2
H3B_BRIDGE_FETCHED|H3B_EXEC_REQUEST_CREATED|H3B_EXECUTOR_RECEIVED|H3B_DRYRUN_FINISHED|H3B_FINAL_GATE_DECIDED|H3B_PLACE_FINISHED,UNKNOWN,h3bup:na:4454048b40f2
H3B_BRIDGE_FETCHED|H3B_EXEC_REQUEST_CREATED|H3B_EXECUTOR_RECEIVED|H3B_DRYRUN_FINISHED|H3B_FINAL_GATE_DECIDED|H3B_PLACE_FINISHED,UNKNOWN,h3bup:na:93321f0b337a
H3B_BRIDGE_FETCHED|H3B_EXEC_REQUEST_CREATED|H3B_EXECUTOR_RECEIVED|H3B_DRYRUN_FINISHED|H3B_FINAL_GATE_DECIDED|H3B_PLACE_FINISHED,UNKNOWN,h3bup:na:609a36acd927
H3B_BRIDGE_FETCHED|H3B_EXEC_REQUEST_CREATED|H3B_EXECUTOR_RECEIVED|H3B_DRYRUN_FINISHED|H3B_FINAL_GATE_DECIDED|H3B_PLACE_FINISHED,UNKNOWN,h3bup:na:282caa7188e4
H3B_BRIDGE_FETCHED|H3B_EXEC_REQUEST_CREATED|H3B_EXECUTOR_RECEIVED|H3B_DRYRUN_FINISHED|H3B_FINAL_GATE_DECIDED|H3B_PLACE_FINISHED,UNKNOWN,h3bup:na:1be6b3bf03f9
H3B_BRIDGE_FETCHED|H3B_EXEC_REQUEST_CREATED|H3B_EXECUTOR_RECEIVED|H3B_DRYRUN_FINISHED|H3B_FINAL_GATE_DECIDED|H3B_PLACE_FINISHED,UNKNOWN,h3bup:na:11e60ba67283
H3B_EXEC_REQUEST_CREATED|H3B_EXECUTOR_RECEIVED|H3B_DRYRUN_FINISHED|H3B_FINAL_GATE_DECIDED|H3B_PLACE_FINISHED,UNKNOWN,h3bup:na:a07e48b87f93
H3B_BRIDGE_FETCHED|H3B_EXEC_REQUEST_CREATED|H3B_EXECUTOR_RECEIVED|H3B_DRYRUN_FINISHED|H3B_FINAL_GATE_DECIDED|H3B_PLACE_FINISHED,UNKNOWN,h3bup:na:fb1ef82d690a
H3B_BRIDGE_FETCHED|H3B_EXEC_REQUEST_CREATED|H3B_EXECUTOR_RECEIVED|H3B_DRYRUN_FINISHED|H3B_FINAL_GATE_DECIDED|H3B_PLACE_FINISHED,UNKNOWN,h3bup:na:40c092989935
H3B_BRIDGE_FETCHED|H3B_EXEC_REQUEST_CREATED|H3B_EXECUTOR_RECEIVED|H3B_DRYRUN_FINISHED|H3B_FINAL_GATE_DECIDED|H3B_PLACE_FINISHED,UNKNOWN,h3bup:na:75c118f11011
H3B_BRIDGE_FETCHED|H3B_EXEC_REQUEST_CREATED|H3B_EXECUTOR_RECEIVED|H3B_DRYRUN_FINISHED|H3B_FINAL_GATE_DECIDED|H3B_PLACE_FINISHED,UNKNOWN,h3bup:na:3bf2c86fe17c
H3B_BRIDGE_FETCHED|H3B_EXEC_REQUEST_CREATED|H3B_EXECUTOR_RECEIVED|H3B_DRYRUN_FINISHED|H3B_FINAL_GATE_DECIDED|H3B_PLACE_FINISHED,UNKNOWN,h3bup:na:f550f7666e3d
H3B_BRIDGE_FETCHED|H3B_EXEC_REQUEST_CREATED|H3B_EXECUTOR_RECEIVED|H3B_DRYRUN_FINISHED|H3B_FINAL_GATE_DECIDED|H3B_PLACE_FINISHED,UNKNOWN,h3bup:na:45728a3d9168
H3B_BRIDGE_FETCHED|H3B_EXEC_REQUEST_CREATED|H3B_EXECUTOR_RECEIVED|H3B_DRYRUN_FINISHED|H3B_FINAL_GATE_DECIDED|H3B_PLACE_FINISHED,UNKNOWN,h3bup:na:1ea22e790049
H3B_EXEC_REQUEST_CREATED|H3B_EXECUTOR_RECEIVED|H3B_DRYRUN_FINISHED|H3B_FINAL_GATE_DECIDED|H3B_PLACE_FINISHED,UNKNOWN,h3bup:na:50c1e3598309
H3B_BRIDGE_FETCHED|H3B_EXEC_REQUEST_CREATED|H3B_EXECUTOR_RECEIVED|H3B_DRYRUN_FINISHED|H3B_FINAL_GATE_DECIDED|H3B_PLACE_FINISHED,UNKNOWN,h3bup:na:7dacc38870f9
H3B_BRIDGE_FETCHED|H3B_EXEC_REQUEST_CREATED|H3B_EXECUTOR_RECEIVED|H3B_DRYRUN_FINISHED|H3B_FINAL_GATE_DECIDED|H3B_PLACE_FINISHED,UNKNOWN,h3bup:na:4d5f8eb97404
H3B_BRIDGE_FETCHED|H3B_EXEC_REQUEST_CREATED|H3B_EXECUTOR_RECEIVED|H3B_DRYRUN_FINISHED|H3B_FINAL_GATE_DECIDED|H3B_PLACE_FINISHED,UNKNOWN,h3bup:na:53ebeb8935c5
H3B_BRIDGE_FETCHED|H3B_EXEC_REQUEST_CREATED|H3B_EXECUTOR_RECEIVED|H3B_DRYRUN_FINISHED|H3B_FINAL_GATE_DECIDED|H3B_PLACE_FINISHED,UNKNOWN,h3bup:na:a01789dbea3d
H3B_BRIDGE_FETCHED|H3B_EXEC_REQUEST_CREATED|H3B_EXECUTOR_RECEIVED|H3B_DRYRUN_FINISHED|H3B_FINAL_GATE_DECIDED|H3B_PLACE_FINISHED,UNKNOWN,h3bup:na:e547a5e92345
H3B_BRIDGE_FETCHED|H3B_EXEC_REQUEST_CREATED|H3B_EXECUTOR_RECEIVED|H3B_DRYRUN_FINISHED|H3B_FINAL_GATE_DECIDED|H3B_PLACE_FINISHED,UNKNOWN,h3bup:na:79b917ab46f4
H3B_BRIDGE_FETCHED|H3B_EXEC_REQUEST_CREATED|H3B_EXECUTOR_RECEIVED|H3B_DRYRUN_FINISHED|H3B_FINAL_GATE_DECIDED|H3B_PLACE_FINISHED,UNKNOWN,h3bup:na:42c7bcba910d
H3B_EXEC_REQUEST_CREATED|H3B_EXECUTOR_RECEIVED|H3B_DRYRUN_FINISHED|H3B_FINAL_GATE_DECIDED|H3B_PLACE_FINISHED,UNKNOWN,h3bup:na:cd7ff9d5d812
H3B_BRIDGE_FETCHED|H3B_EXEC_REQUEST_CREATED|H3B_EXECUTOR_RECEIVED|H3B_DRYRUN_FINISHED|H3B_FINAL_GATE_DECIDED|H3B_PLACE_FINISHED,UNKNOWN,h3bup:na:b21ce0cbeb84
H3B_BRIDGE_FETCHED|H3B_EXEC_REQUEST_CREATED|H3B_EXECUTOR_RECEIVED|H3B_DRYRUN_FINISHED|H3B_FINAL_GATE_DECIDED|H3B_PLACE_FINISHED,UNKNOWN,h3bup:na:c45fca559505
H3B_BRIDGE_FETCHED|H3B_EXEC_REQUEST_CREATED|H3B_EXECUTOR_RECEIVED|H3B_DRYRUN_FINISHED|H3B_FINAL_GATE_DECIDED|H3B_PLACE_FINISHED,UNKNOWN,h3bup:na:b2324fc3a3b6
H3B_BRIDGE_FETCHED|H3B_EXEC_REQUEST_CREATED|H3B_EXECUTOR_RECEIVED|H3B_DRYRUN_FINISHED|H3B_FINAL_GATE_DECIDED|H3B_PLACE_FINISHED,UNKNOWN,h3bup:na:f7f22ab61cca
H3B_BRIDGE_FETCHED|H3B_EXEC_REQUEST_CREATED|H3B_EXECUTOR_RECEIVED|H3B_DRYRUN_FINISHED|H3B_FINAL_GATE_DECIDED|H3B_PLACE_FINISHED,UNKNOWN,h3bup:na:d6c60d02d8a3
H3B_EXEC_REQUEST_CREATED|H3B_EXECUTOR_RECEIVED|H3B_DRYRUN_FINISHED|H3B_FINAL_GATE_DECIDED|H3B_PLACE_FINISHED,UNKNOWN,h3bup:na:2fd7f7e15257
H3B_BRIDGE_FETCHED|H3B_EXEC_REQUEST_CREATED|H3B_EXECUTOR_RECEIVED|H3B_DRYRUN_FINISHED|H3B_FINAL_GATE_DECIDED|H3B_PLACE_FINISHED,UNKNOWN,h3bup:na:e7d941d5704d
H3B_BRIDGE_FETCHED|H3B_EXEC_REQUEST_CREATED|H3B_EXECUTOR_RECEIVED|H3B_DRYRUN_FINISHED|H3B_FINAL_GATE_DECIDED|H3B_PLACE_FINISHED,UNKNOWN,h3bup:na:6a3237213445
H3B_EXEC_REQUEST_CREATED|H3B_EXECUTOR_RECEIVED|H3B_DRYRUN_FINISHED|H3B_FINAL_GATE_DECIDED|H3B_PLACE_FINISHED,UNKNOWN,h3bup:na:1925fd64b5c0
H3B_EXEC_REQUEST_CREATED|H3B_EXECUTOR_RECEIVED|H3B_DRYRUN_FINISHED|H3B_FINAL_GATE_DECIDED|H3B_PLACE_FINISHED,UNKNOWN,h3bup:na:aa27cdec5b88
H3B_EXEC_REQUEST_CREATED|H3B_EXECUTOR_RECEIVED|H3B_DRYRUN_FINISHED|H3B_FINAL_GATE_DECIDED|H3B_PLACE_FINISHED,UNKNOWN,h3bup:na:41e9bd8ca89c
H3B_BRIDGE_FETCHED|H3B_EXEC_REQUEST_CREATED|H3B_EXECUTOR_RECEIVED|H3B_DRYRUN_FINISHED|H3B_FINAL_GATE_DECIDED|H3B_PLACE_FINISHED,UNKNOWN,h3bup:na:d25927400da6
H3B_BRIDGE_FETCHED|H3B_EXEC_REQUEST_CREATED|H3B_EXECUTOR_RECEIVED|H3B_DRYRUN_FINISHED|H3B_FINAL_GATE_DECIDED|H3B_PLACE_FINISHED,UNKNOWN,h3bup:na:d54ef23e3746
H3B_BRIDGE_FETCHED|H3B_EXEC_REQUEST_CREATED|H3B_EXECUTOR_RECEIVED|H3B_DRYRUN_FINISHED|H3B_FINAL_GATE_DECIDED|H3B_PLACE_FINISHED,UNKNOWN,h3bup:na:4b626dc5ae0b
H3B_BRIDGE_FETCHED|H3B_EXEC_REQUEST_CREATED|H3B_EXECUTOR_RECEIVED|H3B_DRYRUN_FINISHED|H3B_FINAL_GATE_DECIDED|H3B_PLACE_FINISHED,UNKNOWN,h3bup:na:a206ecb62ba4
H3B_EXEC_REQUEST_CREATED|H3B_EXECUTOR_RECEIVED|H3B_DRYRUN_FINISHED|H3B_FINAL_GATE_DECIDED|H3B_PLACE_FINISHED,UNKNOWN,h3bup:na:d05822821dfc
H3B_BRIDGE_FETCHED|H3B_EXEC_REQUEST_CREATED|H3B_EXECUTOR_RECEIVED|H3B_DRYRUN_FINISHED|H3B_FINAL_GATE_DECIDED|H3B_PLACE_FINISHED,UNKNOWN,h3bup:na:02388e63b74c
H3B_BRIDGE_FETCHED|H3B_EXEC_REQUEST_CREATED|H3B_EXECUTOR_RECEIVED|H3B_DRYRUN_FINISHED|H3B_FINAL_GATE_DECIDED|H3B_PLACE_FINISHED,UNKNOWN,h3bup:na:28978556507f
H3B_BRIDGE_FETCHED|H3B_EXEC_REQUEST_CREATED|H3B_EXECUTOR_RECEIVED|H3B_DRYRUN_FINISHED|H3B_FINAL_GATE_DECIDED|H3B_PLACE_FINISHED,UNKNOWN,h3bup:na:78e271f23b61
H3B_BRIDGE_FETCHED|H3B_EXEC_REQUEST_CREATED|H3B_EXECUTOR_RECEIVED|H3B_DRYRUN_FINISHED|H3B_FINAL_GATE_DECIDED|H3B_PLACE_FINISHED,UNKNOWN,h3bup:na:e458b2a2e79c
H3B_BRIDGE_FETCHED|H3B_EXEC_REQUEST_CREATED|H3B_EXECUTOR_RECEIVED|H3B_DRYRUN_FINISHED|H3B_FINAL_GATE_DECIDED|H3B_PLACE_FINISHED,UNKNOWN,h3bup:na:2b68b5a24f4c
H3B_BRIDGE_FETCHED|H3B_EXEC_REQUEST_CREATED|H3B_EXECUTOR_RECEIVED|H3B_DRYRUN_FINISHED|H3B_FINAL_GATE_DECIDED|H3B_PLACE_FINISHED,UNKNOWN,h3bup:na:487f2074791e
H3B_BRIDGE_FETCHED|H3B_EXEC_REQUEST_CREATED|H3B_EXECUTOR_RECEIVED|H3B_DRYRUN_FINISHED|H3B_FINAL_GATE_DECIDED|H3B_PLACE_FINISHED,UNKNOWN,h3bup:na:16fb9d7b07cc
H3B_BRIDGE_FETCHED|H3B_EXEC_REQUEST_CREATED|H3B_EXECUTOR_RECEIVED|H3B_DRYRUN_FINISHED|H3B_FINAL_GATE_DECIDED|H3B_PLACE_FINISHED,UNKNOWN,h3bup:na:f8438ed85ec0
H3B_BRIDGE_FETCHED|H3B_EXEC_REQUEST_CREATED|H3B_EXECUTOR_RECEIVED|H3B_DRYRUN_FINISHED|H3B_FINAL_GATE_DECIDED|H3B_PLACE_FINISHED,UNKNOWN,h3bup:na:e1f0aeb09a2e
H3B_BRIDGE_FETCHED|H3B_EXEC_REQUEST_CREATED|H3B_EXECUTOR_RECEIVED|H3B_DRYRUN_FINISHED|H3B_FINAL_GATE_DECIDED|H3B_PLACE_FINISHED,UNKNOWN,h3bup:na:cf706da582d3
H3B_BRIDGE_FETCHED|H3B_EXEC_REQUEST_CREATED|H3B_EXECUTOR_RECEIVED|H3B_DRYRUN_FINISHED|H3B_FINAL_GATE_DECIDED|H3B_PLACE_FINISHED,UNKNOWN,h3bup:na:96dd05779e2a
H3B_BRIDGE_FETCHED|H3B_EXEC_REQUEST_CREATED|H3B_EXECUTOR_RECEIVED|H3B_DRYRUN_FINISHED|H3B_FINAL_GATE_DECIDED|H3B_PLACE_FINISHED,UNKNOWN,h3bup:na:bf27c511d3e5
H3B_EXEC_REQUEST_CREATED|H3B_EXECUTOR_RECEIVED|H3B_DRYRUN_FINISHED|H3B_FINAL_GATE_DECIDED|H3B_PLACE_FINISHED,UNKNOWN,h3bup:na:314bd8413bc2
H3B_BRIDGE_FETCHED|H3B_EXEC_REQUEST_CREATED|H3B_EXECUTOR_RECEIVED|H3B_DRYRUN_FINISHED|H3B_FINAL_GATE_DECIDED|H3B_PLACE_FINISHED,UNKNOWN,h3bup:na:7b6ca0bb1fe4
H3B_BRIDGE_FETCHED|H3B_EXEC_REQUEST_CREATED|H3B_EXECUTOR_RECEIVED|H3B_DRYRUN_FINISHED|H3B_FINAL_GATE_DECIDED|H3B_PLACE_FINISHED,UNKNOWN,h3bup:na:ee48f24548c2
H3B_BRIDGE_FETCHED|H3B_EXEC_REQUEST_CREATED|H3B_EXECUTOR_RECEIVED|H3B_DRYRUN_FINISHED|H3B_FINAL_GATE_DECIDED|H3B_PLACE_FINISHED,UNKNOWN,h3bup:na:df61aeeed2d5
H3B_BRIDGE_FETCHED|H3B_EXEC_REQUEST_CREATED|H3B_EXECUTOR_RECEIVED|H3B_DRYRUN_FINISHED|H3B_FINAL_GATE_DECIDED|H3B_PLACE_FINISHED,UNKNOWN,h3bup:na:db704ba27e0b
H3B_BRIDGE_FETCHED|H3B_EXEC_REQUEST_CREATED|H3B_EXECUTOR_RECEIVED|H3B_DRYRUN_FINISHED|H3B_FINAL_GATE_DECIDED|H3B_PLACE_FINISHED,UNKNOWN,h3bup:na:e290a9d4d658
H3B_BRIDGE_FETCHED|H3B_EXEC_REQUEST_CREATED|H3B_EXECUTOR_RECEIVED|H3B_DRYRUN_FINISHED|H3B_FINAL_GATE_DECIDED|H3B_PLACE_FINISHED,UNKNOWN,h3bup:na:ae63f6d07054
H3B_BRIDGE_FETCHED|H3B_EXEC_REQUEST_CREATED|H3B_EXECUTOR_RECEIVED|H3B_DRYRUN_FINISHED|H3B_FINAL_GATE_DECIDED|H3B_PLACE_FINISHED,UNKNOWN,h3bup:na:eeb78e4dd5a4
H3B_BRIDGE_FETCHED|H3B_EXEC_REQUEST_CREATED|H3B_EXECUTOR_RECEIVED|H3B_DRYRUN_FINISHED|H3B_FINAL_GATE_DECIDED|H3B_PLACE_FINISHED,UNKNOWN,h3bup:na:5a9ca8797f2b
H3B_BRIDGE_FETCHED|H3B_EXEC_REQUEST_CREATED|H3B_EXECUTOR_RECEIVED|H3B_DRYRUN_FINISHED|H3B_FINAL_GATE_DECIDED|H3B_PLACE_FINISHED,UNKNOWN,h3bup:na:e3bc24ccd4e1
H3B_BRIDGE_FETCHED|H3B_EXEC_REQUEST_CREATED|H3B_EXECUTOR_RECEIVED|H3B_DRYRUN_FINISHED|H3B_FINAL_GATE_DECIDED|H3B_PLACE_FINISHED,UNKNOWN,h3bup:na:75527a1b44c8
H3B_BRIDGE_FETCHED|H3B_EXEC_REQUEST_CREATED|H3B_EXECUTOR_RECEIVED|H3B_DRYRUN_FINISHED|H3B_FINAL_GATE_DECIDED|H3B_PLACE_FINISHED,UNKNOWN,h3bup:na:d3ea15716a58
H3B_EXEC_REQUEST_CREATED|H3B_EXECUTOR_RECEIVED|H3B_DRYRUN_FINISHED|H3B_FINAL_GATE_DECIDED|H3B_PLACE_FINISHED,UNKNOWN,h3bup:na:7fa29bdb74af
H3B_BRIDGE_FETCHED|H3B_EXEC_REQUEST_CREATED|H3B_EXECUTOR_RECEIVED|H3B_DRYRUN_FINISHED|H3B_FINAL_GATE_DECIDED|H3B_PLACE_FINISHED,UNKNOWN,h3bup:na:f1313ce437f7
H3B_EXEC_REQUEST_CREATED|H3B_EXECUTOR_RECEIVED|H3B_DRYRUN_FINISHED|H3B_FINAL_GATE_DECIDED|H3B_PLACE_FINISHED,UNKNOWN,h3bup:na:4b051d66ed48
H3B_BRIDGE_FETCHED|H3B_EXEC_REQUEST_CREATED|H3B_EXECUTOR_RECEIVED|H3B_DRYRUN_FINISHED|H3B_FINAL_GATE_DECIDED|H3B_PLACE_FINISHED,UNKNOWN,h3bup:na:5b5005f655e8
H3B_BRIDGE_FETCHED|H3B_EXEC_REQUEST_CREATED|H3B_EXECUTOR_RECEIVED|H3B_DRYRUN_FINISHED|H3B_FINAL_GATE_DECIDED|H3B_PLACE_FINISHED,UNKNOWN,h3bup:na:5545d1171e92
H3B_BRIDGE_FETCHED|H3B_EXEC_REQUEST_CREATED|H3B_EXECUTOR_RECEIVED|H3B_DRYRUN_FINISHED|H3B_FINAL_GATE_DECIDED|H3B_PLACE_FINISHED,UNKNOWN,h3bup:na:0c517911e5d1
H3B_BRIDGE_FETCHED|H3B_EXEC_REQUEST_CREATED|H3B_EXECUTOR_RECEIVED|H3B_DRYRUN_FINISHED|H3B_FINAL_GATE_DECIDED|H3B_PLACE_FINISHED,UNKNOWN,h3bup:na:4822527c9d5b
H3B_BRIDGE_FETCHED|H3B_EXEC_REQUEST_CREATED|H3B_EXECUTOR_RECEIVED|H3B_DRYRUN_FINISHED|H3B_FINAL_GATE_DECIDED|H3B_PLACE_FINISHED,UNKNOWN,h3bup:na:2e4677b92447
H3B_BRIDGE_FETCHED|H3B_EXEC_REQUEST_CREATED|H3B_EXECUTOR_RECEIVED|H3B_DRYRUN_FINISHED|H3B_FINAL_GATE_DECIDED|H3B_PLACE_FINISHED,UNKNOWN,h3bup:na:78f386d58bad
H3B_EXEC_REQUEST_CREATED|H3B_EXECUTOR_RECEIVED|H3B_DRYRUN_FINISHED|H3B_FINAL_GATE_DECIDED|H3B_PLACE_FINISHED,UNKNOWN,h3bup:na:4278d1c43b5a
H3B_BRIDGE_FETCHED|H3B_EXEC_REQUEST_CREATED|H3B_EXECUTOR_RECEIVED|H3B_DRYRUN_FINISHED|H3B_FINAL_GATE_DECIDED|H3B_PLACE_FINISHED,UNKNOWN,h3bup:na:9955ac7112a7
H3B_BRIDGE_FETCHED|H3B_EXEC_REQUEST_CREATED|H3B_EXECUTOR_RECEIVED|H3B_DRYRUN_FINISHED|H3B_FINAL_GATE_DECIDED|H3B_PLACE_FINISHED,UNKNOWN,h3bup:na:b521852750d5
H3B_BRIDGE_FETCHED|H3B_EXEC_REQUEST_CREATED|H3B_EXECUTOR_RECEIVED|H3B_DRYRUN_FINISHED|H3B_FINAL_GATE_DECIDED|H3B_PLACE_FINISHED,UNKNOWN,h3bup:na:90755a92f905
H3B_BRIDGE_FETCHED|H3B_EXEC_REQUEST_CREATED|H3B_EXECUTOR_RECEIVED|H3B_DRYRUN_FINISHED|H3B_FINAL_GATE_DECIDED|H3B_PLACE_FINISHED,UNKNOWN,h3bup:na:fca74bd50d14
H3B_BRIDGE_FETCHED|H3B_EXEC_REQUEST_CREATED|H3B_EXECUTOR_RECEIVED|H3B_DRYRUN_FINISHED|H3B_FINAL_GATE_DECIDED|H3B_PLACE_FINISHED,UNKNOWN,h3bup:na:d8e85598c841
H3B_EXEC_REQUEST_CREATED|H3B_EXECUTOR_RECEIVED|H3B_DRYRUN_FINISHED|H3B_FINAL_GATE_DECIDED|H3B_PLACE_FINISHED,UNKNOWN,h3bup:na:2b3b3940ccb3
H3B_EXEC_REQUEST_CREATED|H3B_EXECUTOR_RECEIVED|H3B_DRYRUN_FINISHED|H3B_FINAL_GATE_DECIDED|H3B_PLACE_FINISHED,UNKNOWN,h3bup:na:88321f4e73c2
H3B_BRIDGE_FETCHED|H3B_EXEC_REQUEST_CREATED|H3B_EXECUTOR_RECEIVED|H3B_DRYRUN_FINISHED|H3B_FINAL_GATE_DECIDED|H3B_PLACE_FINISHED,UNKNOWN,h3bup:na:7e391eaf6b3c
H3B_BRIDGE_FETCHED|H3B_EXEC_REQUEST_CREATED|H3B_EXECUTOR_RECEIVED|H3B_DRYRUN_FINISHED|H3B_FINAL_GATE_DECIDED|H3B_PLACE_FINISHED,UNKNOWN,h3bup:na:4e1158e5706d
H3B_BRIDGE_FETCHED|H3B_EXEC_REQUEST_CREATED|H3B_EXECUTOR_RECEIVED|H3B_DRYRUN_FINISHED|H3B_FINAL_GATE_DECIDED|H3B_PLACE_FINISHED,UNKNOWN,h3bup:na:c6b0a10f37af
H3B_BRIDGE_FETCHED|H3B_EXEC_REQUEST_CREATED|H3B_EXECUTOR_RECEIVED|H3B_DRYRUN_FINISHED|H3B_FINAL_GATE_DECIDED|H3B_PLACE_FINISHED,UNKNOWN,h3bup:na:bb07d92f6706
H3B_BRIDGE_FETCHED|H3B_EXEC_REQUEST_CREATED|H3B_EXECUTOR_RECEIVED|H3B_DRYRUN_FINISHED|H3B_FINAL_GATE_DECIDED|H3B_PLACE_FINISHED,UNKNOWN,h3bup:na:70ca825a26e9
H3B_BRIDGE_FETCHED|H3B_EXEC_REQUEST_CREATED|H3B_EXECUTOR_RECEIVED|H3B_DRYRUN_FINISHED|H3B_FINAL_GATE_DECIDED|H3B_PLACE_FINISHED,UNKNOWN,h3bup:na:a90653520ca6
H3B_BRIDGE_FETCHED|H3B_EXEC_REQUEST_CREATED|H3B_EXECUTOR_RECEIVED|H3B_DRYRUN_FINISHED|H3B_FINAL_GATE_DECIDED|H3B_PLACE_FINISHED,UNKNOWN,h3bup:na:452773ccd4dc
H3B_BRIDGE_FETCHED|H3B_EXEC_REQUEST_CREATED|H3B_EXECUTOR_RECEIVED|H3B_DRYRUN_FINISHED|H3B_FINAL_GATE_DECIDED|H3B_PLACE_FINISHED,UNKNOWN,h3bup:na:b7840d5daced
H3B_BRIDGE_FETCHED|H3B_EXEC_REQUEST_CREATED|H3B_EXECUTOR_RECEIVED|H3B_DRYRUN_FINISHED|H3B_FINAL_GATE_DECIDED|H3B_PLACE_FINISHED,UNKNOWN,h3bup:na:fb9ac4836357
H3B_BRIDGE_FETCHED|H3B_EXEC_REQUEST_CREATED|H3B_EXECUTOR_RECEIVED|H3B_DRYRUN_FINISHED|H3B_FINAL_GATE_DECIDED|H3B_PLACE_FINISHED,UNKNOWN,h3bup:na:d681d734f386
H3B_BRIDGE_FETCHED|H3B_EXEC_REQUEST_CREATED|H3B_EXECUTOR_RECEIVED|H3B_DRYRUN_FINISHED|H3B_FINAL_GATE_DECIDED|H3B_PLACE_FINISHED,UNKNOWN,h3bup:na:1703f647371d
H3B_BRIDGE_FETCHED|H3B_EXEC_REQUEST_CREATED|H3B_EXECUTOR_RECEIVED|H3B_DRYRUN_FINISHED|H3B_FINAL_GATE_DECIDED|H3B_PLACE_FINISHED,UNKNOWN,h3bup:na:60b9abedb90a
H3B_BRIDGE_FETCHED|H3B_EXEC_REQUEST_CREATED|H3B_EXECUTOR_RECEIVED|H3B_DRYRUN_FINISHED|H3B_FINAL_GATE_DECIDED|H3B_PLACE_FINISHED,UNKNOWN,h3bup:na:3271b25dfbe8
H3B_EXEC_REQUEST_CREATED|H3B_EXECUTOR_RECEIVED|H3B_DRYRUN_FINISHED|H3B_FINAL_GATE_DECIDED|H3B_PLACE_FINISHED,UNKNOWN,h3bup:na:9e0e290980e1
H3B_EXEC_REQUEST_CREATED|H3B_EXECUTOR_RECEIVED|H3B_DRYRUN_FINISHED|H3B_FINAL_GATE_DECIDED|H3B_PLACE_FINISHED,UNKNOWN,h3bup:na:a140faf3405e
H3B_BRIDGE_FETCHED|H3B_EXEC_REQUEST_CREATED|H3B_EXECUTOR_RECEIVED|H3B_DRYRUN_FINISHED|H3B_FINAL_GATE_DECIDED|H3B_PLACE_FINISHED,UNKNOWN,h3bup:na:d9ae0eae2aaf
H3B_BRIDGE_FETCHED|H3B_EXEC_REQUEST_CREATED|H3B_EXECUTOR_RECEIVED|H3B_DRYRUN_FINISHED|H3B_FINAL_GATE_DECIDED|H3B_PLACE_FINISHED,UNKNOWN,h3bup:na:b4fb213685d8
H3B_BRIDGE_FETCHED|H3B_EXEC_REQUEST_CREATED|H3B_EXECUTOR_RECEIVED|H3B_DRYRUN_FINISHED|H3B_FINAL_GATE_DECIDED|H3B_PLACE_FINISHED,UNKNOWN,h3bup:na:55792c1d334f
H3B_BRIDGE_FETCHED|H3B_EXEC_REQUEST_CREATED|H3B_EXECUTOR_RECEIVED|H3B_DRYRUN_FINISHED|H3B_FINAL_GATE_DECIDED|H3B_PLACE_FINISHED,UNKNOWN,h3bup:na:a96fb9f08635
H3B_BRIDGE_FETCHED|H3B_EXEC_REQUEST_CREATED|H3B_EXECUTOR_RECEIVED|H3B_DRYRUN_FINISHED|H3B_FINAL_GATE_DECIDED|H3B_PLACE_FINISHED,UNKNOWN,h3bup:na:9f060ab70fb5
H3B_BRIDGE_FETCHED|H3B_EXEC_REQUEST_CREATED|H3B_EXECUTOR_RECEIVED|H3B_DRYRUN_FINISHED|H3B_FINAL_GATE_DECIDED|H3B_PLACE_FINISHED,UNKNOWN,h3bup:na:2caaa0aaa664
H3B_BRIDGE_FETCHED|H3B_EXEC_REQUEST_CREATED|H3B_EXECUTOR_RECEIVED|H3B_DRYRUN_FINISHED|H3B_FINAL_GATE_DECIDED|H3B_PLACE_FINISHED,UNKNOWN,h3bup:na:ccd6f3f4c602
H3B_BRIDGE_FETCHED|H3B_EXEC_REQUEST_CREATED|H3B_EXECUTOR_RECEIVED|H3B_DRYRUN_FINISHED|H3B_FINAL_GATE_DECIDED|H3B_PLACE_FINISHED,UNKNOWN,h3bup:na:bea2cf19eeb1
H3B_EXEC_REQUEST_CREATED|H3B_EXECUTOR_RECEIVED|H3B_DRYRUN_FINISHED|H3B_FINAL_GATE_DECIDED|H3B_PLACE_FINISHED,UNKNOWN,h3bup:na:5b62975fd2c1
H3B_BRIDGE_FETCHED|H3B_EXEC_REQUEST_CREATED|H3B_EXECUTOR_RECEIVED|H3B_DRYRUN_FINISHED|H3B_FINAL_GATE_DECIDED|H3B_PLACE_FINISHED,UNKNOWN,h3bup:na:8f7323ec8c22
H3B_EXEC_REQUEST_CREATED|H3B_EXECUTOR_RECEIVED|H3B_DRYRUN_FINISHED|H3B_FINAL_GATE_DECIDED|H3B_PLACE_FINISHED,UNKNOWN,h3bup:na:79913899161f
H3B_EXEC_REQUEST_CREATED|H3B_EXECUTOR_RECEIVED|H3B_DRYRUN_FINISHED|H3B_FINAL_GATE_DECIDED|H3B_PLACE_FINISHED,UNKNOWN,h3bup:na:f539d06c2e60
H3B_BRIDGE_FETCHED|H3B_EXEC_REQUEST_CREATED|H3B_EXECUTOR_RECEIVED|H3B_DRYRUN_FINISHED|H3B_FINAL_GATE_DECIDED|H3B_PLACE_FINISHED,UNKNOWN,h3bup:na:2e36bcbbee11
H3B_BRIDGE_FETCHED|H3B_EXEC_REQUEST_CREATED|H3B_EXECUTOR_RECEIVED|H3B_DRYRUN_FINISHED|H3B_FINAL_GATE_DECIDED|H3B_PLACE_FINISHED,UNKNOWN,h3bup:na:595a96fb0a23
H3B_BRIDGE_FETCHED|H3B_EXEC_REQUEST_CREATED|H3B_EXECUTOR_RECEIVED|H3B_DRYRUN_FINISHED|H3B_FINAL_GATE_DECIDED|H3B_PLACE_FINISHED,UNKNOWN,h3bup:na:faecfc1d392e
H3B_BRIDGE_FETCHED|H3B_EXEC_REQUEST_CREATED|H3B_EXECUTOR_RECEIVED|H3B_DRYRUN_FINISHED|H3B_FINAL_GATE_DECIDED|H3B_PLACE_FINISHED,UNKNOWN,h3bup:na:b92e13d7536c
H3B_BRIDGE_FETCHED|H3B_EXEC_REQUEST_CREATED|H3B_EXECUTOR_RECEIVED|H3B_DRYRUN_FINISHED|H3B_FINAL_GATE_DECIDED|H3B_PLACE_FINISHED,UNKNOWN,h3bup:na:c628df3f218b
H3B_BRIDGE_FETCHED|H3B_EXEC_REQUEST_CREATED|H3B_EXECUTOR_RECEIVED|H3B_DRYRUN_FINISHED|H3B_FINAL_GATE_DECIDED|H3B_PLACE_FINISHED,UNKNOWN,h3bup:na:7d1e19751dae
H3B_EXEC_REQUEST_CREATED|H3B_EXECUTOR_RECEIVED|H3B_DRYRUN_FINISHED|H3B_FINAL_GATE_DECIDED|H3B_PLACE_FINISHED,UNKNOWN,h3bup:na:71169bcae68e
H3B_BRIDGE_FETCHED|H3B_EXEC_REQUEST_CREATED|H3B_EXECUTOR_RECEIVED|H3B_DRYRUN_FINISHED|H3B_FINAL_GATE_DECIDED|H3B_PLACE_FINISHED,UNKNOWN,h3bup:na:818a216c702b
H3B_EXEC_REQUEST_CREATED|H3B_EXECUTOR_RECEIVED|H3B_DRYRUN_FINISHED|H3B_FINAL_GATE_DECIDED|H3B_PLACE_FINISHED,UNKNOWN,h3bup:na:d9df58eb43f5
H3B_BRIDGE_FETCHED|H3B_EXEC_REQUEST_CREATED|H3B_EXECUTOR_RECEIVED|H3B_DRYRUN_FINISHED|H3B_FINAL_GATE_DECIDED|H3B_PLACE_FINISHED,UNKNOWN,h3bup:na:29594a640b83
H3B_BRIDGE_FETCHED|H3B_EXEC_REQUEST_CREATED|H3B_EXECUTOR_RECEIVED|H3B_DRYRUN_FINISHED|H3B_FINAL_GATE_DECIDED|H3B_PLACE_FINISHED,UNKNOWN,h3bup:na:add49e487749
H3B_BRIDGE_FETCHED|H3B_EXEC_REQUEST_CREATED|H3B_EXECUTOR_RECEIVED|H3B_DRYRUN_FINISHED|H3B_FINAL_GATE_DECIDED|H3B_PLACE_FINISHED,UNKNOWN,h3bup:na:0b9e48ce09ca
H3B_BRIDGE_FETCHED|H3B_EXEC_REQUEST_CREATED|H3B_EXECUTOR_RECEIVED|H3B_DRYRUN_FINISHED|H3B_FINAL_GATE_DECIDED|H3B_PLACE_FINISHED,UNKNOWN,h3bup:na:e269cd3d8bc0
H3B_BRIDGE_FETCHED|H3B_EXEC_REQUEST_CREATED|H3B_EXECUTOR_RECEIVED|H3B_DRYRUN_FINISHED|H3B_FINAL_GATE_DECIDED|H3B_PLACE_FINISHED,UNKNOWN,h3bup:na:f2e55ff45586
H3B_BRIDGE_FETCHED|H3B_EXEC_REQUEST_CREATED|H3B_EXECUTOR_RECEIVED|H3B_DRYRUN_FINISHED|H3B_FINAL_GATE_DECIDED|H3B_PLACE_FINISHED,UNKNOWN,h3bup:na:ba8e0ccfc755
H3B_BRIDGE_FETCHED|H3B_EXEC_REQUEST_CREATED|H3B_EXECUTOR_RECEIVED|H3B_DRYRUN_FINISHED|H3B_FINAL_GATE_DECIDED|H3B_PLACE_FINISHED,UNKNOWN,h3bup:na:14b053cc5cb6
H3B_BRIDGE_FETCHED|H3B_EXEC_REQUEST_CREATED|H3B_EXECUTOR_RECEIVED|H3B_DRYRUN_FINISHED|H3B_FINAL_GATE_DECIDED|H3B_PLACE_FINISHED,UNKNOWN,h3bup:na:82ffb478185a
H3B_EXEC_REQUEST_CREATED|H3B_EXECUTOR_RECEIVED|H3B_DRYRUN_FINISHED|H3B_FINAL_GATE_DECIDED|H3B_PLACE_FINISHED,UNKNOWN,h3bup:na:9c6a41f0c88d
H3B_BRIDGE_FETCHED|H3B_EXEC_REQUEST_CREATED|H3B_EXECUTOR_RECEIVED|H3B_DRYRUN_FINISHED|H3B_FINAL_GATE_DECIDED|H3B_PLACE_FINISHED,UNKNOWN,h3bup:na:e4dafabca80c
H3B_BRIDGE_FETCHED|H3B_EXEC_REQUEST_CREATED|H3B_EXECUTOR_RECEIVED|H3B_DRYRUN_FINISHED|H3B_FINAL_GATE_DECIDED|H3B_PLACE_FINISHED,UNKNOWN,h3bup:na:57b5bdc79d06
H3B_BRIDGE_FETCHED|H3B_EXEC_REQUEST_CREATED|H3B_EXECUTOR_RECEIVED|H3B_DRYRUN_FINISHED|H3B_FINAL_GATE_DECIDED|H3B_PLACE_FINISHED,UNKNOWN,h3bup:na:6158fea752fb
H3B_BRIDGE_FETCHED|H3B_EXEC_REQUEST_CREATED|H3B_EXECUTOR_RECEIVED|H3B_DRYRUN_FINISHED|H3B_FINAL_GATE_DECIDED|H3B_PLACE_FINISHED,UNKNOWN,h3bup:na:d886e8d7426a
H3B_BRIDGE_FETCHED|H3B_EXEC_REQUEST_CREATED|H3B_EXECUTOR_RECEIVED|H3B_DRYRUN_FINISHED|H3B_FINAL_GATE_DECIDED|H3B_PLACE_FINISHED,UNKNOWN,h3bup:na:e61ce0364379
H3B_BRIDGE_FETCHED|H3B_EXEC_REQUEST_CREATED|H3B_EXECUTOR_RECEIVED|H3B_DRYRUN_FINISHED|H3B_FINAL_GATE_DECIDED|H3B_PLACE_FINISHED,UNKNOWN,h3bup:na:2fa36db7e97a
H3B_BRIDGE_FETCHED|H3B_EXEC_REQUEST_CREATED|H3B_EXECUTOR_RECEIVED|H3B_DRYRUN_FINISHED|H3B_FINAL_GATE_DECIDED|H3B_PLACE_FINISHED,UNKNOWN,h3bup:na:201bebd396fa
H3B_BRIDGE_FETCHED|H3B_EXEC_REQUEST_CREATED|H3B_EXECUTOR_RECEIVED|H3B_DRYRUN_FINISHED|H3B_FINAL_GATE_DECIDED|H3B_PLACE_FINISHED,UNKNOWN,h3bup:na:59136afdde05
H3B_EXEC_REQUEST_CREATED|H3B_EXECUTOR_RECEIVED|H3B_DRYRUN_FINISHED|H3B_FINAL_GATE_DECIDED|H3B_PLACE_FINISHED,UNKNOWN,h3bup:na:b7fbd8f3bf01
H3B_BRIDGE_FETCHED|H3B_EXEC_REQUEST_CREATED|H3B_EXECUTOR_RECEIVED|H3B_DRYRUN_FINISHED|H3B_FINAL_GATE_DECIDED|H3B_PLACE_FINISHED,UNKNOWN,h3bup:na:fb808480418e
H3B_BRIDGE_FETCHED|H3B_EXEC_REQUEST_CREATED|H3B_EXECUTOR_RECEIVED|H3B_DRYRUN_FINISHED|H3B_FINAL_GATE_DECIDED|H3B_PLACE_FINISHED,UNKNOWN,h3bup:na:3b4b6071e551
H3B_BRIDGE_FETCHED|H3B_EXEC_REQUEST_CREATED|H3B_EXECUTOR_RECEIVED|H3B_DRYRUN_FINISHED|H3B_FINAL_GATE_DECIDED|H3B_PLACE_FINISHED,UNKNOWN,h3bup:na:5ebe09c30f9e
H3B_BRIDGE_FETCHED|H3B_EXEC_REQUEST_CREATED|H3B_EXECUTOR_RECEIVED|H3B_DRYRUN_FINISHED|H3B_FINAL_GATE_DECIDED|H3B_PLACE_FINISHED,UNKNOWN,h3bup:na:df81702c174c
H3B_BRIDGE_FETCHED|H3B_EXEC_REQUEST_CREATED|H3B_EXECUTOR_RECEIVED|H3B_DRYRUN_FINISHED|H3B_FINAL_GATE_DECIDED|H3B_PLACE_FINISHED,UNKNOWN,h3bup:na:b83d8cb37835
H3B_BRIDGE_FETCHED|H3B_EXEC_REQUEST_CREATED|H3B_EXECUTOR_RECEIVED|H3B_DRYRUN_FINISHED|H3B_FINAL_GATE_DECIDED|H3B_PLACE_FINISHED,UNKNOWN,h3bup:na:c4429ceba501
H3B_BRIDGE_FETCHED|H3B_EXEC_REQUEST_CREATED|H3B_EXECUTOR_RECEIVED|H3B_DRYRUN_FINISHED|H3B_FINAL_GATE_DECIDED|H3B_PLACE_FINISHED,UNKNOWN,h3bup:na:c3ae17469b2f
H3B_EXEC_REQUEST_CREATED|H3B_EXECUTOR_RECEIVED|H3B_DRYRUN_FINISHED|H3B_FINAL_GATE_DECIDED|H3B_PLACE_FINISHED,UNKNOWN,h3bup:na:e59fe2d4d463
H3B_EXEC_REQUEST_CREATED|H3B_EXECUTOR_RECEIVED|H3B_DRYRUN_FINISHED|H3B_FINAL_GATE_DECIDED|H3B_PLACE_FINISHED,UNKNOWN,h3bup:na:514587070a7d
H3B_BRIDGE_FETCHED|H3B_EXEC_REQUEST_CREATED|H3B_EXECUTOR_RECEIVED|H3B_DRYRUN_FINISHED|H3B_FINAL_GATE_DECIDED|H3B_PLACE_FINISHED,UNKNOWN,h3bup:na:e0d74f0fb6aa
H3B_BRIDGE_FETCHED|H3B_EXEC_REQUEST_CREATED|H3B_EXECUTOR_RECEIVED|H3B_DRYRUN_FINISHED|H3B_FINAL_GATE_DECIDED|H3B_PLACE_FINISHED,UNKNOWN,h3bup:na:46ad131aaf8b
H3B_BRIDGE_FETCHED|H3B_EXEC_REQUEST_CREATED|H3B_EXECUTOR_RECEIVED|H3B_DRYRUN_FINISHED|H3B_FINAL_GATE_DECIDED|H3B_PLACE_FINISHED,UNKNOWN,h3bup:na:2754ec76ba02
H3B_EXEC_REQUEST_CREATED|H3B_EXECUTOR_RECEIVED|H3B_DRYRUN_FINISHED|H3B_FINAL_GATE_DECIDED|H3B_PLACE_FINISHED,UNKNOWN,h3bup:na:2d33fd06ce7a
H3B_EXEC_REQUEST_CREATED|H3B_EXECUTOR_RECEIVED|H3B_DRYRUN_FINISHED|H3B_FINAL_GATE_DECIDED|H3B_PLACE_FINISHED,UNKNOWN,h3bup:na:4da5cb1f154c
H3B_EXEC_REQUEST_CREATED|H3B_EXECUTOR_RECEIVED|H3B_DRYRUN_FINISHED|H3B_FINAL_GATE_DECIDED|H3B_PLACE_FINISHED,UNKNOWN,h3bup:na:772e17db99a0
H3B_BRIDGE_FETCHED|H3B_EXEC_REQUEST_CREATED|H3B_EXECUTOR_RECEIVED|H3B_DRYRUN_FINISHED|H3B_FINAL_GATE_DECIDED|H3B_PLACE_FINISHED,UNKNOWN,h3bup:na:826648fa0a27
H3B_BRIDGE_FETCHED|H3B_EXEC_REQUEST_CREATED|H3B_EXECUTOR_RECEIVED|H3B_DRYRUN_FINISHED|H3B_FINAL_GATE_DECIDED|H3B_PLACE_FINISHED,UNKNOWN,h3bup:na:249a2bdf2a51
H3B_BRIDGE_FETCHED|H3B_EXEC_REQUEST_CREATED|H3B_EXECUTOR_RECEIVED|H3B_DRYRUN_FINISHED|H3B_FINAL_GATE_DECIDED|H3B_PLACE_FINISHED,UNKNOWN,h3bup:na:9f0517e083d3
H3B_EXEC_REQUEST_CREATED|H3B_EXECUTOR_RECEIVED|H3B_DRYRUN_FINISHED|H3B_FINAL_GATE_DECIDED|H3B_PLACE_FINISHED,UNKNOWN,h3bup:na:3649ec5ef8fa
H3B_BRIDGE_FETCHED|H3B_EXEC_REQUEST_CREATED|H3B_EXECUTOR_RECEIVED|H3B_DRYRUN_FINISHED|H3B_FINAL_GATE_DECIDED|H3B_PLACE_FINISHED,UNKNOWN,h3bup:na:167c8965f7b3
H3B_EXEC_REQUEST_CREATED|H3B_EXECUTOR_RECEIVED|H3B_DRYRUN_FINISHED|H3B_FINAL_GATE_DECIDED|H3B_PLACE_FINISHED,UNKNOWN,h3bup:na:739c88b3a90a
H3B_BRIDGE_FETCHED|H3B_EXEC_REQUEST_CREATED|H3B_EXECUTOR_RECEIVED|H3B_DRYRUN_FINISHED|H3B_FINAL_GATE_DECIDED|H3B_PLACE_FINISHED,UNKNOWN,h3bup:na:3685062ae473
H3B_BRIDGE_FETCHED|H3B_EXEC_REQUEST_CREATED|H3B_EXECUTOR_RECEIVED|H3B_DRYRUN_FINISHED|H3B_FINAL_GATE_DECIDED|H3B_PLACE_FINISHED,UNKNOWN,h3bup:na:d97b6322a442
H3B_BRIDGE_FETCHED|H3B_EXEC_REQUEST_CREATED|H3B_EXECUTOR_RECEIVED|H3B_DRYRUN_FINISHED|H3B_FINAL_GATE_DECIDED|H3B_PLACE_FINISHED,UNKNOWN,h3bup:na:fd6b4d2f4668
H3B_BRIDGE_FETCHED|H3B_EXEC_REQUEST_CREATED|H3B_EXECUTOR_RECEIVED|H3B_DRYRUN_FINISHED|H3B_FINAL_GATE_DECIDED|H3B_PLACE_FINISHED,UNKNOWN,h3bup:na:d854e48df8af
H3B_BRIDGE_FETCHED|H3B_EXEC_REQUEST_CREATED|H3B_EXECUTOR_RECEIVED|H3B_DRYRUN_FINISHED|H3B_FINAL_GATE_DECIDED|H3B_PLACE_FINISHED,UNKNOWN,h3bup:na:a0f804a53932
H3B_BRIDGE_FETCHED|H3B_EXEC_REQUEST_CREATED|H3B_EXECUTOR_RECEIVED|H3B_DRYRUN_FINISHED|H3B_FINAL_GATE_DECIDED|H3B_PLACE_FINISHED,UNKNOWN,h3bup:na:67fac1eb1d16
H3B_BRIDGE_FETCHED|H3B_EXEC_REQUEST_CREATED|H3B_EXECUTOR_RECEIVED|H3B_DRYRUN_FINISHED|H3B_FINAL_GATE_DECIDED|H3B_PLACE_FINISHED,UNKNOWN,h3bup:na:5fa7fb3eb2bf
H3B_EXEC_REQUEST_CREATED|H3B_EXECUTOR_RECEIVED|H3B_DRYRUN_FINISHED|H3B_FINAL_GATE_DECIDED|H3B_PLACE_FINISHED,UNKNOWN,h3bup:na:5199148a4802
H3B_EXEC_REQUEST_CREATED|H3B_EXECUTOR_RECEIVED|H3B_DRYRUN_FINISHED|H3B_FINAL_GATE_DECIDED|H3B_PLACE_FINISHED,UNKNOWN,h3bup:na:37f885317f8b
H3B_BRIDGE_FETCHED|H3B_EXEC_REQUEST_CREATED|H3B_EXECUTOR_RECEIVED|H3B_DRYRUN_FINISHED|H3B_FINAL_GATE_DECIDED|H3B_PLACE_FINISHED,UNKNOWN,h3bup:na:f7423daeab81
H3B_BRIDGE_FETCHED|H3B_EXEC_REQUEST_CREATED|H3B_EXECUTOR_RECEIVED|H3B_DRYRUN_FINISHED|H3B_FINAL_GATE_DECIDED|H3B_PLACE_FINISHED,UNKNOWN,h3bup:na:6432f189d0d5
H3B_BRIDGE_FETCHED|H3B_EXEC_REQUEST_CREATED|H3B_EXECUTOR_RECEIVED|H3B_DRYRUN_FINISHED|H3B_FINAL_GATE_DECIDED|H3B_PLACE_FINISHED,UNKNOWN,h3bup:na:1bc893bb883a
H3B_BRIDGE_FETCHED|H3B_EXEC_REQUEST_CREATED|H3B_EXECUTOR_RECEIVED|H3B_DRYRUN_FINISHED|H3B_FINAL_GATE_DECIDED|H3B_PLACE_FINISHED,UNKNOWN,h3bup:na:c883ad66bb4b
H3B_BRIDGE_FETCHED|H3B_EXEC_REQUEST_CREATED|H3B_EXECUTOR_RECEIVED|H3B_DRYRUN_FINISHED|H3B_FINAL_GATE_DECIDED|H3B_PLACE_FINISHED,UNKNOWN,h3bup:na:a4415e6e10c7
H3B_EXEC_REQUEST_CREATED|H3B_EXECUTOR_RECEIVED|H3B_DRYRUN_FINISHED|H3B_FINAL_GATE_DECIDED|H3B_PLACE_FINISHED,UNKNOWN,h3bup:na:0d1f4d21a929
H3B_BRIDGE_FETCHED|H3B_EXEC_REQUEST_CREATED|H3B_EXECUTOR_RECEIVED|H3B_DRYRUN_FINISHED|H3B_FINAL_GATE_DECIDED|H3B_PLACE_FINISHED,UNKNOWN,h3bup:na:2aabd5f849c8
H3B_EXEC_REQUEST_CREATED|H3B_EXECUTOR_RECEIVED|H3B_DRYRUN_FINISHED|H3B_FINAL_GATE_DECIDED|H3B_PLACE_FINISHED,UNKNOWN,h3bup:na:fc0e2d8e3c41
H3B_BRIDGE_FETCHED|H3B_EXEC_REQUEST_CREATED|H3B_EXECUTOR_RECEIVED|H3B_DRYRUN_FINISHED|H3B_FINAL_GATE_DECIDED|H3B_PLACE_FINISHED,UNKNOWN,h3bup:na:8e0ce8c0a922
H3B_BRIDGE_FETCHED|H3B_EXEC_REQUEST_CREATED|H3B_EXECUTOR_RECEIVED|H3B_DRYRUN_FINISHED|H3B_FINAL_GATE_DECIDED|H3B_PLACE_FINISHED,UNKNOWN,h3bup:na:c38659c6aef0
H3B_EXEC_REQUEST_CREATED|H3B_EXECUTOR_RECEIVED|H3B_DRYRUN_FINISHED|H3B_FINAL_GATE_DECIDED|H3B_PLACE_FINISHED,UNKNOWN,h3bup:na:e0fb3d4a049e
H3B_BRIDGE_FETCHED|H3B_EXEC_REQUEST_CREATED|H3B_EXECUTOR_RECEIVED|H3B_DRYRUN_FINISHED|H3B_FINAL_GATE_DECIDED|H3B_PLACE_FINISHED,UNKNOWN,h3bup:na:1aace05d7387
H3B_EXEC_REQUEST_CREATED|H3B_EXECUTOR_RECEIVED|H3B_DRYRUN_FINISHED|H3B_FINAL_GATE_DECIDED|H3B_PLACE_FINISHED,UNKNOWN,h3bup:na:6bf40115fae2
H3B_BRIDGE_FETCHED|H3B_EXEC_REQUEST_CREATED|H3B_EXECUTOR_RECEIVED|H3B_DRYRUN_FINISHED|H3B_FINAL_GATE_DECIDED|H3B_PLACE_FINISHED,UNKNOWN,h3bup:na:e264a8cc475c
H3B_BRIDGE_FETCHED|H3B_EXEC_REQUEST_CREATED|H3B_EXECUTOR_RECEIVED|H3B_DRYRUN_FINISHED|H3B_FINAL_GATE_DECIDED|H3B_PLACE_FINISHED,UNKNOWN,h3bup:na:6de55d303d64
H3B_BRIDGE_FETCHED|H3B_EXEC_REQUEST_CREATED|H3B_EXECUTOR_RECEIVED|H3B_DRYRUN_FINISHED|H3B_FINAL_GATE_DECIDED|H3B_PLACE_FINISHED,UNKNOWN,h3bup:na:5b6c085520f1
H3B_BRIDGE_FETCHED|H3B_EXEC_REQUEST_CREATED|H3B_EXECUTOR_RECEIVED|H3B_DRYRUN_FINISHED|H3B_FINAL_GATE_DECIDED|H3B_PLACE_FINISHED,UNKNOWN,h3bup:na:cad1421c549f
H3B_BRIDGE_FETCHED|H3B_EXEC_REQUEST_CREATED|H3B_EXECUTOR_RECEIVED|H3B_DRYRUN_FINISHED|H3B_FINAL_GATE_DECIDED|H3B_PLACE_FINISHED,UNKNOWN,h3bup:na:80bd01a613c3
H3B_EXEC_REQUEST_CREATED|H3B_EXECUTOR_RECEIVED|H3B_DRYRUN_FINISHED|H3B_FINAL_GATE_DECIDED|H3B_PLACE_FINISHED,UNKNOWN,h3bup:na:2020c9fd498f
H3B_EXEC_REQUEST_CREATED|H3B_EXECUTOR_RECEIVED|H3B_DRYRUN_FINISHED|H3B_FINAL_GATE_DECIDED|H3B_PLACE_FINISHED,UNKNOWN,h3bup:na:0e0af302f88c
H3B_BRIDGE_FETCHED|H3B_EXEC_REQUEST_CREATED|H3B_EXECUTOR_RECEIVED|H3B_DRYRUN_FINISHED|H3B_FINAL_GATE_DECIDED|H3B_PLACE_FINISHED,UNKNOWN,h3bup:na:defc01ba7c29
H3B_BRIDGE_FETCHED|H3B_EXEC_REQUEST_CREATED|H3B_EXECUTOR_RECEIVED|H3B_DRYRUN_FINISHED|H3B_FINAL_GATE_DECIDED|H3B_PLACE_FINISHED,UNKNOWN,h3bup:na:6288196ec401
H3B_BRIDGE_FETCHED|H3B_EXEC_REQUEST_CREATED|H3B_EXECUTOR_RECEIVED|H3B_DRYRUN_FINISHED|H3B_FINAL_GATE_DECIDED|H3B_PLACE_FINISHED,UNKNOWN,h3bup:na:937371f62713
H3B_BRIDGE_FETCHED|H3B_EXEC_REQUEST_CREATED|H3B_EXECUTOR_RECEIVED|H3B_DRYRUN_FINISHED|H3B_FINAL_GATE_DECIDED|H3B_PLACE_FINISHED,UNKNOWN,h3bup:na:9c2b1a86c54f
H3B_BRIDGE_FETCHED|H3B_EXEC_REQUEST_CREATED|H3B_EXECUTOR_RECEIVED|H3B_DRYRUN_FINISHED|H3B_FINAL_GATE_DECIDED|H3B_PLACE_FINISHED,UNKNOWN,h3bup:na:05e9b2b3de8b
H3B_EXEC_REQUEST_CREATED|H3B_EXECUTOR_RECEIVED|H3B_DRYRUN_FINISHED|H3B_FINAL_GATE_DECIDED|H3B_PLACE_FINISHED,UNKNOWN,h3bup:na:0b0630d43ad0
H3B_EXEC_REQUEST_CREATED|H3B_EXECUTOR_RECEIVED|H3B_DRYRUN_FINISHED|H3B_FINAL_GATE_DECIDED|H3B_PLACE_FINISHED,UNKNOWN,h3bup:na:6fca3759c94c
H3B_BRIDGE_FETCHED|H3B_EXEC_REQUEST_CREATED|H3B_EXECUTOR_RECEIVED|H3B_DRYRUN_FINISHED|H3B_FINAL_GATE_DECIDED|H3B_PLACE_FINISHED,UNKNOWN,h3bup:na:2470e8ed055d
H3B_BRIDGE_FETCHED|H3B_EXEC_REQUEST_CREATED|H3B_EXECUTOR_RECEIVED|H3B_DRYRUN_FINISHED|H3B_FINAL_GATE_DECIDED|H3B_PLACE_FINISHED,UNKNOWN,h3bup:na:467d1ccecfc7
H3B_BRIDGE_FETCHED|H3B_EXEC_REQUEST_CREATED|H3B_EXECUTOR_RECEIVED|H3B_DRYRUN_FINISHED|H3B_FINAL_GATE_DECIDED|H3B_PLACE_FINISHED,UNKNOWN,h3bup:na:9de68fd7946b
H3B_BRIDGE_FETCHED|H3B_EXEC_REQUEST_CREATED|H3B_EXECUTOR_RECEIVED|H3B_DRYRUN_FINISHED|H3B_FINAL_GATE_DECIDED|H3B_PLACE_FINISHED,UNKNOWN,h3bup:na:0736027342a7
H3B_BRIDGE_FETCHED|H3B_EXEC_REQUEST_CREATED|H3B_EXECUTOR_RECEIVED|H3B_DRYRUN_FINISHED|H3B_FINAL_GATE_DECIDED|H3B_PLACE_FINISHED,UNKNOWN,h3bup:na:286e60ab592f
H3B_BRIDGE_FETCHED|H3B_EXEC_REQUEST_CREATED|H3B_EXECUTOR_RECEIVED|H3B_DRYRUN_FINISHED|H3B_FINAL_GATE_DECIDED|H3B_PLACE_FINISHED,UNKNOWN,h3bup:na:663729d64823
H3B_BRIDGE_FETCHED|H3B_EXEC_REQUEST_CREATED|H3B_EXECUTOR_RECEIVED|H3B_DRYRUN_FINISHED|H3B_FINAL_GATE_DECIDED|H3B_PLACE_FINISHED,UNKNOWN,h3bup:na:9b98a17edeac
H3B_BRIDGE_FETCHED|H3B_EXEC_REQUEST_CREATED|H3B_EXECUTOR_RECEIVED|H3B_DRYRUN_FINISHED|H3B_FINAL_GATE_DECIDED|H3B_PLACE_FINISHED,UNKNOWN,h3bup:na:7441fcbb0b60
H3B_BRIDGE_FETCHED|H3B_EXEC_REQUEST_CREATED|H3B_EXECUTOR_RECEIVED|H3B_DRYRUN_FINISHED|H3B_FINAL_GATE_DECIDED|H3B_PLACE_FINISHED,UNKNOWN,h3bup:na:719e86427ee0
H3B_BRIDGE_FETCHED|H3B_EXEC_REQUEST_CREATED|H3B_EXECUTOR_RECEIVED|H3B_DRYRUN_FINISHED|H3B_FINAL_GATE_DECIDED|H3B_PLACE_FINISHED,UNKNOWN,h3bup:na:e3c781409b97
H3B_BRIDGE_FETCHED|H3B_EXEC_REQUEST_CREATED|H3B_EXECUTOR_RECEIVED|H3B_DRYRUN_FINISHED|H3B_FINAL_GATE_DECIDED|H3B_PLACE_FINISHED,UNKNOWN,h3bup:na:76b8f1e43e10
H3B_BRIDGE_FETCHED|H3B_EXEC_REQUEST_CREATED|H3B_EXECUTOR_RECEIVED|H3B_DRYRUN_FINISHED|H3B_FINAL_GATE_DECIDED|H3B_PLACE_FINISHED,UNKNOWN,h3bup:na:52b28abdb955
H3B_BRIDGE_FETCHED|H3B_EXEC_REQUEST_CREATED|H3B_EXECUTOR_RECEIVED|H3B_DRYRUN_FINISHED|H3B_FINAL_GATE_DECIDED|H3B_PLACE_FINISHED,UNKNOWN,h3bup:na:8108bf6cc787
H3B_BRIDGE_FETCHED|H3B_EXEC_REQUEST_CREATED|H3B_EXECUTOR_RECEIVED|H3B_DRYRUN_FINISHED|H3B_FINAL_GATE_DECIDED|H3B_PLACE_FINISHED,UNKNOWN,h3bup:na:90172469b97a
H3B_BRIDGE_FETCHED|H3B_EXEC_REQUEST_CREATED|H3B_EXECUTOR_RECEIVED|H3B_DRYRUN_FINISHED|H3B_FINAL_GATE_DECIDED|H3B_PLACE_FINISHED,UNKNOWN,h3bup:na:a881ca9894e2
H3B_BRIDGE_FETCHED|H3B_EXEC_REQUEST_CREATED|H3B_EXECUTOR_RECEIVED|H3B_DRYRUN_FINISHED|H3B_FINAL_GATE_DECIDED|H3B_PLACE_FINISHED,UNKNOWN,h3bup:na:94322a5a3cd3
H3B_EXEC_REQUEST_CREATED|H3B_EXECUTOR_RECEIVED|H3B_DRYRUN_FINISHED|H3B_FINAL_GATE_DECIDED|H3B_PLACE_FINISHED,UNKNOWN,h3bup:na:083973bd96c5
H3B_BRIDGE_FETCHED|H3B_EXEC_REQUEST_CREATED|H3B_EXECUTOR_RECEIVED|H3B_DRYRUN_FINISHED|H3B_FINAL_GATE_DECIDED|H3B_PLACE_FINISHED,UNKNOWN,h3bup:na:e7e34099f9c5
H3B_BRIDGE_FETCHED|H3B_EXEC_REQUEST_CREATED|H3B_EXECUTOR_RECEIVED|H3B_DRYRUN_FINISHED|H3B_FINAL_GATE_DECIDED|H3B_PLACE_FINISHED,UNKNOWN,h3bup:na:ea83371edbff
H3B_BRIDGE_FETCHED|H3B_EXEC_REQUEST_CREATED|H3B_EXECUTOR_RECEIVED|H3B_DRYRUN_FINISHED|H3B_FINAL_GATE_DECIDED|H3B_PLACE_FINISHED,UNKNOWN,h3bup:na:e43130c548b3
H3B_EXEC_REQUEST_CREATED|H3B_EXECUTOR_RECEIVED|H3B_DRYRUN_FINISHED|H3B_FINAL_GATE_DECIDED|H3B_PLACE_FINISHED,UNKNOWN,h3bup:na:f75262fec536
H3B_BRIDGE_FETCHED|H3B_EXEC_REQUEST_CREATED|H3B_EXECUTOR_RECEIVED|H3B_DRYRUN_FINISHED|H3B_FINAL_GATE_DECIDED|H3B_PLACE_FINISHED,UNKNOWN,h3bup:na:a04d2692a6bb
H3B_BRIDGE_FETCHED|H3B_EXEC_REQUEST_CREATED|H3B_EXECUTOR_RECEIVED|H3B_DRYRUN_FINISHED|H3B_FINAL_GATE_DECIDED|H3B_PLACE_FINISHED,UNKNOWN,h3bup:na:7bf7d8b30cc6
H3B_EXEC_REQUEST_CREATED|H3B_EXECUTOR_RECEIVED|H3B_DRYRUN_FINISHED|H3B_FINAL_GATE_DECIDED|H3B_PLACE_FINISHED,UNKNOWN,h3bup:na:8de9e8e89a84
H3B_BRIDGE_FETCHED|H3B_EXEC_REQUEST_CREATED|H3B_EXECUTOR_RECEIVED|H3B_DRYRUN_FINISHED|H3B_FINAL_GATE_DECIDED|H3B_PLACE_FINISHED,UNKNOWN,h3bup:na:0fcbf8f0190c
H3B_EXEC_REQUEST_CREATED|H3B_EXECUTOR_RECEIVED|H3B_DRYRUN_FINISHED|H3B_FINAL_GATE_DECIDED|H3B_PLACE_FINISHED,UNKNOWN,h3bup:na:ccc9db922524
H3B_BRIDGE_FETCHED|H3B_EXEC_REQUEST_CREATED|H3B_EXECUTOR_RECEIVED|H3B_DRYRUN_FINISHED|H3B_FINAL_GATE_DECIDED|H3B_PLACE_FINISHED,UNKNOWN,h3bup:na:9140d97d975c
H3B_BRIDGE_FETCHED|H3B_EXEC_REQUEST_CREATED|H3B_EXECUTOR_RECEIVED|H3B_DRYRUN_FINISHED|H3B_FINAL_GATE_DECIDED|H3B_PLACE_FINISHED,UNKNOWN,h3bup:na:75902147ef07
H3B_EXEC_REQUEST_CREATED|H3B_EXECUTOR_RECEIVED|H3B_DRYRUN_FINISHED|H3B_FINAL_GATE_DECIDED|H3B_PLACE_FINISHED,UNKNOWN,h3bup:na:ae3968be0eea
H3B_BRIDGE_FETCHED|H3B_EXEC_REQUEST_CREATED|H3B_EXECUTOR_RECEIVED|H3B_DRYRUN_FINISHED|H3B_FINAL_GATE_DECIDED|H3B_PLACE_FINISHED,UNKNOWN,h3bup:na:30da9a395e63
H3B_BRIDGE_FETCHED|H3B_EXEC_REQUEST_CREATED|H3B_EXECUTOR_RECEIVED|H3B_DRYRUN_FINISHED|H3B_FINAL_GATE_DECIDED|H3B_PLACE_FINISHED,UNKNOWN,h3bup:na:532c8e347504
H3B_BRIDGE_FETCHED|H3B_EXEC_REQUEST_CREATED|H3B_EXECUTOR_RECEIVED|H3B_DRYRUN_FINISHED|H3B_FINAL_GATE_DECIDED|H3B_PLACE_FINISHED,UNKNOWN,h3bup:na:cda385b5834d
H3B_BRIDGE_FETCHED|H3B_EXEC_REQUEST_CREATED|H3B_EXECUTOR_RECEIVED|H3B_DRYRUN_FINISHED|H3B_FINAL_GATE_DECIDED|H3B_PLACE_FINISHED,UNKNOWN,h3bup:na:a45e4774ae3b
H3B_BRIDGE_FETCHED|H3B_EXEC_REQUEST_CREATED|H3B_EXECUTOR_RECEIVED|H3B_DRYRUN_FINISHED|H3B_FINAL_GATE_DECIDED|H3B_PLACE_FINISHED,UNKNOWN,h3bup:na:b89229695185
H3B_BRIDGE_FETCHED|H3B_EXEC_REQUEST_CREATED|H3B_EXECUTOR_RECEIVED|H3B_DRYRUN_FINISHED|H3B_FINAL_GATE_DECIDED|H3B_PLACE_FINISHED,UNKNOWN,h3bup:na:bfffaa075173
H3B_BRIDGE_FETCHED|H3B_EXEC_REQUEST_CREATED|H3B_EXECUTOR_RECEIVED|H3B_DRYRUN_FINISHED|H3B_FINAL_GATE_DECIDED|H3B_PLACE_FINISHED,UNKNOWN,h3bup:na:67894967ee35
H3B_EXEC_REQUEST_CREATED|H3B_EXECUTOR_RECEIVED|H3B_DRYRUN_FINISHED|H3B_FINAL_GATE_DECIDED|H3B_PLACE_FINISHED,UNKNOWN,h3bup:na:729e6398b101
H3B_EXEC_REQUEST_CREATED|H3B_EXECUTOR_RECEIVED|H3B_DRYRUN_FINISHED|H3B_FINAL_GATE_DECIDED|H3B_PLACE_FINISHED,UNKNOWN,h3bup:na:9283600e4e0e
H3B_EXEC_REQUEST_CREATED|H3B_EXECUTOR_RECEIVED|H3B_DRYRUN_FINISHED|H3B_FINAL_GATE_DECIDED|H3B_PLACE_FINISHED,UNKNOWN,h3bup:na:e5761f7b1732
H3B_BRIDGE_FETCHED|H3B_EXEC_REQUEST_CREATED|H3B_EXECUTOR_RECEIVED|H3B_DRYRUN_FINISHED|H3B_FINAL_GATE_DECIDED|H3B_PLACE_FINISHED,UNKNOWN,h3bup:na:a867dff14017
H3B_BRIDGE_FETCHED|H3B_EXEC_REQUEST_CREATED|H3B_EXECUTOR_RECEIVED|H3B_DRYRUN_FINISHED|H3B_FINAL_GATE_DECIDED|H3B_PLACE_FINISHED,UNKNOWN,h3bup:na:a0a4c538be01
H3B_EXEC_REQUEST_CREATED|H3B_EXECUTOR_RECEIVED|H3B_DRYRUN_FINISHED|H3B_FINAL_GATE_DECIDED|H3B_PLACE_FINISHED,UNKNOWN,h3bup:na:11ad1f942951
H3B_BRIDGE_FETCHED|H3B_EXEC_REQUEST_CREATED|H3B_EXECUTOR_RECEIVED|H3B_DRYRUN_FINISHED|H3B_FINAL_GATE_DECIDED|H3B_PLACE_FINISHED,UNKNOWN,h3bup:na:ea4ad24c9212
H3B_BRIDGE_FETCHED|H3B_EXEC_REQUEST_CREATED|H3B_EXECUTOR_RECEIVED|H3B_DRYRUN_FINISHED|H3B_FINAL_GATE_DECIDED|H3B_PLACE_FINISHED,UNKNOWN,h3bup:na:69c68d4680ac
H3B_BRIDGE_FETCHED|H3B_EXEC_REQUEST_CREATED|H3B_EXECUTOR_RECEIVED|H3B_DRYRUN_FINISHED|H3B_FINAL_GATE_DECIDED|H3B_PLACE_FINISHED,UNKNOWN,h3bup:na:6c9cca4e17ea
H3B_EXEC_REQUEST_CREATED|H3B_EXECUTOR_RECEIVED|H3B_DRYRUN_FINISHED|H3B_FINAL_GATE_DECIDED|H3B_PLACE_FINISHED,UNKNOWN,h3bup:na:16f327f29f58
H3B_BRIDGE_FETCHED|H3B_EXEC_REQUEST_CREATED|H3B_EXECUTOR_RECEIVED|H3B_DRYRUN_FINISHED|H3B_FINAL_GATE_DECIDED|H3B_PLACE_FINISHED,UNKNOWN,h3bup:na:2f6e4a7ca5c9
H3B_BRIDGE_FETCHED|H3B_EXEC_REQUEST_CREATED|H3B_EXECUTOR_RECEIVED|H3B_DRYRUN_FINISHED|H3B_FINAL_GATE_DECIDED|H3B_PLACE_FINISHED,UNKNOWN,h3bup:na:9645cadd099f
H3B_BRIDGE_FETCHED|H3B_EXEC_REQUEST_CREATED|H3B_EXECUTOR_RECEIVED|H3B_DRYRUN_FINISHED|H3B_FINAL_GATE_DECIDED|H3B_PLACE_FINISHED,UNKNOWN,h3bup:na:cb5477b4cfd4
H3B_BRIDGE_FETCHED|H3B_EXEC_REQUEST_CREATED|H3B_EXECUTOR_RECEIVED|H3B_DRYRUN_FINISHED|H3B_FINAL_GATE_DECIDED|H3B_PLACE_FINISHED,UNKNOWN,h3bup:na:50698887073f
H3B_BRIDGE_FETCHED|H3B_EXEC_REQUEST_CREATED|H3B_EXECUTOR_RECEIVED|H3B_DRYRUN_FINISHED|H3B_FINAL_GATE_DECIDED|H3B_PLACE_FINISHED,UNKNOWN,h3bup:na:b635a65a9749
H3B_BRIDGE_FETCHED|H3B_EXEC_REQUEST_CREATED|H3B_EXECUTOR_RECEIVED|H3B_DRYRUN_FINISHED|H3B_FINAL_GATE_DECIDED|H3B_PLACE_FINISHED,UNKNOWN,h3bup:na:f5556be0aea7
H3B_BRIDGE_FETCHED|H3B_EXEC_REQUEST_CREATED|H3B_EXECUTOR_RECEIVED|H3B_DRYRUN_FINISHED|H3B_FINAL_GATE_DECIDED|H3B_PLACE_FINISHED,UNKNOWN,h3bup:na:b202576eb158
H3B_BRIDGE_FETCHED|H3B_EXEC_REQUEST_CREATED|H3B_EXECUTOR_RECEIVED|H3B_DRYRUN_FINISHED|H3B_FINAL_GATE_DECIDED|H3B_PLACE_FINISHED,UNKNOWN,h3bup:na:ee8da3980260
H3B_BRIDGE_FETCHED|H3B_EXEC_REQUEST_CREATED|H3B_EXECUTOR_RECEIVED|H3B_DRYRUN_FINISHED|H3B_FINAL_GATE_DECIDED|H3B_PLACE_FINISHED,UNKNOWN,h3bup:na:2c97ec7a4ba2
H3B_BRIDGE_FETCHED|H3B_EXEC_REQUEST_CREATED|H3B_EXECUTOR_RECEIVED|H3B_DRYRUN_FINISHED|H3B_FINAL_GATE_DECIDED|H3B_PLACE_FINISHED,UNKNOWN,h3bup:na:9cc314d9313e
H3B_BRIDGE_FETCHED|H3B_EXEC_REQUEST_CREATED|H3B_EXECUTOR_RECEIVED|H3B_DRYRUN_FINISHED|H3B_FINAL_GATE_DECIDED|H3B_PLACE_FINISHED,UNKNOWN,h3bup:na:197aca29450a
H3B_BRIDGE_FETCHED|H3B_EXEC_REQUEST_CREATED|H3B_EXECUTOR_RECEIVED|H3B_DRYRUN_FINISHED|H3B_FINAL_GATE_DECIDED|H3B_PLACE_FINISHED,UNKNOWN,h3bup:na:299b6b6ababf
H3B_EXEC_REQUEST_CREATED|H3B_EXECUTOR_RECEIVED|H3B_DRYRUN_FINISHED|H3B_FINAL_GATE_DECIDED|H3B_PLACE_FINISHED,UNKNOWN,h3bup:na:b2521a08b8ab
H3B_BRIDGE_FETCHED|H3B_EXEC_REQUEST_CREATED|H3B_EXECUTOR_RECEIVED|H3B_DRYRUN_FINISHED|H3B_FINAL_GATE_DECIDED|H3B_PLACE_FINISHED,UNKNOWN,h3bup:na:132ca5825c74
H3B_BRIDGE_FETCHED|H3B_EXEC_REQUEST_CREATED|H3B_EXECUTOR_RECEIVED|H3B_DRYRUN_FINISHED|H3B_FINAL_GATE_DECIDED|H3B_PLACE_FINISHED,UNKNOWN,h3bup:na:c09fb02dfb0c
H3B_BRIDGE_FETCHED|H3B_EXEC_REQUEST_CREATED|H3B_EXECUTOR_RECEIVED|H3B_DRYRUN_FINISHED|H3B_FINAL_GATE_DECIDED|H3B_PLACE_FINISHED,UNKNOWN,h3bup:na:40616d1cd48b
H3B_BRIDGE_FETCHED|H3B_EXEC_REQUEST_CREATED|H3B_EXECUTOR_RECEIVED|H3B_DRYRUN_FINISHED|H3B_FINAL_GATE_DECIDED|H3B_PLACE_FINISHED,UNKNOWN,h3bup:na:ff55414e35fc
H3B_EXEC_REQUEST_CREATED|H3B_EXECUTOR_RECEIVED|H3B_DRYRUN_FINISHED|H3B_FINAL_GATE_DECIDED|H3B_PLACE_FINISHED,UNKNOWN,h3bup:na:1e69476c85c4
H3B_BRIDGE_FETCHED|H3B_EXEC_REQUEST_CREATED|H3B_EXECUTOR_RECEIVED|H3B_DRYRUN_FINISHED|H3B_FINAL_GATE_DECIDED|H3B_PLACE_FINISHED,UNKNOWN,h3bup:na:7e1e1a60aebb
H3B_BRIDGE_FETCHED|H3B_EXEC_REQUEST_CREATED|H3B_EXECUTOR_RECEIVED|H3B_DRYRUN_FINISHED|H3B_FINAL_GATE_DECIDED|H3B_PLACE_FINISHED,UNKNOWN,h3bup:na:3bf865ce19bc
H3B_BRIDGE_FETCHED|H3B_EXEC_REQUEST_CREATED|H3B_EXECUTOR_RECEIVED|H3B_DRYRUN_FINISHED|H3B_FINAL_GATE_DECIDED|H3B_PLACE_FINISHED,UNKNOWN,h3bup:na:745b9f603369
H3B_EXEC_REQUEST_CREATED|H3B_EXECUTOR_RECEIVED|H3B_DRYRUN_FINISHED|H3B_FINAL_GATE_DECIDED|H3B_PLACE_FINISHED,UNKNOWN,h3bup:na:fe0e41334bcb
H3B_BRIDGE_FETCHED|H3B_EXEC_REQUEST_CREATED|H3B_EXECUTOR_RECEIVED|H3B_DRYRUN_FINISHED|H3B_FINAL_GATE_DECIDED|H3B_PLACE_FINISHED,UNKNOWN,h3bup:na:47018d8ce2b5
H3B_BRIDGE_FETCHED|H3B_EXEC_REQUEST_CREATED|H3B_EXECUTOR_RECEIVED|H3B_DRYRUN_FINISHED|H3B_FINAL_GATE_DECIDED|H3B_PLACE_FINISHED,UNKNOWN,h3bup:na:0aab2ae9fba4
H3B_BRIDGE_FETCHED|H3B_EXEC_REQUEST_CREATED|H3B_EXECUTOR_RECEIVED|H3B_DRYRUN_FINISHED|H3B_FINAL_GATE_DECIDED|H3B_PLACE_FINISHED,UNKNOWN,h3bup:na:7275ec9a2a3d
H3B_BRIDGE_FETCHED|H3B_EXEC_REQUEST_CREATED|H3B_EXECUTOR_RECEIVED|H3B_DRYRUN_FINISHED|H3B_FINAL_GATE_DECIDED|H3B_PLACE_FINISHED,UNKNOWN,h3bup:na:aeda73b1eb60
H3B_BRIDGE_FETCHED|H3B_EXEC_REQUEST_CREATED|H3B_EXECUTOR_RECEIVED|H3B_DRYRUN_FINISHED|H3B_FINAL_GATE_DECIDED|H3B_PLACE_FINISHED,UNKNOWN,h3bup:na:8beb24d1b067
H3B_BRIDGE_FETCHED|H3B_EXEC_REQUEST_CREATED|H3B_EXECUTOR_RECEIVED|H3B_DRYRUN_FINISHED|H3B_FINAL_GATE_DECIDED|H3B_PLACE_FINISHED,UNKNOWN,h3bup:na:ff518a5f60f3
H3B_EXEC_REQUEST_CREATED|H3B_EXECUTOR_RECEIVED|H3B_DRYRUN_FINISHED|H3B_FINAL_GATE_DECIDED|H3B_PLACE_FINISHED,UNKNOWN,h3bup:na:4dbc3d4cbcc1
H3B_BRIDGE_FETCHED|H3B_EXEC_REQUEST_CREATED|H3B_EXECUTOR_RECEIVED|H3B_DRYRUN_FINISHED|H3B_FINAL_GATE_DECIDED|H3B_PLACE_FINISHED,UNKNOWN,h3bup:na:93dd34b81a6b
H3B_BRIDGE_FETCHED|H3B_EXEC_REQUEST_CREATED|H3B_EXECUTOR_RECEIVED|H3B_DRYRUN_FINISHED|H3B_FINAL_GATE_DECIDED|H3B_PLACE_FINISHED,UNKNOWN,h3bup:na:d1f8a029e86a
H3B_BRIDGE_FETCHED|H3B_EXEC_REQUEST_CREATED|H3B_EXECUTOR_RECEIVED|H3B_DRYRUN_FINISHED|H3B_FINAL_GATE_DECIDED|H3B_PLACE_FINISHED,UNKNOWN,h3bup:na:134ac9cd2a97
H3B_BRIDGE_FETCHED|H3B_EXEC_REQUEST_CREATED|H3B_EXECUTOR_RECEIVED|H3B_DRYRUN_FINISHED|H3B_FINAL_GATE_DECIDED|H3B_PLACE_FINISHED,UNKNOWN,h3bup:na:1bbc050754a7
H3B_BRIDGE_FETCHED|H3B_EXEC_REQUEST_CREATED|H3B_EXECUTOR_RECEIVED|H3B_DRYRUN_FINISHED|H3B_FINAL_GATE_DECIDED|H3B_PLACE_FINISHED,UNKNOWN,h3bup:na:b667bcfff5d4
H3B_BRIDGE_FETCHED|H3B_EXEC_REQUEST_CREATED|H3B_EXECUTOR_RECEIVED|H3B_DRYRUN_FINISHED|H3B_FINAL_GATE_DECIDED|H3B_PLACE_FINISHED,UNKNOWN,h3bup:na:047684b2ee25
H3B_BRIDGE_FETCHED|H3B_EXEC_REQUEST_CREATED|H3B_EXECUTOR_RECEIVED|H3B_DRYRUN_FINISHED|H3B_FINAL_GATE_DECIDED|H3B_PLACE_FINISHED,UNKNOWN,h3bup:na:e531fda99fde
H3B_BRIDGE_FETCHED|H3B_EXEC_REQUEST_CREATED|H3B_EXECUTOR_RECEIVED|H3B_DRYRUN_FINISHED|H3B_FINAL_GATE_DECIDED|H3B_PLACE_FINISHED,UNKNOWN,h3bup:na:2c516399aa27
H3B_BRIDGE_FETCHED|H3B_EXEC_REQUEST_CREATED|H3B_EXECUTOR_RECEIVED|H3B_DRYRUN_FINISHED|H3B_FINAL_GATE_DECIDED|H3B_PLACE_FINISHED,UNKNOWN,h3bup:na:8277db26f54e
H3B_BRIDGE_FETCHED|H3B_EXEC_REQUEST_CREATED|H3B_EXECUTOR_RECEIVED|H3B_DRYRUN_FINISHED|H3B_FINAL_GATE_DECIDED|H3B_PLACE_FINISHED,UNKNOWN,h3bup:na:901e63c6f51e
H3B_BRIDGE_FETCHED|H3B_EXEC_REQUEST_CREATED|H3B_EXECUTOR_RECEIVED|H3B_DRYRUN_FINISHED|H3B_FINAL_GATE_DECIDED|H3B_PLACE_FINISHED,UNKNOWN,h3bup:na:cfa073dbec8a
H3B_BRIDGE_FETCHED|H3B_EXEC_REQUEST_CREATED|H3B_EXECUTOR_RECEIVED|H3B_DRYRUN_FINISHED|H3B_FINAL_GATE_DECIDED|H3B_PLACE_FINISHED,UNKNOWN,h3bup:na:a73f9de7c0ec
H3B_BRIDGE_FETCHED|H3B_EXEC_REQUEST_CREATED|H3B_EXECUTOR_RECEIVED|H3B_DRYRUN_FINISHED|H3B_FINAL_GATE_DECIDED|H3B_PLACE_FINISHED,UNKNOWN,h3bup:na:e27bf5b5f214
H3B_BRIDGE_FETCHED|H3B_EXEC_REQUEST_CREATED|H3B_EXECUTOR_RECEIVED|H3B_DRYRUN_FINISHED|H3B_FINAL_GATE_DECIDED|H3B_PLACE_FINISHED,UNKNOWN,h3bup:na:54cf7520b0a4
H3B_BRIDGE_FETCHED|H3B_EXEC_REQUEST_CREATED|H3B_EXECUTOR_RECEIVED|H3B_DRYRUN_FINISHED|H3B_FINAL_GATE_DECIDED|H3B_PLACE_FINISHED,UNKNOWN,h3bup:na:8503b0c1eec4
H3B_BRIDGE_FETCHED|H3B_EXEC_REQUEST_CREATED|H3B_EXECUTOR_RECEIVED|H3B_DRYRUN_FINISHED|H3B_FINAL_GATE_DECIDED|H3B_PLACE_FINISHED,UNKNOWN,h3bup:na:bdeac9da5e4d
H3B_BRIDGE_FETCHED|H3B_EXEC_REQUEST_CREATED|H3B_EXECUTOR_RECEIVED|H3B_DRYRUN_FINISHED|H3B_FINAL_GATE_DECIDED|H3B_PLACE_FINISHED,UNKNOWN,h3bup:na:0fe32bb63856
H3B_BRIDGE_FETCHED|H3B_EXEC_REQUEST_CREATED|H3B_EXECUTOR_RECEIVED|H3B_DRYRUN_FINISHED|H3B_FINAL_GATE_DECIDED|H3B_PLACE_FINISHED,UNKNOWN,h3bup:na:f9b4a8d8130d
H3B_BRIDGE_FETCHED|H3B_EXEC_REQUEST_CREATED|H3B_EXECUTOR_RECEIVED|H3B_DRYRUN_FINISHED|H3B_FINAL_GATE_DECIDED|H3B_PLACE_FINISHED,UNKNOWN,h3bup:na:7eddfee84f8a
H3B_BRIDGE_FETCHED|H3B_EXEC_REQUEST_CREATED|H3B_EXECUTOR_RECEIVED|H3B_DRYRUN_FINISHED|H3B_FINAL_GATE_DECIDED|H3B_PLACE_FINISHED,UNKNOWN,h3bup:na:7f140ff50f30
H3B_BRIDGE_FETCHED|H3B_EXEC_REQUEST_CREATED|H3B_EXECUTOR_RECEIVED|H3B_DRYRUN_FINISHED|H3B_FINAL_GATE_DECIDED|H3B_PLACE_FINISHED,UNKNOWN,h3bup:na:889d24a36910
H3B_BRIDGE_FETCHED|H3B_EXEC_REQUEST_CREATED|H3B_EXECUTOR_RECEIVED|H3B_DRYRUN_FINISHED|H3B_FINAL_GATE_DECIDED|H3B_PLACE_FINISHED,UNKNOWN,h3bup:na:ea0a1a96ba38
H3B_BRIDGE_FETCHED|H3B_EXEC_REQUEST_CREATED|H3B_EXECUTOR_RECEIVED|H3B_DRYRUN_FINISHED|H3B_FINAL_GATE_DECIDED|H3B_PLACE_FINISHED,UNKNOWN,h3bup:na:d06f2417751a
H3B_BRIDGE_FETCHED|H3B_EXEC_REQUEST_CREATED|H3B_EXECUTOR_RECEIVED|H3B_DRYRUN_FINISHED|H3B_FINAL_GATE_DECIDED|H3B_PLACE_FINISHED,UNKNOWN,h3bup:na:fbd14c24ef5c
H3B_BRIDGE_FETCHED|H3B_EXEC_REQUEST_CREATED|H3B_EXECUTOR_RECEIVED|H3B_DRYRUN_FINISHED|H3B_FINAL_GATE_DECIDED|H3B_PLACE_FINISHED,UNKNOWN,h3bup:na:28e9258a2d04
H3B_BRIDGE_FETCHED|H3B_EXEC_REQUEST_CREATED|H3B_EXECUTOR_RECEIVED|H3B_DRYRUN_FINISHED|H3B_FINAL_GATE_DECIDED|H3B_PLACE_FINISHED,UNKNOWN,h3bup:na:54b088a40aea
H3B_BRIDGE_FETCHED|H3B_EXEC_REQUEST_CREATED|H3B_EXECUTOR_RECEIVED|H3B_DRYRUN_FINISHED|H3B_FINAL_GATE_DECIDED|H3B_PLACE_FINISHED,UNKNOWN,h3bup:na:e4fdc3059b53
H3B_BRIDGE_FETCHED|H3B_EXEC_REQUEST_CREATED|H3B_EXECUTOR_RECEIVED|H3B_DRYRUN_FINISHED|H3B_FINAL_GATE_DECIDED|H3B_PLACE_FINISHED,UNKNOWN,h3bup:na:1a7c80d2e2cb
H3B_BRIDGE_FETCHED|H3B_EXEC_REQUEST_CREATED|H3B_EXECUTOR_RECEIVED|H3B_DRYRUN_FINISHED|H3B_FINAL_GATE_DECIDED|H3B_PLACE_FINISHED,UNKNOWN,h3bup:na:b31caae9f65d
H3B_BRIDGE_FETCHED|H3B_EXEC_REQUEST_CREATED|H3B_EXECUTOR_RECEIVED|H3B_DRYRUN_FINISHED|H3B_FINAL_GATE_DECIDED|H3B_PLACE_FINISHED,UNKNOWN,h3bup:na:65e8d2287d8f
H3B_BRIDGE_FETCHED|H3B_EXEC_REQUEST_CREATED|H3B_EXECUTOR_RECEIVED|H3B_DRYRUN_FINISHED|H3B_FINAL_GATE_DECIDED|H3B_PLACE_FINISHED,UNKNOWN,h3bup:na:3611ba92377c
H3B_BRIDGE_FETCHED|H3B_EXEC_REQUEST_CREATED|H3B_EXECUTOR_RECEIVED|H3B_DRYRUN_FINISHED|H3B_FINAL_GATE_DECIDED|H3B_PLACE_FINISHED,UNKNOWN,h3bup:na:e90b0da9f62c
H3B_BRIDGE_FETCHED|H3B_EXEC_REQUEST_CREATED|H3B_EXECUTOR_RECEIVED|H3B_DRYRUN_FINISHED|H3B_FINAL_GATE_DECIDED|H3B_PLACE_FINISHED,UNKNOWN,h3bup:na:8b24b781d1b1
H3B_BRIDGE_FETCHED|H3B_EXEC_REQUEST_CREATED|H3B_EXECUTOR_RECEIVED|H3B_DRYRUN_FINISHED|H3B_FINAL_GATE_DECIDED|H3B_PLACE_FINISHED,UNKNOWN,h3bup:na:e1c0870238b2
H3B_BRIDGE_FETCHED|H3B_EXEC_REQUEST_CREATED|H3B_EXECUTOR_RECEIVED|H3B_DRYRUN_FINISHED|H3B_FINAL_GATE_DECIDED|H3B_PLACE_FINISHED,UNKNOWN,h3bup:na:f7deac6ea523
H3B_BRIDGE_FETCHED|H3B_EXEC_REQUEST_CREATED|H3B_EXECUTOR_RECEIVED|H3B_DRYRUN_FINISHED|H3B_FINAL_GATE_DECIDED|H3B_PLACE_FINISHED,UNKNOWN,h3bup:na:8decc9459a88
H3B_BRIDGE_FETCHED|H3B_EXEC_REQUEST_CREATED|H3B_EXECUTOR_RECEIVED|H3B_DRYRUN_FINISHED|H3B_FINAL_GATE_DECIDED|H3B_PLACE_FINISHED,UNKNOWN,h3bup:na:859e7639f922
H3B_BRIDGE_FETCHED|H3B_EXEC_REQUEST_CREATED|H3B_EXECUTOR_RECEIVED|H3B_DRYRUN_FINISHED|H3B_FINAL_GATE_DECIDED|H3B_PLACE_FINISHED,UNKNOWN,h3bup:na:5b8dd2259957
H3B_BRIDGE_FETCHED|H3B_EXEC_REQUEST_CREATED|H3B_EXECUTOR_RECEIVED|H3B_DRYRUN_FINISHED|H3B_FINAL_GATE_DECIDED|H3B_PLACE_FINISHED,UNKNOWN,h3bup:na:0054b9d8b696
H3B_BRIDGE_FETCHED|H3B_EXEC_REQUEST_CREATED|H3B_EXECUTOR_RECEIVED|H3B_DRYRUN_FINISHED|H3B_FINAL_GATE_DECIDED|H3B_PLACE_FINISHED,UNKNOWN,h3bup:na:3d9fb8867d2c
H3B_BRIDGE_FETCHED|H3B_EXEC_REQUEST_CREATED|H3B_EXECUTOR_RECEIVED|H3B_DRYRUN_FINISHED|H3B_FINAL_GATE_DECIDED|H3B_PLACE_FINISHED,UNKNOWN,h3bup:na:8710cdabb2c7
H3B_BRIDGE_FETCHED|H3B_EXEC_REQUEST_CREATED|H3B_EXECUTOR_RECEIVED|H3B_DRYRUN_FINISHED|H3B_FINAL_GATE_DECIDED|H3B_PLACE_FINISHED,UNKNOWN,h3bup:na:8ca368b73a85
H3B_BRIDGE_FETCHED|H3B_EXEC_REQUEST_CREATED|H3B_EXECUTOR_RECEIVED|H3B_DRYRUN_FINISHED|H3B_FINAL_GATE_DECIDED|H3B_PLACE_FINISHED,UNKNOWN,h3bup:na:cf1297bc00ec
H3B_BRIDGE_FETCHED|H3B_EXEC_REQUEST_CREATED|H3B_EXECUTOR_RECEIVED|H3B_DRYRUN_FINISHED|H3B_FINAL_GATE_DECIDED|H3B_PLACE_FINISHED,UNKNOWN,h3bup:na:6475d43975e3
H3B_EXEC_REQUEST_CREATED|H3B_EXECUTOR_RECEIVED|H3B_DRYRUN_FINISHED|H3B_FINAL_GATE_DECIDED|H3B_PLACE_FINISHED,UNKNOWN,h3bup:na:902993075740
H3B_BRIDGE_FETCHED|H3B_EXEC_REQUEST_CREATED|H3B_EXECUTOR_RECEIVED|H3B_DRYRUN_FINISHED|H3B_FINAL_GATE_DECIDED|H3B_PLACE_FINISHED,UNKNOWN,h3bup:na:a3187bce55bf
H3B_BRIDGE_FETCHED|H3B_EXEC_REQUEST_CREATED|H3B_EXECUTOR_RECEIVED|H3B_DRYRUN_FINISHED|H3B_FINAL_GATE_DECIDED|H3B_PLACE_FINISHED,UNKNOWN,h3bup:na:aabe15d32f9b
H3B_EXEC_REQUEST_CREATED|H3B_EXECUTOR_RECEIVED|H3B_DRYRUN_FINISHED|H3B_FINAL_GATE_DECIDED|H3B_PLACE_FINISHED,UNKNOWN,h3bup:na:eebdcf7b12bd
H3B_EXEC_REQUEST_CREATED|H3B_EXECUTOR_RECEIVED|H3B_DRYRUN_FINISHED|H3B_FINAL_GATE_DECIDED|H3B_PLACE_FINISHED,UNKNOWN,h3bup:na:e023ff46704a
H3B_BRIDGE_FETCHED|H3B_EXEC_REQUEST_CREATED|H3B_EXECUTOR_RECEIVED|H3B_DRYRUN_FINISHED|H3B_FINAL_GATE_DECIDED|H3B_PLACE_FINISHED,UNKNOWN,h3bup:na:1ad45de2c28c
H3B_BRIDGE_FETCHED|H3B_EXEC_REQUEST_CREATED|H3B_EXECUTOR_RECEIVED|H3B_DRYRUN_FINISHED|H3B_FINAL_GATE_DECIDED|H3B_PLACE_FINISHED,UNKNOWN,h3bup:na:56baa94d350c
H3B_BRIDGE_FETCHED|H3B_EXEC_REQUEST_CREATED|H3B_EXECUTOR_RECEIVED|H3B_DRYRUN_FINISHED|H3B_FINAL_GATE_DECIDED|H3B_PLACE_FINISHED,UNKNOWN,h3bup:na:e87a97d2577b
H3B_BRIDGE_FETCHED|H3B_EXEC_REQUEST_CREATED|H3B_EXECUTOR_RECEIVED|H3B_DRYRUN_FINISHED|H3B_FINAL_GATE_DECIDED|H3B_PLACE_FINISHED,UNKNOWN,h3bup:na:6f4a067493c8
H3B_BRIDGE_FETCHED|H3B_EXEC_REQUEST_CREATED|H3B_EXECUTOR_RECEIVED|H3B_DRYRUN_FINISHED|H3B_FINAL_GATE_DECIDED|H3B_PLACE_FINISHED,UNKNOWN,h3bup:na:b4bf0c19aa12
H3B_PLACE_FINISHED,CAP_BLOCKED,h3bup:na:23db1c7570e0
H3B_EXEC_REQUEST_CREATED|H3B_EXECUTOR_RECEIVED|H3B_DRYRUN_FINISHED|H3B_FINAL_GATE_DECIDED|H3B_PLACE_FINISHED,UNKNOWN,h3bup:na:1b652681be60
H3B_BRIDGE_FETCHED|H3B_EXEC_REQUEST_CREATED|H3B_EXECUTOR_RECEIVED|H3B_DRYRUN_FINISHED|H3B_FINAL_GATE_DECIDED|H3B_PLACE_FINISHED,UNKNOWN,h3bup:na:d0f1056f392e
H3B_BRIDGE_FETCHED|H3B_EXEC_REQUEST_CREATED|H3B_EXECUTOR_RECEIVED|H3B_DRYRUN_FINISHED|H3B_FINAL_GATE_DECIDED|H3B_PLACE_FINISHED,UNKNOWN,h3bup:na:18e521b59d39
H3B_EXEC_REQUEST_CREATED|H3B_EXECUTOR_RECEIVED|H3B_DRYRUN_FINISHED|H3B_FINAL_GATE_DECIDED|H3B_PLACE_FINISHED,UNKNOWN,h3bup:na:ac203b6b883e
H3B_BRIDGE_FETCHED|H3B_EXEC_REQUEST_CREATED|H3B_EXECUTOR_RECEIVED|H3B_DRYRUN_FINISHED|H3B_FINAL_GATE_DECIDED|H3B_PLACE_FINISHED,UNKNOWN,h3bup:na:e1c332c5499e
H3B_BRIDGE_FETCHED|H3B_EXEC_REQUEST_CREATED|H3B_EXECUTOR_RECEIVED|H3B_DRYRUN_FINISHED|H3B_FINAL_GATE_DECIDED|H3B_PLACE_FINISHED,UNKNOWN,h3bup:na:be091e3c5110
H3B_EXEC_REQUEST_CREATED|H3B_EXECUTOR_RECEIVED|H3B_DRYRUN_FINISHED|H3B_FINAL_GATE_DECIDED|H3B_PLACE_FINISHED,UNKNOWN,h3bup:na:cc3b5fa5f4d7
H3B_BRIDGE_FETCHED|H3B_EXEC_REQUEST_CREATED|H3B_EXECUTOR_RECEIVED|H3B_DRYRUN_FINISHED|H3B_FINAL_GATE_DECIDED|H3B_PLACE_FINISHED,UNKNOWN,h3bup:na:ab252dd8b3ac
H3B_BRIDGE_FETCHED|H3B_EXEC_REQUEST_CREATED|H3B_EXECUTOR_RECEIVED|H3B_DRYRUN_FINISHED|H3B_FINAL_GATE_DECIDED|H3B_PLACE_FINISHED,UNKNOWN,h3bup:na:cd437a68eca3
H3B_BRIDGE_FETCHED|H3B_EXEC_REQUEST_CREATED|H3B_EXECUTOR_RECEIVED|H3B_DRYRUN_FINISHED|H3B_FINAL_GATE_DECIDED|H3B_PLACE_FINISHED,UNKNOWN,h3bup:na:7860626035db
H3B_BRIDGE_FETCHED|H3B_EXEC_REQUEST_CREATED|H3B_EXECUTOR_RECEIVED|H3B_DRYRUN_FINISHED|H3B_FINAL_GATE_DECIDED|H3B_PLACE_FINISHED,UNKNOWN,h3bup:na:8b326e3ad067
H3B_BRIDGE_FETCHED|H3B_EXEC_REQUEST_CREATED|H3B_EXECUTOR_RECEIVED|H3B_DRYRUN_FINISHED|H3B_FINAL_GATE_DECIDED|H3B_PLACE_FINISHED,UNKNOWN,h3bup:na:df94dbec3c35
H3B_BRIDGE_FETCHED|H3B_EXEC_REQUEST_CREATED|H3B_EXECUTOR_RECEIVED|H3B_DRYRUN_FINISHED|H3B_FINAL_GATE_DECIDED|H3B_PLACE_FINISHED,UNKNOWN,h3bup:na:c2f9738cf5c9
H3B_BRIDGE_FETCHED|H3B_EXEC_REQUEST_CREATED|H3B_EXECUTOR_RECEIVED|H3B_DRYRUN_FINISHED|H3B_FINAL_GATE_DECIDED|H3B_PLACE_FINISHED,UNKNOWN,h3bup:na:27ed8d1f1453
H3B_BRIDGE_FETCHED|H3B_EXEC_REQUEST_CREATED|H3B_EXECUTOR_RECEIVED|H3B_DRYRUN_FINISHED|H3B_FINAL_GATE_DECIDED|H3B_PLACE_FINISHED,UNKNOWN,h3bup:na:d80171891555
H3B_BRIDGE_FETCHED|H3B_EXEC_REQUEST_CREATED|H3B_EXECUTOR_RECEIVED|H3B_DRYRUN_FINISHED|H3B_FINAL_GATE_DECIDED|H3B_PLACE_FINISHED,UNKNOWN,h3bup:na:68fec06346e4
H3B_BRIDGE_FETCHED|H3B_EXEC_REQUEST_CREATED|H3B_EXECUTOR_RECEIVED|H3B_DRYRUN_FINISHED|H3B_FINAL_GATE_DECIDED|H3B_PLACE_FINISHED,UNKNOWN,h3bup:na:e5e77626c1dc
H3B_BRIDGE_FETCHED|H3B_EXEC_REQUEST_CREATED|H3B_EXECUTOR_RECEIVED|H3B_DRYRUN_FINISHED|H3B_FINAL_GATE_DECIDED|H3B_PLACE_FINISHED,UNKNOWN,h3bup:na:ee74a9640324
H3B_BRIDGE_FETCHED|H3B_EXEC_REQUEST_CREATED|H3B_EXECUTOR_RECEIVED|H3B_DRYRUN_FINISHED|H3B_FINAL_GATE_DECIDED|H3B_PLACE_FINISHED,UNKNOWN,h3bup:na:e871e8b6cd63
H3B_BRIDGE_FETCHED|H3B_EXEC_REQUEST_CREATED|H3B_EXECUTOR_RECEIVED|H3B_DRYRUN_FINISHED|H3B_FINAL_GATE_DECIDED|H3B_PLACE_FINISHED,UNKNOWN,h3bup:na:888e3b5e2590
H3B_BRIDGE_FETCHED|H3B_EXEC_REQUEST_CREATED|H3B_EXECUTOR_RECEIVED|H3B_DRYRUN_FINISHED|H3B_FINAL_GATE_DECIDED|H3B_PLACE_FINISHED,UNKNOWN,h3bup:na:66c250f9beb8
H3B_BRIDGE_FETCHED|H3B_EXEC_REQUEST_CREATED|H3B_EXECUTOR_RECEIVED|H3B_DRYRUN_FINISHED|H3B_FINAL_GATE_DECIDED|H3B_PLACE_FINISHED,UNKNOWN,h3bup:na:59b92392e238
H3B_BRIDGE_FETCHED|H3B_EXEC_REQUEST_CREATED|H3B_EXECUTOR_RECEIVED|H3B_DRYRUN_FINISHED|H3B_FINAL_GATE_DECIDED|H3B_PLACE_FINISHED,UNKNOWN,h3bup:na:d0f5de4e494c
H3B_BRIDGE_FETCHED|H3B_EXEC_REQUEST_CREATED|H3B_EXECUTOR_RECEIVED|H3B_DRYRUN_FINISHED|H3B_FINAL_GATE_DECIDED|H3B_PLACE_FINISHED,UNKNOWN,h3bup:na:654e75536ae1
H3B_EXEC_REQUEST_CREATED|H3B_EXECUTOR_RECEIVED|H3B_DRYRUN_FINISHED|H3B_FINAL_GATE_DECIDED|H3B_PLACE_FINISHED,UNKNOWN,h3bup:na:19269f58e801
H3B_BRIDGE_FETCHED|H3B_EXEC_REQUEST_CREATED|H3B_EXECUTOR_RECEIVED|H3B_DRYRUN_FINISHED|H3B_FINAL_GATE_DECIDED|H3B_PLACE_FINISHED,UNKNOWN,h3bup:na:971ef43a13a5
H3B_BRIDGE_FETCHED|H3B_EXEC_REQUEST_CREATED|H3B_EXECUTOR_RECEIVED|H3B_DRYRUN_FINISHED|H3B_FINAL_GATE_DECIDED|H3B_PLACE_FINISHED,UNKNOWN,h3bup:na:42cdb6280093
H3B_BRIDGE_FETCHED|H3B_EXEC_REQUEST_CREATED|H3B_EXECUTOR_RECEIVED|H3B_DRYRUN_FINISHED|H3B_FINAL_GATE_DECIDED|H3B_PLACE_FINISHED,UNKNOWN,h3bup:na:7a5fadb2748e
H3B_EXEC_REQUEST_CREATED|H3B_EXECUTOR_RECEIVED|H3B_DRYRUN_FINISHED|H3B_FINAL_GATE_DECIDED|H3B_PLACE_FINISHED,UNKNOWN,h3bup:na:50bc46ba8ba5
H3B_EXEC_REQUEST_CREATED|H3B_EXECUTOR_RECEIVED|H3B_DRYRUN_FINISHED|H3B_FINAL_GATE_DECIDED|H3B_PLACE_FINISHED,UNKNOWN,h3bup:na:5ada50526511
H3B_EXEC_REQUEST_CREATED|H3B_EXECUTOR_RECEIVED|H3B_DRYRUN_FINISHED|H3B_FINAL_GATE_DECIDED|H3B_PLACE_FINISHED,UNKNOWN,h3bup:na:8cf6d6b99b23
H3B_BRIDGE_FETCHED|H3B_EXEC_REQUEST_CREATED|H3B_EXECUTOR_RECEIVED|H3B_DRYRUN_FINISHED|H3B_FINAL_GATE_DECIDED|H3B_PLACE_FINISHED,UNKNOWN,h3bup:na:6341e9ba308b
H3B_BRIDGE_FETCHED|H3B_EXEC_REQUEST_CREATED|H3B_EXECUTOR_RECEIVED|H3B_DRYRUN_FINISHED|H3B_FINAL_GATE_DECIDED|H3B_PLACE_FINISHED,UNKNOWN,h3bup:na:5e9570795ccc
H3B_EXEC_REQUEST_CREATED|H3B_EXECUTOR_RECEIVED|H3B_DRYRUN_FINISHED|H3B_FINAL_GATE_DECIDED|H3B_PLACE_FINISHED,UNKNOWN,h3bup:na:097133f5389a
H3B_BRIDGE_FETCHED|H3B_EXEC_REQUEST_CREATED|H3B_EXECUTOR_RECEIVED|H3B_DRYRUN_FINISHED|H3B_FINAL_GATE_DECIDED|H3B_PLACE_FINISHED,UNKNOWN,h3bup:na:dbedbb862b7e
H3B_EXEC_REQUEST_CREATED|H3B_EXECUTOR_RECEIVED|H3B_DRYRUN_FINISHED|H3B_FINAL_GATE_DECIDED|H3B_PLACE_FINISHED,UNKNOWN,h3bup:na:eda31bb511bc
H3B_EXEC_REQUEST_CREATED|H3B_EXECUTOR_RECEIVED|H3B_DRYRUN_FINISHED|H3B_FINAL_GATE_DECIDED|H3B_PLACE_FINISHED,UNKNOWN,h3bup:na:972f915931fc
H3B_EXEC_REQUEST_CREATED|H3B_EXECUTOR_RECEIVED|H3B_DRYRUN_FINISHED|H3B_FINAL_GATE_DECIDED|H3B_PLACE_FINISHED,UNKNOWN,h3bup:na:3ce96d067b49
H3B_BRIDGE_FETCHED|H3B_EXEC_REQUEST_CREATED|H3B_EXECUTOR_RECEIVED|H3B_DRYRUN_FINISHED|H3B_FINAL_GATE_DECIDED|H3B_PLACE_FINISHED,UNKNOWN,h3bup:na:ed4bb9106600
H3B_BRIDGE_FETCHED|H3B_EXEC_REQUEST_CREATED|H3B_EXECUTOR_RECEIVED|H3B_DRYRUN_FINISHED|H3B_FINAL_GATE_DECIDED|H3B_PLACE_FINISHED,UNKNOWN,h3bup:na:4235121a10af
H3B_BRIDGE_FETCHED|H3B_EXEC_REQUEST_CREATED|H3B_EXECUTOR_RECEIVED|H3B_DRYRUN_FINISHED|H3B_FINAL_GATE_DECIDED|H3B_PLACE_FINISHED,UNKNOWN,h3bup:na:9d754a2a981d
H3B_BRIDGE_FETCHED|H3B_EXEC_REQUEST_CREATED|H3B_EXECUTOR_RECEIVED|H3B_DRYRUN_FINISHED|H3B_FINAL_GATE_DECIDED|H3B_PLACE_FINISHED,UNKNOWN,h3bup:na:59fec116e8b4
H3B_BRIDGE_FETCHED|H3B_EXEC_REQUEST_CREATED|H3B_EXECUTOR_RECEIVED|H3B_DRYRUN_FINISHED|H3B_FINAL_GATE_DECIDED|H3B_PLACE_FINISHED,UNKNOWN,h3bup:na:b3afc7563109
H3B_BRIDGE_FETCHED|H3B_EXEC_REQUEST_CREATED|H3B_EXECUTOR_RECEIVED|H3B_DRYRUN_FINISHED|H3B_FINAL_GATE_DECIDED|H3B_PLACE_FINISHED,UNKNOWN,h3bup:na:f10b10246927
H3B_BRIDGE_FETCHED|H3B_EXEC_REQUEST_CREATED|H3B_EXECUTOR_RECEIVED|H3B_DRYRUN_FINISHED|H3B_FINAL_GATE_DECIDED|H3B_PLACE_FINISHED,UNKNOWN,h3bup:na:d397165ccb13
H3B_BRIDGE_FETCHED|H3B_EXEC_REQUEST_CREATED|H3B_EXECUTOR_RECEIVED|H3B_DRYRUN_FINISHED|H3B_FINAL_GATE_DECIDED|H3B_PLACE_FINISHED,UNKNOWN,h3bup:na:8073aaa98b1f
H3B_BRIDGE_FETCHED|H3B_EXEC_REQUEST_CREATED|H3B_EXECUTOR_RECEIVED|H3B_DRYRUN_FINISHED|H3B_FINAL_GATE_DECIDED|H3B_PLACE_FINISHED,UNKNOWN,h3bup:na:29bbebc93005
H3B_BRIDGE_FETCHED|H3B_EXEC_REQUEST_CREATED|H3B_EXECUTOR_RECEIVED|H3B_DRYRUN_FINISHED|H3B_FINAL_GATE_DECIDED|H3B_PLACE_FINISHED,UNKNOWN,h3bup:na:f3b9979bbe97
H3B_BRIDGE_FETCHED|H3B_EXEC_REQUEST_CREATED|H3B_EXECUTOR_RECEIVED|H3B_DRYRUN_FINISHED|H3B_FINAL_GATE_DECIDED|H3B_PLACE_FINISHED,UNKNOWN,h3bup:na:34360b4ab5dd
H3B_BRIDGE_FETCHED|H3B_EXEC_REQUEST_CREATED|H3B_EXECUTOR_RECEIVED|H3B_DRYRUN_FINISHED|H3B_FINAL_GATE_DECIDED|H3B_PLACE_FINISHED,UNKNOWN,h3bup:na:f8b7b82c4598
H3B_EXEC_REQUEST_CREATED|H3B_EXECUTOR_RECEIVED|H3B_DRYRUN_FINISHED|H3B_FINAL_GATE_DECIDED|H3B_PLACE_FINISHED,UNKNOWN,h3bup:na:1c4150aed911
H3B_BRIDGE_FETCHED|H3B_EXEC_REQUEST_CREATED|H3B_EXECUTOR_RECEIVED|H3B_DRYRUN_FINISHED|H3B_FINAL_GATE_DECIDED|H3B_PLACE_FINISHED,UNKNOWN,h3bup:na:2a3c8da5a78c
H3B_EXEC_REQUEST_CREATED|H3B_EXECUTOR_RECEIVED|H3B_DRYRUN_FINISHED|H3B_FINAL_GATE_DECIDED|H3B_PLACE_FINISHED,UNKNOWN,h3bup:na:04e82f48e1b5
H3B_BRIDGE_FETCHED|H3B_EXEC_REQUEST_CREATED|H3B_EXECUTOR_RECEIVED|H3B_DRYRUN_FINISHED|H3B_FINAL_GATE_DECIDED|H3B_PLACE_FINISHED,UNKNOWN,h3bup:na:5b2047202dd2
H3B_BRIDGE_FETCHED|H3B_EXEC_REQUEST_CREATED|H3B_EXECUTOR_RECEIVED|H3B_DRYRUN_FINISHED|H3B_FINAL_GATE_DECIDED|H3B_PLACE_FINISHED,UNKNOWN,h3bup:na:adb2d58a9054
H3B_BRIDGE_FETCHED|H3B_EXEC_REQUEST_CREATED|H3B_EXECUTOR_RECEIVED|H3B_DRYRUN_FINISHED|H3B_FINAL_GATE_DECIDED|H3B_PLACE_FINISHED,UNKNOWN,h3bup:na:f8c4aac2e608
H3B_BRIDGE_FETCHED|H3B_EXEC_REQUEST_CREATED|H3B_EXECUTOR_RECEIVED|H3B_DRYRUN_FINISHED|H3B_FINAL_GATE_DECIDED|H3B_PLACE_FINISHED,UNKNOWN,h3bup:na:820fc9d38ee8
H3B_BRIDGE_FETCHED|H3B_EXEC_REQUEST_CREATED|H3B_EXECUTOR_RECEIVED|H3B_DRYRUN_FINISHED|H3B_FINAL_GATE_DECIDED|H3B_PLACE_FINISHED,UNKNOWN,h3bup:na:b17b46fa1ef3
H3B_BRIDGE_FETCHED|H3B_EXEC_REQUEST_CREATED|H3B_EXECUTOR_RECEIVED|H3B_DRYRUN_FINISHED|H3B_FINAL_GATE_DECIDED|H3B_PLACE_FINISHED,UNKNOWN,h3bup:na:bfe919c41092
H3B_BRIDGE_FETCHED|H3B_EXEC_REQUEST_CREATED|H3B_EXECUTOR_RECEIVED|H3B_DRYRUN_FINISHED|H3B_FINAL_GATE_DECIDED|H3B_PLACE_FINISHED,UNKNOWN,h3bup:na:a62f6cfc404c
H3B_BRIDGE_FETCHED|H3B_EXEC_REQUEST_CREATED|H3B_EXECUTOR_RECEIVED|H3B_DRYRUN_FINISHED|H3B_FINAL_GATE_DECIDED|H3B_PLACE_FINISHED,UNKNOWN,h3bup:na:8903a5cdd455
H3B_BRIDGE_FETCHED|H3B_EXEC_REQUEST_CREATED|H3B_EXECUTOR_RECEIVED|H3B_DRYRUN_FINISHED|H3B_FINAL_GATE_DECIDED|H3B_PLACE_FINISHED,UNKNOWN,h3bup:na:c5f298979d5a
H3B_EXEC_REQUEST_CREATED|H3B_EXECUTOR_RECEIVED|H3B_DRYRUN_FINISHED|H3B_FINAL_GATE_DECIDED|H3B_PLACE_FINISHED,UNKNOWN,h3bup:na:afdf464823a3
H3B_BRIDGE_FETCHED|H3B_EXEC_REQUEST_CREATED|H3B_EXECUTOR_RECEIVED|H3B_DRYRUN_FINISHED|H3B_FINAL_GATE_DECIDED|H3B_PLACE_FINISHED,UNKNOWN,h3bup:na:896d3016b104
H3B_BRIDGE_FETCHED|H3B_EXEC_REQUEST_CREATED|H3B_EXECUTOR_RECEIVED|H3B_DRYRUN_FINISHED|H3B_FINAL_GATE_DECIDED|H3B_PLACE_FINISHED,UNKNOWN,h3bup:na:f68c613a2588
H3B_BRIDGE_FETCHED|H3B_EXEC_REQUEST_CREATED|H3B_EXECUTOR_RECEIVED|H3B_DRYRUN_FINISHED|H3B_FINAL_GATE_DECIDED|H3B_PLACE_FINISHED,UNKNOWN,h3bup:na:cb877060c992
H3B_BRIDGE_FETCHED|H3B_EXEC_REQUEST_CREATED|H3B_EXECUTOR_RECEIVED|H3B_DRYRUN_FINISHED|H3B_FINAL_GATE_DECIDED|H3B_PLACE_FINISHED,UNKNOWN,h3bup:na:d20b3a198146
H3B_BRIDGE_FETCHED|H3B_EXEC_REQUEST_CREATED|H3B_EXECUTOR_RECEIVED|H3B_DRYRUN_FINISHED|H3B_FINAL_GATE_DECIDED|H3B_PLACE_FINISHED,UNKNOWN,h3bup:na:f2eb4ce74e33
H3B_BRIDGE_FETCHED|H3B_EXEC_REQUEST_CREATED|H3B_EXECUTOR_RECEIVED|H3B_DRYRUN_FINISHED|H3B_FINAL_GATE_DECIDED|H3B_PLACE_FINISHED,UNKNOWN,h3bup:na:77c9c5e9e17e
H3B_BRIDGE_FETCHED|H3B_EXEC_REQUEST_CREATED|H3B_EXECUTOR_RECEIVED|H3B_DRYRUN_FINISHED|H3B_FINAL_GATE_DECIDED|H3B_PLACE_FINISHED,UNKNOWN,h3bup:na:869e571f8c46
H3B_BRIDGE_FETCHED|H3B_EXEC_REQUEST_CREATED|H3B_EXECUTOR_RECEIVED|H3B_DRYRUN_FINISHED|H3B_FINAL_GATE_DECIDED|H3B_PLACE_FINISHED,UNKNOWN,h3bup:na:f4ba261a94e5
H3B_BRIDGE_FETCHED|H3B_EXEC_REQUEST_CREATED|H3B_EXECUTOR_RECEIVED|H3B_DRYRUN_FINISHED|H3B_FINAL_GATE_DECIDED|H3B_PLACE_FINISHED,UNKNOWN,h3bup:na:6c639c48df2b
H3B_BRIDGE_FETCHED|H3B_EXEC_REQUEST_CREATED|H3B_EXECUTOR_RECEIVED|H3B_DRYRUN_FINISHED|H3B_FINAL_GATE_DECIDED|H3B_PLACE_FINISHED,UNKNOWN,h3bup:na:404d0c5cd565
H3B_EXEC_REQUEST_CREATED|H3B_EXECUTOR_RECEIVED|H3B_DRYRUN_FINISHED|H3B_FINAL_GATE_DECIDED|H3B_PLACE_FINISHED,UNKNOWN,h3bup:na:aa87fe6d4573
H3B_BRIDGE_FETCHED|H3B_EXEC_REQUEST_CREATED|H3B_EXECUTOR_RECEIVED|H3B_DRYRUN_FINISHED|H3B_FINAL_GATE_DECIDED|H3B_PLACE_FINISHED,UNKNOWN,h3bup:na:332f12770a06
H3B_EXEC_REQUEST_CREATED|H3B_EXECUTOR_RECEIVED|H3B_DRYRUN_FINISHED|H3B_FINAL_GATE_DECIDED|H3B_PLACE_FINISHED,UNKNOWN,h3bup:na:d766eaf56224
H3B_BRIDGE_FETCHED|H3B_EXEC_REQUEST_CREATED|H3B_EXECUTOR_RECEIVED|H3B_DRYRUN_FINISHED|H3B_FINAL_GATE_DECIDED|H3B_PLACE_FINISHED,UNKNOWN,h3bup:na:502ca6ff80d3
H3B_BRIDGE_FETCHED|H3B_EXEC_REQUEST_CREATED|H3B_EXECUTOR_RECEIVED|H3B_DRYRUN_FINISHED|H3B_FINAL_GATE_DECIDED|H3B_PLACE_FINISHED,UNKNOWN,h3bup:na:9353992d4174
H3B_BRIDGE_FETCHED|H3B_EXEC_REQUEST_CREATED|H3B_EXECUTOR_RECEIVED|H3B_DRYRUN_FINISHED|H3B_FINAL_GATE_DECIDED|H3B_PLACE_FINISHED,UNKNOWN,h3bup:na:b025878fc3e7
H3B_BRIDGE_FETCHED|H3B_EXEC_REQUEST_CREATED|H3B_EXECUTOR_RECEIVED|H3B_DRYRUN_FINISHED|H3B_FINAL_GATE_DECIDED|H3B_PLACE_FINISHED,UNKNOWN,h3bup:na:c12e0ea7bf28
H3B_BRIDGE_FETCHED|H3B_EXEC_REQUEST_CREATED|H3B_EXECUTOR_RECEIVED|H3B_DRYRUN_FINISHED|H3B_FINAL_GATE_DECIDED|H3B_PLACE_FINISHED,UNKNOWN,h3bup:na:5ec9d2332845
H3B_BRIDGE_FETCHED|H3B_EXEC_REQUEST_CREATED|H3B_EXECUTOR_RECEIVED|H3B_DRYRUN_FINISHED|H3B_FINAL_GATE_DECIDED|H3B_PLACE_FINISHED,UNKNOWN,h3bup:na:733c3bf0602f
H3B_BRIDGE_FETCHED|H3B_EXEC_REQUEST_CREATED|H3B_EXECUTOR_RECEIVED|H3B_DRYRUN_FINISHED|H3B_FINAL_GATE_DECIDED|H3B_PLACE_FINISHED,UNKNOWN,h3bup:na:e372fcee479b
H3B_BRIDGE_FETCHED|H3B_EXEC_REQUEST_CREATED|H3B_EXECUTOR_RECEIVED|H3B_DRYRUN_FINISHED|H3B_FINAL_GATE_DECIDED|H3B_PLACE_FINISHED,UNKNOWN,h3bup:na:82291781fa13
H3B_BRIDGE_FETCHED|H3B_EXEC_REQUEST_CREATED|H3B_EXECUTOR_RECEIVED|H3B_DRYRUN_FINISHED|H3B_FINAL_GATE_DECIDED|H3B_PLACE_FINISHED,UNKNOWN,h3bup:na:d2caf647752b
H3B_BRIDGE_FETCHED|H3B_EXEC_REQUEST_CREATED|H3B_EXECUTOR_RECEIVED|H3B_DRYRUN_FINISHED|H3B_FINAL_GATE_DECIDED|H3B_PLACE_FINISHED,UNKNOWN,h3bup:na:2c1d9f9e9ab7
H3B_BRIDGE_FETCHED|H3B_EXEC_REQUEST_CREATED|H3B_EXECUTOR_RECEIVED|H3B_DRYRUN_FINISHED|H3B_FINAL_GATE_DECIDED|H3B_PLACE_FINISHED,UNKNOWN,h3bup:na:47c9a1a1c049
H3B_BRIDGE_FETCHED|H3B_EXEC_REQUEST_CREATED|H3B_EXECUTOR_RECEIVED|H3B_DRYRUN_FINISHED|H3B_FINAL_GATE_DECIDED|H3B_PLACE_FINISHED,UNKNOWN,h3bup:na:50aadc7aac28
H3B_BRIDGE_FETCHED|H3B_EXEC_REQUEST_CREATED|H3B_EXECUTOR_RECEIVED|H3B_DRYRUN_FINISHED|H3B_FINAL_GATE_DECIDED|H3B_PLACE_FINISHED,UNKNOWN,h3bup:na:72dbcbe86796
H3B_BRIDGE_FETCHED|H3B_EXEC_REQUEST_CREATED|H3B_EXECUTOR_RECEIVED|H3B_DRYRUN_FINISHED|H3B_FINAL_GATE_DECIDED|H3B_PLACE_FINISHED,UNKNOWN,h3bup:na:760649e36d14
H3B_BRIDGE_FETCHED|H3B_EXEC_REQUEST_CREATED|H3B_EXECUTOR_RECEIVED|H3B_DRYRUN_FINISHED|H3B_FINAL_GATE_DECIDED|H3B_PLACE_FINISHED,UNKNOWN,h3bup:na:bb199dd77c50
H3B_BRIDGE_FETCHED|H3B_EXEC_REQUEST_CREATED|H3B_EXECUTOR_RECEIVED|H3B_DRYRUN_FINISHED|H3B_FINAL_GATE_DECIDED|H3B_PLACE_FINISHED,UNKNOWN,h3bup:na:8a8e005602a3
H3B_BRIDGE_FETCHED|H3B_EXEC_REQUEST_CREATED|H3B_EXECUTOR_RECEIVED|H3B_DRYRUN_FINISHED|H3B_FINAL_GATE_DECIDED|H3B_PLACE_FINISHED,UNKNOWN,h3bup:na:dadb262017d7
H3B_BRIDGE_FETCHED|H3B_EXEC_REQUEST_CREATED|H3B_EXECUTOR_RECEIVED|H3B_DRYRUN_FINISHED|H3B_FINAL_GATE_DECIDED|H3B_PLACE_FINISHED,UNKNOWN,h3bup:na:e64ff2b47ff3
H3B_BRIDGE_FETCHED|H3B_EXEC_REQUEST_CREATED|H3B_EXECUTOR_RECEIVED|H3B_DRYRUN_FINISHED|H3B_FINAL_GATE_DECIDED|H3B_PLACE_FINISHED,UNKNOWN,h3bup:na:2cc5c99069d0
H3B_BRIDGE_FETCHED|H3B_EXEC_REQUEST_CREATED|H3B_EXECUTOR_RECEIVED|H3B_DRYRUN_FINISHED|H3B_FINAL_GATE_DECIDED|H3B_PLACE_FINISHED,UNKNOWN,h3bup:na:9c8ab5fb3419
H3B_EXEC_REQUEST_CREATED|H3B_EXECUTOR_RECEIVED|H3B_DRYRUN_FINISHED|H3B_FINAL_GATE_DECIDED|H3B_PLACE_FINISHED,UNKNOWN,h3bup:na:27a40fc729f8
H3B_BRIDGE_FETCHED|H3B_EXEC_REQUEST_CREATED|H3B_EXECUTOR_RECEIVED|H3B_DRYRUN_FINISHED|H3B_FINAL_GATE_DECIDED|H3B_PLACE_FINISHED,UNKNOWN,h3bup:na:e20da9ddf48b
H3B_BRIDGE_FETCHED|H3B_EXEC_REQUEST_CREATED|H3B_EXECUTOR_RECEIVED|H3B_DRYRUN_FINISHED|H3B_FINAL_GATE_DECIDED|H3B_PLACE_FINISHED,UNKNOWN,h3bup:na:23f1fba98b35
H3B_EXEC_REQUEST_CREATED|H3B_EXECUTOR_RECEIVED|H3B_DRYRUN_FINISHED|H3B_FINAL_GATE_DECIDED|H3B_PLACE_FINISHED,UNKNOWN,h3bup:na:644dccb9646a
H3B_BRIDGE_FETCHED|H3B_EXEC_REQUEST_CREATED|H3B_EXECUTOR_RECEIVED|H3B_DRYRUN_FINISHED|H3B_FINAL_GATE_DECIDED|H3B_PLACE_FINISHED,UNKNOWN,h3bup:na:fb359d0a8fae
H3B_BRIDGE_FETCHED|H3B_EXEC_REQUEST_CREATED|H3B_EXECUTOR_RECEIVED|H3B_DRYRUN_FINISHED|H3B_FINAL_GATE_DECIDED|H3B_PLACE_FINISHED,UNKNOWN,h3bup:na:14939f58794c
H3B_BRIDGE_FETCHED|H3B_EXEC_REQUEST_CREATED|H3B_EXECUTOR_RECEIVED|H3B_DRYRUN_FINISHED|H3B_FINAL_GATE_DECIDED|H3B_PLACE_FINISHED,UNKNOWN,h3bup:na:56f52f430a93
H3B_BRIDGE_FETCHED|H3B_EXEC_REQUEST_CREATED|H3B_EXECUTOR_RECEIVED|H3B_DRYRUN_FINISHED|H3B_FINAL_GATE_DECIDED|H3B_PLACE_FINISHED,UNKNOWN,h3bup:na:3377f00dfcae
H3B_EXEC_REQUEST_CREATED|H3B_EXECUTOR_RECEIVED|H3B_DRYRUN_FINISHED|H3B_FINAL_GATE_DECIDED|H3B_PLACE_FINISHED,UNKNOWN,h3bup:na:b25aabd814d5
H3B_BRIDGE_FETCHED|H3B_EXEC_REQUEST_CREATED|H3B_EXECUTOR_RECEIVED|H3B_DRYRUN_FINISHED|H3B_FINAL_GATE_DECIDED|H3B_PLACE_FINISHED,UNKNOWN,h3bup:na:bc1c5fadd9a2
H3B_BRIDGE_FETCHED|H3B_EXEC_REQUEST_CREATED|H3B_EXECUTOR_RECEIVED|H3B_DRYRUN_FINISHED|H3B_FINAL_GATE_DECIDED|H3B_PLACE_FINISHED,UNKNOWN,h3bup:na:471dee31f491
H3B_BRIDGE_FETCHED|H3B_EXEC_REQUEST_CREATED|H3B_EXECUTOR_RECEIVED|H3B_DRYRUN_FINISHED|H3B_FINAL_GATE_DECIDED|H3B_PLACE_FINISHED,UNKNOWN,h3bup:na:d6c416e8af7e
H3B_BRIDGE_FETCHED|H3B_EXEC_REQUEST_CREATED|H3B_EXECUTOR_RECEIVED|H3B_DRYRUN_FINISHED|H3B_FINAL_GATE_DECIDED|H3B_PLACE_FINISHED,UNKNOWN,h3bup:na:8e74a4c90cb9
H3B_EXEC_REQUEST_CREATED|H3B_EXECUTOR_RECEIVED|H3B_DRYRUN_FINISHED|H3B_FINAL_GATE_DECIDED|H3B_PLACE_FINISHED,UNKNOWN,h3bup:na:c9e3f9ed7fe9
H3B_BRIDGE_FETCHED|H3B_EXEC_REQUEST_CREATED|H3B_EXECUTOR_RECEIVED|H3B_DRYRUN_FINISHED|H3B_FINAL_GATE_DECIDED|H3B_PLACE_FINISHED,UNKNOWN,h3bup:na:2e8aa0cd3834
H3B_BRIDGE_FETCHED|H3B_EXEC_REQUEST_CREATED|H3B_EXECUTOR_RECEIVED|H3B_DRYRUN_FINISHED|H3B_FINAL_GATE_DECIDED|H3B_PLACE_FINISHED,UNKNOWN,h3bup:na:42ddc4115474
H3B_BRIDGE_FETCHED|H3B_EXEC_REQUEST_CREATED|H3B_EXECUTOR_RECEIVED|H3B_DRYRUN_FINISHED|H3B_FINAL_GATE_DECIDED|H3B_PLACE_FINISHED,UNKNOWN,h3bup:na:c68b018a675c
H3B_BRIDGE_FETCHED|H3B_EXEC_REQUEST_CREATED|H3B_EXECUTOR_RECEIVED|H3B_DRYRUN_FINISHED|H3B_FINAL_GATE_DECIDED|H3B_PLACE_FINISHED,UNKNOWN,h3bup:na:f56064274681
H3B_BRIDGE_FETCHED|H3B_EXEC_REQUEST_CREATED|H3B_EXECUTOR_RECEIVED|H3B_DRYRUN_FINISHED|H3B_FINAL_GATE_DECIDED|H3B_PLACE_FINISHED,UNKNOWN,h3bup:na:9cf901578d3e
H3B_BRIDGE_FETCHED|H3B_EXEC_REQUEST_CREATED|H3B_EXECUTOR_RECEIVED|H3B_DRYRUN_FINISHED|H3B_FINAL_GATE_DECIDED|H3B_PLACE_FINISHED,UNKNOWN,h3bup:na:fd6813b535ea
H3B_BRIDGE_FETCHED|H3B_EXEC_REQUEST_CREATED|H3B_EXECUTOR_RECEIVED|H3B_DRYRUN_FINISHED|H3B_FINAL_GATE_DECIDED|H3B_PLACE_FINISHED,UNKNOWN,h3bup:na:d101888f4796
H3B_BRIDGE_FETCHED|H3B_EXEC_REQUEST_CREATED|H3B_EXECUTOR_RECEIVED|H3B_DRYRUN_FINISHED|H3B_FINAL_GATE_DECIDED|H3B_PLACE_FINISHED,UNKNOWN,h3bup:na:d1b9c4b9f64b
H3B_BRIDGE_FETCHED|H3B_EXEC_REQUEST_CREATED|H3B_EXECUTOR_RECEIVED|H3B_DRYRUN_FINISHED|H3B_FINAL_GATE_DECIDED|H3B_PLACE_FINISHED,UNKNOWN,h3bup:na:c32c26f4e450
H3B_BRIDGE_FETCHED|H3B_EXEC_REQUEST_CREATED|H3B_EXECUTOR_RECEIVED|H3B_DRYRUN_FINISHED|H3B_FINAL_GATE_DECIDED|H3B_PLACE_FINISHED,UNKNOWN,h3bup:na:443d9886ebeb
H3B_BRIDGE_FETCHED|H3B_EXEC_REQUEST_CREATED|H3B_EXECUTOR_RECEIVED|H3B_DRYRUN_FINISHED|H3B_FINAL_GATE_DECIDED|H3B_PLACE_FINISHED,UNKNOWN,h3bup:na:8de1bccb8fc5
H3B_EXEC_REQUEST_CREATED|H3B_EXECUTOR_RECEIVED|H3B_DRYRUN_FINISHED|H3B_FINAL_GATE_DECIDED|H3B_PLACE_FINISHED,UNKNOWN,h3bup:na:ddbea3a9c57d
H3B_BRIDGE_FETCHED|H3B_EXEC_REQUEST_CREATED|H3B_EXECUTOR_RECEIVED|H3B_DRYRUN_FINISHED|H3B_FINAL_GATE_DECIDED|H3B_PLACE_FINISHED,UNKNOWN,h3bup:na:28dbfaad1005
H3B_EXEC_REQUEST_CREATED|H3B_EXECUTOR_RECEIVED|H3B_DRYRUN_FINISHED|H3B_FINAL_GATE_DECIDED|H3B_PLACE_FINISHED,UNKNOWN,h3bup:na:e501810c4864
H3B_EXEC_REQUEST_CREATED|H3B_EXECUTOR_RECEIVED|H3B_DRYRUN_FINISHED|H3B_FINAL_GATE_DECIDED|H3B_PLACE_FINISHED,UNKNOWN,h3bup:na:c710221009c6
H3B_BRIDGE_FETCHED|H3B_EXEC_REQUEST_CREATED|H3B_EXECUTOR_RECEIVED|H3B_DRYRUN_FINISHED|H3B_FINAL_GATE_DECIDED|H3B_PLACE_FINISHED,UNKNOWN,h3bup:na:058f8db1b6a8
H3B_EXEC_REQUEST_CREATED|H3B_EXECUTOR_RECEIVED|H3B_DRYRUN_FINISHED|H3B_FINAL_GATE_DECIDED|H3B_PLACE_FINISHED,UNKNOWN,h3bup:na:84c428452cbf
H3B_BRIDGE_FETCHED|H3B_EXEC_REQUEST_CREATED|H3B_EXECUTOR_RECEIVED|H3B_DRYRUN_FINISHED|H3B_FINAL_GATE_DECIDED|H3B_PLACE_FINISHED,UNKNOWN,h3bup:na:2074765f6e32
H3B_EXEC_REQUEST_CREATED|H3B_EXECUTOR_RECEIVED|H3B_DRYRUN_FINISHED|H3B_FINAL_GATE_DECIDED|H3B_PLACE_FINISHED,UNKNOWN,h3bup:na:6a2a29889e35
H3B_BRIDGE_FETCHED|H3B_EXEC_REQUEST_CREATED|H3B_EXECUTOR_RECEIVED|H3B_DRYRUN_FINISHED|H3B_FINAL_GATE_DECIDED|H3B_PLACE_FINISHED,UNKNOWN,h3bup:na:8a3abb568b5c
H3B_BRIDGE_FETCHED|H3B_EXEC_REQUEST_CREATED|H3B_EXECUTOR_RECEIVED|H3B_DRYRUN_FINISHED|H3B_FINAL_GATE_DECIDED|H3B_PLACE_FINISHED,UNKNOWN,h3bup:na:8dfaa26075a8
H3B_BRIDGE_FETCHED|H3B_EXEC_REQUEST_CREATED|H3B_EXECUTOR_RECEIVED|H3B_DRYRUN_FINISHED|H3B_FINAL_GATE_DECIDED|H3B_PLACE_FINISHED,UNKNOWN,h3bup:na:127765ad8189
H3B_BRIDGE_FETCHED|H3B_EXEC_REQUEST_CREATED|H3B_EXECUTOR_RECEIVED|H3B_DRYRUN_FINISHED|H3B_FINAL_GATE_DECIDED|H3B_PLACE_FINISHED,UNKNOWN,h3bup:na:9e5437b6ed8c
H3B_BRIDGE_FETCHED|H3B_EXEC_REQUEST_CREATED|H3B_EXECUTOR_RECEIVED|H3B_DRYRUN_FINISHED|H3B_FINAL_GATE_DECIDED|H3B_PLACE_FINISHED,UNKNOWN,h3bup:na:b4ee8e75bbb7
H3B_BRIDGE_FETCHED|H3B_EXEC_REQUEST_CREATED|H3B_EXECUTOR_RECEIVED|H3B_DRYRUN_FINISHED|H3B_FINAL_GATE_DECIDED|H3B_PLACE_FINISHED,UNKNOWN,h3bup:na:c73166700d2b
H3B_BRIDGE_FETCHED|H3B_EXEC_REQUEST_CREATED|H3B_EXECUTOR_RECEIVED|H3B_DRYRUN_FINISHED|H3B_FINAL_GATE_DECIDED|H3B_PLACE_FINISHED,UNKNOWN,h3bup:na:84ddb89e9696
H3B_EXEC_REQUEST_CREATED|H3B_EXECUTOR_RECEIVED|H3B_DRYRUN_FINISHED|H3B_FINAL_GATE_DECIDED|H3B_PLACE_FINISHED,UNKNOWN,h3bup:na:b643e1a6fff3
H3B_BRIDGE_FETCHED|H3B_EXEC_REQUEST_CREATED|H3B_EXECUTOR_RECEIVED|H3B_DRYRUN_FINISHED|H3B_FINAL_GATE_DECIDED|H3B_PLACE_FINISHED,UNKNOWN,h3bup:na:352c79734b18
H3B_BRIDGE_FETCHED|H3B_EXEC_REQUEST_CREATED|H3B_EXECUTOR_RECEIVED|H3B_DRYRUN_FINISHED|H3B_FINAL_GATE_DECIDED|H3B_PLACE_FINISHED,UNKNOWN,h3bup:na:07b27a6dbfd2
H3B_BRIDGE_FETCHED|H3B_EXEC_REQUEST_CREATED|H3B_EXECUTOR_RECEIVED|H3B_DRYRUN_FINISHED|H3B_FINAL_GATE_DECIDED|H3B_PLACE_FINISHED,UNKNOWN,h3bup:na:24cef12daf40
H3B_BRIDGE_FETCHED|H3B_EXEC_REQUEST_CREATED|H3B_EXECUTOR_RECEIVED|H3B_DRYRUN_FINISHED|H3B_FINAL_GATE_DECIDED|H3B_PLACE_FINISHED,UNKNOWN,h3bup:na:9bfe850a944b
H3B_BRIDGE_FETCHED|H3B_EXEC_REQUEST_CREATED|H3B_EXECUTOR_RECEIVED|H3B_DRYRUN_FINISHED|H3B_FINAL_GATE_DECIDED|H3B_PLACE_FINISHED,UNKNOWN,h3bup:na:acdf80982e29
H3B_BRIDGE_FETCHED|H3B_EXEC_REQUEST_CREATED|H3B_EXECUTOR_RECEIVED|H3B_DRYRUN_FINISHED|H3B_FINAL_GATE_DECIDED|H3B_PLACE_FINISHED,UNKNOWN,h3bup:na:26f4381267a8
H3B_BRIDGE_FETCHED|H3B_EXEC_REQUEST_CREATED|H3B_EXECUTOR_RECEIVED|H3B_DRYRUN_FINISHED|H3B_FINAL_GATE_DECIDED|H3B_PLACE_FINISHED,UNKNOWN,h3bup:na:449df1a40fd6
H3B_BRIDGE_FETCHED|H3B_EXEC_REQUEST_CREATED|H3B_EXECUTOR_RECEIVED|H3B_DRYRUN_FINISHED|H3B_FINAL_GATE_DECIDED|H3B_PLACE_FINISHED,UNKNOWN,h3bup:na:6e537cca4713
H3B_BRIDGE_FETCHED|H3B_EXEC_REQUEST_CREATED|H3B_EXECUTOR_RECEIVED|H3B_DRYRUN_FINISHED|H3B_FINAL_GATE_DECIDED|H3B_PLACE_FINISHED,UNKNOWN,h3bup:na:9a723286a95a
H3B_BRIDGE_FETCHED|H3B_EXEC_REQUEST_CREATED|H3B_EXECUTOR_RECEIVED|H3B_DRYRUN_FINISHED|H3B_FINAL_GATE_DECIDED|H3B_PLACE_FINISHED,UNKNOWN,h3bup:na:f446d3a87402
H3B_BRIDGE_FETCHED|H3B_EXEC_REQUEST_CREATED|H3B_EXECUTOR_RECEIVED|H3B_DRYRUN_FINISHED|H3B_FINAL_GATE_DECIDED|H3B_PLACE_FINISHED,UNKNOWN,h3bup:na:661df90db765
H3B_BRIDGE_FETCHED|H3B_EXEC_REQUEST_CREATED|H3B_EXECUTOR_RECEIVED|H3B_DRYRUN_FINISHED|H3B_FINAL_GATE_DECIDED|H3B_PLACE_FINISHED,UNKNOWN,h3bup:na:50475b680db0
H3B_EXEC_REQUEST_CREATED|H3B_EXECUTOR_RECEIVED|H3B_DRYRUN_FINISHED|H3B_FINAL_GATE_DECIDED|H3B_PLACE_FINISHED,UNKNOWN,h3bup:na:d33f50e7c60d
H3B_BRIDGE_FETCHED|H3B_EXEC_REQUEST_CREATED|H3B_EXECUTOR_RECEIVED|H3B_DRYRUN_FINISHED|H3B_FINAL_GATE_DECIDED|H3B_PLACE_FINISHED,UNKNOWN,h3bup:na:b1f7453c5750
H3B_BRIDGE_FETCHED|H3B_EXEC_REQUEST_CREATED|H3B_EXECUTOR_RECEIVED|H3B_DRYRUN_FINISHED|H3B_FINAL_GATE_DECIDED|H3B_PLACE_FINISHED,UNKNOWN,h3bup:na:54e14699d58f
H3B_BRIDGE_FETCHED|H3B_EXEC_REQUEST_CREATED|H3B_EXECUTOR_RECEIVED|H3B_DRYRUN_FINISHED|H3B_FINAL_GATE_DECIDED|H3B_PLACE_FINISHED,UNKNOWN,h3bup:na:bcb7980ccded
H3B_BRIDGE_FETCHED|H3B_EXEC_REQUEST_CREATED|H3B_EXECUTOR_RECEIVED|H3B_DRYRUN_FINISHED|H3B_FINAL_GATE_DECIDED|H3B_PLACE_FINISHED,UNKNOWN,h3bup:na:f90ade865561
H3B_BRIDGE_FETCHED|H3B_EXEC_REQUEST_CREATED|H3B_EXECUTOR_RECEIVED|H3B_DRYRUN_FINISHED|H3B_FINAL_GATE_DECIDED|H3B_PLACE_FINISHED,UNKNOWN,h3bup:na:e31b2341c218
H3B_BRIDGE_FETCHED|H3B_EXEC_REQUEST_CREATED|H3B_EXECUTOR_RECEIVED|H3B_DRYRUN_FINISHED|H3B_FINAL_GATE_DECIDED|H3B_PLACE_FINISHED,UNKNOWN,h3bup:na:9c4bdb529b06
H3B_EXEC_REQUEST_CREATED|H3B_EXECUTOR_RECEIVED|H3B_DRYRUN_FINISHED|H3B_FINAL_GATE_DECIDED|H3B_PLACE_FINISHED,UNKNOWN,h3bup:na:c7aa62d0a495
H3B_BRIDGE_FETCHED|H3B_EXEC_REQUEST_CREATED|H3B_EXECUTOR_RECEIVED|H3B_DRYRUN_FINISHED|H3B_FINAL_GATE_DECIDED|H3B_PLACE_FINISHED,UNKNOWN,h3bup:na:0c898abef634
H3B_BRIDGE_FETCHED|H3B_EXEC_REQUEST_CREATED|H3B_EXECUTOR_RECEIVED|H3B_DRYRUN_FINISHED|H3B_FINAL_GATE_DECIDED|H3B_PLACE_FINISHED,UNKNOWN,h3bup:na:25591eda2212
H3B_EXEC_REQUEST_CREATED|H3B_EXECUTOR_RECEIVED|H3B_DRYRUN_FINISHED|H3B_FINAL_GATE_DECIDED|H3B_PLACE_FINISHED,UNKNOWN,h3bup:na:740d40ccfa3f
H3B_EXEC_REQUEST_CREATED|H3B_EXECUTOR_RECEIVED|H3B_DRYRUN_FINISHED|H3B_FINAL_GATE_DECIDED|H3B_PLACE_FINISHED,UNKNOWN,h3bup:na:da239a2d9522
H3B_BRIDGE_FETCHED|H3B_EXEC_REQUEST_CREATED|H3B_EXECUTOR_RECEIVED|H3B_DRYRUN_FINISHED|H3B_FINAL_GATE_DECIDED|H3B_PLACE_FINISHED,UNKNOWN,h3bup:na:180260f399dc
H3B_BRIDGE_FETCHED|H3B_EXEC_REQUEST_CREATED|H3B_EXECUTOR_RECEIVED|H3B_DRYRUN_FINISHED|H3B_FINAL_GATE_DECIDED|H3B_PLACE_FINISHED,UNKNOWN,h3bup:na:db9e4ed7ba68
H3B_BRIDGE_FETCHED|H3B_EXEC_REQUEST_CREATED|H3B_EXECUTOR_RECEIVED|H3B_DRYRUN_FINISHED|H3B_FINAL_GATE_DECIDED|H3B_PLACE_FINISHED,UNKNOWN,h3bup:na:ec9ac46d1214
H3B_BRIDGE_FETCHED|H3B_EXEC_REQUEST_CREATED|H3B_EXECUTOR_RECEIVED|H3B_DRYRUN_FINISHED|H3B_FINAL_GATE_DECIDED|H3B_PLACE_FINISHED,UNKNOWN,h3bup:na:138635a42eab
H3B_BRIDGE_FETCHED|H3B_EXEC_REQUEST_CREATED|H3B_EXECUTOR_RECEIVED|H3B_DRYRUN_FINISHED|H3B_FINAL_GATE_DECIDED|H3B_PLACE_FINISHED,UNKNOWN,h3bup:na:e80c6fe29b0d
H3B_BRIDGE_FETCHED|H3B_EXEC_REQUEST_CREATED|H3B_EXECUTOR_RECEIVED|H3B_DRYRUN_FINISHED|H3B_FINAL_GATE_DECIDED|H3B_PLACE_FINISHED,UNKNOWN,h3bup:na:48086815e138
H3B_BRIDGE_FETCHED|H3B_EXEC_REQUEST_CREATED|H3B_EXECUTOR_RECEIVED|H3B_DRYRUN_FINISHED|H3B_FINAL_GATE_DECIDED|H3B_PLACE_FINISHED,UNKNOWN,h3bup:na:bff3f79613aa
H3B_BRIDGE_FETCHED|H3B_EXEC_REQUEST_CREATED|H3B_EXECUTOR_RECEIVED|H3B_DRYRUN_FINISHED|H3B_FINAL_GATE_DECIDED|H3B_PLACE_FINISHED,UNKNOWN,h3bup:na:eabd6169917b
H3B_BRIDGE_FETCHED|H3B_EXEC_REQUEST_CREATED|H3B_EXECUTOR_RECEIVED|H3B_DRYRUN_FINISHED|H3B_FINAL_GATE_DECIDED|H3B_PLACE_FINISHED,UNKNOWN,h3bup:na:561a93a686b8
H3B_BRIDGE_FETCHED|H3B_EXEC_REQUEST_CREATED|H3B_EXECUTOR_RECEIVED|H3B_DRYRUN_FINISHED|H3B_FINAL_GATE_DECIDED|H3B_PLACE_FINISHED,UNKNOWN,h3bup:na:8ac941bcb25a
H3B_BRIDGE_FETCHED|H3B_EXEC_REQUEST_CREATED|H3B_EXECUTOR_RECEIVED|H3B_DRYRUN_FINISHED|H3B_FINAL_GATE_DECIDED|H3B_PLACE_FINISHED,UNKNOWN,h3bup:na:08bf8b45bac1
H3B_BRIDGE_FETCHED|H3B_EXEC_REQUEST_CREATED|H3B_EXECUTOR_RECEIVED|H3B_DRYRUN_FINISHED|H3B_FINAL_GATE_DECIDED|H3B_PLACE_FINISHED,UNKNOWN,h3bup:na:aa9dab1e4b82
H3B_BRIDGE_FETCHED|H3B_EXEC_REQUEST_CREATED|H3B_EXECUTOR_RECEIVED|H3B_DRYRUN_FINISHED|H3B_FINAL_GATE_DECIDED|H3B_PLACE_FINISHED,UNKNOWN,h3bup:na:641812ae1eb9
H3B_BRIDGE_FETCHED|H3B_EXEC_REQUEST_CREATED|H3B_EXECUTOR_RECEIVED|H3B_DRYRUN_FINISHED|H3B_FINAL_GATE_DECIDED|H3B_PLACE_FINISHED,UNKNOWN,h3bup:na:f43aa4d0ab71
H3B_BRIDGE_FETCHED|H3B_EXEC_REQUEST_CREATED|H3B_EXECUTOR_RECEIVED|H3B_DRYRUN_FINISHED|H3B_FINAL_GATE_DECIDED|H3B_PLACE_FINISHED,UNKNOWN,h3bup:na:70b91b087849
H3B_BRIDGE_FETCHED|H3B_EXEC_REQUEST_CREATED|H3B_EXECUTOR_RECEIVED|H3B_DRYRUN_FINISHED|H3B_FINAL_GATE_DECIDED|H3B_PLACE_FINISHED,UNKNOWN,h3bup:na:af32287bbb8e
H3B_BRIDGE_FETCHED|H3B_EXEC_REQUEST_CREATED|H3B_EXECUTOR_RECEIVED|H3B_DRYRUN_FINISHED|H3B_FINAL_GATE_DECIDED|H3B_PLACE_FINISHED,UNKNOWN,h3bup:na:6799096cf4ae
H3B_EXEC_REQUEST_CREATED|H3B_EXECUTOR_RECEIVED|H3B_DRYRUN_FINISHED|H3B_FINAL_GATE_DECIDED|H3B_PLACE_FINISHED,UNKNOWN,h3bup:na:c24d7ad1fd57
H3B_BRIDGE_FETCHED|H3B_EXEC_REQUEST_CREATED|H3B_EXECUTOR_RECEIVED|H3B_DRYRUN_FINISHED|H3B_FINAL_GATE_DECIDED|H3B_PLACE_FINISHED,UNKNOWN,h3bup:na:24463f2f7793
H3B_BRIDGE_FETCHED|H3B_EXEC_REQUEST_CREATED|H3B_EXECUTOR_RECEIVED|H3B_DRYRUN_FINISHED|H3B_FINAL_GATE_DECIDED|H3B_PLACE_FINISHED,UNKNOWN,h3bup:na:0fb631eb6a83
H3B_BRIDGE_FETCHED|H3B_EXEC_REQUEST_CREATED|H3B_EXECUTOR_RECEIVED|H3B_DRYRUN_FINISHED|H3B_FINAL_GATE_DECIDED|H3B_PLACE_FINISHED,UNKNOWN,h3bup:na:f1222ac0e53c
H3B_BRIDGE_FETCHED|H3B_EXEC_REQUEST_CREATED|H3B_EXECUTOR_RECEIVED|H3B_DRYRUN_FINISHED|H3B_FINAL_GATE_DECIDED|H3B_PLACE_FINISHED,UNKNOWN,h3bup:na:4f472bf5ed68
H3B_EXEC_REQUEST_CREATED|H3B_EXECUTOR_RECEIVED|H3B_DRYRUN_FINISHED|H3B_FINAL_GATE_DECIDED|H3B_PLACE_FINISHED,UNKNOWN,h3bup:na:f5a6ed6a277d
H3B_BRIDGE_FETCHED|H3B_EXEC_REQUEST_CREATED|H3B_EXECUTOR_RECEIVED|H3B_DRYRUN_FINISHED|H3B_FINAL_GATE_DECIDED|H3B_PLACE_FINISHED,UNKNOWN,h3bup:na:77649aa253fb
H3B_BRIDGE_FETCHED|H3B_EXEC_REQUEST_CREATED|H3B_EXECUTOR_RECEIVED|H3B_DRYRUN_FINISHED|H3B_FINAL_GATE_DECIDED|H3B_PLACE_FINISHED,UNKNOWN,h3bup:na:35f0a0f258f9
H3B_EXEC_REQUEST_CREATED|H3B_EXECUTOR_RECEIVED|H3B_DRYRUN_FINISHED|H3B_FINAL_GATE_DECIDED|H3B_PLACE_FINISHED,UNKNOWN,h3bup:na:86eb706c365b
H3B_BRIDGE_FETCHED|H3B_EXEC_REQUEST_CREATED|H3B_EXECUTOR_RECEIVED|H3B_DRYRUN_FINISHED|H3B_FINAL_GATE_DECIDED|H3B_PLACE_FINISHED,UNKNOWN,h3bup:na:8039a5df9046
H3B_BRIDGE_FETCHED|H3B_EXEC_REQUEST_CREATED|H3B_EXECUTOR_RECEIVED|H3B_DRYRUN_FINISHED|H3B_FINAL_GATE_DECIDED|H3B_PLACE_FINISHED,UNKNOWN,h3bup:na:b75a1631b210
H3B_BRIDGE_FETCHED|H3B_EXEC_REQUEST_CREATED|H3B_EXECUTOR_RECEIVED|H3B_DRYRUN_FINISHED|H3B_FINAL_GATE_DECIDED|H3B_PLACE_FINISHED,UNKNOWN,h3bup:na:3229f12b521a
H3B_BRIDGE_FETCHED|H3B_EXEC_REQUEST_CREATED|H3B_EXECUTOR_RECEIVED|H3B_DRYRUN_FINISHED|H3B_FINAL_GATE_DECIDED|H3B_PLACE_FINISHED,UNKNOWN,h3bup:na:7f37f6761c16
H3B_BRIDGE_FETCHED|H3B_EXEC_REQUEST_CREATED|H3B_EXECUTOR_RECEIVED|H3B_DRYRUN_FINISHED|H3B_FINAL_GATE_DECIDED|H3B_PLACE_FINISHED,UNKNOWN,h3bup:na:158735edcd67
H3B_BRIDGE_FETCHED|H3B_EXEC_REQUEST_CREATED|H3B_EXECUTOR_RECEIVED|H3B_DRYRUN_FINISHED|H3B_FINAL_GATE_DECIDED|H3B_PLACE_FINISHED,UNKNOWN,h3bup:na:c8105d2766e1
H3B_BRIDGE_FETCHED|H3B_EXEC_REQUEST_CREATED|H3B_EXECUTOR_RECEIVED|H3B_DRYRUN_FINISHED|H3B_FINAL_GATE_DECIDED|H3B_PLACE_FINISHED,UNKNOWN,h3bup:na:be4775f63cb1
H3B_BRIDGE_FETCHED|H3B_EXEC_REQUEST_CREATED|H3B_EXECUTOR_RECEIVED|H3B_DRYRUN_FINISHED|H3B_FINAL_GATE_DECIDED|H3B_PLACE_FINISHED,UNKNOWN,h3bup:na:b255ca20eb67
H3B_BRIDGE_FETCHED|H3B_EXEC_REQUEST_CREATED|H3B_EXECUTOR_RECEIVED|H3B_DRYRUN_FINISHED|H3B_FINAL_GATE_DECIDED|H3B_PLACE_FINISHED,UNKNOWN,h3bup:na:b570ac247365
H3B_BRIDGE_FETCHED|H3B_EXEC_REQUEST_CREATED|H3B_EXECUTOR_RECEIVED|H3B_DRYRUN_FINISHED|H3B_FINAL_GATE_DECIDED|H3B_PLACE_FINISHED,UNKNOWN,h3bup:na:d2896edd1fcb
H3B_BRIDGE_FETCHED|H3B_EXEC_REQUEST_CREATED|H3B_EXECUTOR_RECEIVED|H3B_DRYRUN_FINISHED|H3B_FINAL_GATE_DECIDED|H3B_PLACE_FINISHED,UNKNOWN,h3bup:na:ae6910069b8c
H3B_BRIDGE_FETCHED|H3B_EXEC_REQUEST_CREATED|H3B_EXECUTOR_RECEIVED|H3B_DRYRUN_FINISHED|H3B_FINAL_GATE_DECIDED|H3B_PLACE_FINISHED,UNKNOWN,h3bup:na:7ac7dbc49056
H3B_BRIDGE_FETCHED|H3B_EXEC_REQUEST_CREATED|H3B_EXECUTOR_RECEIVED|H3B_DRYRUN_FINISHED|H3B_FINAL_GATE_DECIDED|H3B_PLACE_FINISHED,UNKNOWN,h3bup:na:be42573655e7
H3B_BRIDGE_FETCHED|H3B_EXEC_REQUEST_CREATED|H3B_EXECUTOR_RECEIVED|H3B_DRYRUN_FINISHED|H3B_FINAL_GATE_DECIDED|H3B_PLACE_FINISHED,UNKNOWN,h3bup:na:32b4bffd17b3
H3B_EXEC_REQUEST_CREATED|H3B_EXECUTOR_RECEIVED|H3B_DRYRUN_FINISHED|H3B_FINAL_GATE_DECIDED|H3B_PLACE_FINISHED,UNKNOWN,h3bup:na:808849b4f9c7
H3B_EXEC_REQUEST_CREATED|H3B_EXECUTOR_RECEIVED|H3B_DRYRUN_FINISHED|H3B_FINAL_GATE_DECIDED|H3B_PLACE_FINISHED,UNKNOWN,h3bup:na:a473567efc6d
H3B_BRIDGE_FETCHED|H3B_EXEC_REQUEST_CREATED|H3B_EXECUTOR_RECEIVED|H3B_DRYRUN_FINISHED|H3B_FINAL_GATE_DECIDED|H3B_PLACE_FINISHED,UNKNOWN,h3bup:na:c572b132d81d
H3B_EXEC_REQUEST_CREATED|H3B_EXECUTOR_RECEIVED|H3B_DRYRUN_FINISHED|H3B_FINAL_GATE_DECIDED|H3B_PLACE_FINISHED,UNKNOWN,h3bup:na:6e8234fd2b28
H3B_BRIDGE_FETCHED|H3B_EXEC_REQUEST_CREATED|H3B_EXECUTOR_RECEIVED|H3B_DRYRUN_FINISHED|H3B_FINAL_GATE_DECIDED|H3B_PLACE_FINISHED,UNKNOWN,h3bup:na:53b75e24ae71
H3B_BRIDGE_FETCHED|H3B_EXEC_REQUEST_CREATED|H3B_EXECUTOR_RECEIVED|H3B_DRYRUN_FINISHED|H3B_FINAL_GATE_DECIDED|H3B_PLACE_FINISHED,UNKNOWN,h3bup:na:c14d8841e0fc
H3B_BRIDGE_FETCHED|H3B_EXEC_REQUEST_CREATED|H3B_EXECUTOR_RECEIVED|H3B_DRYRUN_FINISHED|H3B_FINAL_GATE_DECIDED|H3B_PLACE_FINISHED,UNKNOWN,h3bup:na:1ac501da125f
H3B_BRIDGE_FETCHED|H3B_EXEC_REQUEST_CREATED|H3B_EXECUTOR_RECEIVED|H3B_DRYRUN_FINISHED|H3B_FINAL_GATE_DECIDED|H3B_PLACE_FINISHED,UNKNOWN,h3bup:na:f8007302752b
H3B_EXEC_REQUEST_CREATED|H3B_EXECUTOR_RECEIVED|H3B_DRYRUN_FINISHED|H3B_FINAL_GATE_DECIDED|H3B_PLACE_FINISHED,UNKNOWN,h3bup:na:300dfa0b4427
H3B_BRIDGE_FETCHED|H3B_EXEC_REQUEST_CREATED|H3B_EXECUTOR_RECEIVED|H3B_DRYRUN_FINISHED|H3B_FINAL_GATE_DECIDED|H3B_PLACE_FINISHED,UNKNOWN,h3bup:na:300ae8f2f365
H3B_BRIDGE_FETCHED|H3B_EXEC_REQUEST_CREATED|H3B_EXECUTOR_RECEIVED|H3B_DRYRUN_FINISHED|H3B_FINAL_GATE_DECIDED|H3B_PLACE_FINISHED,UNKNOWN,h3bup:na:f3eabd6b68e1
H3B_BRIDGE_FETCHED|H3B_EXEC_REQUEST_CREATED|H3B_EXECUTOR_RECEIVED|H3B_DRYRUN_FINISHED|H3B_FINAL_GATE_DECIDED|H3B_PLACE_FINISHED,UNKNOWN,h3bup:na:ab7729aa6118
H3B_BRIDGE_FETCHED|H3B_EXEC_REQUEST_CREATED|H3B_EXECUTOR_RECEIVED|H3B_DRYRUN_FINISHED|H3B_FINAL_GATE_DECIDED|H3B_PLACE_FINISHED,UNKNOWN,h3bup:na:65b53ed5cb68
H3B_BRIDGE_FETCHED|H3B_EXEC_REQUEST_CREATED|H3B_EXECUTOR_RECEIVED|H3B_DRYRUN_FINISHED|H3B_FINAL_GATE_DECIDED|H3B_PLACE_FINISHED,UNKNOWN,h3bup:na:764406ffceb4
H3B_BRIDGE_FETCHED|H3B_EXEC_REQUEST_CREATED|H3B_EXECUTOR_RECEIVED|H3B_DRYRUN_FINISHED|H3B_FINAL_GATE_DECIDED|H3B_PLACE_FINISHED,UNKNOWN,h3bup:na:77433729d8e2
H3B_BRIDGE_FETCHED|H3B_EXEC_REQUEST_CREATED|H3B_EXECUTOR_RECEIVED|H3B_DRYRUN_FINISHED|H3B_FINAL_GATE_DECIDED|H3B_PLACE_FINISHED,UNKNOWN,h3bup:na:2ae26aadf331
H3B_BRIDGE_FETCHED|H3B_EXEC_REQUEST_CREATED|H3B_EXECUTOR_RECEIVED|H3B_DRYRUN_FINISHED|H3B_FINAL_GATE_DECIDED|H3B_PLACE_FINISHED,UNKNOWN,h3bup:na:6b575d58740e
H3B_BRIDGE_FETCHED|H3B_EXEC_REQUEST_CREATED|H3B_EXECUTOR_RECEIVED|H3B_DRYRUN_FINISHED|H3B_FINAL_GATE_DECIDED|H3B_PLACE_FINISHED,UNKNOWN,h3bup:na:3cd1567a3ebf
H3B_BRIDGE_FETCHED|H3B_EXEC_REQUEST_CREATED|H3B_EXECUTOR_RECEIVED|H3B_DRYRUN_FINISHED|H3B_FINAL_GATE_DECIDED|H3B_PLACE_FINISHED,UNKNOWN,h3bup:na:b997b04565c8
H3B_BRIDGE_FETCHED|H3B_EXEC_REQUEST_CREATED|H3B_EXECUTOR_RECEIVED|H3B_DRYRUN_FINISHED|H3B_FINAL_GATE_DECIDED|H3B_PLACE_FINISHED,UNKNOWN,h3bup:na:617135f677cf
H3B_BRIDGE_FETCHED|H3B_EXEC_REQUEST_CREATED|H3B_EXECUTOR_RECEIVED|H3B_DRYRUN_FINISHED|H3B_FINAL_GATE_DECIDED|H3B_PLACE_FINISHED,UNKNOWN,h3bup:na:104d96024c33
H3B_BRIDGE_FETCHED|H3B_EXEC_REQUEST_CREATED|H3B_EXECUTOR_RECEIVED|H3B_DRYRUN_FINISHED|H3B_FINAL_GATE_DECIDED|H3B_PLACE_FINISHED,UNKNOWN,h3bup:na:d18fe7112ce4
H3B_BRIDGE_FETCHED|H3B_EXEC_REQUEST_CREATED|H3B_EXECUTOR_RECEIVED|H3B_DRYRUN_FINISHED|H3B_FINAL_GATE_DECIDED|H3B_PLACE_FINISHED,UNKNOWN,h3bup:na:5ac0309589d8
H3B_BRIDGE_FETCHED|H3B_EXEC_REQUEST_CREATED|H3B_EXECUTOR_RECEIVED|H3B_DRYRUN_FINISHED|H3B_FINAL_GATE_DECIDED|H3B_PLACE_FINISHED,UNKNOWN,h3bup:na:a94331ff62e1
H3B_BRIDGE_FETCHED|H3B_EXEC_REQUEST_CREATED|H3B_EXECUTOR_RECEIVED|H3B_DRYRUN_FINISHED|H3B_FINAL_GATE_DECIDED|H3B_PLACE_FINISHED,UNKNOWN,h3bup:na:4316e5d061cc
H3B_BRIDGE_FETCHED|H3B_EXEC_REQUEST_CREATED|H3B_EXECUTOR_RECEIVED|H3B_DRYRUN_FINISHED|H3B_FINAL_GATE_DECIDED|H3B_PLACE_FINISHED,UNKNOWN,h3bup:na:916e2cb93426
H3B_BRIDGE_FETCHED|H3B_EXEC_REQUEST_CREATED|H3B_EXECUTOR_RECEIVED|H3B_DRYRUN_FINISHED|H3B_FINAL_GATE_DECIDED|H3B_PLACE_FINISHED,UNKNOWN,h3bup:na:306910eabd3b
H3B_BRIDGE_FETCHED|H3B_EXEC_REQUEST_CREATED|H3B_EXECUTOR_RECEIVED|H3B_DRYRUN_FINISHED|H3B_FINAL_GATE_DECIDED|H3B_PLACE_FINISHED,UNKNOWN,h3bup:na:61600f1255dc
H3B_BRIDGE_FETCHED|H3B_EXEC_REQUEST_CREATED|H3B_EXECUTOR_RECEIVED|H3B_DRYRUN_FINISHED|H3B_FINAL_GATE_DECIDED|H3B_PLACE_FINISHED,UNKNOWN,h3bup:na:6401add14ab5
H3B_BRIDGE_FETCHED|H3B_EXEC_REQUEST_CREATED|H3B_EXECUTOR_RECEIVED|H3B_DRYRUN_FINISHED|H3B_FINAL_GATE_DECIDED|H3B_PLACE_FINISHED,UNKNOWN,h3bup:na:3c8bf074cc74
H3B_BRIDGE_FETCHED|H3B_EXEC_REQUEST_CREATED|H3B_EXECUTOR_RECEIVED|H3B_DRYRUN_FINISHED|H3B_FINAL_GATE_DECIDED|H3B_PLACE_FINISHED,UNKNOWN,h3bup:na:a6a1a6071664
H3B_BRIDGE_FETCHED|H3B_EXEC_REQUEST_CREATED|H3B_EXECUTOR_RECEIVED|H3B_DRYRUN_FINISHED|H3B_FINAL_GATE_DECIDED|H3B_PLACE_FINISHED,UNKNOWN,h3bup:na:09868e5fc7bc
H3B_EXEC_REQUEST_CREATED|H3B_EXECUTOR_RECEIVED|H3B_DRYRUN_FINISHED|H3B_FINAL_GATE_DECIDED|H3B_PLACE_FINISHED,UNKNOWN,h3bup:na:49dd53e6769d
H3B_BRIDGE_FETCHED|H3B_EXEC_REQUEST_CREATED|H3B_EXECUTOR_RECEIVED|H3B_DRYRUN_FINISHED|H3B_FINAL_GATE_DECIDED|H3B_PLACE_FINISHED,UNKNOWN,h3bup:na:9c9ec0d028df
H3B_BRIDGE_FETCHED|H3B_EXEC_REQUEST_CREATED|H3B_EXECUTOR_RECEIVED|H3B_DRYRUN_FINISHED|H3B_FINAL_GATE_DECIDED|H3B_PLACE_FINISHED,UNKNOWN,h3bup:na:2b714d05ba21
H3B_BRIDGE_FETCHED|H3B_EXEC_REQUEST_CREATED|H3B_EXECUTOR_RECEIVED|H3B_DRYRUN_FINISHED|H3B_FINAL_GATE_DECIDED|H3B_PLACE_FINISHED,UNKNOWN,h3bup:na:3cb75280cf64
H3B_BRIDGE_FETCHED|H3B_EXEC_REQUEST_CREATED|H3B_EXECUTOR_RECEIVED|H3B_DRYRUN_FINISHED|H3B_FINAL_GATE_DECIDED|H3B_PLACE_FINISHED,UNKNOWN,h3bup:na:06dbef7da7c3
H3B_BRIDGE_FETCHED|H3B_EXEC_REQUEST_CREATED|H3B_EXECUTOR_RECEIVED|H3B_DRYRUN_FINISHED|H3B_FINAL_GATE_DECIDED|H3B_PLACE_FINISHED,UNKNOWN,h3bup:na:d1a980094a4c
H3B_BRIDGE_FETCHED|H3B_EXEC_REQUEST_CREATED|H3B_EXECUTOR_RECEIVED|H3B_DRYRUN_FINISHED|H3B_FINAL_GATE_DECIDED|H3B_PLACE_FINISHED,UNKNOWN,h3bup:na:2da814c05ca9
H3B_BRIDGE_FETCHED|H3B_EXEC_REQUEST_CREATED|H3B_EXECUTOR_RECEIVED|H3B_DRYRUN_FINISHED|H3B_FINAL_GATE_DECIDED|H3B_PLACE_FINISHED,UNKNOWN,h3bup:na:f555f98d327f
H3B_EXEC_REQUEST_CREATED|H3B_EXECUTOR_RECEIVED|H3B_DRYRUN_FINISHED|H3B_FINAL_GATE_DECIDED|H3B_PLACE_FINISHED,UNKNOWN,h3bup:na:6b5e33f77648
H3B_BRIDGE_FETCHED|H3B_EXEC_REQUEST_CREATED|H3B_EXECUTOR_RECEIVED|H3B_DRYRUN_FINISHED|H3B_FINAL_GATE_DECIDED|H3B_PLACE_FINISHED,UNKNOWN,h3bup:na:4dfeff04a123
H3B_BRIDGE_FETCHED|H3B_EXEC_REQUEST_CREATED|H3B_EXECUTOR_RECEIVED|H3B_DRYRUN_FINISHED|H3B_FINAL_GATE_DECIDED|H3B_PLACE_FINISHED,UNKNOWN,h3bup:na:5d81922e3dba
H3B_EXEC_REQUEST_CREATED|H3B_EXECUTOR_RECEIVED|H3B_DRYRUN_FINISHED|H3B_FINAL_GATE_DECIDED|H3B_PLACE_FINISHED,UNKNOWN,h3bup:na:32c1d932fdea
H3B_BRIDGE_FETCHED|H3B_EXEC_REQUEST_CREATED|H3B_EXECUTOR_RECEIVED|H3B_DRYRUN_FINISHED|H3B_FINAL_GATE_DECIDED|H3B_PLACE_FINISHED,UNKNOWN,h3bup:na:a881b1a18eda
H3B_BRIDGE_FETCHED|H3B_EXEC_REQUEST_CREATED|H3B_EXECUTOR_RECEIVED|H3B_DRYRUN_FINISHED|H3B_FINAL_GATE_DECIDED|H3B_PLACE_FINISHED,UNKNOWN,h3bup:na:70a13c91770e
H3B_BRIDGE_FETCHED|H3B_EXEC_REQUEST_CREATED|H3B_EXECUTOR_RECEIVED|H3B_DRYRUN_FINISHED|H3B_FINAL_GATE_DECIDED|H3B_PLACE_FINISHED,UNKNOWN,h3bup:na:f5b163e2a42b
H3B_BRIDGE_FETCHED|H3B_EXEC_REQUEST_CREATED|H3B_EXECUTOR_RECEIVED|H3B_DRYRUN_FINISHED|H3B_FINAL_GATE_DECIDED|H3B_PLACE_FINISHED,UNKNOWN,h3bup:na:97207fed3ad6
H3B_BRIDGE_FETCHED|H3B_EXEC_REQUEST_CREATED|H3B_EXECUTOR_RECEIVED|H3B_DRYRUN_FINISHED|H3B_FINAL_GATE_DECIDED|H3B_PLACE_FINISHED,UNKNOWN,h3bup:na:5f42ac0c55fd
H3B_BRIDGE_FETCHED|H3B_EXEC_REQUEST_CREATED|H3B_EXECUTOR_RECEIVED|H3B_DRYRUN_FINISHED|H3B_FINAL_GATE_DECIDED|H3B_PLACE_FINISHED,UNKNOWN,h3bup:na:bdae7ad95360
H3B_BRIDGE_FETCHED|H3B_EXEC_REQUEST_CREATED|H3B_EXECUTOR_RECEIVED|H3B_DRYRUN_FINISHED|H3B_FINAL_GATE_DECIDED|H3B_PLACE_FINISHED,UNKNOWN,h3bup:na:04635b8794ec
H3B_BRIDGE_FETCHED|H3B_EXEC_REQUEST_CREATED|H3B_EXECUTOR_RECEIVED|H3B_DRYRUN_FINISHED|H3B_FINAL_GATE_DECIDED|H3B_PLACE_FINISHED,UNKNOWN,h3bup:na:2cd20b179a6a
H3B_BRIDGE_FETCHED|H3B_EXEC_REQUEST_CREATED|H3B_EXECUTOR_RECEIVED|H3B_DRYRUN_FINISHED|H3B_FINAL_GATE_DECIDED|H3B_PLACE_FINISHED,UNKNOWN,h3bup:na:b109aaee6e78
H3B_BRIDGE_FETCHED|H3B_EXEC_REQUEST_CREATED|H3B_EXECUTOR_RECEIVED|H3B_DRYRUN_FINISHED|H3B_FINAL_GATE_DECIDED|H3B_PLACE_FINISHED,UNKNOWN,h3bup:na:d57c17291ca1
H3B_BRIDGE_FETCHED|H3B_EXEC_REQUEST_CREATED|H3B_EXECUTOR_RECEIVED|H3B_DRYRUN_FINISHED|H3B_FINAL_GATE_DECIDED|H3B_PLACE_FINISHED,UNKNOWN,h3bup:na:b1eded6de662
H3B_BRIDGE_FETCHED|H3B_EXEC_REQUEST_CREATED|H3B_EXECUTOR_RECEIVED|H3B_DRYRUN_FINISHED|H3B_FINAL_GATE_DECIDED|H3B_PLACE_FINISHED,UNKNOWN,h3bup:na:8e711465fc5c
H3B_BRIDGE_FETCHED|H3B_EXEC_REQUEST_CREATED|H3B_EXECUTOR_RECEIVED|H3B_DRYRUN_FINISHED|H3B_FINAL_GATE_DECIDED|H3B_PLACE_FINISHED,UNKNOWN,h3bup:na:069fc64a55ed
H3B_BRIDGE_FETCHED|H3B_EXEC_REQUEST_CREATED|H3B_EXECUTOR_RECEIVED|H3B_DRYRUN_FINISHED|H3B_FINAL_GATE_DECIDED|H3B_PLACE_FINISHED,UNKNOWN,h3bup:na:dab1ca758fe3
H3B_EXEC_REQUEST_CREATED|H3B_EXECUTOR_RECEIVED|H3B_DRYRUN_FINISHED|H3B_FINAL_GATE_DECIDED|H3B_PLACE_FINISHED,UNKNOWN,h3bup:na:c2c5f56b4c78
H3B_BRIDGE_FETCHED|H3B_EXEC_REQUEST_CREATED|H3B_EXECUTOR_RECEIVED|H3B_DRYRUN_FINISHED|H3B_FINAL_GATE_DECIDED|H3B_PLACE_FINISHED,UNKNOWN,h3bup:na:a3d5a27dbed0
H3B_BRIDGE_FETCHED|H3B_EXEC_REQUEST_CREATED|H3B_EXECUTOR_RECEIVED|H3B_DRYRUN_FINISHED|H3B_FINAL_GATE_DECIDED|H3B_PLACE_FINISHED,UNKNOWN,h3bup:na:bb63b72f6acf
H3B_BRIDGE_FETCHED|H3B_EXEC_REQUEST_CREATED|H3B_EXECUTOR_RECEIVED|H3B_DRYRUN_FINISHED|H3B_FINAL_GATE_DECIDED|H3B_PLACE_FINISHED,UNKNOWN,h3bup:na:f9fc9c0453ca
H3B_BRIDGE_FETCHED|H3B_EXEC_REQUEST_CREATED|H3B_EXECUTOR_RECEIVED|H3B_DRYRUN_FINISHED|H3B_FINAL_GATE_DECIDED|H3B_PLACE_FINISHED,UNKNOWN,h3bup:na:be0773866bf3
H3B_BRIDGE_FETCHED|H3B_EXEC_REQUEST_CREATED|H3B_EXECUTOR_RECEIVED|H3B_DRYRUN_FINISHED|H3B_FINAL_GATE_DECIDED|H3B_PLACE_FINISHED,UNKNOWN,h3bup:na:712f0648afc0
H3B_BRIDGE_FETCHED|H3B_EXEC_REQUEST_CREATED|H3B_EXECUTOR_RECEIVED|H3B_DRYRUN_FINISHED|H3B_FINAL_GATE_DECIDED|H3B_PLACE_FINISHED,UNKNOWN,h3bup:na:944d23e3c6b2
H3B_BRIDGE_FETCHED|H3B_EXEC_REQUEST_CREATED|H3B_EXECUTOR_RECEIVED|H3B_DRYRUN_FINISHED|H3B_FINAL_GATE_DECIDED|H3B_PLACE_FINISHED,UNKNOWN,h3bup:na:4fd231003a14
H3B_BRIDGE_FETCHED|H3B_EXEC_REQUEST_CREATED|H3B_EXECUTOR_RECEIVED|H3B_DRYRUN_FINISHED|H3B_FINAL_GATE_DECIDED|H3B_PLACE_FINISHED,UNKNOWN,h3bup:na:e2cb3ae4b120
H3B_BRIDGE_FETCHED|H3B_EXEC_REQUEST_CREATED|H3B_EXECUTOR_RECEIVED|H3B_DRYRUN_FINISHED|H3B_FINAL_GATE_DECIDED|H3B_PLACE_FINISHED,UNKNOWN,h3bup:na:367f614de417
H3B_EXEC_REQUEST_CREATED|H3B_EXECUTOR_RECEIVED|H3B_DRYRUN_FINISHED|H3B_FINAL_GATE_DECIDED|H3B_PLACE_FINISHED,UNKNOWN,h3bup:na:49fd3e11cc05
H3B_BRIDGE_FETCHED|H3B_EXEC_REQUEST_CREATED|H3B_EXECUTOR_RECEIVED|H3B_DRYRUN_FINISHED|H3B_FINAL_GATE_DECIDED|H3B_PLACE_FINISHED,UNKNOWN,h3bup:na:d71c372b1ecd
H3B_BRIDGE_FETCHED|H3B_EXEC_REQUEST_CREATED|H3B_EXECUTOR_RECEIVED|H3B_DRYRUN_FINISHED|H3B_FINAL_GATE_DECIDED|H3B_PLACE_FINISHED,UNKNOWN,h3bup:na:2961e401fcdd
H3B_BRIDGE_FETCHED|H3B_EXEC_REQUEST_CREATED|H3B_EXECUTOR_RECEIVED|H3B_DRYRUN_FINISHED|H3B_FINAL_GATE_DECIDED|H3B_PLACE_FINISHED,UNKNOWN,h3bup:na:b6b064b9fecc
H3B_BRIDGE_FETCHED|H3B_EXEC_REQUEST_CREATED|H3B_EXECUTOR_RECEIVED|H3B_DRYRUN_FINISHED|H3B_FINAL_GATE_DECIDED|H3B_PLACE_FINISHED,UNKNOWN,h3bup:na:56ccbbb2246c
H3B_BRIDGE_FETCHED|H3B_EXEC_REQUEST_CREATED|H3B_EXECUTOR_RECEIVED|H3B_DRYRUN_FINISHED|H3B_FINAL_GATE_DECIDED|H3B_PLACE_FINISHED,UNKNOWN,h3bup:na:0267bd55a6a4
H3B_BRIDGE_FETCHED|H3B_EXEC_REQUEST_CREATED|H3B_EXECUTOR_RECEIVED|H3B_DRYRUN_FINISHED|H3B_FINAL_GATE_DECIDED|H3B_PLACE_FINISHED,UNKNOWN,h3bup:na:cd01c822ef78
H3B_BRIDGE_FETCHED|H3B_EXEC_REQUEST_CREATED|H3B_EXECUTOR_RECEIVED|H3B_DRYRUN_FINISHED|H3B_FINAL_GATE_DECIDED|H3B_PLACE_FINISHED,UNKNOWN,h3bup:na:e565168f85df
H3B_BRIDGE_FETCHED|H3B_EXEC_REQUEST_CREATED|H3B_EXECUTOR_RECEIVED|H3B_DRYRUN_FINISHED|H3B_FINAL_GATE_DECIDED|H3B_PLACE_FINISHED,UNKNOWN,h3bup:na:29c592ae985b
H3B_BRIDGE_FETCHED|H3B_EXEC_REQUEST_CREATED|H3B_EXECUTOR_RECEIVED|H3B_DRYRUN_FINISHED|H3B_FINAL_GATE_DECIDED|H3B_PLACE_FINISHED,UNKNOWN,h3bup:na:3353a5158edc
H3B_BRIDGE_FETCHED|H3B_EXEC_REQUEST_CREATED|H3B_EXECUTOR_RECEIVED|H3B_DRYRUN_FINISHED|H3B_FINAL_GATE_DECIDED|H3B_PLACE_FINISHED,UNKNOWN,h3bup:na:df79812ef8f5
H3B_BRIDGE_FETCHED|H3B_EXEC_REQUEST_CREATED|H3B_EXECUTOR_RECEIVED|H3B_DRYRUN_FINISHED|H3B_FINAL_GATE_DECIDED|H3B_PLACE_FINISHED,UNKNOWN,h3bup:na:38b1e0d99240
H3B_BRIDGE_FETCHED|H3B_EXEC_REQUEST_CREATED|H3B_EXECUTOR_RECEIVED|H3B_DRYRUN_FINISHED|H3B_FINAL_GATE_DECIDED|H3B_PLACE_FINISHED,UNKNOWN,h3bup:na:56ae64d9cc77
H3B_BRIDGE_FETCHED|H3B_EXEC_REQUEST_CREATED|H3B_EXECUTOR_RECEIVED|H3B_DRYRUN_FINISHED|H3B_FINAL_GATE_DECIDED|H3B_PLACE_FINISHED,UNKNOWN,h3bup:na:04a3dd0cb42d
H3B_BRIDGE_FETCHED|H3B_EXEC_REQUEST_CREATED|H3B_EXECUTOR_RECEIVED|H3B_DRYRUN_FINISHED|H3B_FINAL_GATE_DECIDED|H3B_PLACE_FINISHED,UNKNOWN,h3bup:na:105a2e0b5bde
H3B_BRIDGE_FETCHED|H3B_EXEC_REQUEST_CREATED|H3B_EXECUTOR_RECEIVED|H3B_DRYRUN_FINISHED|H3B_FINAL_GATE_DECIDED|H3B_PLACE_FINISHED,UNKNOWN,h3bup:na:49f633a5541e
H3B_BRIDGE_FETCHED|H3B_EXEC_REQUEST_CREATED|H3B_EXECUTOR_RECEIVED|H3B_DRYRUN_FINISHED|H3B_FINAL_GATE_DECIDED|H3B_PLACE_FINISHED,UNKNOWN,h3bup:na:e9a50543cb0f
H3B_EXEC_REQUEST_CREATED|H3B_EXECUTOR_RECEIVED|H3B_DRYRUN_FINISHED|H3B_FINAL_GATE_DECIDED|H3B_PLACE_FINISHED,UNKNOWN,h3bup:na:8dd665961dc9
H3B_BRIDGE_FETCHED|H3B_EXEC_REQUEST_CREATED|H3B_EXECUTOR_RECEIVED|H3B_DRYRUN_FINISHED|H3B_FINAL_GATE_DECIDED|H3B_PLACE_FINISHED,UNKNOWN,h3bup:na:9a23a0a1c200
H3B_BRIDGE_FETCHED|H3B_EXEC_REQUEST_CREATED|H3B_EXECUTOR_RECEIVED|H3B_DRYRUN_FINISHED|H3B_FINAL_GATE_DECIDED|H3B_PLACE_FINISHED,UNKNOWN,h3bup:na:809654da3d41
H3B_EXEC_REQUEST_CREATED|H3B_EXECUTOR_RECEIVED|H3B_DRYRUN_FINISHED|H3B_FINAL_GATE_DECIDED|H3B_PLACE_FINISHED,UNKNOWN,h3bup:na:97965199b3af
H3B_EXEC_REQUEST_CREATED|H3B_EXECUTOR_RECEIVED|H3B_DRYRUN_FINISHED|H3B_FINAL_GATE_DECIDED|H3B_PLACE_FINISHED,UNKNOWN,h3bup:na:bd5e93c80630
H3B_EXEC_REQUEST_CREATED|H3B_EXECUTOR_RECEIVED|H3B_DRYRUN_FINISHED|H3B_FINAL_GATE_DECIDED|H3B_PLACE_FINISHED,UNKNOWN,h3bup:na:166033749e56
H3B_BRIDGE_FETCHED|H3B_EXEC_REQUEST_CREATED|H3B_EXECUTOR_RECEIVED|H3B_DRYRUN_FINISHED|H3B_FINAL_GATE_DECIDED|H3B_PLACE_FINISHED,UNKNOWN,h3bup:na:77363e65ee04
H3B_BRIDGE_FETCHED|H3B_EXEC_REQUEST_CREATED|H3B_EXECUTOR_RECEIVED|H3B_DRYRUN_FINISHED|H3B_FINAL_GATE_DECIDED|H3B_PLACE_FINISHED,UNKNOWN,h3bup:na:32f0160a2032
H3B_BRIDGE_FETCHED|H3B_EXEC_REQUEST_CREATED|H3B_EXECUTOR_RECEIVED|H3B_DRYRUN_FINISHED|H3B_FINAL_GATE_DECIDED|H3B_PLACE_FINISHED,UNKNOWN,h3bup:na:3aa9e2b81ef0
H3B_BRIDGE_FETCHED|H3B_EXEC_REQUEST_CREATED|H3B_EXECUTOR_RECEIVED|H3B_DRYRUN_FINISHED|H3B_FINAL_GATE_DECIDED|H3B_PLACE_FINISHED,UNKNOWN,h3bup:na:a1213ec25a12
H3B_BRIDGE_FETCHED|H3B_EXEC_REQUEST_CREATED|H3B_EXECUTOR_RECEIVED|H3B_DRYRUN_FINISHED|H3B_FINAL_GATE_DECIDED|H3B_PLACE_FINISHED,UNKNOWN,h3bup:na:55340ad77a08
H3B_BRIDGE_FETCHED|H3B_EXEC_REQUEST_CREATED|H3B_EXECUTOR_RECEIVED|H3B_DRYRUN_FINISHED|H3B_FINAL_GATE_DECIDED|H3B_PLACE_FINISHED,UNKNOWN,h3bup:na:d54dfdba3b8e
H3B_BRIDGE_FETCHED|H3B_EXEC_REQUEST_CREATED|H3B_EXECUTOR_RECEIVED|H3B_DRYRUN_FINISHED|H3B_FINAL_GATE_DECIDED|H3B_PLACE_FINISHED,UNKNOWN,h3bup:na:6d35b8e56b35
H3B_BRIDGE_FETCHED|H3B_EXEC_REQUEST_CREATED|H3B_EXECUTOR_RECEIVED|H3B_DRYRUN_FINISHED|H3B_FINAL_GATE_DECIDED|H3B_PLACE_FINISHED,UNKNOWN,h3bup:na:ba647dc160f6
H3B_BRIDGE_FETCHED|H3B_EXEC_REQUEST_CREATED|H3B_EXECUTOR_RECEIVED|H3B_DRYRUN_FINISHED|H3B_FINAL_GATE_DECIDED|H3B_PLACE_FINISHED,UNKNOWN,h3bup:na:ac5f34639d3c
H3B_BRIDGE_FETCHED|H3B_EXEC_REQUEST_CREATED|H3B_EXECUTOR_RECEIVED|H3B_DRYRUN_FINISHED|H3B_FINAL_GATE_DECIDED|H3B_PLACE_FINISHED,UNKNOWN,h3bup:na:def71b3d4bf9
H3B_EXEC_REQUEST_CREATED|H3B_EXECUTOR_RECEIVED|H3B_DRYRUN_FINISHED|H3B_FINAL_GATE_DECIDED|H3B_PLACE_FINISHED,UNKNOWN,h3bup:na:34027a28d1cd
H3B_BRIDGE_FETCHED|H3B_EXEC_REQUEST_CREATED|H3B_EXECUTOR_RECEIVED|H3B_DRYRUN_FINISHED|H3B_FINAL_GATE_DECIDED|H3B_PLACE_FINISHED,UNKNOWN,h3bup:na:0c4fb6f5335d
H3B_BRIDGE_FETCHED|H3B_EXEC_REQUEST_CREATED|H3B_EXECUTOR_RECEIVED|H3B_DRYRUN_FINISHED|H3B_FINAL_GATE_DECIDED|H3B_PLACE_FINISHED,UNKNOWN,h3bup:na:1d88f77361b4
H3B_BRIDGE_FETCHED|H3B_EXEC_REQUEST_CREATED|H3B_EXECUTOR_RECEIVED|H3B_DRYRUN_FINISHED|H3B_FINAL_GATE_DECIDED|H3B_PLACE_FINISHED,UNKNOWN,h3bup:na:09a9aa8a52c5
H3B_BRIDGE_FETCHED|H3B_EXEC_REQUEST_CREATED|H3B_EXECUTOR_RECEIVED|H3B_DRYRUN_FINISHED|H3B_FINAL_GATE_DECIDED|H3B_PLACE_FINISHED,UNKNOWN,h3bup:na:fe1f424ccd3c
H3B_BRIDGE_FETCHED|H3B_EXEC_REQUEST_CREATED|H3B_EXECUTOR_RECEIVED|H3B_DRYRUN_FINISHED|H3B_FINAL_GATE_DECIDED|H3B_PLACE_FINISHED,UNKNOWN,h3bup:na:41142cda52d4
H3B_BRIDGE_FETCHED|H3B_EXEC_REQUEST_CREATED|H3B_EXECUTOR_RECEIVED|H3B_DRYRUN_FINISHED|H3B_FINAL_GATE_DECIDED|H3B_PLACE_FINISHED,UNKNOWN,h3bup:na:4b0e32541fe3
H3B_FINAL_GATE_DECIDED|H3B_PLACE_FINISHED,API_FAILED,h3bup:na:cab18b5dd059
H3B_BRIDGE_FETCHED|H3B_EXEC_REQUEST_CREATED|H3B_EXECUTOR_RECEIVED|H3B_DRYRUN_FINISHED|H3B_FINAL_GATE_DECIDED|H3B_PLACE_FINISHED,UNKNOWN,h3bup:na:a6977cc49cd8
H3B_BRIDGE_FETCHED|H3B_EXEC_REQUEST_CREATED|H3B_EXECUTOR_RECEIVED|H3B_DRYRUN_FINISHED|H3B_FINAL_GATE_DECIDED|H3B_PLACE_FINISHED,UNKNOWN,h3bup:na:4faa4633ea47
H3B_BRIDGE_FETCHED|H3B_EXEC_REQUEST_CREATED|H3B_EXECUTOR_RECEIVED|H3B_DRYRUN_FINISHED|H3B_FINAL_GATE_DECIDED|H3B_PLACE_FINISHED,UNKNOWN,h3bup:na:6cda66424952
H3B_BRIDGE_FETCHED|H3B_EXEC_REQUEST_CREATED|H3B_EXECUTOR_RECEIVED|H3B_DRYRUN_FINISHED|H3B_FINAL_GATE_DECIDED|H3B_PLACE_FINISHED,UNKNOWN,h3bup:na:215741895a1e
H3B_BRIDGE_FETCHED|H3B_EXEC_REQUEST_CREATED|H3B_EXECUTOR_RECEIVED|H3B_DRYRUN_FINISHED|H3B_FINAL_GATE_DECIDED|H3B_PLACE_FINISHED,UNKNOWN,h3bup:na:b819e36eea2c
H3B_BRIDGE_FETCHED|H3B_EXEC_REQUEST_CREATED|H3B_EXECUTOR_RECEIVED|H3B_DRYRUN_FINISHED|H3B_FINAL_GATE_DECIDED|H3B_PLACE_FINISHED,UNKNOWN,h3bup:na:e28779bfbc42
H3B_BRIDGE_FETCHED|H3B_EXEC_REQUEST_CREATED|H3B_EXECUTOR_RECEIVED|H3B_DRYRUN_FINISHED|H3B_FINAL_GATE_DECIDED|H3B_PLACE_FINISHED,UNKNOWN,h3bup:na:3b4827dcbba4
H3B_EXEC_REQUEST_CREATED|H3B_EXECUTOR_RECEIVED|H3B_DRYRUN_FINISHED|H3B_FINAL_GATE_DECIDED|H3B_PLACE_FINISHED,UNKNOWN,h3bup:na:eeecf67c7e4c
H3B_BRIDGE_FETCHED|H3B_EXEC_REQUEST_CREATED|H3B_EXECUTOR_RECEIVED|H3B_DRYRUN_FINISHED|H3B_FINAL_GATE_DECIDED|H3B_PLACE_FINISHED,UNKNOWN,h3bup:na:f68d51a35b7d
H3B_BRIDGE_FETCHED|H3B_EXEC_REQUEST_CREATED|H3B_EXECUTOR_RECEIVED|H3B_DRYRUN_FINISHED|H3B_FINAL_GATE_DECIDED|H3B_PLACE_FINISHED,UNKNOWN,h3bup:na:3d96bc0e56e7
H3B_BRIDGE_FETCHED|H3B_EXEC_REQUEST_CREATED|H3B_EXECUTOR_RECEIVED|H3B_DRYRUN_FINISHED|H3B_FINAL_GATE_DECIDED|H3B_PLACE_FINISHED,UNKNOWN,h3bup:na:7f90ca75920a
H3B_BRIDGE_FETCHED|H3B_EXEC_REQUEST_CREATED|H3B_EXECUTOR_RECEIVED|H3B_DRYRUN_FINISHED|H3B_FINAL_GATE_DECIDED|H3B_PLACE_FINISHED,UNKNOWN,h3bup:na:73c4dfd6f6a1
H3B_BRIDGE_FETCHED|H3B_EXEC_REQUEST_CREATED|H3B_EXECUTOR_RECEIVED|H3B_DRYRUN_FINISHED|H3B_FINAL_GATE_DECIDED|H3B_PLACE_FINISHED,UNKNOWN,h3bup:na:c1e97354761a
H3B_BRIDGE_FETCHED|H3B_EXEC_REQUEST_CREATED|H3B_EXECUTOR_RECEIVED|H3B_DRYRUN_FINISHED|H3B_FINAL_GATE_DECIDED|H3B_PLACE_FINISHED,UNKNOWN,h3bup:na:57f110c6c9f6
H3B_BRIDGE_FETCHED|H3B_EXEC_REQUEST_CREATED|H3B_EXECUTOR_RECEIVED|H3B_DRYRUN_FINISHED|H3B_FINAL_GATE_DECIDED|H3B_PLACE_FINISHED,UNKNOWN,h3bup:na:f535b435119d
H3B_BRIDGE_FETCHED|H3B_EXEC_REQUEST_CREATED|H3B_EXECUTOR_RECEIVED|H3B_DRYRUN_FINISHED|H3B_FINAL_GATE_DECIDED|H3B_PLACE_FINISHED,UNKNOWN,h3bup:na:f20a3c7cfc64
H3B_EXEC_REQUEST_CREATED|H3B_EXECUTOR_RECEIVED|H3B_DRYRUN_FINISHED|H3B_FINAL_GATE_DECIDED|H3B_PLACE_FINISHED,UNKNOWN,h3bup:na:02b419a2e8dc
H3B_BRIDGE_FETCHED|H3B_EXEC_REQUEST_CREATED|H3B_EXECUTOR_RECEIVED|H3B_DRYRUN_FINISHED|H3B_FINAL_GATE_DECIDED|H3B_PLACE_FINISHED,UNKNOWN,h3bup:na:7dffedf037c7
H3B_BRIDGE_FETCHED|H3B_EXEC_REQUEST_CREATED|H3B_EXECUTOR_RECEIVED|H3B_DRYRUN_FINISHED|H3B_FINAL_GATE_DECIDED|H3B_PLACE_FINISHED,UNKNOWN,h3bup:na:62479f06c3f6
H3B_BRIDGE_FETCHED|H3B_EXEC_REQUEST_CREATED|H3B_EXECUTOR_RECEIVED|H3B_DRYRUN_FINISHED|H3B_FINAL_GATE_DECIDED|H3B_PLACE_FINISHED,UNKNOWN,h3bup:na:e12a8d1edb30
H3B_BRIDGE_FETCHED|H3B_EXEC_REQUEST_CREATED|H3B_EXECUTOR_RECEIVED|H3B_DRYRUN_FINISHED|H3B_FINAL_GATE_DECIDED|H3B_PLACE_FINISHED,UNKNOWN,h3bup:na:b0484dd992bd
H3B_BRIDGE_FETCHED|H3B_EXEC_REQUEST_CREATED|H3B_EXECUTOR_RECEIVED|H3B_DRYRUN_FINISHED|H3B_FINAL_GATE_DECIDED|H3B_PLACE_FINISHED,UNKNOWN,h3bup:na:caa0200503f5
H3B_BRIDGE_FETCHED|H3B_EXEC_REQUEST_CREATED|H3B_EXECUTOR_RECEIVED|H3B_DRYRUN_FINISHED|H3B_FINAL_GATE_DECIDED|H3B_PLACE_FINISHED,UNKNOWN,h3bup:na:abb5dbfbd63a
H3B_BRIDGE_FETCHED|H3B_EXEC_REQUEST_CREATED|H3B_EXECUTOR_RECEIVED|H3B_DRYRUN_FINISHED|H3B_FINAL_GATE_DECIDED|H3B_PLACE_FINISHED,UNKNOWN,h3bup:na:18c4de746270
H3B_EXEC_REQUEST_CREATED|H3B_EXECUTOR_RECEIVED|H3B_DRYRUN_FINISHED|H3B_FINAL_GATE_DECIDED|H3B_PLACE_FINISHED,UNKNOWN,h3bup:na:df260fa8bd03
H3B_EXEC_REQUEST_CREATED|H3B_EXECUTOR_RECEIVED|H3B_DRYRUN_FINISHED|H3B_FINAL_GATE_DECIDED|H3B_PLACE_FINISHED,UNKNOWN,h3bup:na:791e638413e4
H3B_BRIDGE_FETCHED|H3B_EXEC_REQUEST_CREATED|H3B_EXECUTOR_RECEIVED|H3B_DRYRUN_FINISHED|H3B_FINAL_GATE_DECIDED|H3B_PLACE_FINISHED,UNKNOWN,h3bup:na:d7d39ee60919
H3B_BRIDGE_FETCHED|H3B_EXEC_REQUEST_CREATED|H3B_EXECUTOR_RECEIVED|H3B_DRYRUN_FINISHED|H3B_FINAL_GATE_DECIDED|H3B_PLACE_FINISHED,UNKNOWN,h3bup:na:4e23cb3f814e
H3B_BRIDGE_FETCHED|H3B_EXEC_REQUEST_CREATED|H3B_EXECUTOR_RECEIVED|H3B_DRYRUN_FINISHED|H3B_FINAL_GATE_DECIDED|H3B_PLACE_FINISHED,UNKNOWN,h3bup:na:ee2138c2d69c
H3B_BRIDGE_FETCHED|H3B_EXEC_REQUEST_CREATED|H3B_EXECUTOR_RECEIVED|H3B_DRYRUN_FINISHED|H3B_FINAL_GATE_DECIDED|H3B_PLACE_FINISHED,UNKNOWN,h3bup:na:c0d3c2723f9e
H3B_BRIDGE_FETCHED|H3B_EXEC_REQUEST_CREATED|H3B_EXECUTOR_RECEIVED|H3B_DRYRUN_FINISHED|H3B_FINAL_GATE_DECIDED|H3B_PLACE_FINISHED,UNKNOWN,h3bup:na:dc64706d3721
H3B_BRIDGE_FETCHED|H3B_EXEC_REQUEST_CREATED|H3B_EXECUTOR_RECEIVED|H3B_DRYRUN_FINISHED|H3B_FINAL_GATE_DECIDED|H3B_PLACE_FINISHED,UNKNOWN,h3bup:na:957f4a5abf77
H3B_BRIDGE_FETCHED|H3B_EXEC_REQUEST_CREATED|H3B_EXECUTOR_RECEIVED|H3B_DRYRUN_FINISHED|H3B_FINAL_GATE_DECIDED|H3B_PLACE_FINISHED,UNKNOWN,h3bup:na:fa53edf49975
H3B_BRIDGE_FETCHED|H3B_EXEC_REQUEST_CREATED|H3B_EXECUTOR_RECEIVED|H3B_DRYRUN_FINISHED|H3B_FINAL_GATE_DECIDED|H3B_PLACE_FINISHED,UNKNOWN,h3bup:na:ac32e5666929
H3B_BRIDGE_FETCHED|H3B_EXEC_REQUEST_CREATED|H3B_EXECUTOR_RECEIVED|H3B_DRYRUN_FINISHED|H3B_FINAL_GATE_DECIDED|H3B_PLACE_FINISHED,UNKNOWN,h3bup:na:77eb060caba5
H3B_EXEC_REQUEST_CREATED|H3B_EXECUTOR_RECEIVED|H3B_DRYRUN_FINISHED|H3B_FINAL_GATE_DECIDED|H3B_PLACE_FINISHED,UNKNOWN,h3bup:na:db546341a8b1
H3B_BRIDGE_FETCHED|H3B_EXEC_REQUEST_CREATED|H3B_EXECUTOR_RECEIVED|H3B_DRYRUN_FINISHED|H3B_FINAL_GATE_DECIDED|H3B_PLACE_FINISHED,UNKNOWN,h3bup:na:7c3cb5b35eed
H3B_BRIDGE_FETCHED|H3B_EXEC_REQUEST_CREATED|H3B_EXECUTOR_RECEIVED|H3B_DRYRUN_FINISHED|H3B_FINAL_GATE_DECIDED|H3B_PLACE_FINISHED,UNKNOWN,h3bup:na:9631005388e5
H3B_BRIDGE_FETCHED|H3B_EXEC_REQUEST_CREATED|H3B_EXECUTOR_RECEIVED|H3B_DRYRUN_FINISHED|H3B_FINAL_GATE_DECIDED|H3B_PLACE_FINISHED,UNKNOWN,h3bup:na:5d2b2fdbd062
H3B_BRIDGE_FETCHED|H3B_EXEC_REQUEST_CREATED|H3B_EXECUTOR_RECEIVED|H3B_DRYRUN_FINISHED|H3B_FINAL_GATE_DECIDED|H3B_PLACE_FINISHED,UNKNOWN,h3bup:na:b4f51638393e
H3B_EXEC_REQUEST_CREATED|H3B_EXECUTOR_RECEIVED|H3B_DRYRUN_FINISHED|H3B_FINAL_GATE_DECIDED|H3B_PLACE_FINISHED,UNKNOWN,h3bup:na:e0edd0890252
H3B_BRIDGE_FETCHED|H3B_EXEC_REQUEST_CREATED|H3B_EXECUTOR_RECEIVED|H3B_DRYRUN_FINISHED|H3B_FINAL_GATE_DECIDED|H3B_PLACE_FINISHED,UNKNOWN,h3bup:na:3eeae3163f99
H3B_EXEC_REQUEST_CREATED|H3B_EXECUTOR_RECEIVED|H3B_DRYRUN_FINISHED|H3B_FINAL_GATE_DECIDED|H3B_PLACE_FINISHED,UNKNOWN,h3bup:na:ef04318e733c
H3B_BRIDGE_FETCHED|H3B_EXEC_REQUEST_CREATED|H3B_EXECUTOR_RECEIVED|H3B_DRYRUN_FINISHED|H3B_FINAL_GATE_DECIDED|H3B_PLACE_FINISHED,UNKNOWN,h3bup:na:350c3d712c6b
H3B_BRIDGE_FETCHED|H3B_EXEC_REQUEST_CREATED|H3B_EXECUTOR_RECEIVED|H3B_DRYRUN_FINISHED|H3B_FINAL_GATE_DECIDED|H3B_PLACE_FINISHED,UNKNOWN,h3bup:na:ea782968f34b
H3B_BRIDGE_FETCHED|H3B_EXEC_REQUEST_CREATED|H3B_EXECUTOR_RECEIVED|H3B_DRYRUN_FINISHED|H3B_FINAL_GATE_DECIDED|H3B_PLACE_FINISHED,UNKNOWN,h3bup:na:34b4332849d4
H3B_BRIDGE_FETCHED|H3B_EXEC_REQUEST_CREATED|H3B_EXECUTOR_RECEIVED|H3B_DRYRUN_FINISHED|H3B_FINAL_GATE_DECIDED|H3B_PLACE_FINISHED,UNKNOWN,h3bup:na:09d924eeac9f
H3B_BRIDGE_FETCHED|H3B_EXEC_REQUEST_CREATED|H3B_EXECUTOR_RECEIVED|H3B_DRYRUN_FINISHED|H3B_FINAL_GATE_DECIDED|H3B_PLACE_FINISHED,UNKNOWN,h3bup:na:e17c781c9af6
H3B_BRIDGE_FETCHED|H3B_EXEC_REQUEST_CREATED|H3B_EXECUTOR_RECEIVED|H3B_DRYRUN_FINISHED|H3B_FINAL_GATE_DECIDED|H3B_PLACE_FINISHED,UNKNOWN,h3bup:na:a15fa16ab603
H3B_BRIDGE_FETCHED|H3B_EXEC_REQUEST_CREATED|H3B_EXECUTOR_RECEIVED|H3B_DRYRUN_FINISHED|H3B_FINAL_GATE_DECIDED|H3B_PLACE_FINISHED,UNKNOWN,h3bup:na:f27aee128e89
H3B_BRIDGE_FETCHED|H3B_EXEC_REQUEST_CREATED|H3B_EXECUTOR_RECEIVED|H3B_DRYRUN_FINISHED|H3B_FINAL_GATE_DECIDED|H3B_PLACE_FINISHED,UNKNOWN,h3bup:na:fdf9bf106d63
H3B_BRIDGE_FETCHED|H3B_EXEC_REQUEST_CREATED|H3B_EXECUTOR_RECEIVED|H3B_DRYRUN_FINISHED|H3B_FINAL_GATE_DECIDED|H3B_PLACE_FINISHED,UNKNOWN,h3bup:na:f66ef4b6d4fa
H3B_BRIDGE_FETCHED|H3B_EXEC_REQUEST_CREATED|H3B_EXECUTOR_RECEIVED|H3B_DRYRUN_FINISHED|H3B_FINAL_GATE_DECIDED|H3B_PLACE_FINISHED,UNKNOWN,h3bup:na:3ca6f0011055
H3B_BRIDGE_FETCHED|H3B_EXEC_REQUEST_CREATED|H3B_EXECUTOR_RECEIVED|H3B_DRYRUN_FINISHED|H3B_FINAL_GATE_DECIDED|H3B_PLACE_FINISHED,UNKNOWN,h3bup:na:471777c1e5a3
H3B_BRIDGE_FETCHED|H3B_EXEC_REQUEST_CREATED|H3B_EXECUTOR_RECEIVED|H3B_DRYRUN_FINISHED|H3B_FINAL_GATE_DECIDED|H3B_PLACE_FINISHED,UNKNOWN,h3bup:na:d3c80e7e61e4
H3B_BRIDGE_FETCHED|H3B_EXEC_REQUEST_CREATED|H3B_EXECUTOR_RECEIVED|H3B_DRYRUN_FINISHED|H3B_FINAL_GATE_DECIDED|H3B_PLACE_FINISHED,UNKNOWN,h3bup:na:4e842cf32dd9
H3B_BRIDGE_FETCHED|H3B_EXEC_REQUEST_CREATED|H3B_EXECUTOR_RECEIVED|H3B_DRYRUN_FINISHED|H3B_FINAL_GATE_DECIDED|H3B_PLACE_FINISHED,UNKNOWN,h3bup:na:207a683380a0
H3B_BRIDGE_FETCHED|H3B_EXEC_REQUEST_CREATED|H3B_EXECUTOR_RECEIVED|H3B_DRYRUN_FINISHED|H3B_FINAL_GATE_DECIDED|H3B_PLACE_FINISHED,UNKNOWN,h3bup:na:e575bbe07cc3
H3B_BRIDGE_FETCHED|H3B_EXEC_REQUEST_CREATED|H3B_EXECUTOR_RECEIVED|H3B_DRYRUN_FINISHED|H3B_FINAL_GATE_DECIDED|H3B_PLACE_FINISHED,UNKNOWN,h3bup:na:f5640d4b0f25
H3B_BRIDGE_FETCHED|H3B_EXEC_REQUEST_CREATED|H3B_EXECUTOR_RECEIVED|H3B_DRYRUN_FINISHED|H3B_FINAL_GATE_DECIDED|H3B_PLACE_FINISHED,UNKNOWN,h3bup:na:0d128157f96b
H3B_BRIDGE_FETCHED|H3B_EXEC_REQUEST_CREATED|H3B_EXECUTOR_RECEIVED|H3B_DRYRUN_FINISHED|H3B_FINAL_GATE_DECIDED|H3B_PLACE_FINISHED,UNKNOWN,h3bup:na:61fd6e49e2b6
H3B_BRIDGE_FETCHED|H3B_EXEC_REQUEST_CREATED|H3B_EXECUTOR_RECEIVED|H3B_DRYRUN_FINISHED|H3B_FINAL_GATE_DECIDED|H3B_PLACE_FINISHED,UNKNOWN,h3bup:na:91dfe6ae06cc
H3B_BRIDGE_FETCHED|H3B_EXEC_REQUEST_CREATED|H3B_EXECUTOR_RECEIVED|H3B_DRYRUN_FINISHED|H3B_FINAL_GATE_DECIDED|H3B_PLACE_FINISHED,UNKNOWN,h3bup:na:5420e5097c93
H3B_BRIDGE_FETCHED|H3B_EXEC_REQUEST_CREATED|H3B_EXECUTOR_RECEIVED|H3B_DRYRUN_FINISHED|H3B_FINAL_GATE_DECIDED|H3B_PLACE_FINISHED,UNKNOWN,h3bup:na:2aa1ddbf8285
H3B_BRIDGE_FETCHED|H3B_EXEC_REQUEST_CREATED|H3B_EXECUTOR_RECEIVED|H3B_DRYRUN_FINISHED|H3B_FINAL_GATE_DECIDED|H3B_PLACE_FINISHED,UNKNOWN,h3bup:na:c957bfbdcdb3
H3B_FINAL_GATE_DECIDED|H3B_PLACE_FINISHED,API_FAILED,h3bup:na:2c1352068844
H3B_BRIDGE_FETCHED|H3B_EXEC_REQUEST_CREATED|H3B_EXECUTOR_RECEIVED|H3B_DRYRUN_FINISHED|H3B_FINAL_GATE_DECIDED|H3B_PLACE_FINISHED,UNKNOWN,h3bup:na:e8de73d3600f
H3B_BRIDGE_FETCHED|H3B_EXEC_REQUEST_CREATED|H3B_EXECUTOR_RECEIVED|H3B_DRYRUN_FINISHED|H3B_FINAL_GATE_DECIDED|H3B_PLACE_FINISHED,UNKNOWN,h3bup:na:e7d5c0212074
H3B_BRIDGE_FETCHED|H3B_EXEC_REQUEST_CREATED|H3B_EXECUTOR_RECEIVED|H3B_DRYRUN_FINISHED|H3B_FINAL_GATE_DECIDED|H3B_PLACE_FINISHED,UNKNOWN,h3bup:na:80972b2ad709
H3B_BRIDGE_FETCHED|H3B_EXEC_REQUEST_CREATED|H3B_EXECUTOR_RECEIVED|H3B_DRYRUN_FINISHED|H3B_FINAL_GATE_DECIDED|H3B_PLACE_FINISHED,UNKNOWN,h3bup:na:32faa9453191
H3B_EXEC_REQUEST_CREATED|H3B_EXECUTOR_RECEIVED|H3B_DRYRUN_FINISHED|H3B_FINAL_GATE_DECIDED|H3B_PLACE_FINISHED,UNKNOWN,h3bup:na:d40ee0a7ed25
H3B_EXEC_REQUEST_CREATED|H3B_EXECUTOR_RECEIVED|H3B_DRYRUN_FINISHED|H3B_FINAL_GATE_DECIDED|H3B_PLACE_FINISHED,UNKNOWN,h3bup:na:283053481305
H3B_BRIDGE_FETCHED|H3B_EXEC_REQUEST_CREATED|H3B_EXECUTOR_RECEIVED|H3B_DRYRUN_FINISHED|H3B_FINAL_GATE_DECIDED|H3B_PLACE_FINISHED,UNKNOWN,h3bup:na:fce3e076074a
H3B_BRIDGE_FETCHED|H3B_EXEC_REQUEST_CREATED|H3B_EXECUTOR_RECEIVED|H3B_DRYRUN_FINISHED|H3B_FINAL_GATE_DECIDED|H3B_PLACE_FINISHED,UNKNOWN,h3bup:na:a24e3357f4cf
H3B_BRIDGE_FETCHED|H3B_EXEC_REQUEST_CREATED|H3B_EXECUTOR_RECEIVED|H3B_DRYRUN_FINISHED|H3B_FINAL_GATE_DECIDED|H3B_PLACE_FINISHED,UNKNOWN,h3bup:na:015c1984cb63
H3B_BRIDGE_FETCHED|H3B_EXEC_REQUEST_CREATED|H3B_EXECUTOR_RECEIVED|H3B_DRYRUN_FINISHED|H3B_FINAL_GATE_DECIDED|H3B_PLACE_FINISHED,UNKNOWN,h3bup:na:d24ad7d841f3
H3B_EXEC_REQUEST_CREATED|H3B_EXECUTOR_RECEIVED|H3B_DRYRUN_FINISHED|H3B_FINAL_GATE_DECIDED|H3B_PLACE_FINISHED,UNKNOWN,h3bup:na:96d100670328
H3B_BRIDGE_FETCHED|H3B_EXEC_REQUEST_CREATED|H3B_EXECUTOR_RECEIVED|H3B_DRYRUN_FINISHED|H3B_FINAL_GATE_DECIDED|H3B_PLACE_FINISHED,UNKNOWN,h3bup:na:4c05e3504231
H3B_BRIDGE_FETCHED|H3B_EXEC_REQUEST_CREATED|H3B_EXECUTOR_RECEIVED|H3B_DRYRUN_FINISHED|H3B_FINAL_GATE_DECIDED|H3B_PLACE_FINISHED,UNKNOWN,h3bup:na:c199911c25ed
H3B_BRIDGE_FETCHED|H3B_EXEC_REQUEST_CREATED|H3B_EXECUTOR_RECEIVED|H3B_DRYRUN_FINISHED|H3B_FINAL_GATE_DECIDED|H3B_PLACE_FINISHED,UNKNOWN,h3bup:na:1ca6637460ef
H3B_BRIDGE_FETCHED|H3B_EXEC_REQUEST_CREATED|H3B_EXECUTOR_RECEIVED|H3B_DRYRUN_FINISHED|H3B_FINAL_GATE_DECIDED|H3B_PLACE_FINISHED,UNKNOWN,h3bup:na:c380d07d40f0
H3B_BRIDGE_FETCHED|H3B_EXEC_REQUEST_CREATED|H3B_EXECUTOR_RECEIVED|H3B_DRYRUN_FINISHED|H3B_FINAL_GATE_DECIDED|H3B_PLACE_FINISHED,UNKNOWN,h3bup:na:7ded283b04d5
H3B_BRIDGE_FETCHED|H3B_EXEC_REQUEST_CREATED|H3B_EXECUTOR_RECEIVED|H3B_DRYRUN_FINISHED|H3B_FINAL_GATE_DECIDED|H3B_PLACE_FINISHED,UNKNOWN,h3bup:na:0232b8393f92
H3B_EXEC_REQUEST_CREATED|H3B_EXECUTOR_RECEIVED|H3B_DRYRUN_FINISHED|H3B_FINAL_GATE_DECIDED|H3B_PLACE_FINISHED,UNKNOWN,h3bup:na:581cd4693fc7
H3B_BRIDGE_FETCHED|H3B_EXEC_REQUEST_CREATED|H3B_EXECUTOR_RECEIVED|H3B_DRYRUN_FINISHED|H3B_FINAL_GATE_DECIDED|H3B_PLACE_FINISHED,UNKNOWN,h3bup:na:a57e1735e701
H3B_EXEC_REQUEST_CREATED|H3B_EXECUTOR_RECEIVED|H3B_DRYRUN_FINISHED|H3B_FINAL_GATE_DECIDED|H3B_PLACE_FINISHED,UNKNOWN,h3bup:na:4302f4c15fe6
H3B_BRIDGE_FETCHED|H3B_EXEC_REQUEST_CREATED|H3B_EXECUTOR_RECEIVED|H3B_DRYRUN_FINISHED|H3B_FINAL_GATE_DECIDED|H3B_PLACE_FINISHED,UNKNOWN,h3bup:na:a843d7ed60f7
H3B_BRIDGE_FETCHED|H3B_EXEC_REQUEST_CREATED|H3B_EXECUTOR_RECEIVED|H3B_DRYRUN_FINISHED|H3B_FINAL_GATE_DECIDED|H3B_PLACE_FINISHED,UNKNOWN,h3bup:na:00675cb1068e
H3B_BRIDGE_FETCHED|H3B_EXEC_REQUEST_CREATED|H3B_EXECUTOR_RECEIVED|H3B_DRYRUN_FINISHED|H3B_FINAL_GATE_DECIDED|H3B_PLACE_FINISHED,UNKNOWN,h3bup:na:c0ea336e6e89
H3B_BRIDGE_FETCHED|H3B_EXEC_REQUEST_CREATED|H3B_EXECUTOR_RECEIVED|H3B_DRYRUN_FINISHED|H3B_FINAL_GATE_DECIDED|H3B_PLACE_FINISHED,UNKNOWN,h3bup:na:3ba834690c17
H3B_BRIDGE_FETCHED|H3B_EXEC_REQUEST_CREATED|H3B_EXECUTOR_RECEIVED|H3B_DRYRUN_FINISHED|H3B_FINAL_GATE_DECIDED|H3B_PLACE_FINISHED,UNKNOWN,h3bup:na:1ab3c7299cd8
H3B_BRIDGE_FETCHED|H3B_EXEC_REQUEST_CREATED|H3B_EXECUTOR_RECEIVED|H3B_DRYRUN_FINISHED|H3B_FINAL_GATE_DECIDED|H3B_PLACE_FINISHED,UNKNOWN,h3bup:na:0c463dd4897d
H3B_BRIDGE_FETCHED|H3B_EXEC_REQUEST_CREATED|H3B_EXECUTOR_RECEIVED|H3B_DRYRUN_FINISHED|H3B_FINAL_GATE_DECIDED|H3B_PLACE_FINISHED,UNKNOWN,h3bup:na:1358e96239af
H3B_EXEC_REQUEST_CREATED|H3B_EXECUTOR_RECEIVED|H3B_DRYRUN_FINISHED|H3B_FINAL_GATE_DECIDED|H3B_PLACE_FINISHED,UNKNOWN,h3bup:na:6eb5ef71a332
H3B_BRIDGE_FETCHED|H3B_EXEC_REQUEST_CREATED|H3B_EXECUTOR_RECEIVED|H3B_DRYRUN_FINISHED|H3B_FINAL_GATE_DECIDED|H3B_PLACE_FINISHED,UNKNOWN,h3bup:na:0054a78f3ab5
H3B_BRIDGE_FETCHED|H3B_EXEC_REQUEST_CREATED|H3B_EXECUTOR_RECEIVED|H3B_DRYRUN_FINISHED|H3B_FINAL_GATE_DECIDED|H3B_PLACE_FINISHED,UNKNOWN,h3bup:na:01c7ed865b6e
H3B_EXEC_REQUEST_CREATED|H3B_EXECUTOR_RECEIVED|H3B_DRYRUN_FINISHED|H3B_FINAL_GATE_DECIDED|H3B_PLACE_FINISHED,UNKNOWN,h3bup:na:5da443d79342
H3B_BRIDGE_FETCHED|H3B_EXEC_REQUEST_CREATED|H3B_EXECUTOR_RECEIVED|H3B_DRYRUN_FINISHED|H3B_FINAL_GATE_DECIDED|H3B_PLACE_FINISHED,UNKNOWN,h3bup:na:baea6a11c14a
H3B_BRIDGE_FETCHED|H3B_EXEC_REQUEST_CREATED|H3B_EXECUTOR_RECEIVED|H3B_DRYRUN_FINISHED|H3B_FINAL_GATE_DECIDED|H3B_PLACE_FINISHED,UNKNOWN,h3bup:na:b12fd03ae4e4
H3B_BRIDGE_FETCHED|H3B_EXEC_REQUEST_CREATED|H3B_EXECUTOR_RECEIVED|H3B_DRYRUN_FINISHED|H3B_FINAL_GATE_DECIDED|H3B_PLACE_FINISHED,UNKNOWN,h3bup:na:507280102925
H3B_BRIDGE_FETCHED|H3B_EXEC_REQUEST_CREATED|H3B_EXECUTOR_RECEIVED|H3B_DRYRUN_FINISHED|H3B_FINAL_GATE_DECIDED|H3B_PLACE_FINISHED,UNKNOWN,h3bup:na:4f3101487641
H3B_BRIDGE_FETCHED|H3B_EXEC_REQUEST_CREATED|H3B_EXECUTOR_RECEIVED|H3B_DRYRUN_FINISHED|H3B_FINAL_GATE_DECIDED|H3B_PLACE_FINISHED,UNKNOWN,h3bup:na:518b67ac9480
H3B_EXEC_REQUEST_CREATED|H3B_EXECUTOR_RECEIVED|H3B_DRYRUN_FINISHED|H3B_FINAL_GATE_DECIDED|H3B_PLACE_FINISHED,UNKNOWN,h3bup:na:5e450f52f1e3
H3B_EXEC_REQUEST_CREATED|H3B_EXECUTOR_RECEIVED|H3B_DRYRUN_FINISHED|H3B_FINAL_GATE_DECIDED|H3B_PLACE_FINISHED,UNKNOWN,h3bup:na:8142963c228f
H3B_EXEC_REQUEST_CREATED|H3B_EXECUTOR_RECEIVED|H3B_DRYRUN_FINISHED|H3B_FINAL_GATE_DECIDED|H3B_PLACE_FINISHED,UNKNOWN,h3bup:na:b9a4ac6f20ea
H3B_BRIDGE_FETCHED|H3B_EXEC_REQUEST_CREATED|H3B_EXECUTOR_RECEIVED|H3B_DRYRUN_FINISHED|H3B_FINAL_GATE_DECIDED|H3B_PLACE_FINISHED,UNKNOWN,h3bup:na:3dc5ff501a68
H3B_EXEC_REQUEST_CREATED|H3B_EXECUTOR_RECEIVED|H3B_DRYRUN_FINISHED|H3B_FINAL_GATE_DECIDED|H3B_PLACE_FINISHED,UNKNOWN,h3bup:na:073d71d8f5e6
H3B_BRIDGE_FETCHED|H3B_EXEC_REQUEST_CREATED|H3B_EXECUTOR_RECEIVED|H3B_DRYRUN_FINISHED|H3B_FINAL_GATE_DECIDED|H3B_PLACE_FINISHED,UNKNOWN,h3bup:na:b791ff7ab367
H3B_BRIDGE_FETCHED|H3B_EXEC_REQUEST_CREATED|H3B_EXECUTOR_RECEIVED|H3B_DRYRUN_FINISHED|H3B_FINAL_GATE_DECIDED|H3B_PLACE_FINISHED,UNKNOWN,h3bup:na:cf6147400dc7
H3B_EXEC_REQUEST_CREATED|H3B_EXECUTOR_RECEIVED|H3B_DRYRUN_FINISHED|H3B_FINAL_GATE_DECIDED|H3B_PLACE_FINISHED,UNKNOWN,h3bup:na:3a5da2a1dc78
H3B_BRIDGE_FETCHED|H3B_EXEC_REQUEST_CREATED|H3B_EXECUTOR_RECEIVED|H3B_DRYRUN_FINISHED|H3B_FINAL_GATE_DECIDED|H3B_PLACE_FINISHED,UNKNOWN,h3bup:na:2fcd561254dd
H3B_BRIDGE_FETCHED|H3B_EXEC_REQUEST_CREATED|H3B_EXECUTOR_RECEIVED|H3B_DRYRUN_FINISHED|H3B_FINAL_GATE_DECIDED|H3B_PLACE_FINISHED,UNKNOWN,h3bup:na:fd5a43485f24
H3B_BRIDGE_FETCHED|H3B_EXEC_REQUEST_CREATED|H3B_EXECUTOR_RECEIVED|H3B_DRYRUN_FINISHED|H3B_FINAL_GATE_DECIDED|H3B_PLACE_FINISHED,UNKNOWN,h3bup:na:15496f0b7d5f
H3B_BRIDGE_FETCHED|H3B_EXEC_REQUEST_CREATED|H3B_EXECUTOR_RECEIVED|H3B_DRYRUN_FINISHED|H3B_FINAL_GATE_DECIDED|H3B_PLACE_FINISHED,UNKNOWN,h3bup:na:02977f2217a5
H3B_BRIDGE_FETCHED|H3B_EXEC_REQUEST_CREATED|H3B_EXECUTOR_RECEIVED|H3B_DRYRUN_FINISHED|H3B_FINAL_GATE_DECIDED|H3B_PLACE_FINISHED,UNKNOWN,h3bup:na:b680c4f492f5
H3B_EXEC_REQUEST_CREATED|H3B_EXECUTOR_RECEIVED|H3B_DRYRUN_FINISHED|H3B_FINAL_GATE_DECIDED|H3B_PLACE_FINISHED,UNKNOWN,h3bup:na:c93dbf6f2d5f
H3B_BRIDGE_FETCHED|H3B_EXEC_REQUEST_CREATED|H3B_EXECUTOR_RECEIVED|H3B_DRYRUN_FINISHED|H3B_FINAL_GATE_DECIDED|H3B_PLACE_FINISHED,UNKNOWN,h3bup:na:26e2212fc122
H3B_BRIDGE_FETCHED|H3B_EXEC_REQUEST_CREATED|H3B_EXECUTOR_RECEIVED|H3B_DRYRUN_FINISHED|H3B_FINAL_GATE_DECIDED|H3B_PLACE_FINISHED,UNKNOWN,h3bup:na:cd90354e8ae6
H3B_BRIDGE_FETCHED|H3B_EXEC_REQUEST_CREATED|H3B_EXECUTOR_RECEIVED|H3B_DRYRUN_FINISHED|H3B_FINAL_GATE_DECIDED|H3B_PLACE_FINISHED,UNKNOWN,h3bup:na:e09500bf2130
H3B_EXEC_REQUEST_CREATED|H3B_EXECUTOR_RECEIVED|H3B_DRYRUN_FINISHED|H3B_FINAL_GATE_DECIDED|H3B_PLACE_FINISHED,UNKNOWN,h3bup:na:ed17a5c4423e
H3B_BRIDGE_FETCHED|H3B_EXEC_REQUEST_CREATED|H3B_EXECUTOR_RECEIVED|H3B_DRYRUN_FINISHED|H3B_FINAL_GATE_DECIDED|H3B_PLACE_FINISHED,UNKNOWN,h3bup:na:f99628728aef
H3B_BRIDGE_FETCHED|H3B_EXEC_REQUEST_CREATED|H3B_EXECUTOR_RECEIVED|H3B_DRYRUN_FINISHED|H3B_FINAL_GATE_DECIDED|H3B_PLACE_FINISHED,UNKNOWN,h3bup:na:1cbc52ca8048
H3B_BRIDGE_FETCHED|H3B_EXEC_REQUEST_CREATED|H3B_EXECUTOR_RECEIVED|H3B_DRYRUN_FINISHED|H3B_FINAL_GATE_DECIDED|H3B_PLACE_FINISHED,UNKNOWN,h3bup:na:e1cc0e8cc43f
H3B_BRIDGE_FETCHED|H3B_EXEC_REQUEST_CREATED|H3B_EXECUTOR_RECEIVED|H3B_DRYRUN_FINISHED|H3B_FINAL_GATE_DECIDED|H3B_PLACE_FINISHED,UNKNOWN,h3bup:na:a1c5cf3771d1
H3B_BRIDGE_FETCHED|H3B_EXEC_REQUEST_CREATED|H3B_EXECUTOR_RECEIVED|H3B_DRYRUN_FINISHED|H3B_FINAL_GATE_DECIDED|H3B_PLACE_FINISHED,UNKNOWN,h3bup:na:2aa328520ba2
H3B_BRIDGE_FETCHED|H3B_EXEC_REQUEST_CREATED|H3B_EXECUTOR_RECEIVED|H3B_DRYRUN_FINISHED|H3B_FINAL_GATE_DECIDED|H3B_PLACE_FINISHED,UNKNOWN,h3bup:na:5d9986815b90
H3B_BRIDGE_FETCHED|H3B_EXEC_REQUEST_CREATED|H3B_EXECUTOR_RECEIVED|H3B_DRYRUN_FINISHED|H3B_FINAL_GATE_DECIDED|H3B_PLACE_FINISHED,UNKNOWN,h3bup:na:d9191292ed78
H3B_BRIDGE_FETCHED|H3B_EXEC_REQUEST_CREATED|H3B_EXECUTOR_RECEIVED|H3B_DRYRUN_FINISHED|H3B_FINAL_GATE_DECIDED|H3B_PLACE_FINISHED,UNKNOWN,h3bup:na:9d1b0f1c2783
H3B_EXEC_REQUEST_CREATED|H3B_EXECUTOR_RECEIVED|H3B_DRYRUN_FINISHED|H3B_FINAL_GATE_DECIDED|H3B_PLACE_FINISHED,UNKNOWN,h3bup:na:787d7d842955
H3B_BRIDGE_FETCHED|H3B_EXEC_REQUEST_CREATED|H3B_EXECUTOR_RECEIVED|H3B_DRYRUN_FINISHED|H3B_FINAL_GATE_DECIDED|H3B_PLACE_FINISHED,UNKNOWN,h3bup:na:c2b5dd38e651
H3B_BRIDGE_FETCHED|H3B_EXEC_REQUEST_CREATED|H3B_EXECUTOR_RECEIVED|H3B_DRYRUN_FINISHED|H3B_FINAL_GATE_DECIDED|H3B_PLACE_FINISHED,UNKNOWN,h3bup:na:3020278f4114
H3B_BRIDGE_FETCHED|H3B_EXEC_REQUEST_CREATED|H3B_EXECUTOR_RECEIVED|H3B_DRYRUN_FINISHED|H3B_FINAL_GATE_DECIDED|H3B_PLACE_FINISHED,UNKNOWN,h3bup:na:5cdbe4b97c41
H3B_BRIDGE_FETCHED|H3B_EXEC_REQUEST_CREATED|H3B_EXECUTOR_RECEIVED|H3B_DRYRUN_FINISHED|H3B_FINAL_GATE_DECIDED|H3B_PLACE_FINISHED,UNKNOWN,h3bup:na:4e3573c2f27c
H3B_EXEC_REQUEST_CREATED|H3B_EXECUTOR_RECEIVED|H3B_DRYRUN_FINISHED|H3B_FINAL_GATE_DECIDED|H3B_PLACE_FINISHED,UNKNOWN,h3bup:na:f2a78cb3bf04
H3B_EXEC_REQUEST_CREATED|H3B_EXECUTOR_RECEIVED|H3B_DRYRUN_FINISHED|H3B_FINAL_GATE_DECIDED|H3B_PLACE_FINISHED,UNKNOWN,h3bup:na:fb25b93d9ebd
H3B_BRIDGE_FETCHED|H3B_EXEC_REQUEST_CREATED|H3B_EXECUTOR_RECEIVED|H3B_DRYRUN_FINISHED|H3B_FINAL_GATE_DECIDED|H3B_PLACE_FINISHED,UNKNOWN,h3bup:na:f47770d3360a
H3B_BRIDGE_FETCHED|H3B_EXEC_REQUEST_CREATED|H3B_EXECUTOR_RECEIVED|H3B_DRYRUN_FINISHED|H3B_FINAL_GATE_DECIDED|H3B_PLACE_FINISHED,UNKNOWN,h3bup:na:a270fe3b6af0
H3B_BRIDGE_FETCHED|H3B_EXEC_REQUEST_CREATED|H3B_EXECUTOR_RECEIVED|H3B_DRYRUN_FINISHED|H3B_FINAL_GATE_DECIDED|H3B_PLACE_FINISHED,UNKNOWN,h3bup:na:e1f5945a132a
H3B_EXEC_REQUEST_CREATED|H3B_EXECUTOR_RECEIVED|H3B_DRYRUN_FINISHED|H3B_FINAL_GATE_DECIDED|H3B_PLACE_FINISHED,UNKNOWN,h3bup:na:028935749008
H3B_EXEC_REQUEST_CREATED|H3B_EXECUTOR_RECEIVED|H3B_DRYRUN_FINISHED|H3B_FINAL_GATE_DECIDED|H3B_PLACE_FINISHED,UNKNOWN,h3bup:na:37e483b8967a
H3B_BRIDGE_FETCHED|H3B_EXEC_REQUEST_CREATED|H3B_EXECUTOR_RECEIVED|H3B_DRYRUN_FINISHED|H3B_FINAL_GATE_DECIDED|H3B_PLACE_FINISHED,UNKNOWN,h3bup:na:8269d9cc7758
H3B_EXEC_REQUEST_CREATED|H3B_EXECUTOR_RECEIVED|H3B_DRYRUN_FINISHED|H3B_FINAL_GATE_DECIDED|H3B_PLACE_FINISHED,UNKNOWN,h3bup:na:6300a4d43b18
H3B_EXEC_REQUEST_CREATED|H3B_EXECUTOR_RECEIVED|H3B_DRYRUN_FINISHED|H3B_FINAL_GATE_DECIDED|H3B_PLACE_FINISHED,UNKNOWN,h3bup:na:454bfa3217f3
H3B_BRIDGE_FETCHED|H3B_EXEC_REQUEST_CREATED|H3B_EXECUTOR_RECEIVED|H3B_DRYRUN_FINISHED|H3B_FINAL_GATE_DECIDED|H3B_PLACE_FINISHED,UNKNOWN,h3bup:na:0cf1d6aa0f5f
H3B_BRIDGE_FETCHED|H3B_EXEC_REQUEST_CREATED|H3B_EXECUTOR_RECEIVED|H3B_DRYRUN_FINISHED|H3B_FINAL_GATE_DECIDED|H3B_PLACE_FINISHED,UNKNOWN,h3bup:na:eb09b7489ea4
H3B_BRIDGE_FETCHED|H3B_EXEC_REQUEST_CREATED|H3B_EXECUTOR_RECEIVED|H3B_DRYRUN_FINISHED|H3B_FINAL_GATE_DECIDED|H3B_PLACE_FINISHED,UNKNOWN,h3bup:na:95112366952a
H3B_EXEC_REQUEST_CREATED|H3B_EXECUTOR_RECEIVED|H3B_DRYRUN_FINISHED|H3B_FINAL_GATE_DECIDED|H3B_PLACE_FINISHED,UNKNOWN,h3bup:na:dfc9ce4a1269
H3B_EXEC_REQUEST_CREATED|H3B_EXECUTOR_RECEIVED|H3B_DRYRUN_FINISHED|H3B_FINAL_GATE_DECIDED|H3B_PLACE_FINISHED,UNKNOWN,h3bup:na:0733a76c3e6f
H3B_EXEC_REQUEST_CREATED|H3B_EXECUTOR_RECEIVED|H3B_DRYRUN_FINISHED|H3B_FINAL_GATE_DECIDED|H3B_PLACE_FINISHED,UNKNOWN,h3bup:na:2c7573fe7500
H3B_BRIDGE_FETCHED|H3B_EXEC_REQUEST_CREATED|H3B_EXECUTOR_RECEIVED|H3B_DRYRUN_FINISHED|H3B_FINAL_GATE_DECIDED|H3B_PLACE_FINISHED,UNKNOWN,h3bup:na:bc1ed4fa60a9
H3B_BRIDGE_FETCHED|H3B_EXEC_REQUEST_CREATED|H3B_EXECUTOR_RECEIVED|H3B_DRYRUN_FINISHED|H3B_FINAL_GATE_DECIDED|H3B_PLACE_FINISHED,UNKNOWN,h3bup:na:a551c7baae4f
H3B_BRIDGE_FETCHED|H3B_EXEC_REQUEST_CREATED|H3B_EXECUTOR_RECEIVED|H3B_DRYRUN_FINISHED|H3B_FINAL_GATE_DECIDED|H3B_PLACE_FINISHED,UNKNOWN,h3bup:na:fd86bef3816e
H3B_BRIDGE_FETCHED|H3B_EXEC_REQUEST_CREATED|H3B_EXECUTOR_RECEIVED|H3B_DRYRUN_FINISHED|H3B_FINAL_GATE_DECIDED|H3B_PLACE_FINISHED,UNKNOWN,h3bup:na:fa5e14b44a55
H3B_BRIDGE_FETCHED|H3B_EXEC_REQUEST_CREATED|H3B_EXECUTOR_RECEIVED|H3B_DRYRUN_FINISHED|H3B_FINAL_GATE_DECIDED|H3B_PLACE_FINISHED,UNKNOWN,h3bup:na:13fa38d929a4
H3B_BRIDGE_FETCHED|H3B_EXEC_REQUEST_CREATED|H3B_EXECUTOR_RECEIVED|H3B_DRYRUN_FINISHED|H3B_FINAL_GATE_DECIDED|H3B_PLACE_FINISHED,UNKNOWN,h3bup:na:49ad6d6194fd
H3B_BRIDGE_FETCHED|H3B_EXEC_REQUEST_CREATED|H3B_EXECUTOR_RECEIVED|H3B_DRYRUN_FINISHED|H3B_FINAL_GATE_DECIDED|H3B_PLACE_FINISHED,UNKNOWN,h3bup:na:f2def34981f9
H3B_BRIDGE_FETCHED|H3B_EXEC_REQUEST_CREATED|H3B_EXECUTOR_RECEIVED|H3B_DRYRUN_FINISHED|H3B_FINAL_GATE_DECIDED|H3B_PLACE_FINISHED,UNKNOWN,h3bup:na:7736b67b5d5f
H3B_BRIDGE_FETCHED|H3B_EXEC_REQUEST_CREATED|H3B_EXECUTOR_RECEIVED|H3B_DRYRUN_FINISHED|H3B_FINAL_GATE_DECIDED|H3B_PLACE_FINISHED,UNKNOWN,h3bup:na:c4c72e0bfb25
H3B_BRIDGE_FETCHED|H3B_EXEC_REQUEST_CREATED|H3B_EXECUTOR_RECEIVED|H3B_DRYRUN_FINISHED|H3B_FINAL_GATE_DECIDED|H3B_PLACE_FINISHED,UNKNOWN,h3bup:na:b2fb532280f1
H3B_BRIDGE_FETCHED|H3B_EXEC_REQUEST_CREATED|H3B_EXECUTOR_RECEIVED|H3B_DRYRUN_FINISHED|H3B_FINAL_GATE_DECIDED|H3B_PLACE_FINISHED,UNKNOWN,h3bup:na:ed2a4b66baa6
H3B_EXEC_REQUEST_CREATED|H3B_EXECUTOR_RECEIVED|H3B_DRYRUN_FINISHED|H3B_FINAL_GATE_DECIDED|H3B_PLACE_FINISHED,UNKNOWN,h3bup:na:8f2f50a91dd3
H3B_BRIDGE_FETCHED|H3B_EXEC_REQUEST_CREATED|H3B_EXECUTOR_RECEIVED|H3B_DRYRUN_FINISHED|H3B_FINAL_GATE_DECIDED|H3B_PLACE_FINISHED,UNKNOWN,h3bup:na:f30baae6bb5b
H3B_BRIDGE_FETCHED|H3B_EXEC_REQUEST_CREATED|H3B_EXECUTOR_RECEIVED|H3B_DRYRUN_FINISHED|H3B_FINAL_GATE_DECIDED|H3B_PLACE_FINISHED,UNKNOWN,h3bup:na:b26923314242
H3B_BRIDGE_FETCHED|H3B_EXEC_REQUEST_CREATED|H3B_EXECUTOR_RECEIVED|H3B_DRYRUN_FINISHED|H3B_FINAL_GATE_DECIDED|H3B_PLACE_FINISHED,UNKNOWN,h3bup:na:a2f6c3c87eab
H3B_EXEC_REQUEST_CREATED|H3B_EXECUTOR_RECEIVED|H3B_DRYRUN_FINISHED|H3B_FINAL_GATE_DECIDED|H3B_PLACE_FINISHED,UNKNOWN,h3bup:na:4556f88175c6
H3B_EXEC_REQUEST_CREATED|H3B_EXECUTOR_RECEIVED|H3B_DRYRUN_FINISHED|H3B_FINAL_GATE_DECIDED|H3B_PLACE_FINISHED,UNKNOWN,h3bup:na:0c9218c072d4
H3B_EXEC_REQUEST_CREATED|H3B_EXECUTOR_RECEIVED|H3B_DRYRUN_FINISHED|H3B_FINAL_GATE_DECIDED|H3B_PLACE_FINISHED,UNKNOWN,h3bup:na:8283e254a5e0
H3B_BRIDGE_FETCHED|H3B_EXEC_REQUEST_CREATED|H3B_EXECUTOR_RECEIVED|H3B_DRYRUN_FINISHED|H3B_FINAL_GATE_DECIDED|H3B_PLACE_FINISHED,UNKNOWN,h3bup:na:ca12b4452d34
H3B_BRIDGE_FETCHED|H3B_EXEC_REQUEST_CREATED|H3B_EXECUTOR_RECEIVED|H3B_DRYRUN_FINISHED|H3B_FINAL_GATE_DECIDED|H3B_PLACE_FINISHED,UNKNOWN,h3bup:na:0751aa87d142
H3B_BRIDGE_FETCHED|H3B_EXEC_REQUEST_CREATED|H3B_EXECUTOR_RECEIVED|H3B_DRYRUN_FINISHED|H3B_FINAL_GATE_DECIDED|H3B_PLACE_FINISHED,UNKNOWN,h3bup:na:b6f31cf55fa2
H3B_BRIDGE_FETCHED|H3B_EXEC_REQUEST_CREATED|H3B_EXECUTOR_RECEIVED|H3B_DRYRUN_FINISHED|H3B_FINAL_GATE_DECIDED|H3B_PLACE_FINISHED,UNKNOWN,h3bup:na:dd2159c2d024
H3B_BRIDGE_FETCHED|H3B_EXEC_REQUEST_CREATED|H3B_EXECUTOR_RECEIVED|H3B_DRYRUN_FINISHED|H3B_FINAL_GATE_DECIDED|H3B_PLACE_FINISHED,UNKNOWN,h3bup:na:9367805d1868
H3B_BRIDGE_FETCHED|H3B_EXEC_REQUEST_CREATED|H3B_EXECUTOR_RECEIVED|H3B_DRYRUN_FINISHED|H3B_FINAL_GATE_DECIDED|H3B_PLACE_FINISHED,UNKNOWN,h3bup:na:2587c599eae3
H3B_BRIDGE_FETCHED|H3B_EXEC_REQUEST_CREATED|H3B_EXECUTOR_RECEIVED|H3B_DRYRUN_FINISHED|H3B_FINAL_GATE_DECIDED|H3B_PLACE_FINISHED,UNKNOWN,h3bup:na:c191c619ae72
H3B_BRIDGE_FETCHED|H3B_EXEC_REQUEST_CREATED|H3B_EXECUTOR_RECEIVED|H3B_DRYRUN_FINISHED|H3B_FINAL_GATE_DECIDED|H3B_PLACE_FINISHED,UNKNOWN,h3bup:na:a109f544f46c
H3B_BRIDGE_FETCHED|H3B_EXEC_REQUEST_CREATED|H3B_EXECUTOR_RECEIVED|H3B_DRYRUN_FINISHED|H3B_FINAL_GATE_DECIDED|H3B_PLACE_FINISHED,UNKNOWN,h3bup:na:b98522b8ebe5
H3B_BRIDGE_FETCHED|H3B_EXEC_REQUEST_CREATED|H3B_EXECUTOR_RECEIVED|H3B_DRYRUN_FINISHED|H3B_FINAL_GATE_DECIDED|H3B_PLACE_FINISHED,UNKNOWN,h3bup:na:997a89fc7a77
H3B_BRIDGE_FETCHED|H3B_EXEC_REQUEST_CREATED|H3B_EXECUTOR_RECEIVED|H3B_DRYRUN_FINISHED|H3B_FINAL_GATE_DECIDED|H3B_PLACE_FINISHED,UNKNOWN,h3bup:na:cb0944eb7970
H3B_BRIDGE_FETCHED|H3B_EXEC_REQUEST_CREATED|H3B_EXECUTOR_RECEIVED|H3B_DRYRUN_FINISHED|H3B_FINAL_GATE_DECIDED|H3B_PLACE_FINISHED,UNKNOWN,h3bup:na:560c12f27e06
H3B_BRIDGE_FETCHED|H3B_EXEC_REQUEST_CREATED|H3B_EXECUTOR_RECEIVED|H3B_DRYRUN_FINISHED|H3B_FINAL_GATE_DECIDED|H3B_PLACE_FINISHED,UNKNOWN,h3bup:na:6877f5a39c18
H3B_BRIDGE_FETCHED|H3B_EXEC_REQUEST_CREATED|H3B_EXECUTOR_RECEIVED|H3B_DRYRUN_FINISHED|H3B_FINAL_GATE_DECIDED|H3B_PLACE_FINISHED,UNKNOWN,h3bup:na:2ce8c851f449
H3B_BRIDGE_FETCHED|H3B_EXEC_REQUEST_CREATED|H3B_EXECUTOR_RECEIVED|H3B_DRYRUN_FINISHED|H3B_FINAL_GATE_DECIDED|H3B_PLACE_FINISHED,UNKNOWN,h3bup:na:6868768e4ffa
H3B_EXEC_REQUEST_CREATED|H3B_EXECUTOR_RECEIVED|H3B_DRYRUN_FINISHED|H3B_FINAL_GATE_DECIDED|H3B_PLACE_FINISHED,UNKNOWN,h3bup:na:1f363998ab62
H3B_BRIDGE_FETCHED|H3B_EXEC_REQUEST_CREATED|H3B_EXECUTOR_RECEIVED|H3B_DRYRUN_FINISHED|H3B_FINAL_GATE_DECIDED|H3B_PLACE_FINISHED,UNKNOWN,h3bup:na:6577d304f46e
H3B_BRIDGE_FETCHED|H3B_EXEC_REQUEST_CREATED|H3B_EXECUTOR_RECEIVED|H3B_DRYRUN_FINISHED|H3B_FINAL_GATE_DECIDED|H3B_PLACE_FINISHED,UNKNOWN,h3bup:na:c171ab1cc8c2
H3B_BRIDGE_FETCHED|H3B_EXEC_REQUEST_CREATED|H3B_EXECUTOR_RECEIVED|H3B_DRYRUN_FINISHED|H3B_FINAL_GATE_DECIDED|H3B_PLACE_FINISHED,UNKNOWN,h3bup:na:e6d72ce255d6
H3B_EXEC_REQUEST_CREATED|H3B_EXECUTOR_RECEIVED|H3B_DRYRUN_FINISHED|H3B_FINAL_GATE_DECIDED|H3B_PLACE_FINISHED,UNKNOWN,h3bup:na:88450c06a1a7
H3B_BRIDGE_FETCHED|H3B_EXEC_REQUEST_CREATED|H3B_EXECUTOR_RECEIVED|H3B_DRYRUN_FINISHED|H3B_FINAL_GATE_DECIDED|H3B_PLACE_FINISHED,UNKNOWN,h3bup:na:52903fcfb7db
H3B_BRIDGE_FETCHED|H3B_EXEC_REQUEST_CREATED|H3B_EXECUTOR_RECEIVED|H3B_DRYRUN_FINISHED|H3B_FINAL_GATE_DECIDED|H3B_PLACE_FINISHED,UNKNOWN,h3bup:na:aff2c49a111d
H3B_BRIDGE_FETCHED|H3B_EXEC_REQUEST_CREATED|H3B_EXECUTOR_RECEIVED|H3B_DRYRUN_FINISHED|H3B_FINAL_GATE_DECIDED|H3B_PLACE_FINISHED,UNKNOWN,h3bup:na:f0310ecb4270
H3B_BRIDGE_FETCHED|H3B_EXEC_REQUEST_CREATED|H3B_EXECUTOR_RECEIVED|H3B_DRYRUN_FINISHED|H3B_FINAL_GATE_DECIDED|H3B_PLACE_FINISHED,UNKNOWN,h3bup:na:5e7e0184a727
H3B_EXEC_REQUEST_CREATED|H3B_EXECUTOR_RECEIVED|H3B_DRYRUN_FINISHED|H3B_FINAL_GATE_DECIDED|H3B_PLACE_FINISHED,UNKNOWN,h3bup:na:6f3e0c26b062
H3B_BRIDGE_FETCHED|H3B_EXEC_REQUEST_CREATED|H3B_EXECUTOR_RECEIVED|H3B_DRYRUN_FINISHED|H3B_FINAL_GATE_DECIDED|H3B_PLACE_FINISHED,UNKNOWN,h3bup:na:91b808ae8aba
H3B_BRIDGE_FETCHED|H3B_EXEC_REQUEST_CREATED|H3B_EXECUTOR_RECEIVED|H3B_DRYRUN_FINISHED|H3B_FINAL_GATE_DECIDED|H3B_PLACE_FINISHED,UNKNOWN,h3bup:na:2ba6d550c4e4
H3B_EXEC_REQUEST_CREATED|H3B_EXECUTOR_RECEIVED|H3B_DRYRUN_FINISHED|H3B_FINAL_GATE_DECIDED|H3B_PLACE_FINISHED,UNKNOWN,h3bup:na:d9f9ceef0f66
H3B_BRIDGE_FETCHED|H3B_EXEC_REQUEST_CREATED|H3B_EXECUTOR_RECEIVED|H3B_DRYRUN_FINISHED|H3B_FINAL_GATE_DECIDED|H3B_PLACE_FINISHED,UNKNOWN,h3bup:na:d09a011d5976
H3B_BRIDGE_FETCHED|H3B_EXEC_REQUEST_CREATED|H3B_EXECUTOR_RECEIVED|H3B_DRYRUN_FINISHED|H3B_FINAL_GATE_DECIDED|H3B_PLACE_FINISHED,UNKNOWN,h3bup:na:7c21b1b8b3b4
H3B_BRIDGE_FETCHED|H3B_EXEC_REQUEST_CREATED|H3B_EXECUTOR_RECEIVED|H3B_DRYRUN_FINISHED|H3B_FINAL_GATE_DECIDED|H3B_PLACE_FINISHED,UNKNOWN,h3bup:na:508de0eaef61
H3B_BRIDGE_FETCHED|H3B_EXEC_REQUEST_CREATED|H3B_EXECUTOR_RECEIVED|H3B_DRYRUN_FINISHED|H3B_FINAL_GATE_DECIDED|H3B_PLACE_FINISHED,UNKNOWN,h3bup:na:277282d72ce6
H3B_BRIDGE_FETCHED|H3B_EXEC_REQUEST_CREATED|H3B_EXECUTOR_RECEIVED|H3B_DRYRUN_FINISHED|H3B_FINAL_GATE_DECIDED|H3B_PLACE_FINISHED,UNKNOWN,h3bup:na:6ea3867af8ba
H3B_EXEC_REQUEST_CREATED|H3B_EXECUTOR_RECEIVED|H3B_DRYRUN_FINISHED|H3B_FINAL_GATE_DECIDED|H3B_PLACE_FINISHED,UNKNOWN,h3bup:na:23781ea3519b
H3B_EXEC_REQUEST_CREATED|H3B_EXECUTOR_RECEIVED|H3B_DRYRUN_FINISHED|H3B_FINAL_GATE_DECIDED|H3B_PLACE_FINISHED,UNKNOWN,h3bup:na:5bc185ee58d9
H3B_EXEC_REQUEST_CREATED|H3B_EXECUTOR_RECEIVED|H3B_DRYRUN_FINISHED|H3B_FINAL_GATE_DECIDED|H3B_PLACE_FINISHED,UNKNOWN,h3bup:na:07acd355f5e7
H3B_BRIDGE_FETCHED|H3B_EXEC_REQUEST_CREATED|H3B_EXECUTOR_RECEIVED|H3B_DRYRUN_FINISHED|H3B_FINAL_GATE_DECIDED|H3B_PLACE_FINISHED,UNKNOWN,h3bup:na:6c2a94323cff
H3B_EXEC_REQUEST_CREATED|H3B_EXECUTOR_RECEIVED|H3B_DRYRUN_FINISHED|H3B_FINAL_GATE_DECIDED|H3B_PLACE_FINISHED,UNKNOWN,h3bup:na:85c4907f871a
H3B_BRIDGE_FETCHED|H3B_EXEC_REQUEST_CREATED|H3B_EXECUTOR_RECEIVED|H3B_DRYRUN_FINISHED|H3B_FINAL_GATE_DECIDED|H3B_PLACE_FINISHED,UNKNOWN,h3bup:na:191a7cf3d1c8
H3B_EXEC_REQUEST_CREATED|H3B_EXECUTOR_RECEIVED|H3B_DRYRUN_FINISHED|H3B_FINAL_GATE_DECIDED|H3B_PLACE_FINISHED,UNKNOWN,h3bup:na:84383679f7b2
H3B_BRIDGE_FETCHED|H3B_EXEC_REQUEST_CREATED|H3B_EXECUTOR_RECEIVED|H3B_DRYRUN_FINISHED|H3B_FINAL_GATE_DECIDED|H3B_PLACE_FINISHED,UNKNOWN,h3bup:na:93acfbe7c8fb
H3B_EXEC_REQUEST_CREATED|H3B_EXECUTOR_RECEIVED|H3B_DRYRUN_FINISHED|H3B_FINAL_GATE_DECIDED|H3B_PLACE_FINISHED,UNKNOWN,h3bup:na:d6a8970e270f
H3B_BRIDGE_FETCHED|H3B_EXEC_REQUEST_CREATED|H3B_EXECUTOR_RECEIVED|H3B_DRYRUN_FINISHED|H3B_FINAL_GATE_DECIDED|H3B_PLACE_FINISHED,UNKNOWN,h3bup:na:a959b0609733
H3B_BRIDGE_FETCHED|H3B_EXEC_REQUEST_CREATED|H3B_EXECUTOR_RECEIVED|H3B_DRYRUN_FINISHED|H3B_FINAL_GATE_DECIDED|H3B_PLACE_FINISHED,UNKNOWN,h3bup:na:b42a3fbc488c
H3B_EXEC_REQUEST_CREATED|H3B_EXECUTOR_RECEIVED|H3B_DRYRUN_FINISHED|H3B_FINAL_GATE_DECIDED|H3B_PLACE_FINISHED,UNKNOWN,h3bup:na:a7240786c444
H3B_BRIDGE_FETCHED|H3B_EXEC_REQUEST_CREATED|H3B_EXECUTOR_RECEIVED|H3B_DRYRUN_FINISHED|H3B_FINAL_GATE_DECIDED|H3B_PLACE_FINISHED,UNKNOWN,h3bup:na:eec52722acbd
H3B_BRIDGE_FETCHED|H3B_EXEC_REQUEST_CREATED|H3B_EXECUTOR_RECEIVED|H3B_DRYRUN_FINISHED|H3B_FINAL_GATE_DECIDED|H3B_PLACE_FINISHED,UNKNOWN,h3bup:na:9a4461664a2e
H3B_BRIDGE_FETCHED|H3B_EXEC_REQUEST_CREATED|H3B_EXECUTOR_RECEIVED|H3B_DRYRUN_FINISHED|H3B_FINAL_GATE_DECIDED|H3B_PLACE_FINISHED,UNKNOWN,h3bup:na:77052ad5607e
H3B_BRIDGE_FETCHED|H3B_EXEC_REQUEST_CREATED|H3B_EXECUTOR_RECEIVED|H3B_DRYRUN_FINISHED|H3B_FINAL_GATE_DECIDED|H3B_PLACE_FINISHED,UNKNOWN,h3bup:na:93b9d2a5c5be
H3B_BRIDGE_FETCHED|H3B_EXEC_REQUEST_CREATED|H3B_EXECUTOR_RECEIVED|H3B_DRYRUN_FINISHED|H3B_FINAL_GATE_DECIDED|H3B_PLACE_FINISHED,UNKNOWN,h3bup:na:f348bcf4912b
H3B_BRIDGE_FETCHED|H3B_EXEC_REQUEST_CREATED|H3B_EXECUTOR_RECEIVED|H3B_DRYRUN_FINISHED|H3B_FINAL_GATE_DECIDED|H3B_PLACE_FINISHED,UNKNOWN,h3bup:na:34d08592341c
H3B_BRIDGE_FETCHED|H3B_EXEC_REQUEST_CREATED|H3B_EXECUTOR_RECEIVED|H3B_DRYRUN_FINISHED|H3B_FINAL_GATE_DECIDED|H3B_PLACE_FINISHED,UNKNOWN,h3bup:na:897a65545652
H3B_BRIDGE_FETCHED|H3B_EXEC_REQUEST_CREATED|H3B_EXECUTOR_RECEIVED|H3B_DRYRUN_FINISHED|H3B_FINAL_GATE_DECIDED|H3B_PLACE_FINISHED,UNKNOWN,h3bup:na:f73ce46d69cb
H3B_EXEC_REQUEST_CREATED|H3B_EXECUTOR_RECEIVED|H3B_DRYRUN_FINISHED|H3B_FINAL_GATE_DECIDED|H3B_PLACE_FINISHED,UNKNOWN,h3bup:na:0565e45559ea
H3B_BRIDGE_FETCHED|H3B_EXEC_REQUEST_CREATED|H3B_EXECUTOR_RECEIVED|H3B_DRYRUN_FINISHED|H3B_FINAL_GATE_DECIDED|H3B_PLACE_FINISHED,UNKNOWN,h3bup:na:aad4324f75d6
H3B_BRIDGE_FETCHED|H3B_EXEC_REQUEST_CREATED|H3B_EXECUTOR_RECEIVED|H3B_DRYRUN_FINISHED|H3B_FINAL_GATE_DECIDED|H3B_PLACE_FINISHED,UNKNOWN,h3bup:na:568c357d314f
H3B_EXEC_REQUEST_CREATED|H3B_EXECUTOR_RECEIVED|H3B_DRYRUN_FINISHED|H3B_FINAL_GATE_DECIDED|H3B_PLACE_FINISHED,UNKNOWN,h3bup:na:b044f4389721
H3B_BRIDGE_FETCHED|H3B_EXEC_REQUEST_CREATED|H3B_EXECUTOR_RECEIVED|H3B_DRYRUN_FINISHED|H3B_FINAL_GATE_DECIDED|H3B_PLACE_FINISHED,UNKNOWN,h3bup:na:9090eb4aab7d
H3B_BRIDGE_FETCHED|H3B_EXEC_REQUEST_CREATED|H3B_EXECUTOR_RECEIVED|H3B_DRYRUN_FINISHED|H3B_FINAL_GATE_DECIDED|H3B_PLACE_FINISHED,UNKNOWN,h3bup:na:78541fc9aa1c
H3B_BRIDGE_FETCHED|H3B_EXEC_REQUEST_CREATED|H3B_EXECUTOR_RECEIVED|H3B_DRYRUN_FINISHED|H3B_FINAL_GATE_DECIDED|H3B_PLACE_FINISHED,UNKNOWN,h3bup:na:957f02d218b2
H3B_BRIDGE_FETCHED|H3B_EXEC_REQUEST_CREATED|H3B_EXECUTOR_RECEIVED|H3B_DRYRUN_FINISHED|H3B_FINAL_GATE_DECIDED|H3B_PLACE_FINISHED,UNKNOWN,h3bup:na:654e4c42faa3
H3B_BRIDGE_FETCHED|H3B_EXEC_REQUEST_CREATED|H3B_EXECUTOR_RECEIVED|H3B_DRYRUN_FINISHED|H3B_FINAL_GATE_DECIDED|H3B_PLACE_FINISHED,UNKNOWN,h3bup:na:8203fd326082
H3B_BRIDGE_FETCHED|H3B_EXEC_REQUEST_CREATED|H3B_EXECUTOR_RECEIVED|H3B_DRYRUN_FINISHED|H3B_FINAL_GATE_DECIDED|H3B_PLACE_FINISHED,UNKNOWN,h3bup:na:133cf7f6bb33
H3B_EXEC_REQUEST_CREATED|H3B_EXECUTOR_RECEIVED|H3B_DRYRUN_FINISHED|H3B_FINAL_GATE_DECIDED|H3B_PLACE_FINISHED,UNKNOWN,h3bup:na:e82de0944762
H3B_BRIDGE_FETCHED|H3B_EXEC_REQUEST_CREATED|H3B_EXECUTOR_RECEIVED|H3B_DRYRUN_FINISHED|H3B_FINAL_GATE_DECIDED|H3B_PLACE_FINISHED,UNKNOWN,h3bup:na:b6445171c51c
H3B_EXEC_REQUEST_CREATED|H3B_EXECUTOR_RECEIVED|H3B_DRYRUN_FINISHED|H3B_FINAL_GATE_DECIDED|H3B_PLACE_FINISHED,UNKNOWN,h3bup:na:a8686b504e0b
H3B_EXEC_REQUEST_CREATED|H3B_EXECUTOR_RECEIVED|H3B_DRYRUN_FINISHED|H3B_FINAL_GATE_DECIDED|H3B_PLACE_FINISHED,UNKNOWN,h3bup:na:2ae3196a93e6
H3B_PLACE_FINISHED,CAP_BLOCKED,h3bup:na:1a3c29f1e133
H3B_EXEC_REQUEST_CREATED|H3B_EXECUTOR_RECEIVED|H3B_DRYRUN_FINISHED|H3B_FINAL_GATE_DECIDED|H3B_PLACE_FINISHED,UNKNOWN,h3bup:na:0ebdb7cda696
H3B_EXEC_REQUEST_CREATED|H3B_EXECUTOR_RECEIVED|H3B_DRYRUN_FINISHED|H3B_FINAL_GATE_DECIDED|H3B_PLACE_FINISHED,UNKNOWN,h3bup:na:de837dece509
H3B_BRIDGE_FETCHED|H3B_EXEC_REQUEST_CREATED|H3B_EXECUTOR_RECEIVED|H3B_DRYRUN_FINISHED|H3B_FINAL_GATE_DECIDED|H3B_PLACE_FINISHED,UNKNOWN,h3bup:na:61bf48297770
H3B_EXEC_REQUEST_CREATED|H3B_EXECUTOR_RECEIVED|H3B_DRYRUN_FINISHED|H3B_FINAL_GATE_DECIDED|H3B_PLACE_FINISHED,UNKNOWN,h3bup:na:934db905f3e9
H3B_BRIDGE_FETCHED|H3B_EXEC_REQUEST_CREATED|H3B_EXECUTOR_RECEIVED|H3B_DRYRUN_FINISHED|H3B_FINAL_GATE_DECIDED|H3B_PLACE_FINISHED,UNKNOWN,h3bup:na:2a941582673a
H3B_BRIDGE_FETCHED|H3B_EXEC_REQUEST_CREATED|H3B_EXECUTOR_RECEIVED|H3B_DRYRUN_FINISHED|H3B_FINAL_GATE_DECIDED|H3B_PLACE_FINISHED,UNKNOWN,h3bup:na:948a12024072
H3B_BRIDGE_FETCHED|H3B_EXEC_REQUEST_CREATED|H3B_EXECUTOR_RECEIVED|H3B_DRYRUN_FINISHED|H3B_FINAL_GATE_DECIDED|H3B_PLACE_FINISHED,UNKNOWN,h3bup:na:70e23bea52dd
H3B_BRIDGE_FETCHED|H3B_EXEC_REQUEST_CREATED|H3B_EXECUTOR_RECEIVED|H3B_DRYRUN_FINISHED|H3B_FINAL_GATE_DECIDED|H3B_PLACE_FINISHED,UNKNOWN,h3bup:na:dfa625223a52
H3B_BRIDGE_FETCHED|H3B_EXEC_REQUEST_CREATED|H3B_EXECUTOR_RECEIVED|H3B_DRYRUN_FINISHED|H3B_FINAL_GATE_DECIDED|H3B_PLACE_FINISHED,UNKNOWN,h3bup:na:7c4d7a25125f
H3B_BRIDGE_FETCHED|H3B_EXEC_REQUEST_CREATED|H3B_EXECUTOR_RECEIVED|H3B_DRYRUN_FINISHED|H3B_FINAL_GATE_DECIDED|H3B_PLACE_FINISHED,UNKNOWN,h3bup:na:4c74ef7f0bc7
H3B_BRIDGE_FETCHED|H3B_EXEC_REQUEST_CREATED|H3B_EXECUTOR_RECEIVED|H3B_DRYRUN_FINISHED|H3B_FINAL_GATE_DECIDED|H3B_PLACE_FINISHED,UNKNOWN,h3bup:na:c234edd0fb04
H3B_BRIDGE_FETCHED|H3B_EXEC_REQUEST_CREATED|H3B_EXECUTOR_RECEIVED|H3B_DRYRUN_FINISHED|H3B_FINAL_GATE_DECIDED|H3B_PLACE_FINISHED,UNKNOWN,h3bup:na:424996b1cf6a
H3B_BRIDGE_FETCHED|H3B_EXEC_REQUEST_CREATED|H3B_EXECUTOR_RECEIVED|H3B_DRYRUN_FINISHED|H3B_FINAL_GATE_DECIDED|H3B_PLACE_FINISHED,UNKNOWN,h3bup:na:472cb04c35a6
H3B_BRIDGE_FETCHED|H3B_EXEC_REQUEST_CREATED|H3B_EXECUTOR_RECEIVED|H3B_DRYRUN_FINISHED|H3B_FINAL_GATE_DECIDED|H3B_PLACE_FINISHED,UNKNOWN,h3bup:na:adcee1bec5c6
H3B_BRIDGE_FETCHED|H3B_EXEC_REQUEST_CREATED|H3B_EXECUTOR_RECEIVED|H3B_DRYRUN_FINISHED|H3B_FINAL_GATE_DECIDED|H3B_PLACE_FINISHED,UNKNOWN,h3bup:na:a4b8fe3f07e0
H3B_BRIDGE_FETCHED|H3B_EXEC_REQUEST_CREATED|H3B_EXECUTOR_RECEIVED|H3B_DRYRUN_FINISHED|H3B_FINAL_GATE_DECIDED|H3B_PLACE_FINISHED,UNKNOWN,h3bup:na:575b1dc8309e
H3B_EXEC_REQUEST_CREATED|H3B_EXECUTOR_RECEIVED|H3B_DRYRUN_FINISHED|H3B_FINAL_GATE_DECIDED|H3B_PLACE_FINISHED,UNKNOWN,h3bup:na:c8c52e1d49a6
H3B_BRIDGE_FETCHED|H3B_EXEC_REQUEST_CREATED|H3B_EXECUTOR_RECEIVED|H3B_DRYRUN_FINISHED|H3B_FINAL_GATE_DECIDED|H3B_PLACE_FINISHED,UNKNOWN,h3bup:na:2f4983dd0be8
H3B_BRIDGE_FETCHED|H3B_EXEC_REQUEST_CREATED|H3B_EXECUTOR_RECEIVED|H3B_DRYRUN_FINISHED|H3B_FINAL_GATE_DECIDED|H3B_PLACE_FINISHED,UNKNOWN,h3bup:na:207e363ccf64
H3B_BRIDGE_FETCHED|H3B_EXEC_REQUEST_CREATED|H3B_EXECUTOR_RECEIVED|H3B_DRYRUN_FINISHED|H3B_FINAL_GATE_DECIDED|H3B_PLACE_FINISHED,UNKNOWN,h3bup:na:7dca17d15c76
H3B_BRIDGE_FETCHED|H3B_EXEC_REQUEST_CREATED|H3B_EXECUTOR_RECEIVED|H3B_DRYRUN_FINISHED|H3B_FINAL_GATE_DECIDED|H3B_PLACE_FINISHED,UNKNOWN,h3bup:na:d00c51a44df4
H3B_EXEC_REQUEST_CREATED|H3B_EXECUTOR_RECEIVED|H3B_DRYRUN_FINISHED|H3B_FINAL_GATE_DECIDED|H3B_PLACE_FINISHED,UNKNOWN,h3bup:na:fba0a4822139
H3B_BRIDGE_FETCHED|H3B_EXEC_REQUEST_CREATED|H3B_EXECUTOR_RECEIVED|H3B_DRYRUN_FINISHED|H3B_FINAL_GATE_DECIDED|H3B_PLACE_FINISHED,UNKNOWN,h3bup:na:8a6f4b97262e
H3B_BRIDGE_FETCHED|H3B_EXEC_REQUEST_CREATED|H3B_EXECUTOR_RECEIVED|H3B_DRYRUN_FINISHED|H3B_FINAL_GATE_DECIDED|H3B_PLACE_FINISHED,UNKNOWN,h3bup:na:17fdc9afd634
H3B_BRIDGE_FETCHED|H3B_EXEC_REQUEST_CREATED|H3B_EXECUTOR_RECEIVED|H3B_DRYRUN_FINISHED|H3B_FINAL_GATE_DECIDED|H3B_PLACE_FINISHED,UNKNOWN,h3bup:na:2178b7b53223
