ID Aposta,RebelBetting.EventName,RebelBetting.ID
0,Hungary Division 1 (NB1 Soproni Liga),27832056
3,CAF African Nations Championship,27083763
4,Romania Division 2,27084393
5,Uzbekistan Super League,27084430
6,China Super League,27093151
7,ITF Men Muttenz,27093259
8,UEFA Champions League,27138405
9,UEFA Champions League,27138405
10,CONCACAF Copa Centroamericana,27093391
11,Japan J-League Division 1,27093650
12,CONMEBOL Copa Libertadores,27093687
13,ITF Women Nakhon Pathom,27093777
14,England Northern Premier League,27093810
15,Lithuania A Lyga,27096017
16,Grand Slam Men - US Open,27096030
17,UEFA Europa Conference League,27096037
18,Lithuania A Lyga,27499649
19,Iceland Division 3 (3. Deild Karla),27096592
20,UEFA Europa League,27096797
21,CONCACAF Copa Centroamericana,27097407
22,UEFA Europa Conference League,27097601
23,Egypt Premier League,27098119
24,UEFA Europa Conference League,27098249
25,Venezuela Cup,27098382
26,UEFA Europa Conference League,27098980
27,CONMEBOL Copa Sudamericana,27099612
28,Egypt Premier League,27099732
29,Norway Division 1 OBOS-ligaen,27102695
30,MLS Next Pro,27102700
31,Norway Division 1 OBOS-ligaen,27102704
32,Spain LaLiga2,27103034
33,UEFA Europa League,27145617
34,Wales Premier League,27103103
35,Denmark Division 2,27722823
36,France Ligue 2,27103456
37,Ireland Premier League,27103666
38,England League 1,27107335
39,Sweden Superettan,27107381
40,Mexico Liga Expansion MX,27107442
41,Argentina Liga Profesional,27107454
42,Spain LaLiga2,27107569
43,Colombia Cup,27107727
44,USA Major League Soccer,27107924
45,Brazil Campeonato Brasiliero Série B,27108212
46,Poland 3. Liga,27108217
47,Poland 2. Liga,27108227
48,Austria Landesliga Steiermark,27108600
49,Paraguay Segunda Division (División Intermedia),27108651
50,Finland Ykkosliiga,27108777
51,Romania Division 1,27108886
52,Iceland Division 1 (1. Deild Karla),27108895
53,Australia NPL Victoria,27108952
54,Switzerland Challenge League,27108964
55,Ireland Division 1,27108971
56,England Southern League Premier Division,27109057
57,England Southern League Premier Division,27109062
58,Germany Regionalliga Bayern (Bavaria),27109092
59,Brazil Campeonato Brasileiro Série C,27118061
60,Austria Bundesliga,27118066
62,Brazil Copa do Brazil,27134752
63,UEFA Europa Conference League,27135025
64,Venezuela Cup,27136323
65,UEFA Champions League,27136332
66,USL League One,27136460
67,Germany Cup (DFB Pokal),27138346
68,UEFA Champions League,27138405
69,Switzerland 1. Liga Promotion,27138479
70,Norway Cup (NM Cup),27138489
71,England Football League Cup (EFL),27138599
72,Tunisia League 1 (CLP1),27138876
73,South Africa ABSA Premier League,27139121
74,UEFA Europa Conference League,27145282
75,UEFA Europa Conference League,27145292
76,Ecuador Serie B,27145918
77,Italy Serie A,27145926
78,UEFA Europa League,27145967
79,UEFA Europa Conference League,27146067
80,UEFA Europa Conference League,27146073
81,Argentina Primera Nacional,27147603
82,Poland Premier Division (Ekstraklasa),27147661
83,Russia Premier League,27147680
84,England Football League Championship,27147683
85,England Premier League,28025111
86,CONCACAF Copa Centroamericana,27149320
87,Ecuador Serie A (Copa Pilsener),27149324
88,Wales Premier League,27149354
89,Ireland Division 1,27151932
90,Georgia Erovnuli Liga,27665005
91,Colombia Primera B,27151990
92,Argentina Primera Nacional,27152009
93,Russia Division 1 (Football National League),27819726
94,Norway Division 1 OBOS-ligaen,27152402
95,Turkey Super League,27152415
96,Australia NPL New South Wales,27152418
97,England National League South,27152435
98,England National League South,27152442
99,England League 2,27152460
100,USA NCAA,27152470
101,Russia Premier League,27152491
102,IIHF Champions Hockey League,27152522
103,Austria Bundesliga,27152623
104,Finland Division 1 (Ykkönen),27152669
105,England National League North,27152685
106,Chile Primera División B,27152727
107,IIHF Champions Hockey League,27152759
108,Poland Premier Division (Ekstraklasa),27160479
109,Italy Serie C (Lega Pro),27160511
110,Sweden Allsvenskan,27160522
111,Greece Super League,27160531
112,Russia Division 1 (Football National League),27821969
113,Russia Division 1 (Football National League),27160551
114,UAE League Cup,27160556
115,Belarus Premier League (Vysshaya Liga),27160603
116,Azerbaijan Premier League,27160817
117,Turkey Super League,27160860
118,Scotland Championship,27554318
119,Poland 4. Liga,27161009
120,England National League North,27161090
121,Germany 3. Liga,27161101
122,Colombia Primera B,27175135
123,Ecuador Serie B,27175177
124,England FA Cup,27183827
125,Denmark Cup (DBU Pokalen),27183839
126,FIFA World Cup,27184012
127,International Friendly,27184033
128,Ecuador Serie B,27184040
129,CAFA Nations Cup,27184051
130,Sweden Division 2,27184082
131,FIFA World Cup,27184114
132,FIFA World Cup,27749260
133,Slovakia 2. Liga,27188517
134,FIFA World Cup,27188576
135,International Kings Cup,27188645
136,Ecuador Serie B,27466605
137,Australia Football Queensland Premier League,27188689
138,International Friendly,27188726
139,FIFA World Cup,27188793
140,Mexico Liga MX Women,27188802
141,FIFA World Cup,27471885
142,FIFA World Cup,27188977
143,Finland Division 2 (Kakkonen),27188999
144,Brazil Campeonato Carioca Serie C,27189086
145,FIFA World Cup,27189095
146,Club Friendly,27189117
147,International Friendly,27189141
148,Club Friendly,27189208
149,FIFA World Cup,27189235
150,FIFA World Cup,27189639
151,FIFA World Cup,27189645
152,IIHF Champions Hockey League,27189674
153,Egypt Division 2,27189698
154,UEFA European Championship U21,27189741
155,International Friendly,27190069
156,International Friendly,27190146
157,International Friendly,27190153
158,FIFA World Cup,27190948
159,England National League South,27191045
160,FIFA World Cup,27753256
161,Spain Second Division A (Liga Adelante),27191302
162,FIFA World Cup,27191361
163,Argentina Super Cup,27191767
164,England National League North,27191802
165,FIFA World Cup,27191815
166,FIFA World Cup,27191847
167,FIFA World Cup,27719879
168,England League 2,27191920
169,FIFA World Cup,27746763
170,Colombia Primera A,27192624
171,Colombia Primera A,27192702
172,Finland Ykkosliiga,27194814
173,Germany Regionalliga Bayern (Bavaria),27194826
174,FIFA World Cup,27730943
175,South Korea K4 League,27194922
176,Japan J-League Cup (Yamazaki Nabisco Cup),27195026
177,Egypt Division 2,27195043
178,UAE League Cup,27195055
179,Finland Division 3 (Kolmonen),27195070
180,Finland Division 3 (Kolmonen),27195072
181,Wales FAW Championship South & Mid,27195210
182,Slovenia 2. SNL,27195236
183,International Friendly,27195460
185,Russia MHL,27195622
186,Brazil Campeonato Brasiliero Série B,27195672
187,Wales FAW Championship North & Mid,27195757
188,UAE League Cup,27195781
189,Argentina Primera Nacional,27195837
190,Algeria Ligue 1 (Championnat National),27195839
191,Sweden Division 1,27195895
192,Sweden Division 1,27195907
193,Czech Republic Division 3 (Moravia-Silesia MSFL),27195984
194,France Championnat National (Ligue 3),27196091
195,Algeria Ligue 1 (Championnat National),27196165
196,Germany Regionalliga Bayern (Bavaria),27196212
197,Norway Division 2,27196288
198,France Championnat National (Ligue 3),27196458
199,FIFA World Cup,27196561
200,Germany Regionalliga Bayern (Bavaria),27196592
201,Sweden Division 1,27196790
202,England League 1,27196828
203,Scotland Challenge Cup,27197554
204,Spain Primera Division RFEF,27197623
205,FIFA World Cup,27197650
206,England National League North,27197693
207,Bolivia Copa Division Profesional,27197721
208,Belgium First Amateur Division,27197856
209,Italy Serie C (Lega Pro),27200935
210,Sweden Division 2,27505469
211,USL League One,27200990
212,Italy Serie C (Lega Pro),27201018
213,FIFA World Cup,27201158
214,Slovakia 2. Liga,27201277
215,Scotland Challenge Cup,27201306
216,Club Friendly,27201499
217,Sweden Division 2,27201538
218,Germany Regionalliga North,27201693
219,Slovakia 2. Liga,27201694
220,Germany Regionalliga North,27201716
221,Japan Women L-League Division 1,27201776
222,France Championnat National 2 (CFA),27201980
223,USL League One,27202285
224,England League 2,27202306
225,Bolivia Copa Division Profesional,27669445
226,Czech Republic 4. Ligy,27208683
227,Italy Serie C (Lega Pro),27208708
228,Italy Serie C (Lega Pro),27208717
229,Uruguay Division 2 (Primera B),27208987
230,FIFA World Cup,27212105
231,FIFA World Cup,27212111
232,FIFA World Cup,27212136
233,FIFA World Cup,27212137
234,Slovakia 3. Liga,27233488
237,Azerbaijan Premier League,27233668
238,Spain Primera Division RFEF,27233794
239,Slovakia 3. Liga,27233798
240,South Korea K League 1,27233820
241,Romania Division 2,27233856
242,Northern Ireland Premier League,27233908
243,England League 1,27234023
244,England League 1,27234027
245,Canada Premier League,27234033
246,Northern Ireland Premier League,27767550
247,England League 1,27234169
248,Croatia Division 1 (HNL),27784463
249,Portugal Liga 3,27234283
250,Portugal Primeira Liga,27234325
251,Armenia Premier League,27234385
252,Poland 1. Liga,27234480
253,Guatemala Division 1 (Liga Nacional),27234541
254,Poland Premier Division (Ekstraklasa),27234593
255,Finland Ykkosliiga,27234637
256,Chile Segunda División,27234705
257,Israel Division 4 (Liga Bet),27234726
258,Saudi Arabia Division 1,27234732
259,Malaysia Super League,27560088
260,Italy Serie B,27234784
261,Germany Bundesliga,27235031
263,Brazil Campeonato Brasiliero Série A,27235620
266,Scotland League 1,28033661
269,UAE Arabian Gulf League,27235726
277,Malta Premier League,27235869
279,Ecuador Serie B,27235914
280,Poland 1. Liga,27235917
282,Copa Uruguay,27235946
288,Scotland League 2,27240073
294,Qatar Stars Cup,27579142
299,Spain Second Division A (Liga Adelante),27240375
301,Israel Division 3 (Liga Alef),27240388
303,Spain Second Division A (Liga Adelante),27240430
304,Spain La Liga,27240453
306,Finland Ykkosliiga,27240457
307,Bulgaria Second PFG,27240475
313,Italy Serie C (Lega Pro),27240589
314,Algeria Ligue 1 (Championnat National),27240591
316,Ireland Leinster League,27240673
329,Egypt Premier League,27241518
331,Russia Division 1 (Football National League),27241553
334,Germany Bundesliga 2,27241560
338,Denmark Superliga (SAS Ligaen),27241568
339,Turkey TFF 1. Lig,27241574
340,Spain Primera Division RFEF,27241589
341,Japan J-League Division 3,27241597
342,Turkey Super League,27241603
350,Czech Republic First League,27245118
352,Croatia Division 1 (HNL),27245121
353,Netherlands Premier Division (Eredivisie),27245125
363,Norway Division 2,27245214
382,Germany Regionalliga Bayern (Bavaria),27246600
473,Qatar Stars League,27291241
475,Finland Division 1 (Ykkönen),27291248
486,Belgium 1st Division A,27291365
492,Finland Ykkosliiga,27291539
493,France Championnat National (Ligue 3),27291542
496,Uzbekistan Super League,27291545
497,Algeria Ligue 1 (Championnat National),27291554
502,Lithuania A Lyga,27291659
513,Algeria Ligue 1 (Championnat National),27292127
518,Austria Regionalliga Central,27292376
520,Switzerland Cup,27292640
530,Georgia Erovnuli Liga,27810513
535,Netherlands Division 1 (Eerste Divisie/Jupiler League),27292862
548,Serbia Super League (Meridian League),27293583
550,Spain Segunda División RFEF,27293614
554,Spain Segunda División RFEF,27293647
555,USA National Women´s Soccer League (NWSL),27293650
560,Sweden Superettan,27293691
561,Netherlands Premier Division (Eredivisie),27293864
574,Croatia Division 1 (HNL),27874484
581,England Southern League Premier Division,27294320
582,England Southern League Premier Division,27294322
589,Poland Premier Division (Ekstraklasa),27294412
590,Belarus Premier League (Vysshaya Liga),27294420
597,Iceland Division 1 (1. Deild Karla),27299543
600,Spain Second Division A (Liga Adelante),27299575
603,Albania Super League (Kategoria Superiore),27299643
604,Brazil Campeonato Brasileiro Série C,27363203
605,Spain Primera Division RFEF,27299651
608,Venezuela Primera Division,27299669
611,Spain Second Division A (Liga Adelante),27299687
616,Czech Republic First League,27299726
618,Greece Super League,27299736
620,Norway Division 1 OBOS-ligaen,27299843
621,Brazil Campeonato Carioca Serie B (RJ),27299847
623,Algeria Ligue 2,27299862
625,USL League One,27299883
627,Norway Division 2,27299894
628,Denmark Division 2,27299896
629,Uruguay Division 1 (Primera División),27299915
631,Spain Segunda División RFEF,27299930
633,England Isthmian League Division 1 North,27299947
639,England League 1,27300001
642,Saudi Arabia Pro League,27300018
644,Switzerland Cup,27300025
645,Switzerland 1. Liga Promotion,27300028
646,MLS Next Pro,27300056
647,MLS Next Pro,27300061
653,Singapore S-League,27300083
657,Sweden Allsvenskan,27300151
659,Romania Division 1,27300160
664,France Championnat National 2 (CFA),27300231
668,Scotland League 2,27300282
670,Poland 3. Liga,27300288
671,Switzerland Cup,27300294
674,Tunisia League 1 (CLP1),27300316
682,Greece Super League,27300368
687,Brazil Campeonato Sergipano (SE),27300489
688,Lithuania 1 Lyga,27300500
692,Japan Women L-League Division 1,27300821
693,Estonia Esiliiga,27521693
694,USA Major League Soccer,27577486
696,Portugal Cup,27300993
707,Spain Primera Division RFEF,27301292
710,USA Major League Soccer,27301433
711,Poland 1. Liga,27301470
712,Romania Division 1,27301477
720,Turkey TFF 2. Lig (Iddaa League B),27301886
721,Turkey TFF 2. Lig (Iddaa League B),27301913
722,El Salvador Primera División,27301926
723,USA United Soccer League (USL Pro),27301936
727,Italy Serie C (Lega Pro),27302049
730,Greece Super League,28033678
731,Argentina Liga Profesional,27302098
732,Malta Premier League,27921222
733,Ecuador Serie A (Copa Pilsener),27302195
734,USA United Soccer League (USL Pro),27302215
738,Italy Serie C (Lega Pro),27302275
739,UAE Arabian Gulf League,27302347
740,Ireland Division 1,27302376
742,Argentina Primera Nacional,27302425
749,Belarus Premier League (Vysshaya Liga),27302513
756,Argentina Torneo Federal A,27364308
764,Kuwait Emir Cup,27964041
771,Spain Second Division A (Liga Adelante),27302988
775,Germany 3. Liga,27303126
777,Croatia Division 1 (HNL),27303165
780,Brazil Campeonato Brasiliero Série A,27303202
782,Turkey TFF 2. Lig (Iddaa League B),27303349
783,Russia Premier League,27303365
788,Costa Rica Primera División,27303495
790,Norway Premier League (Tippeligaen),27303637
791,Colombia Primera A,27303658
798,Costa Rica Primera División,27303822
802,Denmark Division 1,27303928
807,Honduras Liga Nacional,27880202
808,Sweden Division 2,27304291
818,Spain Segunda División RFEF,27307926
824,Bulgaria First PFG,27307952
828,Poland 1. Liga,27308042
829,Iran Pro League (Persian Gulf Cup),27308044
830,Brazil Campeonato Brasiliero Série B,27308053
832,Romania Division 1,27308094
835,Belarus Premier League (Vysshaya Liga),27308368
838,Colombia Primera A,27308409
840,Ecuador Serie A (Copa Pilsener),27308440
841,Norway Division 1 OBOS-ligaen,27308456
851,Peru Division 2,27308838
853,MLS Next Pro,27308857
856,Colombia Primera A,27886479
860,Honduras Liga Nacional,27309028
864,Panama Primera Division,27309353
866,Spain Tercera Division,27309395
872,Saudi Arabia Kings Cup,27310034
909,Argentina Liga Profesional,27310238
942,Ecuador Serie A (Copa Pilsener),27921896
972,France Ligue 2,27310723
973,Russia Premier League,27310780
1001,Belgium 1st Division A,28081872
1003,Kazakhstan Premier League,27311709
1006,Colombia Primera A,27311824
1031,Ireland Division 1,27343802
1036,China Super League,27343889
1037,Kuwait Premier League,27343903
1039,Peru Division 1 (Copa Cable Mágico),27343927
1044,Finland Division 1 (Ykkönen),27343992
1045,UAE Arabian Gulf League,27344002
1048,Czech Republic First League,27344081
1050,Netherlands Division 1 (Eerste Divisie/Jupiler League),27344099
1051,China Super League,27344113
1055,Japan J-League Division 1,27344122
1074,Saudi Arabia Pro League,27344246
1075,USA Major League Soccer,27344265
1077,Switzerland 1. Liga Promotion,27344570
1079,Germany Regionalliga Northeast,27344636
1082,France Ligue 2,27344662
1084,Finland Ykkosliiga,27344688
1085,Spain Primera Division RFEF,27344697
1089,Algeria Ligue 2,27344731
1092,Russia Premier League,27344832
1096,USA United Soccer League (USL Pro),27344910
1107,Italy Serie C (Lega Pro),27348523
1110,Cyprus Division 1 (Cyta Championship),27348672
1114,Japan Women L-League Division 1,27349309
1122,Germany Regionalliga West,27352639
1125,England Northern Division 1 North,27352782
1129,Spain Primera Division RFEF,27352785
1131,Finland Division 3 (Kolmonen),27352792
1132,Bulgaria Second PFG,27352795
1134,Bolivia Professional League,27352800
1135,Germany 3. Liga,27352803
1136,Spain Primera Division RFEF,27352804
1138,Germany 3. Liga,27352810
1141,Iran Pro League (Persian Gulf Cup),27352814
1143,Spain Segunda División RFEF,27352815
1144,Spain Segunda División RFEF,27352816
1145,Denmark Division 1,27352819
1147,Finland Ykkosliiga,27352821
1148,Czech Republic First League,27352822
1149,Sweden Superettan,27352826
1151,Colombia Primera A,27352843
1156,Ecuador Serie A (Copa Pilsener),27352868
1158,Finland Division 1 (Ykkönen),27352885
1159,Kazakhstan Premier League,27352898
1162,Italy Serie C (Lega Pro),27352928
1167,Mexico Liga De Ascenso,27353001
1169,Greece Super League,27353027
1173,Austria Amateur Karntner Liga,27353276
1176,Kuwait Premier League,27353279
1178,Malta Challenge League,27353300
1179,Taiwan Football Premier League,27353306
1180,Ecuador Serie A (Copa Pilsener),27353320
1181,Germany 3. Liga,27353341
1182,Peru Division 1 (Copa Cable Mágico),27353354
1184,England League 1,27353371
1186,Colombia Primera A,27353383
1188,Northern Ireland Premier League,27875254
1189,Colombia Primera A,27353466
1192,North Macedonia Premier League (Prva Liga),27353528
1193,Guatemala Division 1 (Liga Nacional),27353562
1194,Argentina Primera Nacional,27353582
1195,England National League,27353620
1196,Algeria Ligue 1 (Championnat National),27353625
1198,Iceland Premier League,27353659
1200,Russia Division 1 (Football National League),27353699
1201,Saudi Arabia Pro League,27353709
1204,Argentina Primera B Metropolitana,27353823
1205,Turkey TFF 2. Lig (Iddaa League B),27353849
1206,Bahrain Premier League,27353854
1208,Portugal Primeira Liga,27353870
1209,Argentina Liga Profesional,27353890
1211,Spain Tercera Division,27353943
1213,Portugal Primeira Liga,27354010
1214,Scotland League 2,27945400
1215,England League 2,27354015
1220,Turkey TFF 2. Lig (Iddaa League B),27354076
1223,Norway Division 2,27354100
1232,Ukraine Premier League (Vyscha Liha),27354173
1239,England Football League Championship,27354201
1249,Poland Premier Division (Ekstraklasa),27354299
1251,Brazil Campeonato Brasileiro Série C,27354380
1253,Poland 1. Liga,27354580
1257,Algeria Ligue 1 (Championnat National),27354650
1260,Poland 2. Liga,27354793
1266,Saudi Arabia Division 1,27354881
1278,Bulgaria First PFG,27354944
1285,San Marino Campionato Sammarinese,27355150
1286,Spain Second Division A (Liga Adelante),27355215
1288,Netherlands Premier Division (Eredivisie),28038675
1289,Slovakia 1. Liga,27355269
1304,China Super League,27355596
1305,Greece Super League,27355601
1307,Austria Sky Go Erste Liga,27355729
1308,France Ligue 1,27355767
1312,USA United Soccer League (USL Pro),27356727
1315,Mexico Primera División,27356734
1318,Netherlands Premier Division (Eredivisie),27356790
1320,Hong Kong 1st Division,27356861
1321,CAF African Champions League,27356864
1322,Puerto Rico Soccer League,27356875
1324,Bulgaria First PFG,27356952
1326,Chile Primera División,27357068
1327,Brazil Campeonato Brasileiro Série C,27357118
1328,Malta Premier League,27357122
1334,Spain Segunda División RFEF,27357490
1339,England Premier League,27357604
1340,MLS Next Pro,27357670
1345,Mongolia Premier League,27358264
1347,Mexico Liga De Ascenso,27358307
1349,Netherlands Division 1 (Eerste Divisie/Jupiler League),27358356
1351,France Ligue 1,27358366
1356,Philippines Football League,27358460
1358,Sweden Superettan,27358539
1361,UAE Division 1,27362542
1363,CAF African Champions League,27362738
1364,Ukraine Premier League (Vyscha Liha),27362748
1366,Spain Tercera Division,27362755
1367,Sweden Superettan,27362760
1370,Colombia Primera A,27362772
1371,Slovenia 1. SNL (PrvaLiga Telekom Slovenije),27362777
1372,Bolivia Professional League,27362781
1373,Spain Tercera Division,27362803
1375,Nigeria Premier League,27362841
1376,Bolivia Professional League,27362884
1377,Spain La Liga,27363059
1378,CAF African Champions League,27363095
1379,Egypt Premier League,27363173
1381,Kuwait Premier League,27363200
1382,Brazil Campeonato Brasileiro Série C,27363203
1383,Algeria Ligue 1 (Championnat National),27363243
1393,Italy Serie C (Lega Pro),27363391
1399,Honduras Liga Nacional,27363402
1402,Brazil Campeonato Carioca Serie B (RJ),27363633
1405,Cyprus Division 1 (Cyta Championship),28081756
1406,Serbia Super League (Meridian League),27363708
1408,Slovakia 1. Liga,27363802
1410,Ecuador Serie A (Copa Pilsener),27363915
1414,AFC Asian Champions League,27364083
1417,Argentina Torneo Federal A,27364308
1419,Ecuador Serie A (Copa Pilsener),27364395
1424,Armenia Premier League,27366012
1432,Bolivia Professional League,27366451
1434,Peru Division 1 (Copa Cable Mágico),27366477
1439,China Division 2 (Yi League),27366796
1441,Sweden Superettan,27366989
1442,AFC Asian Champions League,27374239
1443,Sweden Superettan,27374240
1448,UEFA Champions League,27376031
1450,Netherlands Division 1 (Eerste Divisie/Jupiler League),27376146
1451,AFC Champions League 2,27963571
1452,Bulgaria First PFG,27376173
1453,Jordan Division 1,27376182
1454,Germany Regionalliga Southwest,27376228
1455,England Football League Championship,27376246
1457,Ecuador Serie B,27376249
1458,Malaysia Super League,27376272
1460,AFC Champions League 2,27376418
1461,UEFA Champions League,27376423
1462,Jordan Division 1,27376449
1468,Finland Ykkosliiga,27389139
1471,Qatar Stars Cup,27389145
1482,England Football League Championship,27389295
1483,Bolivia Professional League,27889296
1495,Spain Primera Division RFEF,27389342
1501,Qatar Stars Cup,27389348
1503,Finland Ykkosliiga,27389391
1504,Qatar Stars Cup,27389400
1507,World Cup U20,27389519
1512,Denmark Superliga (SAS Ligaen),27389594
1518,Qatar Stars Cup,27389632
1521,Japan J-League Division 2,27389644
1554,Belarus Premier League (Vysshaya Liga),27389804
1558,South Korea K League 2,27389889
1561,CONCACAF Copa Centroamericana,27390019
1562,Malta Premier League,27390034
1563,Poland 1. Liga,27390078
1565,Scotland Premier League,27969103
1566,Serbia Super League (Meridian League),27390644
1570,Czech Republic First League,27390654
1584,Finland Division 1 (Ykkönen),27390752
1586,Italy Serie B,27390760
1599,China Super League,27390873
1601,Netherlands Premier Division (Eredivisie),27390894
1602,Egypt Premier League,27390931
1603,Poland 1. Liga,27391038
1605,Italy Serie A,27391115
1607,England National League North,27391311
1608,South Korea K3 League,27391354
1612,Netherlands Division 1 (Eerste Divisie/Jupiler League),27391469
1622,New Zealand Premiership,27391594
1637,Serbia Super League (Meridian League),27391627
1638,Wales FAW Championship North & Mid,27391657
1639,Wales FAW Championship North & Mid,27391659
1641,Wales FAW Championship South & Mid,27391660
1648,USA National Women´s Soccer League (NWSL),27391894
1650,Bahrain Premier League,27391922
1653,USA Major League Soccer,27392001
1654,Peru Division 1 (Copa Cable Mágico),27392013
1655,Portugal Primeira Liga,27392015
1660,Georgia Erovnuli Liga,27392287
1662,Serbia Super League (Meridian League),27392307
1667,Bolivia Copa Cine Center,27550796
1675,Spain Primera Division RFEF,27392542
1678,England Football League Championship,27392686
1680,Finland Premier Division (Veikkausliiga),27392702
1696,Algeria Ligue 1 (Championnat National),27392749
1707,Venezuela Primera Division,27392788
1710,Algeria Ligue 1 (Championnat National),27392853
1713,Argentina Liga Profesional,27392947
1718,Sweden Superettan,27393021
1737,Italy Serie C (Lega Pro),27397650
1738,Cyprus Division 1 (Cyta Championship),27397654
1739,Switzerland 1. Liga Promotion,27397657
1741,Romania Division 1,27397711
1743,Turkey TFF 1. Lig,27397753
1744,Switzerland Challenge League,27780161
1746,Austria Landesliga,27397786
1747,Poland 2. Liga,27397804
1748,Italy Serie C (Lega Pro),27397817
1749,Saudi Arabia Division 1,27397852
1754,England League 1,27397909
1758,England Premier League,27398049
1759,Iceland Premier League,27398058
1763,Bahrain Premier League,27398330
1765,Mauritania Super D1,27398343
1766,Mexico Liga De Ascenso,27398391
1905,USL League One,27400167
1907,Belgium 1st Division B,27400173
1908,Argentina Primera Nacional,27400178
1911,Netherlands Premier Division (Eredivisie),27400184
1913,Portugal Primeira Liga,27400303
1914,Scotland League 1,27400326
1918,Sweden Superettan,27400368
1923,Italy Serie C (Lega Pro),27400448
1924,Sweden Division 1,27400462
1930,Iceland Premier League,27400687
1937,China Division 2 (Yi League),27400764
1938,Mexico Liga De Ascenso,27400805
1940,England League 2,27400813
1941,Sweden Allsvenskan,27400840
1943,Sweden Superettan,27400866
1950,Portugal Primeira Liga,27401743
1951,Scotland League 2,27973671
1955,Mexico Primera División,27401863
1956,Brazil Campeonato Brasileiro Série C,27401876
1957,Finland Division 2 (Kakkonen),27401877
1960,Belgium 1st Division A,27401896
1962,Switzerland Super League,27401919
1964,Colombia Primera A,27401925
1970,Argentina Primera Nacional,27401943
1972,Italy Serie C (Lega Pro),27401947
1973,England League 2,27401948
1974,Chile Tercera División,27401949
1976,Scotland Championship,27401959
1977,Scotland Championship,27401960
1978,Netherlands 2nd Division (Tweede Divisie),27401968
1979,Norway Division 3,27401969
1980,Norway Division 3,27401970
1981,Malaysia Super League,27401971
1982,Czech Republic First League,27401974
1985,Indonesia Liga 1,27402014
1986,Latvia Virsliga,27402018
1987,Brazil Campeonato Brasileiro Série C,27402023
1988,Czech Republic First League,27402024
1989,Estonia Meistriliiga,27402026
1991,Spain Primera Division RFEF,27402027
1992,Ecuador Serie A (Copa Pilsener),27938130
1993,Romania Division 1,27402030
1995,Turkey Super League,27402031
1996,Spain Primera Division RFEF,27402036
1997,USA United Soccer League (USL Pro),27402038
1998,USA United Soccer League (USL Pro),27402039
1999,USA United Soccer League (USL Pro),27402040
2000,Cyprus Division 1 (Cyta Championship),27402043
2002,Algeria Ligue 1 (Championnat National),27402047
2003,Spain Primera Division RFEF,27402049
2004,Greece Super League,27402050
2005,Paraguay Division 1 (Primera División),27402053
2007,Germany Regionalliga North,27402055
2008,Thailand League 1,27402057
2009,Germany 3. Liga,27402059
2010,Czech Republic Division 4,27402061
2011,Greece Super League 2,27881841
2012,Austria Regionalliga Central,27402064
2013,Egypt Premier League,27402067
2015,England League 1,27402091
2016,Uzbekistan Super League,27402097
2017,Lithuania 1 Lyga,27402099
2019,Israel Division 4 (Liga Bet),27402102
2020,Poland Premier Division (Ekstraklasa),27402105
2021,Norway Division 3,27402110
2023,USA Major League Soccer,27402125
2024,England Football League Championship,27402147
2027,Argentina Primera Nacional,27402174
2028,USA United Soccer League (USL Pro),27402186
2030,England Football League Championship,27402192
2031,Argentina Primera Nacional,27402201
2032,China Super League,27402205
2033,Portugal Liga 3,28037158
2036,Czech Republic Division 3 (Moravia-Silesia MSFL),27402252
2037,Finland Premier Division (Veikkausliiga),27402257
2040,Switzerland Super League,27402268
2045,Italy Serie A,27402289
2049,Italy Serie C (Lega Pro),27402301
2051,France Ligue 1,27402315
2054,Italy Serie C (Lega Pro),27402324
2055,Italy Serie C (Lega Pro),27402413
2056,France Ligue 2,27402415
2057,England National League,27402425
2058,Turkey Super League,27402437
2060,Portugal Segunda Liga,27402485
2062,Russia Premier League,27402506
2063,Spain Primera Division RFEF,27402527
2064,Qatar Stars Cup,27402563
2065,England Football League Championship,27402588
2066,England National League South,27402592
2068,Mexico Primera División,27863349
2070,England League 1,27402613
2071,Scotland League 1,27402630
2072,Hong Kong Premier League,27402635
2080,USA Major League Soccer,27402746
2081,Argentina Primera Nacional,27402749
2089,Japan Women L-League Division 1,27407605
2096,Czech Republic Division 3 (Moravia-Silesia MSFL),27408111
2101,Italy Serie C (Lega Pro),27408154
2107,Czech Republic Division 3 (Moravia-Silesia MSFL),27408339
2111,USL League One,27408424
2113,Czech Republic Division 3 (CFL),27408548
2124,Chile Copa Chile,27408755
2139,Azerbaijan Premier League,27408935
2144,MLS Next Pro,27409044
2145,Spain Segunda División RFEF,27409088
2146,Costa Rica Liga de Ascenso,27409097
2159,MLS Next Pro,27409272
2196,Canada Premier League,27409754
2201,World Cup U20,27409922
2205,Mexico Primera División,27410159
2206,Russia Premier League,27410171
2208,Colombia Primera A,27410297
2210,Bosnia & Herzegovina Premier League,27911280
2213,Czech Republic First League,27410441
2215,Spain Primera Division RFEF,27410493
2216,France Ligue 1,27410494
2220,Morocco GNF1 (Botola),27410555
2222,Spain Primera Division RFEF,27410599
2223,USA United Soccer League (USL Pro),27410605
2229,Guatemala Division 1 (Liga Nacional),27707677
2231,Bolivia Professional League,27918610
2232,USA United Soccer League (USL Pro),27410719
2236,Spain Second Division A (Liga Adelante),27411118
2237,Argentina Liga Profesional,27411128
2238,Mexico Liga Expansion MX,27411155
2239,Spain La Liga,27411232
2241,Germany Regionalliga Northeast,27411382
2243,Argentina Liga Profesional,27411420
2244,Turkey TFF 2. Lig (Iddaa League B),27411445
2246,Turkey TFF 2. Lig (Iddaa League B),27411523
2247,Italy Serie D,27411526
2249,Uruguay Division 2 (Primera B),27411530
2253,Brazil Campeonato Brasiliero Série A,27411663
2254,Croatia Division 1 (HNL),27411670
2255,Tunisia League 1 (CLP1),27411674
2260,Japan J-League Division 3,27411731
2262,Hungary Division 3 (NB3),27411768
2263,Kenya Super League,27411769
2264,Ukraine Premier League (Vyscha Liha),27411784
2265,Germany 3. Liga,27411811
2266,Spain Primera Division RFEF,27411812
2267,Japan J-League Division 3,27411815
2268,China Division 2 (Yi League),27411848
2269,Germany Regionalliga West,27411858
2270,Japan J-League Division 2,27411872
2271,Hong Kong 2nd Division,27411873
2274,Russia Cup,27486030
2275,Denmark Division 2,27411887
2278,Italy Serie C (Lega Pro),27411893
2280,Poland Premier Division (Ekstraklasa),27411897
2281,Turkey TFF 1. Lig,27411900
2284,Cyprus Division 1 (Cyta Championship),27411907
2285,Czech Republic First League,27411908
2288,Portugal Segunda Liga,27411913
2290,Colombia Primera A,27411916
2292,Ecuador Serie A (Copa Pilsener),27411919
2299,"Israel Division 2 (Liga Leumit, National League)",27411929
2351,Sweden Superettan,27415814
2352,Bahrain Premier League,27415825
2359,Brazil Campeonato Brasiliero Série B,27415899
2363,Colombia Primera A,27416180
2364,Russia Division 1 (Football National League),27416263
2367,Iran Pro League (Persian Gulf Cup),27416342
2369,Iceland Premier League,27416381
2372,Denmark Division 1,27416763
2377,Argentina Torneo Federal A,27416906
2378,Turkey TFF 3. Lig,27416935
2379,Egypt Premier League,27417041
2381,Jamaica National Premier League (Digicel League),27417180
2383,Turkey Super League,27417268
2389,Colombia Primera A,27906093
2390,Argentina Torneo Federal A,27466666
2391,Argentina Torneo Federal A,27467446
2392,Brazil Campeonato Brasiliero Série A,27417795
2393,Denmark Superliga (SAS Ligaen),27417810
2394,Slovenia 1. SNL (PrvaLiga Telekom Slovenije),27417880
2400,Canada Premier League,27418015
2401,Bolivia Copa Cine Center,27418046
2402,Nicaragua Primera Division,27418082
2443,International Friendly,27429150
2456,FIFA World Cup,27432807
2459,FIFA World Cup,27432860
2462,FIFA World Cup,27432912
2465,UEFA Europa Cup Women,27433045
2472,Slovakia 2. Liga,27433103
2475,FIFA World Cup,27433241
2476,FIFA World Cup,27433277
2477,Slovakia Cup,27433340
2479,Australia Championship,27609557
2481,AFC International Asian Cup,27434085
2482,FIFA World Cup,27434245
2490,Slovakia 1. Liga,27913720
2491,UEFA Europa Cup Women,27434334
2492,FIFA World Cup,27434343
2493,Estonia Esiliiga B,27434421
2496,Brazil Campeonato Brasiliero Série A,27434542
2501,Switzerland 2. Liga Interregional,27434666
2503,Argentina Reserve League,27434723
2506,Italy Copa Italia Serie D,27434740
2510,Ecuador Cup,27434804
2511,FIFA World Cup,27434827
2515,AFC International Asian Cup,27473081
2517,Argentina Liga Profesional,27506060
2519,Poland 2. Liga,27435195
2520,AFC International Asian Cup,27475157
2521,Austria BFV Cup (Burgenland),27435207
2522,International Friendly,27435250
2536,World Cup U20,27435304
2541,Venezuela Cup,27435483
2544,FIFA World Cup,27435577
2548,Colombia Cup,27539007
2550,Chile Primera División,27435999
2552,International Friendly,27436170
2554,AFC International Asian Cup,27436341
2557,AFC International Asian Cup,27471011
2560,FIFA World Cup,27436471
2561,Colombia Primera B,27436495
2564,Fiji Inter District Championship,27436800
2565,AFC International Asian Cup,27470566
2566,AFC International Asian Cup,27436822
2572,World Cup U20,27437014
2576,India Bangalore Super Division,27437146
2580,Denmark Division 2,27437219
2584,FIFA World Cup,27437374
2586,International Friendly,27437404
2662,International Friendly,27438808
2665,International Friendly,27438823
2668,Egypt Division 2,27439034
2669,FIFA World Cup,27749247
2671,FIFA World Cup,27439139
2673,FIFA World Cup,27439310
2674,Australia Championship,27439319
2679,FIFA World Cup,27439469
2689,Egypt Division 2,27439662
2691,FIFA World Cup,27439767
2692,International Friendly,27439800
2695,Jordan League,27609881
2702,England League 2,27440246
2703,New Zealand Premiership,27440271
2707,FIFA World Cup,27440436
2711,Ireland Leinster League,27440609
2712,CONMEBOL Copa Libertadores Women,27440694
2716,Wales Premier League,27440873
2719,International Friendly,27441015
2721,Denmark Division 2,27441137
2722,FIFA World Cup,27441277
2723,Spain Second Division A (Liga Adelante),27441336
2724,Poland 2. Liga,27441412
2725,England League 2,27441491
2726,Italy Serie C (Lega Pro),27441511
2728,Uruguay Division 2 (Primera B),27441793
2730,Wales FAW Championship South & Mid,27441930
2732,Spain Second Division A (Liga Adelante),27442510
2734,Chile Primera División B,27442512
2735,Czech Republic Division 3 (Moravia-Silesia MSFL),27442576
2736,England League 1,27442580
2738,Brazil Campeonato Brasileiro Série C,27442799
2739,UEFA European Championship U21,27726641
2742,FIFA World Cup,27759020
2743,UEFA European Championship U21,27443122
2744,Israel Division 3 (Liga Alef),27443201
2748,International Friendly,27443416
2752,International Friendly,27443476
2755,International Friendly,27443586
2760,South Korea K League 2,27443682
2762,England National League South,27443740
2763,UEFA European Championship U21,27443774
2764,FIFA World Cup,27443787
2766,Japan J-League Division 3,27443798
2767,Egypt Division 2,27443799
2768,Denmark Division 2,27443800
2771,FIFA World Cup,27443804
2772,Ireland Division 1,27443806
2775,USA National Women´s Soccer League (NWSL),27443808
2776,Wales Premier League,27443809
2777,Wales Premier League,27443810
2778,FIFA World Cup,27443815
2780,International Friendly,27443841
2783,FIFA World Cup,27747449
2784,Indonesia Championship Cup,27444024
2785,Mexico Liga De Ascenso,27444057
2786,Austria Amateur Karntner Liga,27444103
2787,Germany Regionalliga Southwest,27444121
2789,Austria Landesliga,27444275
2792,Austria Regionalliga East,27444297
2793,Club Friendly,27444318
2795,Israel Division 4 (Liga Bet),27444450
2796,Spain Second Division A (Liga Adelante),27444454
2799,Scotland Challenge Cup,27444514
2800,Croatia 1. (NL),27444541
2801,Club Friendly,27444561
2803,Israel Division 3 (Liga Alef),27444621
2804,Wales FAW Championship North & Mid,27444657
2805,Wales FAW Championship North & Mid,27444669
2806,Czech Republic Division 3 (Moravia-Silesia MSFL),27444689
2810,Paraguay Division 1 (Primera División),27444747
2812,Italy Serie C (Lega Pro),27444849
2814,Germany Regionalliga Bayern (Bavaria),27444860
2815,Slovakia 2. Liga,27444870
2816,Germany Regionalliga Southwest,27444889
2818,Israel Division 3 (Liga Alef),27444936
2819,Russia Division 1 (Football National League),27445054
2820,Ireland Leinster League,27445067
2822,Germany Regionalliga Bayern (Bavaria),27445078
2823,Austria Regionalliga Central,27445110
2824,USL League One,27445113
2825,Colombia Primera A,27445133
2826,UEFA European Championship U21,27445247
2828,Norway Division 3,27445291
2829,FIFA World Cup,27716349
2831,England League 1,27445390
2834,England National League North,27445441
2835,England League 1,27445494
2836,Egypt Division 2,27445506
2837,Tanzania Zanzibar Premier League,27445528
2841,Club Friendly,27445813
2843,FIFA World Cup,27722787
2844,Spain Primera Division RFEF,27445902
2846,Austria Regionalliga East,27445946
2847,FIFA World Cup,27446111
2849,Czech Republic Division 3 (CFL),27446274
2852,Portugal Liga 3,27446405
2854,Norway Division 3,27446494
2855,Spain Primera Division RFEF,27446552
2856,Portugal Liga 3,27446573
2858,Ghana Premier League,27446716
2860,Ireland Division 1,27446906
2862,Switzerland 1. Liga Classic,27446972
2867,Mexico Liga TDP,27447173
2869,Austria Amateur Wiener Stadtliga,27447189
2870,Japan J-League Division 3,27447257
2872,Colombia Primera B,27447310
2874,Norway Division 2,27447410
2876,Brazil Campeonato Brasileiro Série C,27447448
2877,Ireland Division 1,27447460
2878,Scotland Championship,27447517
2879,Mexico Liga MX Women,27447540
2881,Portugal Liga 3,27447656
2883,Spain Segunda División RFEF,27447827
2884,Austria Regionalliga East,27447838
2885,Spain Segunda División RFEF,27447842
2886,Spain Segunda División RFEF,27447853
2887,International Friendly U21,27447862
2888,Germany Regionalliga Bayern (Bavaria),27447948
2889,Wales Premier League,27862859
2893,England Southern League Premier Division,27448222
2894,FIFA World Cup,27448241
2896,Spain Primera Division RFEF,27448473
2898,England FA Trophy,27911797
2899,Guatemala Division 1 (Liga Nacional),27448590
2900,Ecuador Serie B,27448601
2903,Chile Primera División B,27448702
2909,Japan J-League Division 3,27449230
2911,FIFA World Cup,27730905
2912,Mexico Liga De Ascenso,27449277
2913,Japan J-League Division 3,27449303
2914,England Northern Premier League,27449370
2916,England Northern Premier League,27449409
2917,South Korea K League 2,27449428
2918,Spain Segunda División RFEF,27449468
2919,Spain Second Division A (Liga Adelante),27449567
2921,Canada Premier League,27449690
2922,Spain Primera Division RFEF,27449730
2924,Mexico Liga De Ascenso,27449737
2925,Argentina Torneo Regional Federal Amateur,27449746
2933,England League 2,27450327
2937,Chile Primera División B,27450373
2939,Guatemala Division 1 (Liga Nacional),27450423
2940,USA Major League Soccer,27450512
2943,USA United Soccer League (USL Pro),27450654
2948,Switzerland 1. Liga Promotion,27450790
3012,Scotland Challenge Cup,27451434
3014,Japan WE League Women,27451465
3017,Brazil Campeonato Brasiliero Série B,27451653
3024,England League 1,27451954
3027,Sweden Division 1,27451978
3029,Greece Super League 2,27452042
3031,International Friendly,27452061
3033,El Salvador Primera División,27452269
3034,Turkey TFF 2. Lig (Iddaa League B),27452273
3035,Germany Regionalliga Southwest,27452285
3037,Germany Regionalliga Southwest,27452292
3039,Sweden Division 2,27452302
3040,Wales FAW Championship North & Mid,27452313
3042,Spain Segunda División RFEF,27452322
3043,England FA Cup,27452354
3044,England National League,27788403
3045,England FA Cup,27452368
3046,England FA Cup,27452375
3047,England FA Cup,27452379
3048,England Southern League Premier Division,27452383
3049,Scotland Challenge Cup,27452384
3051,England FA Cup,27452387
3052,England FA Cup,27452389
3054,Germany Regionalliga West,27452409
3055,FIFA World Cup,27452418
3056,FIFA World Cup,27452421
3057,FIFA World Cup,27452423
3058,FIFA World Cup,27452424
3059,Denmark Division 2,27452426
3060,Denmark Division 3,27679109
3061,Germany Regionalliga Southwest,27452430
3063,Germany Regionalliga North,27452455
3065,Greece Super League 2,27911092
3066,Spain Tercera Division,27452509
3067,Poland 3. Liga,27452511
3068,Czech Republic Division 3 (Moravia-Silesia MSFL),27452557
3069,Russia Division 1 (Football National League),27452559
3070,Italy Serie C (Lega Pro),27452561
3071,England League 2,27452563
3073,Spain Primera Division RFEF,27452566
3075,England League 2,27452568
3076,USA United Soccer League (USL Pro),27452571
3078,USA United Soccer League (USL Pro),27452574
3080,USA United Soccer League (USL Pro),27452576
3082,Thailand 3rd Division (Pro League),27452579
3083,USA United Soccer League (USL Pro),27452580
3084,USA United Soccer League (USL Pro),27452581
3085,England League 2,27452583
3086,USA United Soccer League (USL Pro),27452585
3087,Chile Primera División B,27452586
3088,Czech Republic Division 4,27452589
3089,Argentina Primera Nacional,27452590
3090,Club Friendly,27452594
3091,Czech Republic Division 4,27452598
3092,Scotland Challenge Cup,28064372
3093,Germany Regionalliga North,27452635
3094,Jordan FA Shield,27452644
3095,FIFA World Cup,27452681
3096,Russia Division 1 (Football National League),27452694
3097,England FA Cup,27477296
3098,Bolivia Copa Cine Center,27452714
3101,Spain Tercera Division,27452842
3102,England FA Cup,27452907
3103,England FA Cup,27452964
3104,Czech Republic Division 3 (CFL),27452971
3108,Kenya Super League,27453026
3109,Germany Regionalliga North,27453074
3112,Spain Segunda División RFEF,27453178
3114,Turkey TFF 3. Lig,27453334
3115,Greece Super League 2,27453371
3117,Argentina Primera Nacional,27453402
3118,Guatemala Division 1 (Liga Nacional),27453427
3119,England FA Cup,27453447
3120,England FA Cup,27453461
3121,Jordan FA Shield,27453484
3124,Spain Primera Division RFEF,27453585
3125,Norway Division 3,27453588
3126,Norway Division 2,27453657
3136,Argentina Torneo Federal A,27453765
3137,Poland 3. Liga,27453771
3138,Australia Championship,27453779
3139,England FA Cup,27453920
3140,England FA Cup,27453928
3141,England FA Cup,27453938
3142,England FA Cup,27453951
3143,England FA Cup,27453963
3146,Norway Division 3,27453974
3148,Brazil Campeonato Carioca Serie B (RJ),27453993
3149,Club Friendly,27454005
3150,Germany Regionalliga Southwest,27454034
3151,Argentina Primera Nacional,27454042
3152,Tunisia League 2 (CLP2),27454053
3156,Spain Tercera Division,27454168
3157,Wales Premier League,27454173
3158,India Shillong Premier League,27454199
3161,Germany Regionalliga Bayern (Bavaria),27454223
3163,Slovakia 2. Liga,27454253
3165,England FA Cup,27454286
3166,Bolivia Copa Division Profesional,27580358
3169,England Isthmian League Division 1 North,27454444
3175,Finland Division 3 (Kolmonen),27454510
3176,USL League One,27454540
3183,Spain Second Division A (Liga Adelante),27454667
3186,Poland 2. Liga,27454697
3188,England FA Cup,27454835
3190,Norway Division 3,27454915
3193,UEFA European Championship U19,27454923
3201,Spain Segunda División RFEF,27455121
3202,Spain Segunda División RFEF,27455130
3203,Sweden Division 2,27455142
3204,Italy Serie C (Lega Pro),27455154
3205,Australia Championship,27455392
3209,England FA Cup,27455496
3210,Wales FAW Championship North & Mid,27455528
3212,Netherlands 2nd Division (Tweede Divisie),27455537
3215,Poland 3. Liga,27455762
3216,Belgium First Amateur Division,27455845
3217,FIFA World Cup,27456009
3219,Croatia Division 1 (HNL),27456091
3231,Turkey TFF 2. Lig (Iddaa League B),27456603
3232,Switzerland 1. Liga Classic,27456618
3234,Turkey TFF 2. Lig (Iddaa League B),27456709
3235,Italy Serie C (Lega Pro),27456829
3236,Turkey TFF 2. Lig (Iddaa League B),27456877
3237,FIFA World Cup,27457068
3242,Colombia Primera A,27457302
3243,Guatemala Division 1 (Liga Nacional),27457365
3247,FIFA World Cup,27457513
3257,Brazil Campeonato Carioca Serie B (RJ),27457954
3261,Poland 3. Liga,27458100
3262,Bosnia & Herzegovina 1st League (Prva Liga),27458145
3271,Spain Segunda División RFEF,27458302
3278,Hong Kong 1st Division,27458447
3279,China Division 1 (Jia League),27458461
3283,FIFA World Cup,27458688
3285,Australia Championship,27458699
3288,FIFA World Cup,27721337
3290,Italy Serie C (Lega Pro),27458950
3291,FIFA World Cup,27458995
3292,FIFA World Cup,27459086
3293,Mexico Liga MX Women,27459209
3299,FIFA World Cup,27459536
3307,Spain Second Division A (Liga Adelante),27460634
3313,Norway Division 2,27460861
3317,Argentina Liga Profesional,27461220
3319,Czech Republic Division 4,27461930
3320,FIFA World Cup,27461952
3326,South Korea K3 League,27462068
3327,Uruguay Division 1 (Primera División),27462073
3328,Spain Tercera Division,27462075
3330,Hungary Division 3 (NB3),27462082
3331,Canada Premier League,27462096
3333,Spain Primera Division RFEF,27462147
3334,Malaysia FAM League,27462148
3335,Spain Primera Division RFEF,27462152
3336,Peru Division 1 (Copa Cable Mágico),27462153
3337,Peru Division 1 (Copa Cable Mágico),27462155
3338,"Israel Division 2 (Liga Leumit, National League)",27462167
3340,FIFA World Cup,27462208
3342,Norway Division 3,27462253
3343,Spain Tercera Division,27462268
3344,Greece Super League 2,27918746
3346,Austria Amateur Wiener Stadtliga,27462313
3351,Germany Regionalliga North,27462449
3353,Japan Football League (JFL),27462488
3354,Spain Tercera Division,27462584
3358,Japan WE League Women,27462735
3360,Peru Division 1 (Copa Cable Mágico),27463007
3361,Spain Tercera Division,27463037
3362,FIFA World Cup,27463143
3365,Vietnam National Championship Women,27463242
3367,Argentina Torneo Federal A,27463289
3368,International Friendly,27463319
3369,Turkey TFF 2. Lig (Iddaa League B),27463388
3370,Uruguay Division 1 (Primera División),27463473
3371,China Division 1 (Jia League),27463531
3372,Israel Division 3 (Liga Alef),27463545
3373,Italy Serie D,27463576
3374,Spain Primera Division RFEF,27463607
3375,Sweden Division 2,27463650
3376,Croatia Division 1 (HNL),27463680
3378,Spain Segunda División RFEF,27463712
3380,Tunisia League 2 (CLP2),27463732
3382,Spain Tercera Division,27463800
3384,Norway Division 3,27463918
3401,Argentina Primera Nacional,27466601
3402,Ecuador Serie B,27466605
3403,Argentina Torneo Federal A,27466666
3409,World Cup U20,27467060
3410,Argentina Torneo Federal A,27467129
3411,International Friendly,27467144
3418,Argentina Torneo Federal A,27467446
3421,Panama Primera Division,27467844
3423,Argentina Liga Profesional,27468111
3425,England Southern League Premier Division,27468229
3433,International Friendly,27468740
3434,Guatemala Division 2 (Primera División de Ascenso),27468906
3444,FIFA World Cup,27469238
3448,International Friendly,27469250
3449,Peru Division 1 (Copa Cable Mágico),27469251
3450,Ireland Division 1,27469253
3451,FIFA World Cup,27469257
3452,Ukraine League 1 (Persha Liha),27469318
3454,Peru Division 1 (Copa Cable Mágico),27469452
3459,England FA Cup,27469551
3461,FIFA World Cup,27469605
3462,FIFA World Cup,27469624
3464,International Friendly,27469664
3466,Spain Tercera Division,27469738
3467,Ukraine League 1 (Persha Liha),27469837
3468,International Friendly,27469851
3469,Egypt Division 2,27469979
3470,International Friendly,27470035
3471,Mongolia Premier League,27470060
3472,Brazil Campeonato Brasiliero Série B,27470188
3473,Egypt Division 2,27470198
3475,FIFA World Cup,27470380
3476,FIFA World Cup,27470392
3479,AFC International Asian Cup,27470566
3480,FIFA World Cup,27470569
3482,Egypt Division 2,27470627
3485,FIFA World Cup,27470875
3488,International Friendly,27470898
3490,Sweden Division 2,27470923
3492,AFC International Asian Cup,27471011
3493,Club Friendly,27471013
3498,Chile Primera División B,27471305
3501,FIFA World Cup,27471631
3502,FIFA World Cup,27471885
3506,FIFA World Cup,27472712
3507,Ecuador Cup,27472732
3508,FIFA World Cup,27472786
3509,Ireland Leinster League,27472887
3514,AFC International Asian Cup,27473081
3515,International Friendly,27473191
3520,FIFA World Cup,27474006
3523,FIFA World Cup,27474179
3530,England Southern League Premier Division,27474697
3533,AFC International Asian Cup,27475157
3534,FIFA World Cup,27475325
3536,England Isthmian League Premier Division,27475354
3539,England Isthmian League Premier Division,27475576
3540,England Southern League Premier Division,27475699
3543,Peru Division 1 (Copa Cable Mágico),27542623
3547,Costa Rica Primera División,27476057
3549,Brazil Campeonato Brasiliero Série A,27476316
3552,Slovakia 2. Liga,27476664
3553,FIFA World Cup,27476686
3560,Honduras Liga Nacional,27477178
3562,Costa Rica Primera División,27477228
3563,England FA Cup,27477296
3565,England Northern Premier League,27477397
3568,International Friendly U19,27477514
3569,UEFA European Championship U19,27477553
3570,Mongolia Premier League,27477561
3571,England Northern Division 1 North,27477569
3577,International Friendly,27478340
3580,Indonesia Liga 1,27479181
3582,Germany Regionalliga Bayern (Bavaria),27479421
3584,UEFA European Championship U21,27479672
3585,Brazil Campeonato Brasiliero Série A,27479806
3586,UEFA European Championship U21,27479954
3587,England Northern Division 1 North,27479966
3616,England Isthmian League Division 1 North,27480716
3617,England Isthmian League Division 1 North,27480719
3624,World Cup U20,27481209
3625,Bosnia & Herzegovina Premier League,27578033
3633,Ecuador Serie B,27482238
3634,Ecuador Serie B,27482401
3641,Japan J-League Division 3,27483405
3648,Kenya Premier League,27483805
3649,India Bangalore Super Division,27483834
3651,Bahrain Division 2,27483925
3652,UEFA Champions League Women,27483940
3653,UEFA Champions League Women,27483949
3654,Kenya Premier League,27484171
3659,India Shillong Premier League,27484661
3661,UEFA Europa Cup Women,27484689
3662,Sweden Division 2,27484714
3663,Kenya Premier League,27484858
3665,UEFA Champions League Women,27485275
3666,Peru Division 1 (Copa Cable Mágico),27485287
3669,UEFA Champions League Women,27485679
3670,Slovakia 2. Liga,27485683
3671,Spain Copa Federación,27485698
3672,CONCACAF Championship Women,27485703
3674,Finland Premier Division (Veikkausliiga),27485777
3675,Russia Cup,27485943
3677,Germany Regionalliga North,27485958
3680,Egypt Division 2,27486021
3681,Russia Cup,27486030
3684,Guatemala Division 1 (Liga Nacional),27486181
3694,Austria Sky Go Erste Liga,27487213
3699,England Football League Trophy (EFL),27487332
3700,Denmark Division 1,27487548
3703,Denmark Division 2,27487711
3718,France Championnat National (Ligue 3),27487815
3723,Netherlands Division 1 (Eerste Divisie/Jupiler League),27487860
3725,Finland Division 2 (Kakkonen),27487918
3726,Guatemala Division 2 (Primera División de Ascenso),27487931
3730,Slovakia 2. Liga,27488104
3739,Australia A-League,27488213
3744,Spain Primera Division RFEF,27488402
3745,Colombia Cup,27488438
3750,Egypt Division 2,27488506
3751,Brazil Campeonato Brasiliero Série A,27488648
3753,Sweden Division 1,27488794
3755,Netherlands Division 1 (Eerste Divisie/Jupiler League),27488868
3757,Ireland Premier League,27489015
3759,Ireland Premier League,27489020
3761,Ecuador Serie B,27489042
3766,Saudi Arabia Pro League,27489277
3770,Ecuador Serie B,27489411
3772,Paraguay Division 1 (Primera División),27489465
3774,Egypt Premier League,27489466
3775,Mexico Liga De Ascenso,27489559
3777,South Korea K League 1,27489560
3778,Azerbaijan Premier League,27489574
3782,Nicaragua Primera Division,27489613
3783,UEFA Europa Cup Women,27489651
3784,Israel Division 3 (Liga Alef),27489710
3786,Australia Championship,27677781
3788,Nicaragua Primera Division,27489828
3791,India Shillong Premier League,27490012
3792,Denmark Division 1,27490015
3793,Egypt Division 2,27490026
3797,Egypt Division 2,27490128
3798,Cyprus Division 1 (Cyta Championship),27490180
3800,Egypt Division 2,27490226
3802,UEFA Europa Cup Women,27490310
3803,Austria Regionalliga West,27490337
3805,Egypt Cup,27836730
3806,Austria Sky Go Erste Liga,27490497
3807,Belgium 1st Division B,27958410
3809,Uzbekistan Super League,27490660
3810,Bahrain Division 2,27490704
3811,China Super League,27490722
3814,South Korea K League 1,27490902
3815,Costa Rica Primera División,27491010
3817,Italy Serie B,27491048
3820,Georgia Erovnuli Liga,27491169
3821,Bolivia Copa Division Profesional,27669445
3823,Norway Division 1 OBOS-ligaen,27491378
3827,Germany Bundesliga 2,27491480
3828,Latvia Virsliga,27491603
3829,Romania Division 1,27491620
3833,Czech Republic First League,27491739
3835,Germany Bundesliga,27491775
3840,Russia Cup,27491839
3843,Italy Serie B,27491918
3849,Italy Serie B,27492099
3850,England National League North,27492276
3851,Algeria Ligue 1 (Championnat National),27492370
3853,UEFA Europa Cup Women,27492442
3856,Kuwait Premier League,27492622
3857,Armenia Premier League,27492639
3858,Germany Bundesliga Women,27492654
3859,Czech Republic Division 3 (Moravia-Silesia MSFL),27492699
3861,Japan J-League Division 3,27492800
3862,UAE Arabian Gulf League,27492949
3864,Paraguay Division 1 (Primera División),27493085
3865,Croatia Division 1 (HNL),27493098
3866,Bolivia Copa Division Profesional,27493263
3869,Colombia Primera B,27493487
3871,Egypt Premier League,27493532
3878,Italy Serie C (Lega Pro),27494054
3879,Italy Serie C (Lega Pro),27494104
3881,Italy Serie C (Lega Pro),27494119
3882,France Ligue 2,27494249
3883,Norway Division 1 OBOS-ligaen,27494361
3885,Poland Premier Division (Ekstraklasa),27494414
3886,England National League,27494418
3887,China Super League,27494472
3894,Greece Super League,27495059
3896,Kazakhstan Premier League,27495114
3897,Bolivia Copa Cine Center,27941508
3898,Copa Uruguay,27495189
3902,Belarus Premier League (Vysshaya Liga),27495220
3903,England National League South,27495243
3904,Poland 2. Liga,27495268
3905,England National League South,27495475
3908,England National League North,27495573
3909,New Zealand Premiership,27908927
3912,Honduras Liga Nacional,27936515
3913,Israel Division 3 (Liga Alef),27495672
3916,Iceland Premier League,27495785
3917,New Zealand Premiership,27495800
3920,Georgia Erovnuli Liga,27495861
3921,Georgia Erovnuli Liga,27495865
3924,Denmark Division 2,27495866
3926,Poland 2. Liga,27495876
3927,Turkey TFF 1. Lig,27495886
3928,Poland 2. Liga,27495887
3929,England National League North,27495889
3930,England National League North,27495890
3931,England National League South,27495891
3933,Israel Division 3 (Liga Alef),27495895
3935,Spain Segunda División RFEF,27495903
3936,Romania Division 2,27495904
3939,Netherlands Division 1 (Eerste Divisie/Jupiler League),27496056
3940,Japan Football League (JFL),27496070
3941,France Championnat National (Ligue 3),27496073
3942,Romania Division 1,27496075
3943,USA United Soccer League (USL Pro),27496078
3944,Austria Sky Go Erste Liga,27496079
3945,Uzbekistan Super League,27496082
3946,Japan J-League Division 1,27496084
3947,France Championnat National (Ligue 3),27496086
3948,Uzbekistan Super League,27496089
3949,UAE Arabian Gulf League,27496096
3950,Uruguay Division 1 (Primera División),27496102
3951,Latvia Virsliga,27496107
3955,Egypt Division 2,27496228
3957,Finland Ykkosliiga,27496255
3960,Switzerland Challenge League,27496323
3964,Slovakia 1. Liga,27496344
3965,Germany Bundesliga 2,27496349
3966,Austria Amateur Wiener Stadtliga,27496389
3967,Switzerland Challenge League,27496397
3968,Japan J-League Division 3,27496406
3969,Romania Division 1,27496440
3972,Indonesia Liga 1,27496525
3974,USL League One,27496554
3975,Germany Regionalliga Bayern (Bavaria),27496633
3976,Germany Regionalliga Northeast,27496646
3978,France Ligue 1,27496670
3980,Peru Division 1 (Copa Cable Mágico),27496687
3981,Poland Cup,27582214
3982,Azerbaijan Premier League,27496706
3985,Germany 3. Liga,27496767
3986,Austria Amateur Karntner Liga,27496811
3991,England Isthmian League Division 1 North,27497071
3997,Saudi Arabia Pro League,27497126
3998,USA United Soccer League (USL Pro),27677578
3999,CAF African Champions League,27497192
4000,Iran Pro League (Persian Gulf Cup),27497224
4003,Spain Second Division A (Liga Adelante),27497242
4005,Jordan Cup,27497279
4008,Algeria Ligue 2,27497359
4009,Tanzani Premier League,27497382
4010,USA Major League Soccer,27497388
4011,Thailand League 2,27497394
4012,Germany Regionalliga Northeast,27497398
4013,Slovakia 1. Liga,27497411
4014,Ecuador Serie A (Copa Pilsener),27497486
4015,Israel Division 3 (Liga Alef),27497508
4016,Ecuador Serie A (Copa Pilsener),27783834
4017,Venezuela Primera Division,27497546
4018,Algeria Ligue 1 (Championnat National),27497585
4020,Norway Division 1 OBOS-ligaen,27497779
4022,Germany Regionalliga Bayern (Bavaria),27497799
4025,Malaysia FA Cup,27497874
4030,USA Major League Soccer,27497906
4033,Germany Regionalliga North,27497938
4034,Poland 1. Liga,27497978
4035,USA Major League Soccer,27498010
4036,Czech Republic Division 4,27498020
4038,"Israel Division 2 (Liga Leumit, National League)",27498046
4040,Spain Second Division A (Liga Adelante),27498110
4045,Colombia Primera A,27498279
4049,Algeria Ligue 2,27498413
4051,Algeria Ligue 2,27498441
4053,Morocco GNF1 (Botola),27498539
4054,Indonesia Liga 1,27498605
4055,Saudi Arabia Kings Cup,27566953
4056,Japan J-League Division 3,27498651
4058,Algeria Ligue 2,27498823
4060,Ireland Division 1,27498916
4061,England National League North,27498951
4062,France Premier Ligue Women,27498990
4063,Australia Championship,27687119
4065,Spain Primera Division RFEF,27499020
4066,Scotland League 1,27499032
4067,USL League One,27499068
4069,Scotland League 2,27499086
4070,England Football League Championship,27499112
4071,Northern Ireland Premier League,27499126
4075,England League 1,27499258
4076,Japan J-League Division 3,27499277
4078,Japan WE League Women,27499300
4080,CAF Super Cup,27499316
4081,Japan J-League Division 3,27499322
4086,Turkey Super League,27499369
4087,Japan J-League Division 2,27499376
4093,Brazil Campeonato Brasiliero Série B,27499456
4096,Japan J-League Division 3,27499506
4099,Netherlands Division 1 (Eerste Divisie/Jupiler League),27499570
4101,France Ligue 2,27499590
4102,Germany 3. Liga,27499603
4103,Germany Regionalliga Bayern (Bavaria),27499624
4104,Hungary Division 2 (NB2),27499634
4106,Lithuania A Lyga,27499649
4110,Israel Division 4 (Liga Bet),27511122
4111,Turkey TFF 2. Lig (Iddaa League B),27499851
4112,Norway Division 2,27499866
4113,Italy Serie C (Lega Pro),27499872
4114,Croatia 1. (NL),27499916
4115,Qatar Stars Cup,27499942
4117,Kazakhstan Premier League,27499969
4119,Belarus Premier League (Vysshaya Liga),27500009
4120,Denmark Division 2,27500057
4122,Ukraine Premier League (Vyscha Liha),27500094
4123,China Division 2 (Yi League),27500113
4124,Italy Serie A,27500118
4127,Georgia Erovnuli Liga,27500150
4128,Switzerland 1. Liga Promotion,27500173
4130,Switzerland 1. Liga Promotion,27500245
4131,Japan J-League Division 2,27500295
4132,Spain Primera Division RFEF,27500386
4135,Portugal Cup,27500451
4137,Norway Premier League (Tippeligaen),27500485
4138,Denmark Division 2,27500511
4140,Czech Republic First League,27501911
4143,Colombia Primera B,27501979
4145,USA National Women´s Soccer League (NWSL),27502016
4146,Ukraine Premier League (Vyscha Liha),27502028
4147,Iceland Premier League,27502120
4149,Portugal Cup,27502150
4150,Portugal Cup,27502162
4152,Argentina Primera Nacional,27502178
4163,England National League North,27502446
4164,Japan WE League Women,27502514
4165,Northern Ireland Premier League,27987809
4166,Indonesia Liga 1,27502773
4167,Bulgaria First PFG,27502778
4168,Montenegro League 1,27502847
4169,Sweden Superettan,27502886
4171,Netherlands Premier Division (Eredivisie),27502947
4172,Scotland League 1,27502962
4174,USA Major League Soccer,27502971
4175,England Southern League Premier Division,27503013
4176,China Super League,27503035
4179,Argentina Primera Nacional,27503094
4180,Italy Serie C (Lega Pro),27503096
4184,England National League,27503119
4187,Argentina Primera Nacional,27503171
4188,England National League North,27503190
4189,England National League North,27503205
4191,England National League South,27503239
4193,USA Major League Soccer,27503247
4199,Canada Premier League,27503385
4201,Canada Premier League,27503402
4205,Chile Tercera División,27503521
4210,Czech Republic Division 4,27503638
4212,Netherlands Premier Division (Eredivisie),27503674
4214,Spain Second Division A (Liga Adelante),27503714
4215,Spain Second Division A (Liga Adelante),27503721
4217,China Division 2 (Yi League),27503787
4219,Sweden Superettan,27503813
4221,Sweden Superettan,27503834
4223,USL League One,27503842
4224,Sweden Superettan,27503850
4225,Romania Division 2,27503888
4229,Romania Division 2,27503973
4237,Norway Division 1 OBOS-ligaen,27504145
4238,Italy Serie C (Lega Pro),27504154
4240,Norway Division 2,27504162
4242,Italy Serie C (Lega Pro),27504253
4243,Poland 2. Liga,27504271
4251,Norway Division 1 OBOS-ligaen,27504535
4254,Vietnam V-League 2,27504568
4256,Estonia Meistriliiga,27504611
4257,Romania Division 2,27504640
4260,Sweden Division 2,27504678
4262,Brazil Campeonato Brasiliero Série A,27504774
4263,Turkey TFF 1. Lig,27504782
4268,Bahrain Premier League,27504813
4271,Germany Regionalliga North,27504876
4272,Sweden Division 2,27504888
4273,England Southern League Premier Division,27504892
4275,Czech Republic Division 3 (Moravia-Silesia MSFL),27504903
4277,Japan J-League Division 1,27504955
4278,UAE Division 1,27504970
4280,France Ligue 2,27504983
4281,Thailand League 1,27505041
4282,UAE Arabian Gulf League,27505048
4283,Thailand 3rd Division (Pro League),27505075
4285,Germany Bundesliga 2,27505132
4288,Kazakhstan Premier League,27505150
4290,Vietnam V-League,27505158
4291,England League 2,27505164
4293,Slovakia 1. Liga,27505169
4294,Croatia Division 1 (HNL),27505172
4295,Slovenia 1. SNL (PrvaLiga Telekom Slovenije),27505185
4296,USA United Soccer League (USL Pro),27505197
4298,Costa Rica Primera División,28062978
4299,England League 2,27505216
4300,Spain Segunda División RFEF,27505226
4302,France Championnat National (Ligue 3),27505236
4304,Iran Pro League (Persian Gulf Cup),27505241
4315,Saudi Arabia Pro League,27505263
4317,Turkey Super League,27499369
4319,Northern Ireland Premier League,27505274
4326,France Ligue 2,27505292
4328,South Africa National Division 1,27505301
4332,Algeria Ligue 1 (Championnat National),27505320
4334,Australia A-League,27505328
4336,Scotland Championship,27967936
4337,Czech Republic Division 3 (Moravia-Silesia MSFL),27505343
4343,Germany Regionalliga West,27505379
4344,Austria Bundesliga,27505386
4345,Germany Regionalliga Southwest,27505394
4348,Indonesia Liga 1,27505406
4350,Israel Division 4 (Liga Bet),27505410
4351,Spain Primera Division RFEF,27505417
4352,Denmark Division 1,27505441
4355,England League 2,27505456
4358,Sweden Division 2,27505469
4360,Sweden Division 2,27505503
4362,Turkey Cup (Fortis Cup),27930795
4363,India Shillong Premier League,27505620
4364,Austria Bundesliga,27505653
4366,Uzbekistan Super League,27505673
4367,Spain Segunda División RFEF,27505685
4374,Germany Regionalliga West,27505751
4375,Germany Regionalliga North,27505772
4376,Germany Regionalliga West,27505802
4379,Germany Regionalliga North,27505808
4380,Turkey TFF 3. Lig,27505863
4381,Spain Tercera Division,27505881
4383,Norway Division 3,27505909
4384,Norway Division 3,27505975
4385,Japan J-League Division 2,27505992
4387,Czech Republic Division 3 (CFL),27506002
4389,Argentina Primera Nacional,27506013
4392,Argentina Liga Profesional,27506060
4394,Singapore Cup,27873418
4395,Germany 3. Liga,27506082
4396,Austria Sky Go Erste Liga,27506102
4397,Romania Division 2,27506128
4398,Germany 3. Liga,27506153
4400,Germany Regionalliga North,27506219
4402,Austria Amateur Wiener Stadtliga,27506244
4403,Germany Regionalliga Southwest,27506274
4404,Germany Regionalliga West,27506282
4407,Germany Regionalliga Southwest,27506317
4408,Spain Segunda División RFEF,27506337
4415,Norway Division 1 OBOS-ligaen,27506369
4416,USA Major League Soccer,27506382
4417,Mexico Primera División,27506451
4419,Turkey TFF 3. Lig,27506460
4420,Peru Division 1 (Copa Cable Mágico),27506463
4422,Italy Serie C (Lega Pro),27506521
4425,England National League South,27506601
4427,Ecuador Serie A (Copa Pilsener),27827801
4428,England Football League Championship,27506633
4430,Italy Serie C (Lega Pro),27506675
4434,Cyprus Division 1 (Cyta Championship),27506764
4440,Turkey TFF 1. Lig,27506881
4441,Germany Bundesliga,27506928
4442,Georgia Erovnuli Liga,27506953
4443,England League 2,27506976
4444,India Super Cup,27607678
4446,Thailand League 2,27507010
4447,Sweden Division 2,27507044
4449,Norway Division 2,27507143
4454,Qatar Stars Cup,27507217
4457,Qatar Stars Cup,27507267
4460,Italy Serie A,27507298
4462,England League 1,27507311
4463,Switzerland Super League,27507415
4466,Germany Regionalliga Bayern (Bavaria),27507479
4467,England League 1,27507528
4468,England League 2,27507542
4471,Switzerland Super League,27507578
4472,Paraguay Division 1 (Primera División),27507587
4474,Belarus Premier League (Vysshaya Liga),27507610
4475,England League 1,27507679
4476,Mexico Liga TDP,27507762
4480,UAE Arabian Gulf League,27507997
4481,Serbia Super League (Meridian League),27508003
4483,Belarus Premier League (Vysshaya Liga),27508028
4485,Slovakia 3. Liga,27508050
4488,Austria Landesliga Wien,27508075
4489,Lithuania 1 Lyga,27508091
4490,Germany Regionalliga Bayern (Bavaria),27508119
4492,Finland Premier Division (Veikkausliiga),27508171
4494,Malta Cup (FA Trophy),27508184
4496,Canada Premier League,27508218
4501,England Isthmian League Division 1 North,27508320
4505,Italy Serie B,28076507
4514,Italy Serie B,27508716
4527,England Southern League Premier Division,27508858
4544,USA United Soccer League (USL Pro),27508956
4546,Italy Serie C (Lega Pro),27508978
4556,England National League,27509159
4557,England National League,27509173
4565,Turkey TFF 2. Lig (Iddaa League B),27509250
4570,France Championnat National 2 (CFA),27509290
4573,Poland 1. Liga,27509312
4574,Latvia Virsliga,27509328
4583,Uzbekistan Super League,27509460
4589,Lithuania A Lyga,27509504
4592,England Premier League Cup U21,28027283
4599,Turkey Super League,27509588
4601,CAF African Champions League,27509702
4603,Finland Division 1 (Ykkönen),27509755
4605,Finland Division 1 (Ykkönen),27509789
4607,Faroe Islands Premier League (Vodafonedeildin),27509880
4610,Portugal Cup,27509939
4613,Portugal Cup,27510076
4620,Turkey Super League,27510311
4621,Brazil Campeonato Brasiliero Série A,27510336
4624,Belgium First Amateur Division,27873157
4625,Belgium First Amateur Division,27510480
4627,Austria Sky Go Erste Liga,27510562
4628,Scotland Premier League,27510678
4632,Turkey TFF 2. Lig (Iddaa League B),27510712
4634,Turkey TFF 2. Lig (Iddaa League B),27510876
4636,Spain Segunda División RFEF,27510984
4637,Croatia Division 1 (HNL),27511007
4638,Chile Primera División B,27511036
4639,Belgium 1st Division A,27970924
4643,Israel Division 4 (Liga Bet),27511122
4645,Japan J-League Division 2,27511226
4648,Colombia Primera A,27511289
4653,Bulgaria First PFG,27511638
4654,Finland Division 2 (Kakkonen),27511647
4656,El Salvador Primera División,27511654
4660,France Ligue 1,27511709
4663,Hong Kong Premier League,27511727
4672,Finland Division 1 (Ykkönen),27511878
4680,Peru Division 1 (Copa Cable Mágico),27513142
4685,Australia A-League,27513183
4687,Spain Primera Division RFEF,27513307
4688,Spain Second Division A (Liga Adelante),27513422
4690,Estonia Esiliiga,27513451
4693,Spain Tercera Division,27513735
4695,Spain Tercera Division,27513753
5309,Germany Bundesliga 2,27514118
5311,Germany Regionalliga Northeast,27514126
5312,Switzerland 1. Liga Promotion,27514128
5314,Greece Super League 2,27514152
5353,Germany Regionalliga Southwest,27517073
5356,Peru Division 2,27517094
5357,Saudi Arabia Pro League,27517131
5358,Sweden Division 2,27517143
5365,Ghana Premier League,27517377
5370,USA National Women´s Soccer League (NWSL),27517432
5373,Romania Division 1,27518408
5374,Italy Serie C (Lega Pro),27518471
5375,Turkey TFF 3. Lig,27518511
5379,Croatia Division 1 (HNL),27518668
5381,England Premier League,27518754
5382,AFC Asian Champions League,27518811
5383,AFC Asian Champions League,27518828
5385,Saudi Arabia Pro League,27518982
5387,Panama Primera Division,27519041
5390,Iceland Premier League,27519101
5393,Belgium 1st Division A,27519216
5395,Argentina Primera Nacional,27519254
5397,Honduras Liga Nacional,27519464
5399,Argentina Liga Profesional,27519717
5401,Costa Rica Liga de Ascenso,27519948
5409,Nicaragua Primera Division,27520343
5414,AFC Asian Champions League,27521530
5416,Ecuador Serie A (Copa Pilsener),27768943
5418,AFC Asian Champions League,27521599
5419,AFC Asian Champions League,27521605
5420,Ukraine Premier League (Vyscha Liha),27521610
5421,AFC Asian Champions League,27521614
5422,Norway Division 3,27521631
5423,"Israel Division 2 (Liga Leumit, National League)",27521636
5424,Vietnam V-League,27521637
5425,Jamaica National Premier League (Digicel League),27521640
5428,Estonia Esiliiga,27521693
5429,Saudi Arabia Division 1,27521791
5430,Netherlands Division 1 (Eerste Divisie/Jupiler League),27521808
5432,Hungary Division 2 (NB2),27521874
5437,Sweden Division 1,27521915
5438,Jamaica National Premier League (Digicel League),27522027
5442,Indonesia Liga 1,27522282
5443,UEFA Champions League,27522284
5445,Argentina Liga Profesional,27522381
5447,Ghana Premier League,27522549
5448,England Football League Championship,27522551
5454,UEFA Youth League U19,27522751
5458,"Israel Division 2 (Liga Leumit, National League)",27523062
5461,Uruguay Division 1 (Primera División),27523162
5462,Russia Division 1 (Football National League),27523210
5467,AFC Asian Champions League,27523486
5472,Colombia Cup,27523745
5473,Norway Division 3,27523749
5475,Romania Division 1,27523763
5477,Italy Serie C (Lega Pro),27523943
5478,England Southern League Premier Division,27523949
5480,Czech Republic 2 Liga,27524060
5481,Argentina Primera Nacional,27622795
5486,AFC Asian Champions League,27524271
5503,Norway Division 3,27524598
5505,England National League South,27904779
5506,Netherlands Division 1 (Eerste Divisie/Jupiler League),27524610
5510,England League 2,27732207
5511,England Premier League Cup U21,27524684
5514,Argentina Liga Profesional,27525057
5515,Argentina Liga Profesional,27525063
5516,UEFA Champions League,27525084
5517,Iceland Premier League,27525172
5521,England Southern League Premier Division,27525654
5529,AFC Asian Champions League,27525938
5530,England Southern League Premier Division,27525988
5531,English National League Cup,27525992
5534,Norway Division 1 OBOS-ligaen,27526041
5535,England Football League Championship,27526061
5545,England Southern League Premier Division,27526733
5557,Georgia Erovnuli Liga,27528670
5577,San Marino Coppa Titano,27528885
5578,Georgia Erovnuli Liga,27528904
5588,Egypt Premier League,27529205
5590,Norway Division 1 OBOS-ligaen,27529301
5593,Norway Division 1 OBOS-ligaen,27529311
5596,Israel Division 3 (Liga Alef),27529365
5598,England Football League Championship,27529428
5599,Algeria Ligue 1 (Championnat National),27529445
5600,English National League Cup,27529457
5602,Finland Premier Division (Veikkausliiga),27529579
5671,Indonesia Liga 1,27530451
5676,Georgia Erovnuli Liga,27530706
5678,Wales FAW Championship North & Mid,27530744
5679,Turkey Super League,27530759
5680,England National League,27530786
5682,Georgia Erovnuli Liga,27530857
5844,Czech Republic MOL Cup,27655138
5845,UEFA Europa Conference League,27532309
5848,UEFA Europa League,27532380
5850,UEFA Europa League,27532455
5852,England Football League Championship,27532491
5854,UEFA Europa Conference League,27532804
5859,Russia Cup,27532855
5861,CONCACAF Copa Centroamericana,27532925
5865,England Southern League Premier Division,27532969
5866,England Southern League Premier Division,27532974
5871,AFC Champions League 2,27652692
5872,UEFA Europa Conference League,27533146
5875,Brazil Campeonato Brasiliero Série A,27669829
5876,Algeria Ligue 1 (Championnat National),27533168
5877,South Africa ABSA Premier League,27533169
5878,UEFA Europa League,27533170
5879,UEFA Europa League,27533171
5880,UEFA Europa Conference League,27533173
5881,UEFA Europa League,27533175
5882,UEFA Europa League,27533177
5887,UEFA Europa League,27533187
5888,UEFA Europa Conference League,27533188
5889,UEFA Europa Conference League,27533193
5893,England Football League Championship,27533236
5896,Slovakia Cup,27533274
5901,Qatar 2nd Division,27533348
5904,Russia Cup,27533639
5909,UEFA Europa Conference League,27533694
5912,Saudi Arabia Division 1,27533772
5913,Saudi Arabia Division 1,27533800
5914,AFC Champions League 2,27533819
5918,Russia Premier League,27787304
5920,Andorra Division 1,27534146
5921,Italy Copa Italia Serie D,27534157
5923,UEFA Europa Conference League,27534424
5931,AFC Champions League 2,27534615
5932,Estonia Meistriliiga,27534620
5938,Italy Copa Italia Serie D,27534933
5939,Guatemala Division 1 (Liga Nacional),27534944
5944,AFC Champions League 2,27651139
5945,Lithuania A Lyga,27535188
5950,Slovakia Cup,27535381
5955,ASEAN Club Championship,27860113
5958,Portugal Campeonato de Portugal Prio,27535850
5962,England Football League Championship,27536168
5964,USA United Soccer League (USL Pro),27536333
5965,Ethiopia Premier League,27536342
6006,AFC Champions League 2,27647298
6013,Italy Serie B,27538306
6019,Colombia Cup,27539007
6021,Bulgaria First PFG,27539158
6022,UEFA Europa League,27539164
6024,Wales Premier League,27539290
6029,UEFA Europa Conference League,27539589
6034,Ethiopia Premier League,27539738
6035,AFC Champions League 2,27658348
6041,AFC Champions League 2,27660179
6044,Saudi Arabia Pro League,27540017
6046,CONCACAF Copa Centroamericana,27540055
6049,Argentina Cup (Copa Argentina),27540176
6051,Colombia Primera A,27540185
6052,Netherlands Division 1 (Eerste Divisie/Jupiler League),27540205
6053,Italy Serie C (Lega Pro),27540363
6054,Japan J-League Division 3,27540424
6056,Denmark Division 1,27540503
6057,Belgium 1st Division A,27967263
6058,Estonia Esiliiga,27540707
6059,UEFA Europa Conference League,27540749
6060,South Korea K3 League,27540781
6063,AFC Champions League 2,27540819
6067,Mexico Liga De Ascenso,27540959
6070,Austria Sky Go Erste Liga,27541075
6071,Austria Sky Go Erste Liga,27541078
6074,Lithuania A Lyga,27541129
6075,Latvia Virsliga,27541153
6076,Germany 3. Liga,27541171
6078,South Korea K League 2,27541309
6079,Netherlands Division 1 (Eerste Divisie/Jupiler League),27541428
6082,Turkey Super League,27541533
6083,Saudi Arabia Pro League,27541568
6086,Scotland League 1,27968050
6087,Egypt Division 2,27541736
6091,France Ligue 2,28073203
6093,Japan J-League Division 2,27541921
6094,Japan J-League Division 1,27541952
6098,Saudi Arabia Pro League,27542125
6099,Russia Cup,27542143
6101,Estonia Esiliiga B,27542212
6102,Uzbekistan Super League,27542249
6104,Japan J-League Division 1,27542295
6108,Estonia Esiliiga,27542399
6110,Uganda Premier League,27542437
6115,Peru Division 1 (Copa Cable Mágico),27542623
6116,Norway Division 1 OBOS-ligaen,27542734
6118,Sweden Superettan,27542754
6125,Colombia Primera A,27542856
6127,Egypt Division 2,27542950
6128,Azerbaijan Premier League,27542963
6137,UEFA Youth League U19,27653517
6144,International Friendly Women,27543743
6145,International Friendly Women,27543749
6146,Egypt Division 2,27543771
6147,England Football League Championship,27544026
6148,England Football League Championship,27544026
6149,Sweden Division 1,27544086
6150,France Ligue 2,27544206
6153,England National League North,27544262
6154,Slovakia 2. Liga,27544357
6156,Bahrain Division 2,27544603
6157,Malta Premier League,27544624
6158,Italy Serie C (Lega Pro),27544650
6159,Australia A-League,27544689
6160,Slovakia 1. Liga,27544696
6166,Italy Serie C (Lega Pro),27544756
6167,Denmark Division 2,27544958
6168,Denmark Division 2,27545020
6169,Serbia Super League (Meridian League),27545079
6170,International Friendly Women,27545085
6171,England League 1,27545186
6178,Spain Second Division A (Liga Adelante),27545454
6179,Belgium 1st Division A,27545523
6181,France Ligue 1,27545602
6183,Argentina Torneo Regional Federal Amateur,27735570
6185,Italy Serie C (Lega Pro),27545807
6187,Italy Serie C (Lega Pro),27545936
6189,Spain Primera Division RFEF,27546012
6190,Spain Primera Division RFEF,27546024
6192,Indonesia Liga 1,27546051
6193,Uruguay Division 1 (Primera División),27546053
6194,Sweden Division 1,27546069
6195,Brazil Campeonato Brasiliero Série B,27546112
6197,Latvia Virsliga,27546129
6198,Japan J-League Division 3,27546142
6200,UAE President Cup,27546241
6202,Malaysia Super League,27546381
6206,Sweden Division 1,27546585
6207,Norway Division 1 OBOS-ligaen,27546665
6208,Brazil Campeonato Brasiliero Série A,27546726
6210,"Israel Division 2 (Liga Leumit, National League)",27546867
6212,CAF African Champions League,27546869
6215,USA United Soccer League (USL Pro),27546944
6218,Jordan League,27547001
6219,Bangladesh Premier League,27941981
6220,UAE President Cup,27547091
6221,China Super League,27547099
6222,Netherlands Division 1 (Eerste Divisie/Jupiler League),27547163
6223,Japan Football League (JFL),27547197
6224,Japan Football League (JFL),27547206
6227,USA United Soccer League (USL Pro),27547214
6228,Poland Premier Division (Ekstraklasa),27547216
6229,Belgium 1st Division B,27547223
6231,Wales Premier League,27547231
6232,Netherlands Division 1 (Eerste Divisie/Jupiler League),27547236
6236,Chile Primera División B,27547292
6241,Scotland Premier League,27547385
6242,Australia Championship,27716662
6244,Ireland Premier League,27547431
6248,England National League,27547496
6249,Czech Republic First League,27547498
6252,Indonesia Championship Cup,27547789
6255,Colombia Primera A,27547861
6258,Egypt Division 2,27547919
6259,Italy Serie C (Lega Pro),27548020
6261,Poland Premier Division (Ekstraklasa),27548029
6262,Germany Regionalliga North,27548032
6263,Albania Super League (Kategoria Superiore),27548099
6264,Indonesia Championship Cup,27548119
6266,Albania Super League (Kategoria Superiore),27548241
6271,Lithuania 1 Lyga,27548435
6273,Bosnia & Herzegovina Premier League,27548453
6274,Italy Serie C (Lega Pro),27548521
6275,Faroe Islands 1st Division,27548532
6276,International Friendly Women,27548548
6277,Sweden Division 1,27548563
6278,Ukraine Premier League (Vyscha Liha),27548585
6279,China Super League,27548592
6280,Northern Ireland Premier League,27548598
6281,Croatia Division 1 (HNL),27548618
6285,Germany Regionalliga Northeast,27548687
6286,Jordan League,27548724
6288,England League 1,27548749
6290,Ukraine Premier League (Vyscha Liha),27548910
6292,Albania Division 1 (Kategoria e Parë),27548977
6293,South Korea K League 2,27549004
6296,Germany Regionalliga Bayern (Bavaria),27549046
6297,Japan J-League Division 3,27549057
6300,Azerbaijan Premier League,27549197
6302,Czech Republic Division 3 (CFL),27549244
6303,Czech Republic First League,27549268
6304,Chile Primera División,27549285
6308,Peru Division 1 (Copa Cable Mágico),27549372
6311,Sweden Division 1,27549494
6314,Portugal Segunda Liga,27549633
6315,Portugal Liga 3,28081753
6316,Bosnia & Herzegovina 1st League (Prva Liga),27549669
6319,Spain Primera Division RFEF,27549737
6320,Morocco GNF1 (Botola),27549745
6322,Germany Regionalliga Northeast,27549777
6324,Croatia 1. (NL),27549804
6326,Uzbekistan Super League,27549856
6328,Brazil Campeonato Brasiliero Série A,27550048
6331,Azerbaijan Premier League,27550205
6332,Switzerland 1. Liga Promotion,27550243
6333,Estonia Meistriliiga,27550271
6334,Japan J-League Division 1,27550342
6338,CAF African Champions League,27550374
6342,Saudi Arabia Pro League,27550592
6344,Bolivia Professional League,27918610
6346,Czech Republic Division 3 (Moravia-Silesia MSFL),27550643
6350,Greece Super League,27550713
6351,Iran Pro League (Persian Gulf Cup),27550734
6352,Poland 1. Liga,27550765
6353,Bolivia Copa Cine Center,27550796
6354,Austria Sky Go Erste Liga,27550816
6390,Russia Premier League,27551253
6391,Czech Republic First League,27551265
6392,Croatia 1. (NL),27651875
6393,Egypt Premier League,27551345
6394,France Ligue 2,27551376
6396,Spain Second Division A (Liga Adelante),27551405
6397,Iceland Premier League,27551483
6399,England League 1,27551687
6402,Germany Regionalliga Bayern (Bavaria),27551858
6403,Faroe Islands Premier League (Vodafonedeildin),27551883
6408,Poland 3. Liga,27551948
6410,Bulgaria First PFG,27552011
6413,Austria Bundesliga,27552033
6414,China Division 2 (Yi League),27552071
6422,Ghana Premier League,27552134
6423,Austria Amateur Karntner Liga,27552150
6429,Austria Amateur Wiener Stadtliga,27552181
6432,Rwanda National Soccer League,27552207
6434,Austria Regionalliga Central,27552227
6438,Turkey TFF 2. Lig (Iddaa League B),27552305
6439,Slovenia 2. SNL,27552315
6440,Norway Division 2,27552363
6441,USL League One,27552384
6447,Czech Republic Division 3 (CFL),27552422
6448,Poland 2. Liga,27552430
6449,Germany Regionalliga North,27552481
6451,England National League North,27552533
6454,Turkey TFF 2. Lig (Iddaa League B),27552587
6455,Poland 2. Liga,27552595
6456,Belgium First Amateur Division,27552604
6457,Poland 2. Liga,27552634
6459,Turkey TFF 2. Lig (Iddaa League B),27552641
6460,Spain Segunda División RFEF,27552707
6462,Spain Segunda División RFEF,27552748
6463,Spain Segunda División RFEF,27552762
6464,Spain Segunda División RFEF,27552767
6465,Spain Segunda División RFEF,27552773
6469,Chile Primera División B,27552924
6474,Italy Serie A,27553078
6483,Japan Football League (JFL),27553221
6485,Australia Championship,27553258
6488,Australia Championship,27553258
6490,Brazil Campeonato Brasiliero Série A,27553290
6495,Turkey TFF 2. Lig (Iddaa League B),27553392
6499,England National League North,27553517
6500,Spain Primera Division RFEF,27553580
6502,Wales FAW Championship North & Mid,27553656
6503,England League 2,27553667
6508,Norway Division 2,27553793
6509,Scotland League 1,27553810
6510,Spain Primera Division RFEF,27553832
6511,Ukraine Premier League (Vyscha Liha),27553851
6512,Sweden Superettan,27553892
6515,England National League South,27553935
6516,Chile Primera División B,27790537
6518,Scotland League 1,27973234
6519,Scotland Championship,27554318
6520,England National League South,27554398
6527,India Super Cup,27554682
6528,England National League North,27554690
6529,England National League North,27554694
6530,England FA Trophy,27912501
6532,England National League South,27554749
6533,Sweden Allsvenskan,27554759
6535,India Super Cup,27554799
6538,Finland Premier Division (Veikkausliiga),27554933
6540,Ukraine Premier League (Vyscha Liha),27554960
6541,China Super League,27554980
6549,Greece Super League,27555060
6565,Italy Serie C (Lega Pro),27555135
6566,Romania Division 2,27555138
6584,Spain Second Division A (Liga Adelante),27555266
6595,Northern Ireland Premier League,27555334
6617,Chile Primera División,27555539
6620,Myanmar National League,27555580
6625,Scotland Championship,27555640
6626,Denmark Division 2,27555710
6627,Scotland Premier League,27555743
6628,Ecuador Serie A (Copa Pilsener),27835074
6634,Latvia Virsliga,27556122
6639,Romania Division 2,27556464
6641,Germany Regionalliga Bayern (Bavaria),27556535
6643,Czech Republic Division 4,27556602
6645,Ecuador Serie A (Copa Pilsener),27836738
6646,Croatia Division 1 (HNL),27556630
6656,England FA Trophy,27556783
6657,England Southern League Premier Division,27556808
6658,Austria Landesliga Wien,27556829
6659,Netherlands 2nd Division (Tweede Divisie),27556834
6660,Czech Republic Division 3 (CFL),27556837
6661,Honduras Liga Nacional,27556846
6663,Tunisia League 1 (CLP1),27556875
6666,Germany Regionalliga Southwest,27556892
6667,Spain Second Division A (Liga Adelante),27556895
6670,Japan J-League Division 1,27556899
6671,Japan J-League Division 1,27556902
6672,Spain Primera Division RFEF,27556910
6674,Japan J-League Division 1,27556938
6675,Wales Premier League,27556952
6677,Chile Segunda División,27556997
6678,Australia Championship,27732185
6680,Australia Championship,27732185
6681,South Korea K League 1,27557031
6682,Thailand 3rd Division (Pro League),27557042
6683,Poland Premier Division (Ekstraklasa),27557049
6684,France Ligue 2,27557052
6686,Portugal Segunda Liga,27557059
6688,Germany 3. Liga,27557068
6690,Czech Republic First League,27557070
6691,Algeria Ligue 1 (Championnat National),27557073
6692,Bulgaria First PFG,27557076
6693,Saudi Arabia Pro League,27557078
6694,USA United Soccer League (USL Pro),27557083
6695,Chile Tercera División,27557089
6696,Portugal Liga 3,28081754
6697,Brazil Campeonato Brasileiro Série C,27557095
6698,Germany Regionalliga Southwest,27557098
6700,Germany Regionalliga West,27557104
6701,USA United Soccer League (USL Pro),27557107
6704,Algeria Ligue 1 (Championnat National),27557110
6705,Scotland Championship,27557114
6706,Qatar Stars League,27557119
6707,Germany Regionalliga Southwest,27557128
6708,Germany Regionalliga West,27557133
6710,Belgium 1st Division B,27557139
6712,Germany Regionalliga North,27557142
6713,Thailand 3rd Division (Pro League),27557145
6715,Norway Division 2,27557147
6716,Denmark Division 2,27557153
6718,Chile Primera División,27557156
6719,Rwanda National Soccer League,27557162
6720,Romania Division 2,27557166
6721,Germany Regionalliga West,27557170
6722,Denmark Division 2,27557172
6724,Denmark Division 3,27557179
6725,Denmark Division 3,27557181
6726,Spain Segunda División RFEF,27557183
6727,Slovenia 2. SNL,27557187
6731,England League 2,27557228
6732,Sweden Division 1,27557235
6734,Austria Sky Go Erste Liga,27557258
6736,Japan Football League (JFL),27557269
6737,China Division 1 (Jia League),27557277
6738,Ecuador Serie A (Copa Pilsener),27557292
6739,Paraguay Division 1 (Primera División),27557299
6740,Czech Republic First League,27557307
6741,Spain Segunda División RFEF,27557316
6744,South Korea K3 League,27557348
6747,Wales Premier League,27557386
6749,Norway Division 2,27557482
6750,Ghana Premier League,27557507
6752,Ukraine Premier League (Vyscha Liha),27557551
6754,Belarus Premier League (Vysshaya Liga),27557567
6755,Israel Division 4 (Liga Bet),27557595
6756,Germany Regionalliga North,27557646
6758,Italy Serie B,27557690
6763,England Football League Championship,27557718
6764,Germany Regionalliga Southwest,27557722
6765,Malaysia Super League,27557732
6767,Bosnia & Herzegovina 1st League (Prva Liga),27557752
6768,Indonesia Liga 1,27557776
6769,Paraguay Division 1 (Primera División),27557783
6770,China Super League,27557799
6771,Germany Regionalliga West,27557844
6772,Algeria Ligue 1 (Championnat National),27557871
6776,Netherlands Premier Division (Eredivisie),27558018
6779,Norway Premier League (Tippeligaen),27558082
6780,Iceland Premier League,27558089
6783,Germany Regionalliga Northeast,27558106
6784,Thailand 3rd Division (Pro League),27558114
6785,Spain Tercera Division,27558133
6786,Japan J-League Division 3,27558155
6787,Spain Segunda División RFEF,27558187
6790,Brazil Copa Santa Catarina,27558238
6792,Bulgaria Second PFG,27558264
6793,Spain Second Division A (Liga Adelante),27558276
6797,Uzbekistan Super League,27558346
6803,Germany Regionalliga West,27558435
6804,Slovenia 1. SNL (PrvaLiga Telekom Slovenije),27558455
6808,Hong Kong Premier League,27558538
6815,Germany Regionalliga Bayern (Bavaria),27558682
6820,Portugal Primeira Liga,27558760
6821,South Africa ABSA Premier League,27790555
6823,Greece Super League 2,27558789
6825,Germany Regionalliga West,27558839
6827,Germany Regionalliga North,27908910
6828,England League 1,27558901
6829,Norway Division 2,27558911
6832,Bosnia & Herzegovina 1st League (Prva Liga),27558963
6833,Germany 3. Liga,27559010
6834,Algeria Ligue 2,27559050
6836,Scotland Premier League,27972820
6837,Czech Republic Division 3 (Moravia-Silesia MSFL),27559125
6839,Denmark Division 1,27559161
6841,USA United Soccer League (USL Pro),27559185
6846,Lithuania 1 Lyga,27559264
6849,Slovenia 2. SNL,27559380
6850,Tunisia League 2 (CLP2),27559391
6854,Germany Regionalliga West,27559466
6855,England League 2,27559523
6857,Spain Segunda División RFEF,27559546
6860,Saudi Arabia Pro League,27559638
6861,Lithuania 1 Lyga,27559648
6863,England FA Trophy,27559667
6866,Denmark Division 1,27559699
6868,Norway Division 1 OBOS-ligaen,27559778
6871,Spain Tercera Division,27559914
6875,Poland 4. Liga,27560046
6876,Lithuania A Lyga,27560057
6878,Malaysia Super League,27560088
6879,Germany Regionalliga Northeast,27560125
6880,Algeria Ligue 2,27560153
6881,Norway Division 3,27560172
6884,Germany Regionalliga West,27560279
6887,Indonesia Liga 1,27560431
6888,Switzerland Challenge League,27560465
6889,Germany Regionalliga Southwest,27560477
6890,Czech Republic First League,27560484
6892,England Southern League Premier Division,27560522
6893,Switzerland Super League,27560569
6895,Turkey TFF 3. Lig,27560719
6896,Turkey TFF 2. Lig (Iddaa League B),27560728
6897,Bolivia Copa Cine Center,27560773
6900,Spain Segunda División RFEF,27560900
6901,Turkey Super League,27560985
6902,England National League North,27561004
6903,England National League,27561187
6904,England National League,27561221
6907,Turkey TFF 2. Lig (Iddaa League B),27561339
6908,Turkey TFF 2. Lig (Iddaa League B),27561418
6909,Japan J-League Division 2,27561461
6910,Spain Tercera Division,27561542
6911,Turkey Super League,27561605
6912,Turkey TFF 3. Lig,27561621
6914,Kazakhstan Premier League,27561743
6915,Spain Second Division A (Liga Adelante),27561750
6922,Malta Challenge League,27562162
6923,USA United Soccer League (USL Pro),27562165
6924,Bahrain Division 2,27562167
6925,Brazil Campeonato Brasiliero Série A,27562205
6927,Switzerland 1. Liga Classic,27562317
6930,Qatar Stars Cup,27873957
6947,Bulgaria First PFG,27563189
6948,New Zealand Premiership,27563207
6952,Sweden Superettan,27563343
6953,Chile Primera División B,27563359
6955,Japan J-League Division 2,27563429
6957,Venezuela Primera Division,27563547
6959,Mexico Primera División,27563567
6962,Algeria Ligue 1 (Championnat National),27563609
6964,Belgium First Amateur Division,27563676
6965,Hungary Division 2 (NB2),27563688
6967,Latvia Virsliga,27563765
6968,Turkey Super League,27563771
6971,Guatemala Division 1 (Liga Nacional),27564033
6972,Kuwait Premier League,27564077
6974,AFC Challenge League,27564121
6975,Morocco GNF1 (Botola),27564129
6977,Kuwait Premier League,27564322
6978,USA United Soccer League (USL Pro),27564412
6982,Spain Segunda División RFEF,27564469
6984,Japan J-League Division 2,27564508
6985,Montenegro League 1,27564625
6987,Austria Bundesliga,27564698
6992,Singapore S-League,27565025
6995,Germany Bundesliga 2,27565227
6996,Montenegro League 1,27565240
6997,Australia Championship,27668171
7002,Spain Primera Division RFEF,27565785
7003,Malaysia Super League,27565818
7005,Brazil Campeonato Brasiliero Série A,27565941
7006,Taiwan Football Premier League,27566031
7007,Egypt Premier League,27566070
7009,Egypt Premier League,27566093
7010,Romania Division 2,27566106
7011,Serbia Super League (Meridian League),27566172
7013,Austria Bundesliga,27872578
7014,Kazakhstan Premier League,27566195
7016,Italy Serie C (Lega Pro),27566291
7017,Italy Serie C (Lega Pro),27566311
7018,Italy Serie C (Lega Pro),27566318
7019,Italy Serie C (Lega Pro),27566322
7022,Sweden Allsvenskan,27566490
7023,Ecuador Serie B,27566579
7024,Mexico Liga De Ascenso,27566618
7026,Denmark Superliga (SAS Ligaen),27566652
7029,France Ligue 1,27566708
7031,Malaysia Super League,27566748
7032,Andorra Division 1,27566756
7035,South Korea K League 1,27566838
7038,Costa Rica Primera División,27566899
7039,Norway Division 3,27566916
7040,Norway Division 3,27566920
7043,Spain Tercera Division,27566936
7045,Saudi Arabia Pro League,28060715
7046,Saudi Arabia Kings Cup,27566953
7048,Spain Tercera Division,27566973
7049,Spain Tercera Division,27566976
7051,Thailand 3rd Division (Pro League),27567033
7052,Spain Tercera Division,27567075
7054,Japan J-League Division 3,27567078
7055,Italy Serie D,27567081
7057,Spain Tercera Division,27567082
7058,Japan J-League Division 2,27567093
7061,South Korea K3 League,27567155
7063,Italy Serie C (Lega Pro),27567158
7064,Portugal Segunda Liga,27567159
7065,Germany 3. Liga,27567160
7066,Portugal Liga 3,27567161
7067,Morocco GNF1 (Botola),27567162
7068,Czech Republic First League,27567165
7069,Kazakhstan Premier League,27567167
7070,Ukraine Premier League (Vyscha Liha),27567168
7071,Azerbaijan Premier League,27567170
7072,Turkey TFF 2. Lig (Iddaa League B),27567174
7073,Switzerland Challenge League,27567179
7078,Belgium 1st Division A,27827685
7080,Norway Division 3,27567246
7081,Thailand 3rd Division (Pro League),27567269
7082,Italy Serie B,27567274
7083,Sweden Division 1,27567286
7085,Guatemala Division 1 (Liga Nacional),27567386
7086,Ghana Premier League,27567387
7088,Peru Division 1 (Copa Cable Mágico),27567426
7089,England Premier League,27567459
7095,France Ligue 1,27567503
7096,Netherlands Premier Division (Eredivisie),27567517
7098,Hungary Division 3 (NB3),27567545
7104,Spain Tercera Division,27567584
7105,Hong Kong Premier League,27567622
7107,Spain Tercera Division,27567660
7108,Mongolia Premier League,27567669
7109,Spain Tercera Division,27567731
7115,Turkey Super League,27567818
7116,Indonesia Championship Cup,27567843
7123,Turkey TFF 2. Lig (Iddaa League B),27568012
7126,Spain Segunda División RFEF,27568041
7128,Turkey TFF 1. Lig,27568236
7130,Qatar Stars League,27568297
7132,France Ligue 1,27568316
7133,Spain Primera Division RFEF,27568354
7134,Italy Serie C (Lega Pro),27568377
7135,Spain Tercera Division,27568412
7136,Vietnam V-League,27568454
7137,Czech Republic Division 3 (Moravia-Silesia MSFL),27568481
7139,Portugal Liga 3,27568519
7140,Czech Republic Division 3 (CFL),27568535
7141,Czech Republic Division 3 (CFL),27568614
7142,Kazakhstan Premier League,27568626
7143,Czech Republic Division 3 (Moravia-Silesia MSFL),27568649
7145,Indonesia Liga 1,27568672
7150,Chile Primera División,27568720
7152,Czech Republic Division 3 (Moravia-Silesia MSFL),27568763
7154,Nigeria Premier League,27568772
7155,Hungary Division 3 (NB3),27568800
7163,Cambodia Premier League,27569056
7164,Poland 1. Liga,27569067
7165,Mexico Primera División,27569087
7167,Azerbaijan Premier League,27569143
7168,Spain La Liga,27569179
7169,Portugal Campeonato de Portugal Prio,27569192
7170,Spain Division de Honor U19,27569201
7171,Italy Serie D,27569228
7173,Norway Division 3,27569284
7174,Norway Division 3,27569297
7175,Spain Segunda División RFEF,27569302
7176,Norway Division 3,27569322
7178,Norway Division 3,27569358
7179,Norway Division 3,27569374
7180,Uzbekistan Super League,27569443
7188,Spain Tercera Division,27569614
7189,Germany 3. Liga,27569661
7195,Spain Tercera Division,27569703
7205,Belgium First Amateur Division,27569812
7208,Armenia Premier League,27569883
7209,Turkey Super League,27569892
7213,Peru Division 2,27570091
7216,Portugal Primeira Liga,27570193
7224,Chile Segunda División,27570289
7241,Romania Cupa Romaniei,27850168
7264,Denmark Superliga (SAS Ligaen),27570528
7267,Brazil Campeonato Brasiliero Série A,27570548
7269,Tunisia League 1 (CLP1),27570655
7271,England League 1,27570750
7273,Russia Division 1 (Football National League),27570833
7276,Uruguay Division 2 (Primera B),27571028
7284,Jordan Division 1,27571067
7285,Spain Primera Division RFEF,27571143
7286,Iceland Premier League,27571150
7287,Spain Primera Division RFEF,27571165
7289,Italy Serie A,27571244
7292,India Super Cup,27571473
7313,Luxembourg National Division (BGL League),27571574
7315,Scotland Premier League,27571597
7318,Cyprus Division 1 (Cyta Championship),27571668
7319,Scotland Premier League,27874803
7320,Sweden Division 1,27571778
7346,Luxembourg National Division (BGL League),27571971
7347,Netherlands Premier Division (Eredivisie),27571980
7359,Norway Premier League (Tippeligaen),27572087
7361,Brazil Campeonato Brasiliero Série B,27572273
7362,Georgia Erovnuli Liga,27572277
7363,Poland Premier Division (Ekstraklasa),27572284
7369,France Ligue 1,27572400
7372,Malta Challenge League,27572625
7373,Lithuania A Lyga,27572631
7376,Spain La Liga,27572803
7378,Costa Rica Liga de Ascenso,27573000
7379,Norway Premier League (Tippeligaen),27573020
7382,Israel Division 4 (Liga Bet),27573197
7388,Greece Cup,27573802
7389,Chile Primera División,27573861
7396,Ecuador Serie B,27566579
7399,Romania Cupa Romaniei,27847942
7401,MLS Next Pro,27574322
7402,Ecuador Serie B,27574390
7406,Mexico Primera División,27574450
7407,Uzbekistan Super League,27574590
7409,UAE Division 1,27574607
7411,England League 1,27574857
7413,Indonesia Liga 1,27574898
7414,Bulgaria First PFG,27574899
7415,Cyprus Division 1 (Cyta Championship),27574900
7416,Egypt Premier League,27574902
7425,England Football League Cup (EFL),27574912
7426,Brazil Campeonato Brasiliero Série B,27574914
7427,Colombia Primera A,27574916
7428,England Football League Trophy (EFL),27574917
7429,Malaysia FAM League,27574935
7430,Qatar Stars Cup,27574941
7432,Kuwait Division 1,27574962
7452,Hungary Division 2 (NB2),27733728
7455,Bolivia Copa Cine Center,27575120
7458,Estonia Esiliiga,27575260
7459,Australia A-League,27575276
7461,Estonia Esiliiga,27575342
7462,Saudi Arabia Division 1,27575395
7466,Jordan Division 1,27575465
7467,England Football League Trophy (EFL),27575488
7468,Germany Cup (DFB Pokal),27575535
7469,Georgia Erovnuli Liga,27575574
7474,Austria OFB Cup,27576126
7478,USA Major League Soccer,27576459
7483,Czech Republic First League,27576624
7520,Portugal Taça da Liga,27577314
7521,Malta Premier League,27577337
7522,Saudi Arabia Champions Cup,27577345
7523,USA Major League Soccer,27577486
7526,Spain Copa Del Rey,27577587
7527,Belgium Cup (Cofidis Cup),27577592
7528,Paraguay Division 1 (Primera División),27577605
7531,Estonia Esiliiga B,27577699
7532,Switzerland Super League,27577737
7533,France Ligue 2,27577808
7534,Netherlands KNVB Cup,27577887
7535,Bosnia & Herzegovina Premier League,27578033
7539,Denmark Cup (DBU Pokalen),27578134
7540,Poland Premier Division (Ekstraklasa),27578179
7541,Colombia Primera B,27578237
7544,Sweden Allsvenskan,27578357
7552,Bolivia Copa Division Profesional,27578391
7561,Poland Cup,27578644
7570,Bolivia Copa Division Profesional,27578738
7627,Portugal Segunda Liga,27579115
7632,Italy Serie B,27579125
7635,France Ligue 2,27579137
7636,Qatar Stars Cup,27579142
7641,Italy Serie B,27579164
7666,Belgium Cup (Cofidis Cup),27579253
7701,Romania Cupa Romaniei,27579395
7702,Costa Rica Liga de Ascenso,27579462
7703,Greece Cup,27579518
7707,Scotland Premier League,27904288
7708,Paraguay Division 1 (Primera División),27579841
7711,England Isthmian League Premier Division,27579979
7712,Spain Copa Del Rey,27579997
7716,Czech Republic MOL Cup,27580158
7717,Portugal Taça da Liga,27580275
7720,Poland Cup,27580329
7722,Saudi Arabia Division 1,27580351
7723,England Football League Trophy (EFL),27580354
7725,England League 1,27580355
7726,Bolivia Copa Division Profesional,27580358
7727,France Ligue 2,27580361
7728,France Ligue 2,27580362
7729,Portugal Taça da Liga,27580363
7732,Bosnia & Herzegovina Cup,27580400
7734,Georgia Erovnuli Liga,27580456
7735,Belarus Premier League (Vysshaya Liga),27580543
7742,AFC Challenge League,27580976
7744,Albania Super League (Kategoria Superiore),27581087
7750,England Isthmian League Division 1 South,27581544
7751,Azerbaijan Cup,27581639
7753,Germany Regionalliga North,27831531
7755,Colombia Primera A,27581751
7757,Italy Serie B,27581814
7758,Egypt Premier League,27581827
7759,Colombia Super Cup,28065394
7765,Bulgaria Cup,27582204
7766,Poland Cup,27582214
7767,Hungary Cup,27582245
7770,Qatar Stars Cup,27582328
7771,Poland Cup,27582334
7774,Bulgaria Cup,27582353
7779,Denmark Cup (DBU Pokalen),27582665
7781,UEFA Nations League Women,27582735
7785,England Football League Trophy (EFL),27582902
7813,England Football League Trophy (EFL),27583140
7814,Qatar Stars Cup,27583147
7815,Albania Division 1 (Kategoria e Parë),27583153
7818,Slovenia Cup (Pokal Hervis),27583244
7835,Algeria Ligue 1 (Championnat National),27583369
7874,Romania Cupa Romaniei,27583662
7878,India Super Cup,27583760
7879,Turkey Cup (Fortis Cup),27583823
7884,Saudi Arabia Kings Cup,27584088
7885,England Football League Trophy (EFL),27584236
7886,Bolivia Copa Division Profesional,27578738
7887,UEFA Nations League Women,27584280
7892,Algeria Ligue 1 (Championnat National),27584444
7894,International Friendly Women,27584554
7895,AFC Challenge League,27584582
7900,Bulgaria Cup,27584908
7901,South Africa National Division 1,27584919
7904,Finland Premier Division (Veikkausliiga),27585196
7912,English National League Cup,27585384
7921,Italy Serie A,27585559
7922,Turkey Cup (Fortis Cup),27585569
7925,UEFA Nations League Women,27585668
7927,Romania Cupa Romaniei,27585695
7933,England Football League Trophy (EFL),27586195
7936,England Premier League Cup U21,27586240
7941,Netherlands KNVB Cup,27586328
7952,Saudi Arabia Division 1,27586415
7953,English National League Cup,27586421
7957,Netherlands KNVB Cup,27586456
7964,England Premier League Cup U21,27922537
7966,Netherlands KNVB Cup,27586529
7967,Spain Copa Del Rey,27586533
7968,Netherlands KNVB Cup,27586547
7969,Austria OFB Cup,27586563
7970,Denmark Cup (DBU Pokalen),27586665
7972,Italy Serie A,27586689
7979,Spain Copa Del Rey,27586966
7981,Colombia Primera A,27587192
7983,Belgium Cup (Cofidis Cup),27587305
7990,Ukraine Premier League (Vyscha Liha),27626522
7991,Turkey Cup (Fortis Cup),27587823
7992,Malta Premier League,27587863
7999,Zambia Super League,27588491
8000,Tunisia League 1 (CLP1),27588507
8001,Colombia Primera A,27651711
8007,Spain Copa Del Rey,27588641
8008,Qatar Stars Cup,27588644
8009,Poland Cup,27588646
8010,Croatia Cup,27588649
8015,Copa Uruguay,27588658
8016,Spain Copa Del Rey,27588659
8024,Morocco GNF1 (Botola),27588666
8025,Netherlands KNVB Cup,27588670
8027,Slovenia Cup (Pokal Hervis),27588682
8034,Mongolia Premier League,27588794
8035,AFC Challenge League,27588813
8037,Bolivia Professional League,27656383
8038,France Ligue 1,27589010
8039,Romania Cupa Romaniei,27589073
8041,Spain Copa Del Rey,27589079
8044,Scotland Premier League,28060670
8045,CONMEBOL Copa Sudamericana,27589135
8048,Turkey Cup (Fortis Cup),27589351
8052,Croatia Cup,27589498
8053,Spain Copa Del Rey,27589504
8054,North Macedonia Premier League (Prva Liga),27589525
8073,Turkey Cup (Fortis Cup),27589692
8074,Thailand FA Cup,27589696
8075,Thailand FA Cup,27589703
8076,India Bangalore Super Division,27589713
8097,Spain Copa Del Rey,27589809
8113,Indonesia Liga 1,27606807
8115,Poland 2. Liga,27606826
8116,Japan J-League Division 2,27606840
8119,Germany Regionalliga North,27606857
8123,Kuwait Premier League,27606918
8125,Poland 2. Liga,27606940
8128,Germany Regionalliga West,27607051
8130,UAE Arabian Gulf League,27607063
8133,Italy Serie B,27607130
8138,Israel Division 4 (Liga Bet),27607157
8139,Poland 3. Liga,27607165
8149,Ukraine Premier League (Vyscha Liha),27607226
8155,Azerbaijan Premier League,27607294
8163,Uzbekistan Super League,27607330
8175,Paraguay Division 1 (Primera División),27607405
8177,Algeria Ligue 2,27607416
8181,Azerbaijan Premier League,27607457
8183,Lithuania 1 Lyga,27607468
8186,Germany Regionalliga Northeast,27804103
8189,Italy Serie C (Lega Pro),27607518
8197,Switzerland 1. Liga Promotion,27607579
8204,Croatia 1. (NL),27607600
8208,Poland Premier Division (Ekstraklasa),27607610
8210,Bulgaria First PFG,27607637
8211,Germany Regionalliga Bayern (Bavaria),27607655
8214,India Super Cup,27607678
8220,Israel Division 4 (Liga Bet),27607775
8222,Sweden Division 1,27607807
8223,Sweden Division 1,27607814
8225,Sweden Division 1,27607838
8228,Switzerland Super League,27607865
8229,Slovakia 2. Liga,27607875
8231,Qatar Stars League,27607894
8232,Greece Super League,27916644
8234,China Super League,27607931
8239,Romania Division 2,27607955
8242,Algeria Cup,27725910
8245,Denmark Division 2,27607993
8252,Brazil Campeonato Brasiliero Série B,27608075
8253,Ukraine Premier League (Vyscha Liha),27608107
8255,Morocco GNF1 (Botola),27608136
8257,Egypt Division 2,27608172
8259,Algeria Ligue 2,27608202
8262,Lithuania 1 Lyga,27608297
8264,Wales Premier League,27608444
8265,England FA Cup,27608504
8266,Cyprus Division 1 (Cyta Championship),27608519
8267,China Division 1 (Jia League),27608548
8268,Poland 2. Liga,27608604
8272,France Championnat National (Ligue 3),27608625
8273,Croatia 1. (NL),27608652
8277,Bolivia Professional League,27889296
8278,Slovenia 2. SNL,27608684
8280,Algeria Ligue 2,27608695
8283,Switzerland Challenge League,27608808
8285,Germany Regionalliga Bayern (Bavaria),27608861
8287,Georgia Cup,27608866
8289,France Ligue 2,27608908
8290,England Football League Championship,27608918
8292,Austria Landesliga Steiermark,27608924
8294,Sweden Division 1,27608956
8295,UAE Division 1,27608983
8300,Saudi Arabia Pro League,27609059
8301,Iran Pro League (Persian Gulf Cup),27609084
8303,Netherlands Premier Division (Eredivisie),27609091
8305,England Football League Championship,27609146
8309,Colombia Primera B,27791449
8311,Poland 3. Liga,27609522
8314,Australia Championship,27609557
8317,Czech Republic First League,27609642
8319,Lithuania 1 Lyga,27609719
8322,Jordan League,27609881
8323,Ireland Premier League,27609913
8333,China Super League,27610222
8335,North Macedonia Premier League (Prva Liga),27610339
8337,England Southern League Premier Division,27610362
8339,England Northern Premier League,27610382
8341,Lithuania 1 Lyga,27610510
8342,Lithuania 1 Lyga,27610518
8344,Lithuania 1 Lyga,27610539
8345,Slovakia 2. Liga,27610548
8346,Lithuania 1 Lyga,27610554
8348,Turkey Super League,27610575
8350,Brazil Campeonato Brasiliero Série B,27610605
8352,AFC Challenge League,27610673
8356,Brazil Campeonato Brasiliero Série A,27610768
8357,Japan Football League (JFL),27610795
8362,Chile Primera División B,27791263
8364,Aruba Division di Honor,27610890
8367,Spain Second Division A (Liga Adelante),27610933
8525,Spain Second Division A (Liga Adelante),27613741
8527,Scotland League Cup (Scottish Communities League Cup),27613745
8528,France Ligue 1,27613760
8530,Scotland League 1,27614253
8534,Chile Primera División B,27614288
8539,Argentina Primera B Metropolitana,27614316
8546,Australia A-League,27614540
8553,Argentina Torneo Federal A,27614617
8554,Belgium 1st Division B,27614624
8556,Malaysia FA Cup,27839342
8561,Estonia Esiliiga,27614805
8564,France Ligue 1,27614834
8567,Czech Republic Division 3 (CFL),27614900
8568,Croatia Division 1 (HNL),27614908
8569,Malaysia Super League,27614917
8570,UAE Division 1,27614924
8571,Sweden Superettan,27614940
8572,England Isthmian League Premier Division,27614945
8573,England Southern League Premier Division,27614954
8574,England Northern Premier League,27614960
8576,Belgium First Amateur Division,27614979
8577,Germany Regionalliga Southwest,27615023
8578,Germany Regionalliga Southwest,27615024
8581,Portugal Segunda Liga,27615146
8583,Wales FAW Championship North & Mid,27615186
8585,Spain Segunda División RFEF,27615266
8588,San Marino Campionato Sammarinese,27615290
8589,Thailand 3rd Division (Pro League),27615317
8591,Greece Super League 2,27615375
8592,Tanzani Premier League,27615383
8593,Spain Second Division A (Liga Adelante),27615384
8595,England Southern League Premier Division,27615397
8596,Czech Republic Division 3 (CFL),27615405
8598,Austria Bundesliga,27615414
8599,Switzerland Super League,27615469
8600,China Super League,27615471
8601,South Korea K League 1,27615490
8604,Austria Sky Go Erste Liga,27615559
8605,Slovenia 1. SNL (PrvaLiga Telekom Slovenije),27615566
8606,Germany Bundesliga 2,27615570
8607,South Africa ABSA Premier League,27615580
8609,Ecuador Serie A (Copa Pilsener),27615589
8610,Paraguay Division 1 (Primera División),27615598
8611,Slovakia 1. Liga,27615603
8613,England FA Cup,27615606
8614,Scotland League Cup (Scottish Communities League Cup),27615608
8615,China Super League,27615611
8617,Scotland Championship,27615612
8618,Spain Primera Division RFEF,27615614
8619,Switzerland Challenge League,27615615
8621,Portugal Liga 3,27615618
8622,England League 1,27889351
8623,England FA Cup,27615638
8626,England FA Cup,27615640
8627,England FA Cup,27615641
8629,Czech Republic First League,27615643
8631,England FA Cup,27615646
8632,England FA Cup,27615647
8633,England FA Cup,27615648
8634,England FA Cup,27615649
8635,Norway Division 1 OBOS-ligaen,27615651
8637,Germany Regionalliga North,27615662
8640,Germany Regionalliga North,27615663
8643,Costa Rica Primera División,27615667
8644,Scotland Championship,27615702
8645,Egypt Premier League,27615709
8648,Italy Campionato Primavera 2 U19,27615725
8649,Italy Campionato Primavera 2 U19,27615727
8651,UAE Arabian Gulf League,27615749
8653,England Football League Championship,27615794
8655,England FA Cup,27615843
8656,England FA Cup,27615853
8657,England FA Cup,27615861
8659,China Division 1 (Jia League),27615868
8662,USA United Soccer League (USL Pro),27615882
8665,Russia Premier League,27615885
8666,Algeria Ligue 1 (Championnat National),27615886
8668,Austria Sky Go Erste Liga,27615892
8669,Germany Bundesliga,27615905
8675,Saudi Arabia Pro League,27615990
8676,Netherlands Premier Division (Eredivisie),27615995
8677,Scotland Premier League,27616006
8681,Wales Premier League,27616024
8682,Japan J-League Division 3,27616031
8687,Norway Premier League (Tippeligaen),27616058
8690,Portugal Primeira Liga,27616149
8692,England FA Cup,27616194
8696,Italy Serie C (Lega Pro),27616248
8698,Germany Regionalliga North,27616283
8699,Chile Tercera División,27616365
8700,Lithuania A Lyga,27616415
8702,Israel Division 3 (Liga Alef),27616435
8703,Thailand League 1,27616463
8708,AFC Challenge League,27616508
8710,AFC Challenge League,27616516
8711,Italy Serie C (Lega Pro),27616529
8712,Denmark Division 1,27616618
8714,Germany Regionalliga North,27616646
8717,Israel Division 4 (Liga Bet),27616873
8720,Nicaragua Primera Division,27616946
8726,Greece Super League 2,27617007
8727,Hong Kong 1st Division,27617016
8728,Romania Division 2,27617043
8730,Belgium 1st Division A,27617060
8733,England FA Cup,27617108
8734,Sweden Superettan,27617119
8739,Peru Division 1 (Copa Cable Mágico),27617211
8740,China Super League,27617225
8741,Indonesia Championship Cup,27617257
8742,Thailand 3rd Division (Pro League),27617270
8743,Germany Regionalliga Northeast,27617287
8744,Thailand 3rd Division (Pro League),27617295
8747,France Championnat National 2 (CFA),27617320
8748,Vietnam V-League,27617414
8753,Tunisia League 1 (CLP1),27617477
8754,Tunisia League 1 (CLP1),27617483
8755,Slovakia 3. Liga,27617489
8757,Belgium 1st Division A,27617510
8759,USA United Soccer League (USL Pro),27617531
8760,England FA Cup,27617550
8763,Chile Primera División,27617663
8764,Spain Tercera Division,27617684
8765,Chile Tercera División,27617687
8766,Ireland Premier League,27617693
8769,Georgia Erovnuli Liga 2,27617760
8771,Costa Rica Primera División,27617779
8775,Czech Republic Division 4,27617822
8782,Czech Republic Division 3 (Moravia-Silesia MSFL),27617930
8790,Estonia Esiliiga B,27618095
8792,Wales Premier League,27618145
8793,Italy Serie D,27618155
8795,Bulgaria First PFG,27618174
8796,Sweden Allsvenskan,27618219
8798,Japan J-League Division 3,27618273
8810,Estonia Meistriliiga,27618410
8811,Scotland League 1,27618494
8812,France Championnat National (Ligue 3),27618510
8815,Thailand 3rd Division (Pro League),27618564
8816,Norway Premier League (Tippeligaen),27618576
8817,France Championnat National (Ligue 3),27618592
8821,Morocco GNF1 (Botola),27618627
8823,Thailand League 1,27618645
8824,Spain Tercera Division,27618698
8846,Cambodia Premier League,27618918
8872,Wales FAW Championship North & Mid,27619123
8875,Slovakia 2. Liga,27619182
8876,England Isthmian League Division 1 South,27619222
8877,Spain Segunda División RFEF,27619233
8883,Sweden Division 1,27619355
8885,Germany Bundesliga 2,27619416
8886,Turkey TFF 3. Lig,27619449
8898,Indonesia Championship Cup,27619600
8899,Sweden Damallsvenskan Women,27619609
8900,England Isthmian League Division 1 North,27619618
8901,Mexico Primera División,27619648
8902,France Ligue 2,27619660
8909,Italy Serie C (Lega Pro),27619786
8911,Spain Primera Division RFEF,27619862
8912,Czech Republic Division 3 (Moravia-Silesia MSFL),27619880
8913,Germany 3. Liga,27619899
8915,Brunei Super League,27619915
8921,Azerbaijan Premier League,27620020
8943,Italy Serie D,27620204
8947,Spain Primera Division RFEF,27620253
8961,Argentina Torneo Federal A,27620377
8967,Guatemala Division 1 (Liga Nacional),27620452
8972,Hungary Division 2 (NB2),27620477
8979,Sweden Superettan,27620515
8988,Italy Serie A,27620559
8994,Bahrain Premier League,27620621
9000,Italy Serie B,27620633
9019,Hungary Division 1 (NB1 Soproni Liga),27620767
9023,Austria Sky Go Erste Liga,27620801
9026,Russia Premier League,27620835
9029,Spain Segunda División RFEF,27620889
9032,Slovakia 1. Liga,27620955
9035,Scotland Premier League,27621033
9036,England FA Cup,27621057
9038,England League 2,27966853
9040,England FA Cup,27621091
9042,England FA Cup,27621135
9043,Kuwait Premier League,27621155
9044,Spain Tercera Division,27621162
9045,Northern Ireland Premier League,27621166
9056,Switzerland 1. Liga Promotion,27621482
9058,Turkey TFF 1. Lig,27621657
9061,France Ligue 1,27621738
9062,Brazil Campeonato Brasiliero Série A,27621746
9063,Austria Bundesliga,27621748
9065,Canada Premier League,27621771
9066,France Championnat National (Ligue 3),27621855
9067,France Championnat National 2 (CFA),27621861
9069,Denmark Division 1,27621874
9070,North Macedonia 2nd League (Vtora Liga),27621895
9072,Romania Division 1,27621973
9073,Latvia Virsliga,27622031
9074,Spain Primera Division RFEF,27622052
9080,Algeria Ligue 1 (Championnat National),27622282
9081,Spain Tercera Division,27622312
9086,Peru Division 1 (Copa Cable Mágico),27622390
9087,Honduras Liga Nacional,27622403
9089,Turkey Super League,27622432
9092,Australia Championship,27622506
9093,France Championnat National 2 (CFA),27622549
9097,Argentina Liga Profesional,27622610
9098,Germany Regionalliga North,27622637
9100,Greece Super League,27622661
9104,Argentina Primera Nacional,27622795
9106,Trinidad and Tobago T & T Pro League,27622864
9107,Turkey Super League,27622900
9108,Mexico Liga TDP,27622954
9109,Japan J-League Division 3,27623002
9111,Germany Bundesliga,27623056
9112,Egypt Premier League,27623091
9113,France Championnat National (Ligue 3),27623112
9115,Brazil Campeonato Carioca Serie B (RJ),27623173
9116,Brazil Campeonato Carioca Serie B (RJ),27623201
9117,Armenia Premier League,27623231
9118,South Africa ABSA Premier League,27623244
9125,USA Major League Soccer,27623399
9127,Sweden Allsvenskan,27623602
9132,India Super Cup,27623757
9134,Italy Serie A,27623903
9136,Serbia Super League (Meridian League),27624015
9137,Spain Second Division A (Liga Adelante),27624195
9138,MLS Next Pro,27624263
9142,Puerto Rico Soccer League,27624305
9144,Brazil Campeonato Brasiliero Série B,27624512
9148,Spain Second Division A (Liga Adelante),27624710
9149,Argentina Liga Profesional,27624740
9150,Austria Sky Go Erste Liga,27624753
9153,Mexico Liga MX Women,27722389
9155,Poland Premier Division (Ekstraklasa),27625121
9158,Spain Primera Division RFEF,27625330
9161,USL League One,27625443
9162,Austria Amateur Wiener Stadtliga,27625672
9163,USA United Soccer League (USL Pro),27625708
9167,Czech Republic First League,27625925
9171,Greece Super League,27626003
9172,Panama Primera Division,27626015
9173,Portugal Liga 3,27626016
9175,Germany Regionalliga Southwest,27626072
9176,Germany Regionalliga Northeast,27626078
9177,Sweden Superettan,27626109
9179,Tunisia League 1 (CLP1),27626142
9180,Italy Serie D,27626156
9181,Czech Republic First League,27626168
9184,Taiwan Football Premier League,27626249
9185,Czech Republic Division 4,27626262
9193,Japan J-League Division 3,27626297
9198,Germany Regionalliga North,27626344
9200,Romania Division 1,27626376
9201,Japan J-League Division 2,27626378
9202,Saudi Arabia Division 1,27626437
9203,Poland 1. Liga,27626473
9205,Indonesia Liga 1,27626477
9206,Turkey TFF 1. Lig,27626484
9207,Portugal Liga 3,27626489
9208,Poland Premier Division (Ekstraklasa),27626496
9209,Germany 3. Liga,27626502
9210,Paraguay Division 1 (Primera División),27626507
9211,Ecuador Serie A (Copa Pilsener),27626510
9212,Slovakia 1. Liga,27626511
9213,Peru Division 1 (Copa Cable Mágico),27626515
9215,Spain Primera Division RFEF,27626517
9216,South Africa Telkom Knockout Cup,27679819
9217,Ukraine Premier League (Vyscha Liha),27626522
9218,Germany 3. Liga,27626524
9220,Japan J-League Division 2,27626531
9221,Germany Bundesliga 2,27626537
9222,Portugal Primeira Liga,27626554
9223,Japan J-League Division 2,27626559
9224,Poland Premier Division (Ekstraklasa),27626563
9225,Egypt Premier League,27626568
9226,Switzerland Super League,27626570
9227,Cyprus Division 1 (Cyta Championship),27626573
9228,Russia Premier League,27626582
9229,Rwanda National Soccer League,27626624
9232,Estonia Esiliiga,27626638
9234,Germany Regionalliga West,27626645
9236,Germany Regionalliga Bayern (Bavaria),27626658
9238,Sweden Division 1,27626672
9239,Peru Division 1 (Copa Cable Mágico),27626685
9241,England FA Cup,27626724
9242,Portugal Segunda Liga,27626731
9243,Indonesia Liga 1,27626742
9248,England Premier League,27626796
9250,Bulgaria Second PFG,27626874
9251,Bulgaria Second PFG,27626903
9252,Poland 4. Liga,27626930
9255,Thailand League 2,27627016
9257,Italy Serie D,27627083
9258,Argentina Torneo Federal A,27627087
9261,Spain Tercera Division,27627139
9265,Estonia Meistriliiga,27627344
9267,Croatia Division 1 (HNL),27627353
9268,Spain Segunda División RFEF,27627416
9270,Spain Tercera Division,27627428
9271,Portugal Primeira Liga,27627432
9272,Cambodia Premier League,27627455
9273,Spain Segunda División RFEF,27627474
9452,England National League North,27647097
9454,Indonesia Liga 1,27647212
9455,England League 1,27647255
9458,AFC Champions League 2,27647298
9461,England Football League Trophy (EFL),27647331
9462,England Football League Trophy (EFL),27647365
9464,Gulf Club Champions League,27647451
9465,UEFA Europa Conference League,27647460
9471,AFC Champions League 2,27647851
9475,Egypt Premier League,27648032
9477,UEFA Europa Conference League,27648160
9478,UEFA Europa Conference League,27648163
9480,Venezuela Primera Division,27648279
9481,UEFA Champions League,27648402
9492,Wales Premier League,27814641
9494,Germany Bundesliga Women,27648499
9500,England National League North,27648558
9506,AFC Asian Champions League,27648861
9507,El Salvador Primera División,27648871
9510,England Football League Championship,27649388
9511,Egypt Super Cup,27649403
9512,UEFA Champions League,27649493
9515,UEFA Champions League,27649626
9525,Tanzani Premier League,27650281
9527,Cyprus Cup,27650408
9530,Tunisia League 1 (CLP1),27650461
9533,South Africa ABSA Premier League,27650466
9534,South Africa ABSA Premier League,27650467
9535,UEFA Europa Conference League,27650469
9536,Croatia Cup,27650471
9537,South Africa ABSA Premier League,27650473
9538,UEFA Europa Conference League,27650474
9542,UEFA Europa League,27650477
9543,UEFA Europa League,27650479
9544,Tunisia League 1 (CLP1),27650480
9545,UEFA Europa Conference League,27650481
9546,Japan J-League Division 3,27650483
9547,UEFA Europa League,27650499
9550,Venezuela Primera Division,27650560
9551,UEFA Europa League,27650596
9552,AFC Champions League 2,27650607
9556,UEFA Europa League,27650725
9557,England National League,27650755
9558,Vietnam V-League,27650776
9561,England Football League Championship,27650996
9562,Jordan Division 1,27651071
9564,Morocco GNF1 (Botola),27651091
9566,AFC Champions League 2,27651139
9568,UEFA Europa League,27651144
9570,England National League North,27651185
9575,Slovenia 2. SNL,27651463
9577,India Super Cup,27651686
9578,Slovenia Cup (Pokal Hervis),27651707
9580,Colombia Primera A,27651711
9582,UEFA Europa Conference League,27651777
9584,Israel Division 3 (Liga Alef),27651802
9585,Croatia 1. (NL),27651875
9587,Italy Copa Italia Serie D,27651937
9594,AFC Champions League 2,27652692
9596,Morocco GNF1 (Botola),27652898
9598,UEFA Europa Conference League,27652912
9601,Russia Cup,27653015
9602,Argentina Cup (Copa Argentina),27653019
9604,AFC Champions League 2,27653054
9605,Germany Regionalliga North,27653123
9608,Uganda Premier League,27653279
9609,UEFA Youth League U19,27653517
9613,UEFA Youth League U19,27653731
9615,El Salvador Primera División,27653807
9616,Peru Division 1 (Copa Cable Mágico),27653814
9620,Brazil Campeonato Brasiliero Série A,27654486
9624,Paraguay UFI Champions Cup,27654742
9625,UEFA Champions League,27654850
9629,Ukraine Premier League (Vyscha Liha),27654958
9630,Czech Republic MOL Cup,27655138
9634,Netherlands Division 1 (Eerste Divisie/Jupiler League),27655918
9636,India Super Cup,27655928
9637,Paraguay UFI Champions Cup,27655943
9641,Mexico Liga MX Women,27655978
9642,Guatemala Division 1 (Liga Nacional),27656012
9643,UEFA Europa League,27656021
9644,Switzerland Challenge League,27656047
9645,Bolivia Professional League,27656383
9649,Austria Sky Go Erste Liga,27656805
9650,Austria Sky Go Erste Liga,27656819
9652,UEFA Europa League,27656924
9653,Colombia Primera A,27656943
9654,Netherlands Division 1 (Eerste Divisie/Jupiler League),27657078
9657,Poland Premier Division (Ekstraklasa),27657147
9660,Puerto Rico Soccer League,27657535
9661,UEFA Europa Conference League,27657550
9662,Honduras Liga Nacional,27791960
9664,Morocco GNF1 (Botola),27657575
9685,UEFA Europa League,27657837
9686,Indonesia Liga 1,27657842
9689,UEFA Europa Conference League,27657907
9691,India Bangalore Super Division,27657923
9692,UEFA Europa Conference League,27657931
9693,UEFA Europa Conference League,27657940
9695,Iran Pro League (Persian Gulf Cup),27657967
9696,UEFA Europa Conference League,27657974
9697,Iran Pro League (Persian Gulf Cup),27657991
9698,ASEAN Club Championship,27860113
9699,Panama Primera Division,27658019
9701,China Division 1 (Jia League),27658199
9702,China Division 1 (Jia League),27658214
9703,AFC Champions League 2,27658348
9711,Bahrain Premier League,27659287
9721,Saudi Arabia Pro League,27659895
9724,Tunisia League 1 (CLP1),27660025
9726,AFC Champions League 2,27660179
9727,Estonia Meistriliiga,27660357
9731,Nicaragua Primera Division,27660470
9735,Russia Cup,27660494
9741,Mexico Liga MX Women,27660887
9746,Sweden Superettan,27661179
9747,Sweden Superettan,27661179
9753,Australia Championship,27661527
9754,Italy Serie B,28074585
9755,Italy Serie B,27661654
9757,Scotland League 1,27661670
9760,Norway Division 1 OBOS-ligaen,27661689
9761,Scotland Premier League,27661702
9763,England League 1,27661723
9764,Wales Premier League,27661770
9768,UAE Division 1,27662061
9769,Slovakia 1. Liga,27662210
9770,Australia A-League,27662255
9773,UEFA Europa League,27662570
9775,CONCACAF CFU Caribbean Cup,27662617
9776,France Championnat National (Ligue 3),27662631
9778,France Championnat National (Ligue 3),27662656
9779,England National League South,27662699
9781,UEFA Europa League,27662763
9783,South Korea K League 2,27662945
9785,UAE Division 1,27663328
9793,Spain Segunda División RFEF,27663443
9794,Spain Segunda División RFEF,27663449
9797,Australia Championship,27663548
9798,Turkey Cup (Fortis Cup),27927942
9805,Italy Serie C (Lega Pro),27663828
9806,Kuwait Premier League,27663846
9809,Italy Serie C (Lega Pro),27663945
9810,England League 2,27663993
9817,UEFA Europa League,27664204
9820,England League 2,27664376
9821,Brazil Campeonato Brasiliero Série B,27664439
9822,Wales FAW Championship South & Mid,27664454
9824,Colombia Primera B,27767618
9827,Spain Second Division A (Liga Adelante),27664981
9828,Georgia Erovnuli Liga,27665005
9829,Saudi Arabia Pro League,27665029
9832,Germany 3. Liga,27665352
9836,Ireland Premier League,27665541
9838,Uruguay Division 1 (Primera División),27665550
9839,Latvia Virsliga,27665901
9842,"Israel Division 2 (Liga Leumit, National League)",27666028
9843,"Israel Division 2 (Liga Leumit, National League)",27666030
9844,"Israel Division 2 (Liga Leumit, National League)",27666035
9846,Tunisia League 2 (CLP2),27666072
9847,Saudi Arabia Pro League,27666076
9851,China Division 1 (Jia League),27666135
9854,France Ligue 2,27666176
9857,South Africa National Division 1,27666201
9861,Mexico Primera División,27666283
9862,Uzbekistan Super League,27666291
9863,Czech Republic Division 3 (Moravia-Silesia MSFL),27666294
9864,Qatar Stars League,27666300
9866,France Championnat National (Ligue 3),27666309
9867,Ecuador Serie A (Copa Pilsener),27666311
9868,Peru Division 1 (Copa Cable Mágico),27666313
9870,Belgium 1st Division B,27666315
9871,Italy Serie C (Lega Pro),27666317
9875,Israel Division 3 (Liga Alef),27666336
9876,China Division 1 (Jia League),27666338
9877,Turkey Super League,27666355
9881,Denmark Superliga (SAS Ligaen),27666398
9884,Bulgaria First PFG,27666486
9889,Netherlands Division 1 (Eerste Divisie/Jupiler League),27666648
9890,Scotland League 1,27666686
9891,Peru Division 1 (Copa Cable Mágico),27666690
9892,Belarus Premier League (Vysshaya Liga),27666701
9893,Algeria Ligue 2,27666714
9895,Germany Regionalliga Southwest,27666740
9896,Germany Regionalliga Northeast,27666768
9899,France Ligue 2,27666822
9901,Germany Regionalliga Bayern (Bavaria),27666849
9902,Germany Regionalliga Bayern (Bavaria),27666864
9903,Israel Division 3 (Liga Alef),27666868
9904,Belarus Premier League (Vysshaya Liga),27666881
9905,Netherlands Division 1 (Eerste Divisie/Jupiler League),28070612
9907,Germany Regionalliga Bayern (Bavaria),27666907
9908,Indonesia Championship Cup,27666913
9909,South Korea K3 League,27666940
9911,Germany Regionalliga Northeast,27666948
9912,Malaysia FAM League,27666959
9914,Oman League,27667016
9916,Oman League,27667025
9918,Malaysia FAM League,27667096
9919,Indonesia Liga 1,27667104
9921,Oman League,27667168
9922,Singapore Cup,27667189
9924,Israel Division 4 (Liga Bet),27667334
9925,Germany Regionalliga Southwest,27667357
9926,Peru Division 1 (Copa Cable Mágico),27667395
9928,Israel Division 3 (Liga Alef),27667407
9930,Scotland League 1,27667434
9933,Indonesia Championship Cup,27667483
9934,England League 1,27667528
9935,Austria Regionalliga Central,27667556
9937,Iran Pro League (Persian Gulf Cup),27667574
9941,Paraguay Division 1 (Primera División),27667720
9942,Spain Primera Division RFEF,27667760
9943,Iran Pro League (Persian Gulf Cup),27667882
9945,Scotland League 2,27667932
9946,Germany 3. Liga,27667961
9948,Poland 3. Liga,27668015
9950,Bulgaria First PFG,27668073
9951,Austria Landesliga Steiermark,27668093
9953,Australia Championship,27668171
9957,Russia Premier League,27668345
9959,Czech Republic Division 3 (CFL),27668395
9966,Algeria Ligue 2,27668519
9974,Israel Division 4 (Liga Bet),27668569
9981,Israel Division 4 (Liga Bet),27668620
9984,Sweden Superettan,27668636
9985,Turkey TFF 2. Lig (Iddaa League B),27668643
9989,UAE Division 1,27668729
9991,Hungary Division 1 (NB1 Soproni Liga),27668796
9992,Ukraine League 1 (Persha Liha),27668844
9993,Italy Serie B,27669026
9994,Bulgaria Second PFG,27669098
9995,Switzerland Challenge League,27669165
9996,Poland 2. Liga,27669255
10002,Albania Division 1 (Kategoria e Parë),27669287
10014,Denmark Division 1,27669355
10032,Bolivia Copa Division Profesional,27669445
10036,Poland 3. Liga,27669467
10039,Sweden Superettan,27669482
10045,Thailand League 1,27669517
10048,South Korea K League 1,27669540
10050,Germany Bundesliga 2,27669553
10065,Scotland League 1,28037550
10069,Netherlands 2nd Division (Tweede Divisie),27669747
10077,Rwanda National Soccer League,27669795
10086,Brazil Campeonato Brasiliero Série A,27669829
10089,Argentina Primera Nacional,27669954
10092,Spain Segunda División RFEF,27670014
10093,Slovakia 2. Liga,27670102
10094,Poland 2. Liga,27670154
10115,Peru Division 1 (Copa Cable Mágico),27670730
10116,Wales FAW Championship South & Mid,27670746
10121,Bulgaria First PFG,27670776
10122,Japan J-League Division 2,27670799
10123,Sweden Division 1,27670832
10128,Denmark Division 3,27671082
10130,Italy Serie B,27671133
10131,Denmark Future Cup,27710755
10134,Scotland League 2,27671231
10136,England Northern Premier League,27671315
10138,England Isthmian League Premier Division,27671342
10142,Ghana Premier League,27671422
10143,Belarus Premier League (Vysshaya Liga),27671459
10144,Spain Primera Division RFEF,27671526
10145,Mexico Liga TDP,27671597
10147,England National League South,27671639
10148,England Northern Premier League,27671668
10151,Serbia Super League (Meridian League),27671786
10152,USA National Women´s Soccer League (NWSL),27671889
10154,China Division 1 (Jia League),27671900
10155,Wales FAW Championship North & Mid,27671936
10157,Italy Serie C (Lega Pro),27671963
10158,England Football League Championship,27672014
10161,New Zealand Premiership,27672055
10180,Thailand League 1,27672250
10185,Turkey TFF 2. Lig (Iddaa League B),27672320
10193,Wales FAW Championship North & Mid,27672421
10195,Cyprus Division 2,27672444
10196,Czech Republic Division 3 (Moravia-Silesia MSFL),27672474
10202,Netherlands 2nd Division (Tweede Divisie),27672634
10206,Austria Amateur Karntner Liga,27672962
10207,Austria Landesliga Steiermark,27672984
10211,South Korea K3 League,27673016
10213,South Korea K3 League,27673046
10215,Greece Super League,27673058
10219,England Premier League,27673101
10221,Austria Amateur Karntner Liga,27673264
10224,Mexico Liga TDP,27673398
10225,Croatia Division 1 (HNL),27673476
10226,Japan Regional Leagues,27673502
10230,Algeria Ligue 1 (Championnat National),27673668
10232,Japan J-League Division 3,27673762
10234,England Football League Championship,27673780
10235,France Ligue 2,27673794
10237,France Ligue 2,27673820
10238,England Southern League Premier Division,27673884
10239,England Southern League Premier Division,27673893
10241,England Northern Premier League,27673904
10243,Algeria Ligue 1 (Championnat National),27674022
10246,Spain La Liga,27674110
10248,Argentina Primera B Metropolitana,27674187
10251,England Southern League Premier Division,27674309
10257,Chile Segunda División,27674636
10258,Belgium 1st Division A,27674649
10260,Turkey Elite League U19,27674677
10264,Czech Republic First League,27674735
10265,England National League North,27674751
10267,Portugal Segunda Liga,27674762
10269,England National League North,27674789
10270,Argentina Primera Nacional,27674915
10271,Indonesia Championship Cup,27674990
10273,Aruba Division di Honor,27766544
10275,Romania Division 2,27675244
10277,Romania Division 2,27675263
10278,Czech Republic First League,27675277
10280,Vietnam V-League 2,27675317
10281,Guatemala Division 1 (Liga Nacional),27675401
10282,Brazil Campeonato Brasiliero Série B,27675424
10285,Uruguay Division 2 (Primera B),27675496
10297,Czech Republic Division 4,27675646
10312,Poland Premier Division (Ekstraklasa),27675752
10319,Uruguay Division 1 (Primera División),27675820
10367,Italy Serie B,27676316
10368,Norway Division 1 OBOS-ligaen,27676336
10379,Argentina Liga Profesional,27676450
10396,Portugal Segunda Liga,27676798
10397,England Southern League Premier Division,27676823
10401,Australia A-League,27677086
10402,Estonia Meistriliiga,27677089
10406,Germany Regionalliga Bayern (Bavaria),27677234
10408,Germany Regionalliga North,27677240
10416,Denmark Division 2,27677344
10418,Germany Regionalliga West,27677347
10419,Japan Football League (JFL),27677351
10420,Sweden Division 1,27677370
10425,Greece Super League 2,27677377
10440,Romania Division 2,27677402
10451,Moldova Super Liga (Divizia Nationala),27677411
10455,Japan J-League Division 1,27677414
10459,Germany Regionalliga Bayern (Bavaria),27677428
10461,Bulgaria First PFG,27677429
10462,England Isthmian League Premier Division,27677434
10463,Germany Bundesliga,27677444
10464,Czech Republic Division 3 (Moravia-Silesia MSFL),27677453
10466,Slovenia 2. SNL,27677460
10470,Czech Republic Division 3 (CFL),27677502
10472,Denmark Division 3,27677517
10474,Netherlands Premier Division (Eredivisie),27677528
10475,Belgium 1st Division A,27677531
10476,Germany Regionalliga Bayern (Bavaria),27677541
10477,Ukraine Premier League (Vyscha Liha),27677555
10479,Georgia Erovnuli Liga 2,27677562
10481,Spain Primera Division RFEF,27677572
10482,USA United Soccer League (USL Pro),27677578
10484,USA United Soccer League (USL Pro),27677585
10486,Paraguay Division 1 (Primera División),27677596
10488,Serbia Super League (Meridian League),27677608
10490,Uruguay Division 1 (Primera División),27677610
10492,Portugal Liga 3,27677624
10494,Switzerland Super League,27677627
10496,England League 1,27677639
10498,Czech Republic Division 4,27677648
10502,Turkey TFF 3. Lig,27677653
10504,Wales Premier League,27677657
10507,England Football League Championship,27677669
10515,Germany Regionalliga West,27677711
10518,Netherlands 2nd Division (Tweede Divisie),27677723
10525,Norway Division 1 OBOS-ligaen,27677745
10526,Germany Regionalliga North,27677751
10530,Ukraine Premier League (Vyscha Liha),27677765
10533,Australia Championship,27677781
10536,England National League North,27677789
10539,Chile Primera División,27677792
10547,Norway Premier League (Tippeligaen),27677806
10572,Spain Second Division A (Liga Adelante),27677852
10594,Japan Football League (JFL),27677889
10604,Hong Kong Premier League,27677917
10605,Thailand League 1,27677927
10612,Norway Premier League (Tippeligaen),27677944
10617,Germany Bundesliga 2,27677970
10627,England League 2,27678000
10642,Romania Division 2,27678021
10655,England League 2,27678042
10660,Moldova Super Liga (Divizia Nationala),27678055
10661,Italy Serie C (Lega Pro),27678081
10663,Italy Serie C (Lega Pro),27678099
10671,Italy Serie A,27678125
10691,Turkey TFF 2. Lig (Iddaa League B),27678278
10709,Germany Regionalliga North,27678344
10736,Slovakia 3. Liga,27678596
10746,Spain Primera Division RFEF,27678707
10751,Argentina Liga Profesional,27678735
10761,England National League South,27678785
10772,Germany Regionalliga Southwest,27678865
10781,Colombia Primera A,27678938
10787,Spain Tercera Division,27679000
10790,Czech Republic First League,27679029
10800,Denmark Division 3,27679109
10805,Ireland FAI Cup,27679139
10807,Chile Tercera División,27679163
10810,Spain Tercera Division,27679191
10817,Czech Republic Division 3 (CFL),27679238
10821,Uzbekistan Super League,27679284
10822,Thailand 3rd Division (Pro League),27679313
10824,Chile Tercera División,27679357
10826,Czech Republic Division 3 (CFL),27679370
10831,England League 1,27679400
10836,Cambodia Premier League,27679439
10838,Algeria Ligue 2,27679478
10839,Ukraine Premier League (Vyscha Liha),27679520
10844,Venezuela Primera Division,27679631
10847,Turkey TFF 1. Lig,27679673
10848,"Israel Premier League (Ligat ha´Al, Ligat Toto)",27679689
10850,Japan J-League Division 3,27679760
10852,Slovenia 3. SNL,27679808
10854,South Africa Telkom Knockout Cup,27679819
10857,Turkey TFF 2. Lig (Iddaa League B),27679886
10859,Saudi Arabia Division 1,27679920
10860,Brazil Campeonato Brasiliero Série B,27679931
10864,Chile Tercera División,27679973
10865,Portugal Segunda Liga,27679981
10868,Northern Ireland Premier League,27680006
10869,England National League South,27680025
10870,Italy Serie B,27680063
10872,Greece Super League 2,27680142
10873,England Football League Trophy (EFL),28061730
10875,Georgia Erovnuli Liga,27680179
10877,Austria Bundesliga,27680306
10878,Morocco GNF1 (Botola),27680413
10880,Spain Primera Division RFEF,27680432
10882,Poland 4. Liga,27680440
10884,Morocco GNF1 (Botola),27680450
10885,England League 2,27680465
10886,Japan WE League Women,27680495
10887,Germany Regionalliga West,27680508
10888,Belgium First Amateur Division,27680523
10891,Germany 3. Liga,27680536
10892,Russia Premier League,27680560
10894,England League 2,27680574
10897,Thailand League 1,27680612
10912,Latvia Virsliga,27680743
10915,North Macedonia 2nd League (Vtora Liga),27680772
10918,North Macedonia 2nd League (Vtora Liga),27680789
10923,France Championnat National 2 (CFA),27680820
10928,Spain Segunda División RFEF,27680850
10932,Norway Division 1 OBOS-ligaen,27680896
10940,Belgium First Amateur Division,27680989
10946,Sweden Allsvenskan,27681038
10948,Germany 3. Liga,27681065
10951,England Southern League Premier Division,27681084
10969,Spain Second Division A (Liga Adelante),27681218
10971,Spain Primera Division RFEF,27681242
10976,Turkey TFF 1. Lig,27681335
10977,South Africa ABSA Premier League,27846400
10978,Hungary Division 2 (NB2),27681420
10981,Ukraine Premier League (Vyscha Liha),27681497
10983,Spain Segunda División RFEF,27681517
10986,Germany 3. Liga,27681554
10990,Uruguay Division 2 (Primera B),27681610
10992,Lithuania A Lyga,27681651
10994,Uganda Premier League,27681680
10995,Germany Bundesliga 2,27681719
10997,Indonesia Liga 1,27681951
11013,Italy Serie A,27682190
11016,Costa Rica Liga de Ascenso,27682243
11017,Russia Division 1 (Football National League),27682329
11018,Latvia Virsliga,27682401
11020,Sweden Division 1,27682445
11022,Sweden Division 1,27682482
11023,Sweden Division 1,27682488
11024,Netherlands 2nd Division (Tweede Divisie),27682517
11026,Spain Tercera Division,27682560
11027,Italy Serie B,27682565
11028,Italy Serie C (Lega Pro),27682638
11029,England League 2,27682668
11036,Morocco GNF1 (Botola),27682840
11037,Scotland Championship,27682865
11039,England League 2,27682969
11040,Sweden Division 1,27683031
11041,Belgium First Amateur Division,27683065
11042,Spain Second Division A (Liga Adelante),27683095
11043,Saudi Arabia Division 1,27683156
11044,Sweden Division 1,27683214
11051,Scotland League 2,27683338
11052,England Football League Championship,27683404
11057,England Northern Premier League,27683462
11061,England Southern League Premier Division,27683496
11066,Nigeria Premier League,27683537
11069,England Southern League Premier Division,27683589
11071,England National League North,27683620
11073,England Northern Premier League,27683641
11075,England Isthmian League Premier Division,27683683
11079,England Southern League Premier Division,27683748
11081,Poland 3. Liga,27683771
11085,Switzerland 1. Liga Classic,27683813
11087,France Ligue 1,27683826
11089,Albania Super League (Kategoria Superiore),27683881
11090,Austria Bundesliga,27684086
11092,Argentina Primera C,27684168
11095,Bulgaria First PFG,27684222
11097,Vietnam V-League,27684242
11098,Austria Bundesliga,27684254
11105,Italy Serie C (Lega Pro),27684495
11106,Spain Segunda División RFEF,27684518
11108,Israel Division 4 (Liga Bet),27684645
11109,Australia Championship,27684693
11115,Chile Primera División,27685096
11116,Israel Division 4 (Liga Bet),27685134
11120,France Premier Ligue Women,27685404
11123,Canada Premier League,27685539
11124,Poland 1. Liga,27685563
11131,Switzerland Super League,27686208
11132,Chile Tercera División,27686244
11134,Spain Primera Division RFEF,27686411
11136,Italy Campionato Primavera U20,28025387
11141,South Korea K League 2,27687100
11142,Slovakia 2. Liga,27687108
11143,Australia Championship,27687119
11148,Paraguay Division 1 (Primera División),27700192
11149,England League 2,27967543
11150,Argentina Liga Profesional,27700527
11151,England Isthmian League Premier Division,27700535
11153,England Isthmian League Premier Division,27700715
11160,England Football League Trophy (EFL),27701013
11161,England Football League Trophy (EFL),27701017
11162,Scotland Challenge Cup,27701021
11164,England Football League Trophy (EFL),27701067
11166,Slovakia Cup,27701242
11167,Romania Division 2,27701244
11168,England Football League Trophy (EFL),27701270
11174,Scotland Challenge Cup,27701734
11175,England National League North,27701790
11176,England Football League Trophy (EFL),27701834
11177,Scotland Challenge Cup,27701874
11184,England Football League Trophy (EFL),27702102
11187,England Football League Trophy (EFL),27702204
11188,Scotland Challenge Cup,27759086
11189,England Football League Trophy (EFL),27702279
11191,England Football League Trophy (EFL),27702312
11193,Indonesia Championship Cup,27702479
11195,England Isthmian League Division 1 South,27702520
11197,Scotland Challenge Cup,27702773
11201,UEFA Champions League Women,27703161
11202,UEFA Champions League Women,27703170
11204,England Football League Trophy (EFL),27703385
11208,Austria BFV Cup (Burgenland),27703679
11209,International Friendly,27703828
11211,England Football League Trophy (EFL),27703845
11212,Czech Republic MOL Cup,27703893
11215,Denmark Kvindeligaen Women,27705518
11219,England Football League Trophy (EFL),27706324
11220,England Isthmian League Premier Division,27706472
11222,Colombia Primera B,27738160
11228,England FA Cup,28034655
11230,England Football League Trophy (EFL),27707286
11232,England Football League Trophy (EFL),27707411
11237,Guatemala Division 1 (Liga Nacional),27707677
11241,FIFA World Cup,27708016
11243,Indonesia Championship Cup,27708570
11247,FIFA World Cup,27708844
11257,Indonesia Championship Cup,27709711
11258,Spain Primera Division RFEF,27709716
11261,Colombia Primera A,27709721
11262,Cambodia Hun Sen Cup,27709766
11263,UEFA Champions League Women,27709942
11265,Jordan Division 1,27710289
11266,Croatia Second Division,27710293
11268,Club Friendly,27710588
11270,Denmark Future Cup,27710755
11271,UEFA European Championship U19,27710812
11272,UEFA European Championship U19,27710820
11273,Ireland Leinster League,27710847
11274,International Friendly U21,27750257
11275,UEFA Champions League Women,27711022
11278,FIFA World Cup,27746763
11284,FIFA World Cup,27711520
11285,FIFA World Cup,27711538
11287,International Friendly,27711733
11293,UEFA Europa Cup Women,27711855
11298,Jordan Division 1,27712025
11300,Jordan Division 1,27712025
11302,Colombia Primera A,27712079
11304,Jordan Division 1,27712025
11307,FIFA World Cup,27712332
11309,International Friendly,27712441
11314,UEFA European Championship U19,27712742
11315,UEFA European Championship U19,27712854
11316,Ghana Premier League,27713214
11317,UEFA Europa Cup Women,27713543
11324,Egypt Division 2,27714201
11325,Brazil Copa FGF (Gaucho/RS),27714332
11326,UEFA European Championship U19,27714362
11327,Denmark Division 2,27714413
11329,Germany Regionalliga North,27714706
11330,Bolivia Copa Cine Center,27714860
11342,Bolivia Copa Cine Center,27715193
11344,International Friendly,27715299
11345,International Friendly,27715468
11346,Egypt Division 2,27715504
11349,Italy Serie C (Lega Pro),27715750
11352,International Friendly,27715967
11354,International Friendly,27715990
11355,Indonesia Championship Cup,27715993
11362,FIFA World Cup,27716349
11367,Australia Championship,27716662
11370,International Friendly,27716778
11371,FIFA World Cup,27716780
11372,FIFA World Cup,27716782
11373,Wales Premier League,27716783
11387,FIFA World Cup,27716789
11397,Wales Premier League,27922302
11398,Colombia Primera A,27716814
11399,Colombia Primera A,27716816
11403,Indonesia Championship Cup,27717054
11404,Club Friendly,27717065
11405,Indonesia Championship Cup,27717083
11407,Brazil Campeonato Brasiliero Série B,27717190
11412,Colombia Primera A,27717742
11415,Bolivia Copa Cine Center,27744545
11416,International Friendly,27718363
11420,Club Friendly,27718486
11422,International Friendly,27718581
11424,Egypt Division 2,27718999
11426,FIFA World Cup,27719216
11429,Denmark Division 2,27719511
11432,FIFA World Cup,27719879
11433,Japan Football League (JFL),27719886
11435,Japan J-League Division 3,27720038
11436,England National League,27720051
11437,England National League,27720073
11438,Qatar Stars Cup,27720097
11447,Mexico Liga De Ascenso,28051469
11449,Slovakia 2. Liga,27720852
11452,England League 2,27720907
11453,International Friendly,27721189
11456,FIFA World Cup,27721337
11457,Italy Serie C (Lega Pro),27721417
11463,FIFA World Cup,27721632
11469,International Friendly,27722321
11470,FIFA World Cup,27722360
11472,Mexico Liga MX Women,27722389
11473,International Friendly,27722405
11476,Croatia Division 1 (HNL),27722579
11477,International Friendly,27722629
11478,New Zealand Premiership,27722675
11499,FIFA World Cup,27722787
11521,Denmark Division 2,27722823
11522,Wales FAW Championship North & Mid,27722829
11523,FIFA World Cup,27722833
11534,Japan J-League Division 3,27722938
11537,Northern Ireland Premier League,27723122
11538,Italy Serie C (Lega Pro),27723210
11540,Spain Second Division A (Liga Adelante),27723261
11541,Poland 3. Liga,27723420
11545,Italy Serie C (Lega Pro),27723827
11546,Spain Second Division A (Liga Adelante),27723915
11550,Wales Premier League,27724108
11551,Japan J-League Division 3,27724135
11555,Poland 2. Liga,27724355
11556,UEFA European Championship U21,27724563
11557,England League 2,27724566
11560,Czech Republic 4. Ligy,27724628
11561,International Friendly U21,27724640
11563,Spain Segunda División RFEF,27724753
11564,Spain Primera Division Women,27724814
11567,Slovenia 2. SNL,27724927
11568,Italy Serie C (Lega Pro),27724958
11570,Slovenia 2. SNL,27725004
11571,Spain Segunda División RFEF,27725013
11573,Brazil Campeonato Brasiliero Série B,27725026
11592,Spain Segunda División RFEF,27725306
11593,Club Friendly,27725320
11594,Spain Segunda División RFEF,27725456
11596,International Friendly,27725546
11597,Scotland League 2,27725557
11599,Algeria Cup,27725645
11602,Wales Premier League,27725763
11603,Algeria Cup,27725910
11604,Slovakia 2. Liga,27725926
11608,Slovenia 2. SNL,27726026
11609,Netherlands 2nd Division (Tweede Divisie),27726069
11614,UEFA European Championship U21,27726549
11615,UEFA European Championship U21,27726641
11616,FIFA World Cup,27726656
11625,Wales FAW Championship South & Mid,27727287
11626,Germany Regionalliga North,27727307
11629,Australia Championship,27727364
11631,Spain Segunda División RFEF,27727419
11633,Slovakia 2. Liga,27727563
11635,Italy Serie C (Lega Pro),27727576
11637,Spain Segunda División RFEF,27727598
11644,International Friendly,27727749
11651,FIFA World Cup,27727906
11654,Japan J-League Division 3,27728082
11656,Spain Second Division A (Liga Adelante),27728110
11658,International Friendly,27728189
11660,Spain Primera Division Women,27728347
11664,Belgium First Amateur Division,27728609
11668,South Korea K4 League,27728838
11674,England Northern Premier League,27729070
11675,England National League,27729122
11676,Argentina Primera B Metropolitana,27729148
11678,Argentina Primera B Metropolitana,27729155
11680,Argentina Primera B Metropolitana,27729165
11681,Spain Segunda División RFEF,27729176
11682,Paraguay UFI Champions Cup,27729194
11686,Argentina Primera B Metropolitana,27729280
11688,Japan Football League (JFL),27729530
11699,Japan J-League Division 3,27730369
11700,Belgium First Amateur Division,27730389
11701,Belgium First Amateur Division,27730419
11704,Scotland League 2,27730438
11705,Czech Republic Division 3 (Moravia-Silesia MSFL),27730467
11712,International Friendly,27730586
11713,International Friendly,27730587
11715,Germany Regionalliga Southwest,27730620
11717,Portugal Segunda Liga,27730695
11724,Norway Cup (NM Cup),27730742
11727,Thailand 3rd Division (Pro League),27730785
11728,Thailand 3rd Division (Pro League),27730786
11729,Germany Regionalliga Southwest,27730799
11730,Vietnam National Cup,27730802
11732,Argentina Liga Profesional,27730854
11751,Poland 3. Liga,27730889
11752,Germany Regionalliga Bayern (Bavaria),27730891
11753,Wales Premier League,27730892
11755,Belgium First Amateur Division,27730896
11756,Netherlands Division 1 (Eerste Divisie/Jupiler League),27730898
11757,Germany Regionalliga Bayern (Bavaria),27730899
11759,England League 2,27730901
11761,FIFA World Cup,27730905
11763,Germany Regionalliga Bayern (Bavaria),27730908
11764,England FA Trophy,27730911
11768,UEFA European Championship U19,27730913
11770,Belgium First Amateur Division,27730916
11778,Germany Regionalliga Southwest,27730919
11785,England League 1,27730922
11791,Netherlands 2nd Division (Tweede Divisie),27730924
11804,FIFA World Cup,27730943
11805,Kenya Premier League,27730997
11807,Club Friendly,27731014
11809,England League 2,27731020
11810,England League 1,27731036
11812,Germany Regionalliga Bayern (Bavaria),27731069
11818,England League 2,27731133
11820,England League 2,27731137
11822,FIFA World Cup,27731143
11827,Spain Tercera Division,27731153
11835,Spain Primera Division RFEF,27731194
11841,Hungary Division 3 (NB3),27731220
11844,Spain Tercera Division,27731230
11862,Germany Regionalliga Bayern (Bavaria),27731400
11865,Spain Segunda División RFEF,27731412
11868,Spain Primera Division RFEF,27731433
11872,Spain Segunda División RFEF,27731466
11880,Spain Segunda División RFEF,27731497
11882,Spain Primera Division RFEF,27731505
11911,Slovenia 3. SNL,27731605
11912,Croatia Second Division,27731613
11915,Spain Tercera Division,27731622
11920,Argentina Primera Nacional,27731650
11965,Spain Primera Division RFEF,27731900
11972,Germany Regionalliga North,27731956
11975,UAE League Cup,27837441
11982,Germany Regionalliga North,27732062
11989,Czech Republic Division 3 (CFL),27732146
11991,Russia Division 1 (Football National League),27732159
11995,Australia Championship,27732185
12000,England League 2,27732207
12007,UEFA European Championship U19,27732257
12022,International Friendly,27732337
12063,Croatia Second Division,27732533
12077,Czech Republic Division 3 (CFL),27732649
12129,Slovakia 2. Liga,27732982
12134,Kenya Premier League,27733011
12157,Germany Regionalliga Southwest,27733119
12170,England Isthmian League Premier Division,27733186
12177,Germany DFB Pokal Women,27733247
12182,Scotland Championship,27733357
12187,Austria Landesliga,27733492
12188,UEFA European Championship U19,27733504
12190,England FA Trophy,27733531
12191,Slovenia 2. SNL,27733564
12192,Poland 3. Liga,27733594
12193,Germany Regionalliga North,27733650
12196,Hungary Division 2 (NB2),27733728
12197,Serbia Division 1 (Prva Liga Telekom Srbija),27733758
12198,Hungary Division 3 (NB3),27733779
12200,Hungary Division 3 (NB3),27733784
12201,Poland 3. Liga,27733797
12202,Czech Republic Division 3 (CFL),27733801
12203,Bosnia & Herzegovina 1st League (Prva Liga),27733812
12204,Serbia Division 1 (Prva Liga Telekom Srbija),27733821
12205,Russia Division 1 (Football National League),27733841
12207,Bosnia & Herzegovina 1st League (Prva Liga),27733875
12209,Poland 3. Liga,27733888
12210,Australia Championship,27733916
12211,Poland 3. Liga,27733936
12212,Hungary Division 3 (NB3),27733945
12216,England League 1,27734087
12217,Czech Republic Division 3 (Moravia-Silesia MSFL),27734095
12218,Czech Republic Division 3 (Moravia-Silesia MSFL),27734105
12220,Austria Regionalliga West,27734191
12222,Austria Regionalliga West,27734266
12223,Austria Regionalliga East,27734301
12224,Croatia Division 1 (HNL),27734360
12233,France Coupe De France,27734432
12235,Czech Republic Division 3 (Moravia-Silesia MSFL),27734445
12237,Croatia Division 1 (HNL),27734451
12239,Slovakia 2. Liga,27734459
12245,Croatia Division 1 (HNL),27734502
12250,Netherlands 2nd Division (Tweede Divisie),27734516
12260,Italy Serie C (Lega Pro),27734649
12261,Netherlands 2nd Division (Tweede Divisie),27734674
12263,Netherlands 2nd Division (Tweede Divisie),27734698
12265,Netherlands 2nd Division (Tweede Divisie),27734712
12268,FIFA World Cup,27734787
12274,Scotland League 1,27735233
12275,Russia Division 1 (Football National League),27735329
12280,Qatar Stars Cup,27735425
12282,Argentina Torneo Regional Federal Amateur,27735570
12283,France Coupe De France,27735623
12285,Poland 3. Liga,27735931
12288,Belgium First Amateur Division,27736267
12289,UAE League Cup,27736364
12300,France Coupe De France,27736426
12317,Hong Kong 1st Division,27737557
12334,Spain Primera Division RFEF,27737911
12336,International Friendly,27737953
12369,Colombia Primera B,27738160
12452,Argentina Primera B Metropolitana,27738890
12491,Hong Kong 1st Division,27739108
12492,Argentina Primera B Metropolitana,27739131
12495,Brazil Campeonato Brasiliero Série A,27739260
12505,Brazil Campeonato Brasiliero Série A,27740009
12509,USA United Soccer League (USL Pro),27740122
12510,Argentina Liga Profesional,27740134
12511,Argentina Liga Profesional,27740151
12515,Argentina Liga Profesional,27740213
12516,Andorra Division 1,27740243
12518,Spain Tercera Division,27740249
12528,Japan J-League Division 3,27740434
12529,Thailand Division 3 Cup,27881180
12531,Japan J-League Division 3,27740459
12532,Japan Football League (JFL),27740473
12533,Australia Championship,27740612
12537,Costa Rica Liga de Ascenso,27742802
12538,Poland 3. Liga,27742812
12544,Greece Super League 2,27742856
12547,Czech Republic Division 3 (CFL),27742982
12548,Bosnia & Herzegovina 1st League (Prva Liga),27743004
12550,UAE League Cup,27830771
12553,Italy Serie D,27743042
12554,Belgium First Amateur Division,27743058
12558,Ukraine League 1 (Persha Liha),27743138
12562,Bulgaria Second PFG,27743193
12564,Czech Republic Division 3 (CFL),27743220
12567,Jordan Division 1,27743260
12569,England Super League Division 2 Women,27743299
12570,Spain Second Division A (Liga Adelante),27743323
12572,Poland 2. Liga,27743400
12582,Qatar Stars Cup,27743734
12596,Argentina Primera B Metropolitana,27744019
12598,Spain Second Division A (Liga Adelante),27744139
12600,Spain Second Division A (Liga Adelante),27744209
12605,Ghana Premier League,27744280
12606,Nigeria Premier League,27744328
12608,Nigeria Premier League,27744328
12609,Ghana Premier League,27744361
12610,Ghana Premier League,27744377
12611,Ghana Premier League,27744398
12613,Spain Primera Division RFEF,27744462
12615,Venezuela Division 2,27744522
12616,Poland 2. Liga,27744578
12619,Poland 2. Liga,27744578
12620,Costa Rica Liga de Ascenso,27744628
12627,Italy Serie C (Lega Pro),27744955
12631,Brazil Campeonato Carioca Serie B (RJ),27745278
12633,England National League North,27746611
12634,FIFA World Cup,27746763
12638,Guatemala Division 1 (Liga Nacional),27747053
12643,International Friendly,27747149
12645,Colombia Primera B,27747200
12647,International Friendly,27747243
12648,FIFA World Cup,27747255
12649,International Friendly,27747291
12652,FIFA World Cup,27747302
12653,Algeria Ligue 1 (Championnat National),27747440
12655,FIFA World Cup,27747449
12658,FIFA World Cup,27747595
12660,FIFA World Cup,27747611
12661,FIFA World Cup,27747673
12662,Jordan Division 1,27747697
12663,International Friendly,27747946
12666,AFC International Asian Cup,27748000
12669,Italy Serie C (Lega Pro),27748050
12674,International Friendly,27748135
12677,AFC International Asian Cup,27748419
12679,International Friendly,27748493
12681,UEFA European Championship U21,27748688
12682,AFC International Asian Cup,27748734
12685,International Friendly,27748993
12687,FIFA World Cup,27749247
12688,FIFA World Cup,27749260
12690,UEFA European Championship U21,27749408
12692,Ghana Premier League,27749485
12693,UEFA European Championship U21,27749616
12694,Argentina Torneo Regional Federal Amateur,27749630
12695,FIFA World Cup,27749722
12696,International Friendly,27749843
12699,Ecuador Cup,27750223
12700,International Friendly U21,27750257
12704,International Friendly,27751115
12714,International Friendly,27751858
12715,England Southern League Premier Division,27751919
12716,International Friendly,27751998
12717,Indonesia Championship Cup,27752040
12722,International Friendly,27752713
12725,International Friendly,27752824
12726,UEFA European Championship U19,27752929
12730,Panama Liga Nacional de Ascenso,27752973
12732,Peru Division 1 (Copa Cable Mágico),27753061
12740,AFC International Asian Cup,27753251
12741,FIFA World Cup,27753256
12743,AFC International Asian Cup,27753262
12744,FIFA World Cup,27753265
12745,Chile Primera División B,27790537
12746,International Friendly,27753296
12749,FIFA World Cup,27753406
12750,UEFA European Championship U21,27753624
12763,International Friendly U23,27753906
12764,Bolivia Copa Cine Center,27809717
12766,Slovakia Cup,27753998
12769,UEFA European Championship U21,27754184
12770,UEFA European Championship U19,27754217
12772,Saudi Arabia Division 2,27754331
12774,England National League South,27754704
12777,International Friendly,27754862
12778,Algeria Ligue 2,27755063
12779,Belarus Cup,27755197
12781,Jordan Division 1,27755479
12783,UEFA European Championship U21,27755577
12784,UEFA European Championship U19,27755630
12787,Indonesia Championship Cup,27755744
12790,Algeria Ligue 2,27755763
12792,Algeria Ligue 2,27755818
12794,Algeria Ligue 2,27755944
12814,UEFA European Championship U21,27756125
12815,International Friendly,27756127
12816,England FA Trophy,27756454
12817,Chile Primera División B,27756500
12819,UEFA European Championship U19,27756668
12824,UEFA European Championship U21,27757105
12840,UEFA European Championship U21,27757665
12842,UEFA European Championship U19,27757969
12843,International Friendly,27758040
12865,Argentina Torneo Regional Federal Amateur,27758773
12867,FIFA World Cup,27759020
12868,Wales FAW Championship South & Mid,27759061
12869,Scotland Challenge Cup,27759086
12874,UEFA Champions League Women,27759791
12881,Croatia Cup,27760820
12882,Indonesia Championship Cup,27760855
12884,Brazil Campeonato Brasiliero Série A,27760925
12890,Indonesia Championship Cup,27761016
12892,UEFA Champions League Women,27761131
12914,Colombia Primera B,27762346
12915,Bolivia Professional League,27876262
12917,UEFA Champions League Women,27762580
12924,Italy Copa Italia Serie D,27763061
12926,Poland 4. Liga,27763115
12927,Bolivia Copa Cine Center,27809600
12929,Ukraine Premier League (Vyscha Liha),27763236
12930,Egypt Division 2,27763239
12931,Uzbekistan Super League,27763245
12932,Nigeria Premier League,27763421
12934,Sweden Superettan,27790861
12937,Armenia Premier League,27763544
12942,Ethiopia Premier League,27763653
12949,Serbia Super League (Meridian League),27764273
12950,Indonesia Liga 1,27764712
12951,Poland 2. Liga,27764924
12956,Spain Primera Division RFEF,27765383
12959,Costa Rica Primera División,27765495
12960,Club Friendly,27765603
12964,Colombia Primera A,27765735
12969,Colombia Primera A,27886479
12970,Mexico Primera División,27765970
12978,Aruba Division di Honor,27766544
12982,Japan Regional Leagues,27766812
12990,Egypt Division 2,27767089
12991,Japan Regional Leagues,27767090
12997,Brazil Campeonato Brasiliero Série A,27767227
12999,Romania Division 2,27767350
13004,Australia Championship,27767538
13005,Northern Ireland Premier League,27767550
13006,Colombia Primera B,27767618
13011,Italy Serie C (Lega Pro),27767759
13012,Poland 1. Liga,27767834
13018,Azerbaijan Premier League,27767989
13024,Bosnia & Herzegovina 1st League (Prva Liga),27768164
13025,Turkey TFF 1. Lig,27768226
13026,Australia A-League,27768299
13027,Paraguay Division 1 (Primera División),27768376
13032,Egypt Division 2,27768576
13033,Paraguay Division 1 (Primera División),27768611
13034,Colombia Primera B,27768613
13041,Algeria Ligue 1 (Championnat National),27768692
13043,South Korea K League 1,27768786
13044,Egypt Division 2,27768841
13046,Germany 3. Liga,27768932
13047,Ecuador Serie A (Copa Pilsener),27768943
13050,Latvia Virsliga,27791759
13051,Germany 3. Liga,27769492
13052,Russia Division 1 (Football National League),27769534
13053,Denmark Division 1,27769595
13055,England National League North,27769870
13056,England National League North,27769875
13058,Italy Serie C (Lega Pro),27769900
13059,Italy Serie C (Lega Pro),27769906
13061,Ukraine Premier League (Vyscha Liha),27770033
13064,UEFA Europa Cup Women,27770421
13065,Czech Republic First League,27770466
13068,Sweden Superettan/Division 1 Playoffs,27770630
13069,Honduras Liga Nacional,27770676
13070,UEFA Champions League Women,27770737
13071,England Premier League Cup U21,27943107
13072,England League 2,27770954
13075,Italy Serie C (Lega Pro),27771352
13077,Italy Serie C (Lega Pro),27771368
13078,Sweden Division 1,27771627
13079,Belgium 1st Division A,27771661
13080,Austria Bundesliga,27771712
13082,Egypt Cup,27941941
13083,England League 2,27771810
13090,Poland Premier Division (Ekstraklasa),27772272
13091,Mexico Liga De Ascenso,27772296
13092,Bolivia Copa Division Profesional,27772300
13093,Spain Second Division A (Liga Adelante),27772307
13094,South Korea K League 1,27772336
13096,Bulgaria First PFG,27772525
13102,Saudi Arabia Division 1,27772689
13106,Uzbekistan Super League,27772793
13107,Bulgaria First PFG,27772799
13108,France Championnat National (Ligue 3),27772803
13109,Switzerland Challenge League,27772806
13110,France Ligue 2,27772809
13111,Netherlands Division 1 (Eerste Divisie/Jupiler League),27772812
13112,Switzerland Challenge League,27772813
13113,France Championnat National (Ligue 3),27772816
13114,Netherlands Division 1 (Eerste Divisie/Jupiler League),27772819
13115,Bosnia & Herzegovina Premier League,27772823
13116,China Super League,27772828
13117,Germany Bundesliga 2,27772836
13120,Saudi Arabia Division 1,27772876
13121,Brunei Super League,27772890
13122,Netherlands Division 1 (Eerste Divisie/Jupiler League),27772898
13123,Japan J-League Division 2,27772931
13124,Japan J-League Division 3,27772936
13127,South Korea K League 2,27773030
13132,Scotland League 2,27773234
13133,France Championnat National (Ligue 3),27773296
13135,France Championnat National (Ligue 3),27773308
13142,Slovenia 2. SNL,27773408
13145,UAE Arabian Gulf League,27773474
13146,Malaysia Super League,27773531
13147,Portugal Cup,27773538
13152,Germany Regionalliga Northeast,27773657
13153,Indonesia Liga 1,27773675
13155,France Ligue 1,27773698
13156,Australia A-League,27773705
13158,Germany Regionalliga Southwest,27773756
13162,Argentina Liga Profesional,27773847
13163,Czech Republic First League,27773869
13164,Jordan FA Shield,27773878
13165,France Ligue 2,27773919
13167,Netherlands Division 1 (Eerste Divisie/Jupiler League),28071730
13168,UAE Arabian Gulf League,27773995
13169,Spain Primera Division RFEF,27774014
13170,Spain Segunda División RFEF,27774031
13171,Spain Segunda División RFEF,27774037
13173,Algeria Ligue 1 (Championnat National),27774075
13182,Japan J-League Division 2,27774265
13183,Netherlands Division 1 (Eerste Divisie/Jupiler League),27774274
13187,Bulgaria First PFG,27774348
13188,Ukraine Premier League (Vyscha Liha),27774369
13194,Croatia Second Division,27774491
13203,Chile Primera División,27774622
13205,England League 1,27774729
13211,Czech Republic Division 3 (CFL),27775962
13218,Hungary Division 1 (NB1 Soproni Liga),27776587
13219,Slovenia 2. SNL,27776599
13220,Slovenia 2. SNL,27776624
13224,Georgia Erovnuli Liga,27776995
13230,Spain Segunda División RFEF,27777364
13231,Spain Primera Division RFEF,27777391
13233,Spain Second Division A (Liga Adelante),27777439
13247,Chile Primera División,27777772
13250,Poland 1. Liga,27777815
13253,Cyprus Division 1 (Cyta Championship),27777850
13276,Spain Segunda División RFEF,27778052
13277,Costa Rica Primera División,27778069
13294,Austria Regionalliga East,27778466
13297,Germany Bundesliga,27778574
13299,France Championnat National (Ligue 3),27778660
13300,Austria Regionalliga East,27778794
13303,Netherlands Premier Division (Eredivisie),27778988
13305,Netherlands Premier Division (Eredivisie),27779035
13306,Netherlands Premier Division (Eredivisie),27779035
13307,Italy Serie B,27779079
13309,England Football League Championship,27779130
13310,Trinidad and Tobago T & T Pro League,27779154
13311,Denmark Cup (DBU Pokalen),27853963
13315,Belgium Cup (Cofidis Cup),28060666
13316,Spain Tercera Division,27779267
13321,Belgium 1st Division A,28081705
13326,Vietnam National Cup,27779477
13331,Argentina Primera B Metropolitana,27779654
13332,China Super League,27779664
13333,China Super League,27779673
13335,Ecuador Serie A (Copa Pilsener),27779683
13336,Romania Division 1,27779732
13339,Scotland Premier League,27779745
13342,England Football League Championship,27779842
13348,Brazil Campeonato Brasiliero Série B,27779937
13349,Montenegro Cup,27811247
13351,Croatia Division 1 (HNL),27779984
13353,Argentina Primera Nacional,27780055
13354,Denmark Division 1,27780076
13358,Switzerland Challenge League,27780161
13360,England League 2,27780316
13362,Romania Division 2,27780397
13365,Hong Kong Premier League,27780607
13379,Tanzani Premier League,27780781
13380,Czech Republic Division 3 (CFL),27780796
13383,Chile Segunda División,27781017
13388,Honduras Liga Nacional,27781167
13389,Malaysia Super League,27781177
13395,Germany Regionalliga West,27781352
13396,Germany Regionalliga Southwest,27781359
13398,Germany Regionalliga West,27781366
13399,Belarus Premier League (Vysshaya Liga),27781371
13400,Belarus Premier League (Vysshaya Liga),27781376
13401,Germany Regionalliga North,27781381
13404,Germany Regionalliga Bayern (Bavaria),27781412
13405,Germany Regionalliga Bayern (Bavaria),27781415
13408,Scotland Premier League,27781464
13409,Serbia Super League (Meridian League),27781481
13411,Italy Serie B,27781498
13412,Germany Regionalliga North,27781500
13415,Thailand 3rd Division (Pro League),27781517
13416,Germany Regionalliga West,27781519
13417,Germany Regionalliga West,27781529
13418,Germany Regionalliga Southwest,27781540
13419,Scotland FA Cup,27829233
13424,Spain Primera Division RFEF,27781568
13425,Spain Segunda División RFEF,27781569
13426,Spain Segunda División RFEF,27781571
13428,Germany Regionalliga Bayern (Bavaria),27781580
13429,Germany Regionalliga Southwest,27781602
13430,England Northern Premier League,27781603
13432,Russia Division 1 (Football National League),27781605
13436,France Ligue 2,27781609
13439,Poland 1. Liga,27781615
13440,Germany Regionalliga West,27781617
13441,Argentina Primera Nacional,27836732
13444,Germany Regionalliga Bayern (Bavaria),27781626
13446,Germany Regionalliga Southwest,27781631
13447,Indonesia Liga 1,27781633
13452,Croatia Division 1 (HNL),27781682
13460,South Korea K League 1,27781698
13472,England National League,27781718
13486,Netherlands Premier Division (Eredivisie),27781757
13488,Hong Kong Premier League,27781764
13500,Bolivia Professional League,27781873
13502,France Ligue 2,27781879
13504,Egypt Premier League,27781887
13507,Poland 3. Liga,27781907
13509,South Korea K League 1,27781916
13510,Greece Super League 2,27781921
13512,China Super League,27781923
13513,Kenya Premier League,27781926
13515,Ukraine League 1 (Persha Liha),27781946
13516,France Championnat National 2 (CFA),27781950
13518,Azerbaijan Premier League,27781979
13519,Philippines Football League,27781984
13521,Turkey Super League,27781992
13523,England National League North,27781998
13525,Chile Primera División,27782004
13527,Cyprus Division 2,27782018
13530,Cyprus Division 2,27782029
13532,Spain La Liga,27782040
13533,Germany Regionalliga Bayern (Bavaria),27782050
13536,Poland Premier Division (Ekstraklasa),27782099
13537,Italy Serie C (Lega Pro),27782106
13540,Italy Serie C (Lega Pro),27782125
13542,Spain Primera Division RFEF,27782200
13544,Algeria Ligue 2,27782240
13545,Guatemala Division 1 (Liga Nacional),27782252
13548,Bosnia & Herzegovina 1st League (Prva Liga),27810749
13549,UAE Arabian Gulf League,27782300
13551,Croatia Second Division,27782312
13555,Austria Amateur Wiener Stadtliga,27782395
13557,Uzbekistan Super League,27782521
13560,Myanmar National League,27782624
13561,Poland 3. Liga,27782646
13562,Algeria Ligue 1 (Championnat National),27782681
13563,CAF African Champions League,27782696
13564,Bulgaria Second PFG,27782749
13565,Romania Division 2,27782755
13567,Romania Division 2,27782770
13568,England League 1,27782796
13571,Czech Republic Division 3 (CFL),27782838
13573,England National League North,27782872
13575,Czech Republic Division 3 (CFL),27782902
13577,Italy Serie C (Lega Pro),27782936
13582,Estonia Meistriliiga,27829734
13584,Saudi Arabia Pro League,27783308
13585,Czech Republic Division 3 (CFL),27783318
13588,Cambodia Premier League,27783437
13592,France Championnat National 2 (CFA),27783559
13593,Spain Segunda División RFEF,27783566
13594,Germany Regionalliga North,27783581
13595,Spain Tercera Division,27783587
13597,Bulgaria First PFG,27783634
13598,Singapore Cup,27783713
13601,Poland 4. Liga,27783802
13602,Mexico Liga TDP,27783818
13604,Ecuador Serie A (Copa Pilsener),27783834
13605,Netherlands 2nd Division (Tweede Divisie),27783882
13607,Mauritania Super D1,27783919
13608,Poland 1. Liga,27783936
13609,England Southern League Premier Division,27783965
13612,Lithuania A Lyga,27784206
13613,Romania Division 1,27784238
13614,Indonesia Championship Cup,27784266
13615,Slovenia 1. SNL (PrvaLiga Telekom Slovenije),27784299
13618,England Southern League Premier Division,27784352
13619,Slovenia 2. SNL,27784364
13620,England Northern Division 1 North,27784374
13622,Ukraine Premier League (Vyscha Liha),27784443
13624,Croatia Division 1 (HNL),27784463
13625,Bulgaria Second PFG,27784472
13626,England National League South,27784482
13627,England National League South,27784511
13628,Norway Premier League (Tippeligaen),27784531
13629,Poland 3. Liga,27784549
13631,Brazil Campeonato Brasiliero Série A,27784578
13633,Turkey Super League,27784624
13634,Czech Republic Division 3 (CFL),27784629
13635,Ecuador Serie A (Copa Pilsener),27784642
13636,Thailand League 2,27784681
13639,England Southern League Premier Division,27784762
13640,Algeria Ligue 2,27784814
13641,Brazil Campeonato Brasiliero Série A,27784844
13644,Tunisia League 2 (CLP2),27784853
13647,Spain Primera Division RFEF,27784917
13648,Cyprus Division 2,27784927
13649,England Isthmian League Division 1 North,27784973
13653,Costa Rica Liga de Ascenso,27785082
13654,England Southern League Premier Division,27785102
13655,Bosnia & Herzegovina 1st League (Prva Liga),27785110
13656,England League 1,27785123
13669,Germany 3. Liga,27785255
13671,Denmark Division 1,27785263
13672,Algeria Ligue 2,27785302
13673,Algeria Ligue 2,27785323
13675,Algeria Ligue 2,27785347
13676,Tunisia League 1 (CLP1),27785390
13683,Algeria Ligue 2,27785469
13684,Austria Regionalliga East,27785483
13685,Austria Regionalliga East,27785492
13689,Sweden Allsvenskan,27825291
13691,Spain Segunda División RFEF,27785662
13695,England Southern League Premier Division,27785747
13700,Germany Bundesliga,27785828
13701,Japan J-League Division 2,27785838
13706,Russia Division 1 (Football National League),27785879
13707,Netherlands 2nd Division (Tweede Divisie),27785889
13709,Italy Serie A,27785938
13710,Belgium 1st Division B,27785961
13711,Netherlands 2nd Division (Tweede Divisie),27785993
13712,Argentina Torneo Federal A,27786006
13713,Switzerland 1. Liga Promotion,27786019
13715,Wales FAW Championship South & Mid,27786034
13716,Qatar Stars League,27786041
13717,Nicaragua Primera Division,27912552
13719,England League 1,27786088
13720,Netherlands 2nd Division (Tweede Divisie),27786138
13724,Spain Tercera Division,27786184
13725,Bahrain Premier League,27786211
13726,France Championnat National 2 (CFA),27786232
13727,Belgium First Amateur Division,27786252
13733,UAE Division 1,27786636
13737,Belgium First Amateur Division,27786947
13739,Spain Tercera Division,27786978
13740,Norway Premier League (Tippeligaen),27787009
13742,Italy Serie B,27787214
13743,Belgium 1st Division B,27787226
13744,Russia Premier League,27787304
13745,Japan Football League (JFL),27787365
13746,Switzerland Super League,27787370
13752,Italy Serie C (Lega Pro),27787602
13753,France Championnat National (Ligue 3),27787616
13754,Italy Serie C (Lega Pro),27787624
13755,Switzerland Super League,27787667
13766,England Football League Cup (EFL),28059548
13770,Ghana Premier League,27788373
13771,Greece Super League,27788384
13772,England National League,27788403
13776,Bosnia & Herzegovina Premier League,27788468
13778,Spain Second Division A (Liga Adelante),27788528
13781,Japan J-League Division 2,27788742
13784,Japan J-League Division 2,27788839
13786,Spain Tercera Division,27788846
13796,Spain Segunda División RFEF,27789127
13797,Bolivia Copa Division Profesional,27789150
13801,Spain Primera Division RFEF,27789304
13805,Chile Tercera División,27789478
13806,Uruguay Division 2 (Primera B),27789505
13808,Peru Division 1 (Copa Cable Mágico),27789558
13812,New Zealand Premiership,27789743
13817,Brazil Campeonato Brasiliero Série A,27789824
13819,South Korea K League 1,27789838
13820,Norway Premier League (Tippeligaen),27789855
13823,Germany 3. Liga,27789959
13833,Chile Segunda División,27790041
13838,Spain Tercera Division,27790219
13839,Spain Tercera Division,27790228
13840,Portugal Cup,27790284
13841,Germany Regionalliga North,27790295
13842,Czech Republic Division 4,27790298
13843,Tunisia League 1 (CLP1),27790336
13844,Japan Football League (JFL),27790382
13845,Japan Football League (JFL),27790384
13846,Rwanda National Soccer League,27790387
13847,Japan Football League (JFL),27790388
13851,Japan Football League (JFL),27790418
13853,Argentina Liga Profesional,27790427
13856,Japan J-League Division 3,27790439
13859,Russia Premier League,27790459
13863,Germany Regionalliga North,27790481
13865,Russia Premier League,27790483
13868,Japan J-League Division 2,27790514
13869,Portugal Cup,27790525
13870,Taiwan Football Premier League,27790526
13871,Poland Premier Division (Ekstraklasa),27790528
13872,Slovenia 1. SNL (PrvaLiga Telekom Slovenije),27790529
13873,Poland Premier Division (Ekstraklasa),27790531
13874,Slovakia 1. Liga,27790532
13875,Portugal Cup,27790535
13876,Chile Primera División B,27790537
13877,Bolivia Copa Division Profesional,27790538
13881,Spain La Liga,27790543
13883,Poland 1. Liga,27790547
13886,Czech Republic First League,27790550
13887,South Africa ABSA Premier League,27790555
13888,Germany Regionalliga Bayern (Bavaria),27790559
13889,Bosnia & Herzegovina Premier League,27790561
13893,Turkey Super League,27790572
13895,Australia A-League,27790587
13896,Azerbaijan Premier League,27790591
13897,Spain Second Division A (Liga Adelante),27790595
13898,Thailand League 1,27790609
13899,Norway Premier League (Tippeligaen),27790611
13903,Spain Segunda División RFEF,27790622
13907,Indonesia Liga 1,27790649
13909,Hungary Division 2 (NB2),27790682
13911,Vietnam National Cup,27790694
13915,Spain Primera Division RFEF,27790705
13919,Malaysia Super League,27790766
13920,Hungary Division 3 (NB3),27790771
13922,Spain Second Division A (Liga Adelante),27790797
13926,Spain Segunda División RFEF,27790824
13927,Russia Division 1 (Football National League),27790836
13928,Colombia Cup,27931122
13929,Vietnam National Cup,27790841
13930,Vietnam National Cup,27790842
13931,Kenya Premier League,27790848
13933,Sweden Superettan,27790861
13934,Spain Tercera Division,27790871
13935,Spain La Liga,27790961
13936,Algeria Ligue 2,27790973
13937,Saudi Arabia Pro League,27791005
13938,Hungary Division 3 (NB3),27791014
13939,Slovenia 1. SNL (PrvaLiga Telekom Slovenije),27791041
13941,Spain Tercera Division,27791051
13947,Vietnam National Cup,27791153
13948,Greece Super League 2,27791174
13949,Norway Premier League (Tippeligaen),27791180
13950,Cambodia Premier League,27791191
13951,Paraguay Division 1 (Primera División),27791205
13956,Chile Primera División B,27791263
13957,Spain Tercera Division,27791292
13961,Spain Primera Division RFEF,27791387
13962,Spain Segunda División RFEF,27791423
13963,Spain Segunda División RFEF,27791443
13964,Colombia Primera B,27791449
13967,Greece Super League 2,27791461
13969,Spain Tercera Division,27791465
13973,Spain Tercera Division,27791529
13978,Spain Primera Division RFEF,27791721
13979,Bolivia Professional League,27791734
13980,Colombia Primera B,27791752
13981,Latvia Virsliga,27791759
13982,Germany Regionalliga North,27791809
13983,Nigeria Premier League,27791816
13984,Mexico Liga TDP,27791822
13987,Russia Premier League,27791841
13990,Malta Challenge League,27791879
13991,Turkey Super League,27791892
13992,Ukraine Premier League (Vyscha Liha),27791913
13993,Portugal Segunda Liga,27791947
13994,Honduras Liga Nacional,27791960
13995,Hungary Division 3 (NB3),27791971
13998,Spain Tercera Division,27792029
14001,Japan J-League Division 3,27792130
14004,Germany Regionalliga Southwest,27792438
14008,Belarus Premier League (Vysshaya Liga),27792498
14017,Ukraine Premier League (Vyscha Liha),27792764
14019,Italy Serie C (Lega Pro),27792781
14020,Romania Division 2,27792807
14022,Germany Regionalliga North,27792844
14025,Bulgaria Cup,27922260
14029,Spain Segunda División RFEF,27793023
14036,Belgium 1st Division A,27793113
14037,Germany Bundesliga 2,27793204
14041,Albania Division 1 (Kategoria e Parë),27793363
14042,Spain Primera Division RFEF,27793410
14045,Ghana Premier League,27793464
14048,France Ligue 1,27793574
14049,Spain Segunda División RFEF,27793585
14051,Italy Serie A,27793590
14055,Italy Serie D,27793611
14056,Switzerland 1. Liga Classic,27793671
14057,Italy Serie D,27793699
14078,CAF Confederation Cup,27794616
14083,Turkey TFF 1. Lig,27794951
14086,Italy Serie B,27795060
14087,Spain Tercera Division,27795104
14089,Denmark Superliga (SAS Ligaen),27795262
14100,Spain Tercera Division,27795416
14101,Cyprus Division 1 (Cyta Championship),27795460
14103,Hungary Division 1 (NB1 Soproni Liga),27795522
14113,England National League North,27796437
14114,Netherlands Division 1 (Eerste Divisie/Jupiler League),27796540
14115,Paraguay Division 1 (Primera División),27796563
14123,Dominican Premier League,27796803
14124,Japan J-League Division 3,27797068
14126,France Ligue 2,27797176
14128,Indonesia Championship Cup,27797235
14129,Bangladesh Premier League,27797279
14130,Indonesia Championship Cup,27797319
14135,Denmark Superliga (SAS Ligaen),27797501
14136,Indonesia Championship Cup,27797505
14137,North Macedonia Premier League (Prva Liga),27797514
14139,Russia Division 1 (Football National League),27797600
14142,AFC Asian Champions League,27797736
14143,Hungary Division 2 (NB2),27797743
14144,Egypt Division 2,27797844
14149,AFC Asian Champions League,27797906
14151,Brazil Campeonato Brasiliero Série A,27797940
14152,Indonesia Championship Cup,27798022
14154,Italy Serie C (Lega Pro),27798096
14157,Ethiopia Premier League,27798218
14158,Romania Division 1,27798337
14159,Nigeria Premier League,27798344
14162,AFC Asian Champions League,27798989
14163,Ghana Division 1,27799009
14165,Romania Division 1,27799119
14176,Greece Super League,27799912
14177,England National League South,27800000
14180,England National League South,27800139
14181,Slovakia Cup,27800193
14183,Scotland League 1,27800412
14185,England Premier League Cup U21,27800488
14186,England Premier League Cup U21,27800524
14187,Northern Ireland Premier League,27800718
14188,Italy Serie B,27800774
14192,Spain La Liga,27800882
14198,England Football League Championship,27801082
14199,Colombia Primera B,27801117
14200,England National League South,27801176
14201,England National League South,27801184
14202,England Northern Premier League,27801212
14203,England Southern League Premier Division,27801335
14205,England Southern League Premier Division,27801513
14224,USA Major League Soccer,27802139
14225,Romania Division 2,27802170
14227,English National League Cup,27802211
14228,Netherlands Division 1 (Eerste Divisie/Jupiler League),27802213
14230,English National League Cup,27802228
14231,Rwanda National Soccer League,27802232
14232,England Football League Championship,27802264
14233,UEFA Champions League,27802324
14234,Netherlands Division 1 (Eerste Divisie/Jupiler League),27802351
14236,Georgia Erovnuli Liga,27802367
14238,AFC Asian Champions League,27802534
14239,Jordan Division 1,27802593
14241,England League 1,27802645
14242,Bangladesh Premier League,27802675
14246,UEFA Youth League U19,27891102
14247,Brazil Campeonato Brasiliero Série A,27802780
14248,Georgia Erovnuli Liga,27802823
14249,England National League North,27802967
14250,Colombia Primera A,27836871
14251,France Ligue 2,28073203
14252,AFC Asian Champions League,27803009
14256,UEFA Youth League U19,27803214
14262,Russia Cup,27803437
14266,Jordan Division 1,27803745
14269,Mexico Primera División,27803937
14272,Russia Cup,27804024
14273,Germany Regionalliga Northeast,27804103
14274,Armenia Premier League,27804132
14275,English National League Cup,27804140
14277,AFC Champions League 2,27804150
14279,English National League Cup,27804241
14280,AFC Champions League 2,27804276
14284,Turkey TFF 2. Lig (Iddaa League B),27804396
14286,Scotland Premier League,28033688
14287,England Alan Turvey Trophy,27804411
14288,Uganda Premier League,27804440
14290,English National League Cup,27804446
14291,Belgium First Amateur Division,27804456
14293,English National League Cup,27804465
14294,Slovakia Cup,27804500
14295,English National League Cup,27804511
14297,Indonesia Liga 1,27804570
14301,Ethiopia Premier League,27804690
14302,Georgia Erovnuli Liga 2,27804698
14303,AFC Champions League 2,27804725
14304,Georgia Erovnuli Liga,27804889
14307,UEFA Youth League U19,27805101
14311,Egypt Premier League,27805279
14319,Club Friendly,27805849
14320,Georgia Erovnuli Liga,27805864
14321,Scotland Championship,27806069
14328,English National League Cup,27806514
14330,Turkey TFF 2. Lig (Iddaa League B),27806747
14331,Turkey TFF 2. Lig (Iddaa League B),27806849
14333,England Northern Division 1 North,27806895
14334,UEFA Europa Conference League,27807089
14336,English National League Cup,27807288
14337,English National League Cup,27807345
14340,English National League Cup,27807424
14341,English National League Cup,27807433
14347,Northern Ireland County Antrim Shield,27807866
14360,UEFA Europa League,27808090
14362,UEFA Europa League,27808111
14364,Hong Kong Premier League,27808310
14367,AFC Champions League 2,27808819
14370,Turkey TFF 2. Lig (Iddaa League B),27808975
14375,Ghana Premier League,27809120
14376,Tanzani Premier League,27809162
14379,UEFA European Championship U19 Women,27809206
14380,UEFA Europa League,27809209
14381,UEFA Europa Conference League,27809210
14385,UEFA Europa League,27809213
14386,UEFA Europa Conference League,27809215
14387,UEFA Europa League,27809220
14388,UEFA Europa Conference League,27809222
14389,UEFA Champions League,27809227
14390,UEFA Europa Conference League,27809238
14392,UEFA Europa Conference League,27809260
14395,UEFA Europa Conference League,27809336
14397,FIFA Arab Cup,27809414
14398,FIFA Arab Cup,27809447
14400,UEFA Champions League,27809564
14401,UEFA Champions League,27809564
14402,Italy Serie D,27809579
14403,Bolivia Copa Cine Center,27809600
14409,Bolivia Copa Cine Center,27809717
14410,Chile Primera División B,27809767
14411,Cambodia Premier League,27809806
14412,AFC Champions League 2,27809821
14413,Cambodia Premier League,27809873
14415,Club Friendly,27809880
14416,AFC Champions League 2,27809919
14418,AFC Champions League 2,27809956
14422,Thailand League Cup,27810297
14424,Turkey TFF 2. Lig (Iddaa League B),27810423
14427,Turkey TFF 2. Lig (Iddaa League B),27810436
14429,Georgia Erovnuli Liga,27810513
14431,Malawi Super League,27810611
14432,Bosnia & Herzegovina 1st League (Prva Liga),27810693
14433,Bosnia & Herzegovina 1st League (Prva Liga),27810749
14434,India Regional Cup,27810763
14438,Montenegro Cup,27810875
14439,UEFA Youth League U19,27891838
14440,AFC Champions League 2,27810905
14447,UEFA Youth League U19,27811004
14452,UEFA Youth League U19,27811095
14457,Montenegro Cup,27811247
14459,Indonesia Liga 1,27811317
14460,Egypt Division 2,27822427
14477,Chile Primera División B,27812526
14478,UEFA Europa League,27812559
14480,Serbia Super League (Meridian League),27812656
14491,Uganda Premier League,27812772
14502,Austria BFV Cup (Burgenland),27813573
14505,Russia Cup,27813641
14506,England Football League Championship,27813652
14507,Saudi Arabia Division 1,27813783
14509,English National League Cup,27813864
14516,UEFA Champions League,27814163
14517,UEFA Champions League,27814171
14518,Ukraine Premier League (Vyscha Liha),27814262
14521,Qatar Stars Cup,27814359
14522,Wales Premier League,27814641
14523,Brazil Campeonato Brasiliero Série A,27814871
14526,UEFA Europa Conference League,27814893
14527,UEFA Europa League,27814900
14530,CONCACAF Copa Centroamericana,27849161
14533,UEFA Europa Conference League,27815458
14541,Indonesia Liga 1,27815972
14542,England League 2,27815973
14543,Paraguay Division 1 (Primera División),27815974
14545,UEFA Europa Conference League,27815982
14551,AFC Champions League 2,27816215
14553,Bosnia & Herzegovina 1st League (Prva Liga),27816235
14557,UEFA Europa League,27816609
14558,Myanmar National League 2,27816615
14559,UEFA Europa League,27816629
14576,Russia Cup,27817053
14578,UEFA Europa Conference League,27817168
14580,Qatar Stars Cup,27817247
14581,Japan J-League Division 2,27817440
14582,Qatar Stars Cup,27817508
14583,Egypt Cup,27900280
14585,Uganda Premier League,27817752
14586,Egypt Division 2,27817770
14588,Paraguay Division 1 (Primera División),27817826
14589,Germany 3. Liga,27817927
14604,Ghana Premier League,27818519
14605,Serbia Super League (Meridian League),27818525
14610,England National League,27818927
14614,Saudi Arabia Kings Cup,27819077
14616,Bulgaria First PFG,27819128
14617,Armenia Premier League,27819140
14618,England League 1,27819217
14620,UEFA Europa League,27819246
14621,UEFA Europa League,27819270
14622,International Friendly U23 Women,27819334
14625,Qatar Stars Cup,27819485
14626,UEFA Europa Conference League,27819499
14631,Germany Bundesliga 2,27819720
14632,Russia Division 1 (Football National League),27819726
14633,Denmark Division 1,27819797
14640,UEFA Europa League,27820061
14641,International Friendly Women,27820077
14643,England National League North,27820412
14644,England National League North,27820444
14645,Poland Premier Division (Ekstraklasa),27820457
14646,England National League South,27820533
14647,Wales FAW Championship South & Mid,27820626
14649,Australia A-League,27820715
14652,Hungary Division 1 (NB1 Soproni Liga),27820887
14653,International Friendly Women,27820909
14654,England National League,27821040
14657,Bahrain Premier League,27821093
14659,Italy Serie B,27821110
14665,Belarus Premier League (Vysshaya Liga),27821281
14666,Belarus Premier League (Vysshaya Liga),27821291
14669,England Football League Championship,27989518
14670,Turkey Super League,27821418
14671,Chile Segunda División,27821422
14677,Ukraine League 1 (Persha Liha),27821584
14678,"Israel Division 2 (Liga Leumit, National League)",27821645
14679,"Israel Division 2 (Liga Leumit, National League)",27821653
14691,Australia A-League,27821794
14694,Iran Pro League (Persian Gulf Cup),27821904
14695,Israel Division 4 (Liga Bet),27821929
14696,Romania Division 2,27821934
14697,Indonesia Liga 1,27821954
14701,Italy Serie C (Lega Pro),27821960
14702,France Coupe De France,27821962
14703,Austria Sky Go Erste Liga,27821964
14705,Russia Division 1 (Football National League),27821969
14706,Romania Division 1,27821970
14707,Turkey TFF 1. Lig,27821972
14715,Italy Serie B,27821978
14718,Wales FAW Championship North & Mid,27821980
14731,Germany Regionalliga North,27822163
14733,Germany Regionalliga Northeast,27822271
14734,Germany Regionalliga Southwest,27822283
14735,Japan J-League Division 3,27822288
14736,Germany Regionalliga Bayern (Bavaria),27822293
14737,Germany Regionalliga North,27822300
14740,Germany Regionalliga West,27822362
14741,Netherlands Division 1 (Eerste Divisie/Jupiler League),27822406
14743,Germany Regionalliga West,27822415
14744,Egypt Division 2,27822427
14745,Portugal Primeira Liga,27822460
14746,Japan J-League Division 2,27822466
14751,Club Friendly,27822522
14752,Bulgaria Cup,27916904
14753,Egypt Division 2,27822530
14754,Japan J-League Division 2,27822531
14756,Japan J-League Division 2,27822536
14758,Japan J-League Division 3,27822555
14760,Germany Regionalliga Bayern (Bavaria),27822602
14761,Scotland FA Cup,27823441
14764,England League 1,27823455
14772,CAF African Champions League,27823572
14773,Iran Pro League (Persian Gulf Cup),27823703
14776,CAF Confederation Cup,27823772
14779,Azerbaijan Premier League,27823877
14780,Wales Premier League,27823888
14781,CAF African Champions League,27823893
14782,Japan J-League Division 3,27823959
14784,Uzbekistan Super League,27823985
14786,Italy Serie B,27824048
14789,England National League North,27824190
14790,Spain Second Division A (Liga Adelante),27824220
14793,Croatia 1. (NL),27824260
14795,Albania Division 1 (Kategoria e Parë),27824330
14796,Iran Pro League (Persian Gulf Cup),27824346
14797,Spain Primera Division RFEF,27824356
14798,UAE Division 1,27824413
14800,Algeria Ligue 2,27824548
14801,CAF Confederation Cup,27824595
14804,Bosnia & Herzegovina Premier League,27824722
14805,Russia Premier League,27824753
14806,Algeria Ligue 2,27824780
14807,Serbia Super League (Meridian League),27824787
14809,Austria Bundesliga,27824872
14810,France Ligue 1,27824919
14814,Netherlands Division 1 (Eerste Divisie/Jupiler League),27825029
14816,Belarus Premier League (Vysshaya Liga),27825050
14819,France Coupe De France,27825252
14820,Sweden Allsvenskan,27825291
14822,England National League North,27825330
14823,Ghana Division 1,27825354
14828,CAF African Champions League,27825572
14831,England Southern League Premier Division,27825594
14832,Croatia Division 1 (HNL),27825615
14834,England Football League Championship,27825646
14835,England Isthmian League Premier Division,27825654
14836,England Isthmian League Premier Division,27825662
14837,England League 2,27825723
14838,Bahrain Premier League,27825750
14839,CAF African Champions League,27825768
14840,Bosnia & Herzegovina Premier League,27825787
14842,Serbia Division 1 (Prva Liga Telekom Srbija),27825872
14843,England Northern Premier League,27825902
14844,Japan J-League Division 3,27825929
14847,Ecuador Serie A (Copa Pilsener),27826068
14892,South Africa ABSA Premier League,27826600
14894,Saudi Arabia Division 1,27826613
14897,Turkey Super League,27826705
14898,Switzerland Challenge League,27826719
14900,England Northern Premier League,27826792
14903,Spain Segunda División RFEF,27826961
14904,England Premier League Cup U21,27827067
14913,Poland 1. Liga,27827302
14915,Spain Primera Division RFEF,27827325
14917,France Ligue 1,27827408
14919,Italy Serie A,27827465
14922,Denmark Division 1,27827503
14923,Dominican Premier League,27827516
14928,Netherlands Premier Division (Eredivisie),27827575
14935,Portugal Primeira Liga,27827601
14942,England Isthmian League Premier Division,27827622
14943,Belgium 1st Division A,27827685
14944,Spain Primera Division RFEF,27827691
14947,Scotland Premier League,27827697
14952,Spain Segunda División RFEF,27827747
14956,Chile Segunda División,27827781
14957,Ecuador Serie A (Copa Pilsener),27827801
14961,Spain Second Division A (Liga Adelante),27828035
14962,Bolivia Professional League,27828113
14968,Romania Division 2,27828183
14972,Romania Division 2,27828355
14974,Croatia Division 1 (HNL),27828454
14975,Russia Premier League,27828462
14977,Bolivia Professional League,27828494
14980,Croatia Division 1 (HNL),27828579
14982,Romania Division 2,27828715
14983,Spain Second Division A (Liga Adelante),27828735
14984,Thailand League 1,27828757
14986,Ukraine League 1 (Persha Liha),27828968
14987,Poland 3. Liga,27828971
14989,Qatar Stars Cup,27828993
14991,Australia A-League,27829019
14992,Tunisia League 2 (CLP2),27829032
14993,Germany Regionalliga West,27829041
14994,Scotland Premier League,27829051
14998,Netherlands 2nd Division (Tweede Divisie),27829134
15000,Germany Regionalliga North,27829175
15001,Bangladesh Premier League,27829177
15010,Zambia Super League,27829194
15015,Scotland FA Cup,27829226
15016,Scotland FA Cup,27829230
15017,Scotland FA Cup,27829233
15018,Scotland FA Cup,27829238
15019,Scotland FA Cup,27829243
15020,Scotland FA Cup,27829258
15023,Jordan Al Manaseer Shield Cup,27829292
15026,Uzbekistan Super League,27829350
15027,Serbia Super League (Meridian League),27829356
15028,Spain Primera Division RFEF,27829362
15029,England League 2,27829366
15030,England League 1,27829371
15031,England League 2,27829376
15032,Serbia Super League (Meridian League),27829381
15034,Spain Primera Division RFEF,27829386
15036,England League 2,27829392
15038,England League 1,27829399
15039,Spain LaLiga2,27829406
15041,Slovakia Cup,27890982
15042,England League 2,27829418
15043,Portugal Segunda Liga,27829419
15044,England League 2,27829421
15045,Ukraine Premier League (Vyscha Liha),27829424
15046,Poland Premier Division (Ekstraklasa),27829429
15047,Spain LaLiga2,27829432
15048,Japan J-League Division 3,27829437
15050,England League 2,27829439
15052,Poland 1. Liga,27829443
15053,Germany Bundesliga 2,27829450
15057,Japan J-League Division 2,27829459
15059,Slovakia 1. Liga,27829476
15061,Japan J-League Division 2,27829484
15062,Greece Super League,27829485
15066,Japan J-League Division 3,27829497
15067,England National League South,27829500
15072,Turkey Super League,27829524
15073,England Football League Championship,27829531
15079,Portugal Campeonato de Portugal Prio,27829557
15080,Germany Regionalliga North,27829565
15081,Spain Primera Division RFEF,27829569
15082,Portugal Campeonato de Portugal Prio,27829573
15083,Israel Division 3 (Liga Alef),27829586
15084,Azerbaijan Premier League,27829588
15085,Wales FAW Championship North & Mid,27829602
15087,Spain Primera Division RFEF,27829646
15089,Greece Super League,27829667
15091,Poland 2. Liga,27829675
15092,Romania Division 2,27829680
15093,England Football League Championship,27989813
15094,Thailand Division 3 Cup,27829725
15095,Estonia Meistriliiga,27829734
15096,Germany 3. Liga,27829744
15097,Spain Primera Division RFEF,27829748
15098,Albania Division 1 (Kategoria e Parë),27829753
15100,Mexico Primera División,27829759
15102,Croatia Second Division,27829819
15103,Germany 3. Liga,27829844
15104,Germany Bundesliga 2,27829850
15105,Bulgaria Second PFG,27829852
15106,Cyprus Division 1 (Cyta Championship),27829857
15108,Netherlands Premier Division (Eredivisie),27829914
15109,Turkey Super League,27829929
15110,Russia Premier League,27829940
15115,Ecuador Serie A (Copa Pilsener),27830102
15117,Azerbaijan Cup,27852986
15120,Thailand Division 3 Cup,27830171
15121,Israel Division 3 (Liga Alef),27830175
15123,Algeria Ligue 2,27830216
15125,Mexico Primera División,27830218
15126,Italy Serie C (Lega Pro),27830231
15130,Wales Premier League,27830328
15134,Indonesia Liga 1,27830470
15137,Thailand Division 3 Cup,27830677
15141,Belgium First Amateur Division,27830697
15142,Hungary Division 1 (NB1 Soproni Liga),27830741
15143,UAE League Cup,27830771
15145,Turkey TFF 3. Lig,27830791
15146,Italy Serie C (Lega Pro),27830814
15148,Turkey TFF 1. Lig,27830871
15150,England Northern Premier League,27830946
15153,Russia Division 1 (Football National League),27830970
15155,Japan J-League Division 1,27830990
15156,Albania Super League (Kategoria Superiore),27831003
15157,Japan J-League Division 1,27831012
15158,Senegal Premier League,27831018
15161,Georgia Erovnuli Liga,27831085
15163,San Marino Campionato Sammarinese,27831173
15165,Thailand League 1,27831353
15166,Poland 2. Liga,27831442
15169,Chile Segunda División,27831433
15170,Poland 2. Liga,27831442
15171,Cyprus Division 2,27831453
15172,Poland 2. Liga,27831466
15174,Germany Regionalliga Southwest,27831484
15175,Israel Division 4 (Liga Bet),27831502
15176,Belgium First Amateur Division,27831506
15177,France Coupe De France,27831512
15178,Germany Regionalliga North,27831531
15179,Bangladesh Premier League,27831537
15181,South Africa ABSA Premier League,27831563
15182,Cyprus Division 2,27831579
15183,Argentina Liga Profesional,27831583
15185,England Southern League Premier Division,27831599
15186,Ukraine Premier League (Vyscha Liha),27831612
15188,Italy Serie C (Lega Pro),27831636
15189,England League 2,27831652
15190,Tunisia League 2 (CLP2),27831669
15191,France Coupe De France,27831695
15193,Germany Regionalliga West,27831747
15197,Germany 3. Liga,27831882
15202,Malta Challenge League,27831974
15203,Netherlands 2nd Division (Tweede Divisie),27831991
15206,Turkey TFF 3. Lig,27832009
15208,Hungary Division 1 (NB1 Soproni Liga),27832056
15210,Croatia Division 1 (HNL),27832096
15212,England Isthmian League Division 1 South,27832268
15213,England Northern Division 1 North,27832283
15215,England National League North,27832292
15217,England National League North,27832348
15220,England National League South,27832431
15221,Bosnia & Herzegovina Premier League,27832504
15224,Netherlands 2nd Division (Tweede Divisie),27832579
15225,Netherlands 2nd Division (Tweede Divisie),27832587
15226,England League 1,27832615
15229,Czech Republic First League,27832664
15232,Spain Segunda División RFEF,27832827
15233,Israel Division 4 (Liga Bet),27832854
15234,Bosnia & Herzegovina Premier League,27832877
15235,Qatar Stars Cup,27832889
15236,Belgium First Amateur Division,27832934
15237,England Premier League,27832999
15239,Slovakia 1. Liga,27833056
15240,England Football League Championship,27833071
15243,England National League,27833145
15249,Spain Primera Division RFEF,27833398
15250,Switzerland Challenge League,27833762
15252,CAF African Champions League,27833952
15254,Malta Challenge League,27834112
15257,Denmark Superliga (SAS Ligaen),27834239
15262,"Israel Premier League (Ligat ha´Al, Ligat Toto)",27834381
15292,Romania Division 1,27834831
15299,Spain Primera Division RFEF,27834915
15320,Ecuador Serie A (Copa Pilsener),27835074
15323,Colombia Primera A,27835129
15324,South Korea K League 1,27835146
15326,Brazil Campeonato Brasiliero Série A,27835184
15327,Portugal Primeira Liga,27835226
15329,Belgium 1st Division B,27835249
15333,"Israel Premier League (Ligat ha´Al, Ligat Toto)",27835381
15334,Spain Segunda División RFEF,27835386
15336,Spain Primera Division RFEF,27835484
15337,Hong Kong 1st Division,27835522
15338,Chile Tercera División,27835672
15339,Mexico Liga TDP,27835706
15341,Ghana Premier League,27835840
15344,Czech Republic First League,27835968
15345,Uzbekistan Super League,27835974
15346,Serbia Super League (Meridian League),27836001
15347,Bulgaria First PFG,27836084
15351,Poland Premier Division (Ekstraklasa),27836184
15353,Portugal Segunda Liga,27836215
15354,Moldova Super Liga (Divizia Nationala),27836222
15357,Chile Primera División,27836297
15358,Denmark Superliga (SAS Ligaen),27836398
15368,Italy Serie D,27836522
15371,Germany Regionalliga Southwest,27836553
15375,Montenegro League 1,27836586
15376,Japan J-League Division 1,27836616
15377,Malaysia Super League,27836665
15378,South Korea K League 1,27836684
15380,Austria Sky Go Erste Liga,27836718
15381,Spain Primera Division RFEF,27836720
15382,Ukraine Premier League (Vyscha Liha),27836722
15383,Germany Regionalliga West,27836728
15384,Egypt Cup,27836730
15386,Argentina Primera Nacional,27836732
15387,Cyprus Division 1 (Cyta Championship),27836736
15389,Ecuador Serie A (Copa Pilsener),27836738
15390,Turkey TFF 1. Lig,27836742
15391,Taiwan Football Premier League,27836743
15392,Japan J-League Division 1,27836751
15395,Italy Serie A,27836754
15396,Bolivia Professional League,27836758
15401,Denmark Cup (DBU Pokalen),27911437
15402,Czech Republic First League,27836785
15403,Italy Serie A,27836787
15405,Switzerland Super League,27836808
15406,Italy Serie C (Lega Pro),27836815
15409,Slovenia 1. SNL (PrvaLiga Telekom Slovenije),27836824
15411,Austria Landesliga,27836836
15417,Colombia Primera A,27836871
15418,Bolivia Professional League,27836872
15420,South Korea K League 1,27836887
15421,South Korea K League 1,27836920
15425,Argentina Liga Profesional,27836932
15426,Australia A-League,27836945
15430,Russia Premier League,27836973
15434,Hong Kong Premier League,27851575
15441,Algeria Ligue 2,27837099
15442,Turkey TFF 2. Lig (Iddaa League B),27837118
15445,Romania Division 2,27837175
15446,Turkey TFF 2. Lig (Iddaa League B),27837240
15448,Malta Challenge League,27837323
15449,Turkey TFF 2. Lig (Iddaa League B),27837326
15450,Denmark Division 1,27837327
15454,Turkey TFF 2. Lig (Iddaa League B),27837406
15455,Singapore Cup,27837425
15456,Uzbekistan Super League,27837439
15457,UAE League Cup,27837441
15462,Italy Serie D,27837496
15463,Uzbekistan Super League,27837522
15465,CAF African Champions League,27837535
15468,Ghana Premier League,27837560
15470,Portugal Campeonato de Portugal Prio,27837585
15471,Czech Republic First League,27837598
15474,Hong Kong 2nd Division,27837652
15475,Poland 3. Liga,27837678
15476,Nigeria Premier League,27837705
15481,Czech Republic First League,27837840
15482,Turkey TFF 2. Lig (Iddaa League B),27837909
15485,Italy Serie B,27838027
15486,Spain Segunda División RFEF,27838044
15491,UAE League Cup,27838094
15492,Turkey TFF 1. Lig,27838116
15493,Netherlands Division 1 (Eerste Divisie/Jupiler League),27838131
15494,Italy Serie D,27838322
15496,Ukraine Premier League (Vyscha Liha),27838488
15499,Russia Division 1 (Football National League),27838532
15500,Bulgaria First PFG,27838546
15503,Hungary Division 2 (NB2),27838668
15505,Norway Premier League (Tippeligaen),27838706
15507,England Premier League,27838747
15508,Indonesia Liga 1,27838808
15509,Montenegro League 1,27838860
15510,Switzerland Challenge League,27838951
15511,Malta Cup (FA Trophy),27839002
15512,Serbia Super League (Meridian League),27839037
15514,Brazil Campeonato Brasiliero Série A,27839061
15521,Romania Division 1,27839324
15522,Israel Division 4 (Liga Bet),27839336
15523,Malaysia FA Cup,27839342
15525,Italy Serie D,27839351
15526,Morocco GNF2,27839427
15531,Portugal Segunda Liga,27839541
15532,Portugal Primeira Liga,27839555
15534,Croatia Division 1 (HNL),27839585
15537,England Premier League Cup U21,27839612
15538,England FA Women´s Premier League National Division,27839658
15540,Russia Division 1 (Football National League),27839794
15542,Chile Primera División,27840088
15545,Spain La Liga,27840344
15547,Luxembourg National Division (BGL League),27840364
15548,Ghana Premier League,27840371
15549,Ghana Premier League,27840401
15551,Ghana Premier League,27840398
15552,Ghana Premier League,27840401
15553,Luxembourg National Division (BGL League),27840411
15554,Luxembourg National Division (BGL League),27840425
15555,Luxembourg National Division (BGL League),27840430
15557,Portugal Campeonato de Portugal Prio,27840436
15559,Luxembourg National Division (BGL League),27840441
15565,Turkey Super League,27841059
15570,Spain LaLiga2,27841407
15574,Romania Division 1,27841746
15582,Spain La Liga,27842127
15586,England National League South,27842276
15588,Costa Rica Primera División,27842486
15595,Germany Cup (DFB Pokal),27842702
15598,Poland 1. Liga,27842923
15599,Romania Division 2,27842924
15603,Jordan Division 1,27843501
15605,Ghana Premier League,27843572
15630,Romania Division 1,27844697
15631,Cyprus Division 1 (Cyta Championship),27844702
15632,Spain Copa Del Rey,27844716
15636,Romania Cupa Romaniei,27844739
15637,FIFA Arab Cup,27844759
15639,Turkey Super League,27844798
15640,England Football League Trophy (EFL),27844832
15643,Peru Division 1 (Copa Cable Mágico),27876425
15645,Argentina Primera B Metropolitana,27845062
15646,England Premier League Cup U21,27845094
15648,UEFA Nations League Women,27845263
15651,FIFA Arab Cup,27845379
15652,England Football League Trophy (EFL),27845391
15653,Greece Cup,27845397
15654,Belgium Cup (Cofidis Cup),27845408
15663,Switzerland Cup,27846248
15665,Switzerland Challenge League,27944182
15667,Bolivia Professional League,27846382
15668,Switzerland Cup,27846397
15669,Spain Copa Del Rey,27846399
15670,South Africa ABSA Premier League,27846400
15671,FIFA Arab Cup,27846401
15672,Mexico Liga TDP,27846404
15680,Brazil Campeonato Brasiliero Série A,27846459
15681,Brazil Campeonato Brasiliero Série A,27846480
15682,England League 1,27846491
15686,Turkey Cup (Fortis Cup),27846533
15689,Greece Cup,27846616
15690,Romania Cupa Romaniei,27846669
15693,England League 1,28081742
15694,England League 1,27992702
15695,Spain Regional Leagues,27846855
15696,England Football League Trophy (EFL),27846901
15697,Hong Kong Premier League,27846931
15702,Brazil Campeonato Brasiliero Série A,27847156
15704,Bolivia Professional League,27847244
15705,CONCACAF CFU Caribbean Cup,27847269
15707,UEFA European Championship U19 Women,27847315
15709,Bulgaria First PFG,27847335
15710,Germany Regionalliga North,27847356
15713,Romania Cupa Romaniei,27847368
15714,South Africa ABSA Premier League,27847432
15716,Thailand League 2,27847488
15721,Azerbaijan Cup,27847748
15722,CONCACAF CFU Caribbean Cup,27847796
15723,Jordan Division 1,27847807
15725,South Africa Cup (Nedbank Cup),27847912
15726,Romania Cupa Romaniei,27847942
15729,Bulgaria First PFG,27848007
15737,Switzerland Cup,27848357
15738,Bolivia Professional League,27848525
15742,International Friendly Women,27848771
15745,CONCACAF Copa Centroamericana,27849161
15749,English National League Cup,27849360
15750,UEFA Nations League Women,27849392
15752,Spain Copa Del Rey,27849558
15754,England Football League Trophy (EFL),27849883
15755,Romania Cupa Romaniei,27849888
15756,England Football League Trophy (EFL),27849936
15757,England Premier League Cup U21,27849960
15759,England Premier League Cup U21,27849995
15760,Slovakia Cup,27850003
15762,Romania Cupa Romaniei,27850168
15764,Poland Cup,27850283
15765,Romania Cupa Romaniei,27850356
15767,Greece Cup,28065583
15769,International Friendly Women,27851004
15770,International Friendly Women,27851004
15772,Turkey Cup (Fortis Cup),27851169
15775,Algeria Cup,27851365
15777,Chile Primera División B,27881394
15778,Spain Copa Del Rey,27851447
15780,Hong Kong Premier League,27851575
15782,Bosnia & Herzegovina Premier League,27859365
15785,ASEAN Club Championship,27851715
15786,India Super Cup,27851721
15788,Spain Copa Del Rey,27851745
15789,Greece Cup,27851850
15790,Serbia Cup,27851853
15792,South Korea K League 1,27873557
15793,Turkey Cup (Fortis Cup),27851974
15794,FIFA Arab Cup,27851994
15798,Turkey Cup (Fortis Cup),27852050
15799,Spain Copa Del Rey,27852056
15800,Serbia Cup,27852058
15801,Greece Cup,27852063
15802,Poland Cup,27852066
15803,Turkey Cup (Fortis Cup),27852068
15807,Romania Cupa Romaniei,27852319
15808,Italy Serie C (Lega Pro),27852379
15811,Romania Cupa Romaniei,27852400
15822,Czech Republic MOL Cup,27852702
15823,Bosnia & Herzegovina Premier League,27852750
15824,Netherlands KNVB Cup,27852798
15828,Spain Copa Del Rey,27852922
15829,Thailand Division 2,27852929
15830,Azerbaijan Cup,27852986
15831,South Africa ABSA Premier League,27852996
15833,Greece Super League 2,27853065
15834,Slovenia Cup (Pokal Hervis),27853103
15835,ASEAN Club Championship,27853443
15836,Belgium Cup (Cofidis Cup),27853474
15837,ASEAN Club Championship,27853495
15838,ASEAN Club Championship,27853553
15843,Croatia Cup,27853637
15844,Turkey Cup (Fortis Cup),27853642
15845,Albania Division 1 (Kategoria e Parë),27853654
15847,Serbia Cup,27853673
15848,Serbia Cup,27853771
15849,Albania Division 1 (Kategoria e Parë),27853951
15850,Denmark Cup (DBU Pokalen),27853963
15852,Romania Cupa Romaniei,27854083
15853,Belgium 1st Division B,27889136
15855,Greece Cup,27854390
15856,Nigeria Premier League,27854395
15857,Spain Second Division A (Liga Adelante),27958377
15861,Turkey Cup (Fortis Cup),27855031
15864,Serbia Cup,27855237
15866,UAE League Cup,27855650
15868,Cyprus Cup,27855671
15870,Portugal Primeira Liga,28083424
15872,Turkey Cup (Fortis Cup),27855983
15873,Malta Cup (FA Trophy),27855992
15882,Spain Copa Del Rey,27856735
15883,Austria Bundesliga,27857019
15884,Luxembourg National Division (BGL League),27857048
15885,Switzerland Cup,27857060
15887,Luxembourg National Division (BGL League),27857070
15889,Spain Copa Del Rey,27857076
15891,Luxembourg National Division (BGL League),27857113
15895,Aruba Division di Honor,27857270
15900,Poland Cup,27859000
15901,Chile Primera División,27859011
15908,Japan J-League Division 1,27859178
15909,Bulgaria First PFG,27859255
15910,Bosnia & Herzegovina Premier League,27859365
15918,FIFA Arab Cup,27859819
15919,Wales Premier League,27859842
15923,Japan J-League Division 1,27860081
15924,Japan J-League Division 1,27860084
15929,ASEAN Club Championship,27860113
15931,Bulgaria First PFG,27860375
15932,England Football League Championship,27860384
15933,Algeria Cup,27860402
15934,Algeria Cup,27860461
15935,Jordan Al Manaseer Shield Cup,27860498
15936,Israel Division 4 (Liga Bet),27860583
15939,England League 1,27860884
15951,Spain Copa Del Rey,27861705
15952,Spain Copa Del Rey,27861749
15956,New Zealand Premiership,27861860
15957,Netherlands Division 1 (Eerste Divisie/Jupiler League),27861870
15958,Romania Division 1,27862053
15959,Turkey Super League,27862105
15960,England Football League Championship,27862110
15961,Egypt Division 2,27862152
15962,England League 1,27862207
15963,Algeria Cup,27862232
15965,Germany Bundesliga,27862278
15972,Ecuador Serie A (Copa Pilsener),27862372
15974,Chile Primera División,27862460
15978,Czech Republic First League,27862688
15985,Israel Division 3 (Liga Alef),27862856
15986,Wales Premier League,27862859
15997,"Israel Division 2 (Liga Leumit, National League)",27863083
15998,"Israel Division 2 (Liga Leumit, National League)",27863085
16000,Denmark Superliga (SAS Ligaen),27863125
16001,Bahrain Division 2,27863165
16002,Bangladesh Premier League,27863189
16003,Iran Pro League (Persian Gulf Cup),27863198
16004,Israel Division 4 (Liga Bet),27863339
16005,Germany Regionalliga North,27863341
16006,Mexico Primera División,27863349
16008,Croatia Division 1 (HNL),27863358
16015,France Coupe De France,27941994
16017,France Championnat National (Ligue 3),27863386
16019,Israel Division 4 (Liga Bet),27863429
16021,Italy Serie C (Lega Pro),27863461
16023,Costa Rica Primera División,27863484
16031,Netherlands Premier Division (Eredivisie),27863669
16032,FIFA Arab Cup,27863679
16033,FIFA Arab Cup,27863690
16034,Germany Regionalliga Southwest,27863712
16035,Germany Regionalliga Southwest,27863718
16036,New Zealand Premiership,27868114
16038,Spain Primera Division RFEF,27868119
16039,Russia Premier League,27868125
16043,Spain Segunda División RFEF,27868172
16044,Ireland Leinster League,27868201
16045,Italy Serie B,27868234
16047,Switzerland Super League,27868295
16050,Netherlands Division 1 (Eerste Divisie/Jupiler League),27868466
16055,Brazil Campeonato Brasiliero Série A,27868548
16057,Italy Serie C (Lega Pro),27868591
16058,Belgium 1st Division B,27868654
16060,France Ligue 2,27868688
16061,Wales FAW Championship North & Mid,27868766
16065,England National League North,27869077
16066,Japan J-League Division 1,27869104
16068,Northern Ireland Premier League,27869202
16071,Turkey Super League,27869299
16073,Dominican Premier League,27869397
16075,Scotland League 2,27869526
16076,Romania Division 2,27869622
16080,Scotland League 2,27869675
16084,Bolivia Professional League,27869840
16085,Ukraine Premier League (Vyscha Liha),27869878
16091,Costa Rica Primera División,27870339
16094,FIFA Arab Cup,27870371
16095,Spain Segunda División RFEF,27870404
16096,Romania Division 2,27870439
16104,Turkey TFF 2. Lig (Iddaa League B),27870463
16106,Germany Regionalliga West,27870499
16108,Germany Regionalliga West,27870500
16109,Germany Regionalliga Southwest,27870502
16110,Germany Regionalliga Northeast,27870505
16114,Thailand League 2,27870598
16115,Zambia Super League,27870602
16123,England Northern Division 1 North,27870734
16124,Germany Regionalliga Southwest,27870869
16125,Portugal Liga 3,27870887
16126,Germany 3. Liga,27870895
16127,Germany Regionalliga Northeast,27870913
16129,Portugal Segunda Liga,27870926
16130,Switzerland Challenge League,27870929
16131,Belgium First Amateur Division,27870934
16132,New Zealand Premiership,27870940
16133,Slovenia 1. SNL (PrvaLiga Telekom Slovenije),27870944
16168,Poland Premier Division (Ekstraklasa),27913707
16169,Scotland Championship,27871087
16170,Italy Serie A,27871108
16175,Slovakia 1. Liga,27871151
16176,Senegal Premier League,27871188
16177,Netherlands Premier Division (Eredivisie),27871223
16181,Denmark League U19,27871247
16184,Spain La Liga,27871249
16185,FIFA Arab Cup,27871266
16186,Malaysia Super League,27871291
16190,Australia A-League,27871333
16193,Greece Super League 2,27871349
16196,Turkey TFF 2. Lig (Iddaa League B),27871423
16198,Mexico Primera División,27871463
16199,Austria Bundesliga,27871503
16200,France Championnat National 2 (CFA),27871522
16201,France Championnat National 2 (CFA),27871531
16202,Italy Serie C (Lega Pro),27871551
16203,Germany 3. Liga,27871688
16204,France Championnat National (Ligue 3),27871698
16205,France Championnat National 2 (CFA),27871703
16207,Cyprus Division 2,27871714
16212,Spain Primera Division RFEF,27871777
16215,Turkey TFF 2. Lig (Iddaa League B),27871810
16225,Poland Premier Division (Ekstraklasa),27872071
16226,Spain Segunda División RFEF,27872088
16228,Romania Division 2,27872156
16239,Belgium 1st Division A,27872280
16245,Malaysia Super League,27872328
16251,Romania Division 2,27872363
16273,Ukraine Premier League (Vyscha Liha),27872521
16274,Bulgaria First PFG,27872535
16283,Austria Bundesliga,27872578
16285,Turkey TFF 3. Lig,27872590
16288,England National League North,27872611
16306,Spain Tercera Division,27872763
16323,Czech Republic First League,27872819
16328,Bulgaria First PFG,27872869
16331,Montenegro League 1,27872894
16338,England National League South,27873061
16339,Germany Regionalliga West,27873071
16340,England National League South,27873079
16347,Belgium First Amateur Division,27873157
16354,Turkey TFF 3. Lig,27873178
16393,Poland 1. Liga,27873358
16396,Kenya Premier League,27873369
16401,Singapore Cup,27873418
16402,England Southern League Premier Division,27873434
16404,Germany Bundesliga 2,27873444
16411,England League 2,27873476
16412,England National League North,27873483
16413,Germany 3. Liga,27873491
16418,Chile Primera División,27873514
16420,Italy Serie C (Lega Pro),27873532
16421,South Korea K League 1,27873557
16422,Italy Serie C (Lega Pro),27873573
16425,England Southern League Premier Division,27873636
16426,England Premier League,27873650
16431,England Southern League Premier Division,27873685
16432,England Southern League Premier Division,27873693
16439,Ukraine Premier League (Vyscha Liha),27873788
16455,Netherlands 2nd Division (Tweede Divisie),27873918
16456,Spain Second Division A (Liga Adelante),27873932
16459,Qatar Stars Cup,27873957
16469,Germany Regionalliga North,27874006
16472,England Isthmian League Division 1 South,27874045
16474,Netherlands 2nd Division (Tweede Divisie),27874204
16476,England FA Cup,27874238
16478,Russia Premier League,27874287
16479,Netherlands 2nd Division (Tweede Divisie),27874310
16481,Italy Serie A,27874327
16484,Spain Segunda División RFEF,27874402
16485,Germany Bundesliga,27874413
16490,Portugal Segunda Liga,27874475
16492,Croatia Division 1 (HNL),27874484
16495,England Football League Championship,27874637
16498,England Football League Championship,27874776
16501,Scotland Premier League,27874803
16502,Israel Division 4 (Liga Bet),27874826
16503,Northern Ireland Premier League,27874841
16506,England National League,27874869
16516,Scotland Premier League,27875002
16533,Cyprus Division 1 (Cyta Championship),27875202
16534,Scotland League 1,27875220
16535,Northern Ireland Premier League,27875254
16538,England Isthmian League Premier Division,27875314
16548,Belgium First Amateur Division,27875736
16550,Costa Rica Primera División,27876007
16551,South Africa Telkom Knockout Cup,27876068
16553,Serbia Super League (Meridian League),27876100
16556,Brazil Campeonato Brasiliero Série A,27876156
16557,Luxembourg National Division (BGL League),27876192
16558,Bolivia Professional League,27876262
16563,Qatar Stars Cup,27876329
16567,Bahrain Premier League,27876373
16568,Peru Division 1 (Copa Cable Mágico),27876425
16570,Turkey Super League,27876549
16572,Cyprus Division 1 (Cyta Championship),27876963
16577,Qatar Stars Cup,27876994
16578,Spain Primera Division RFEF,27877048
16579,England National League,27877086
16581,Wales League Cup,27877110
16585,Spain Segunda División RFEF,27877228
16587,England Premier League,27877254
16592,Turkey Super League,27877375
16594,Netherlands Premier Division (Eredivisie),27877456
16595,Nicaragua Primera Division,27877467
16596,Chile Primera División,27877526
16597,Italy Serie B,27877540
16598,Colombia Primera A,27886479
16600,Italy Serie A,27877804
16616,Spain Primera Division RFEF,27878182
16624,Spain Second Division A (Liga Adelante),27878827
16629,Nicaragua Primera Division,27879438
16630,Romania Division 2,27879525
16632,Slovakia 1. Liga,27879886
16633,Taiwan Football Premier League,27879975
16634,Taiwan Football Premier League,27879984
16635,Mexico Liga TDP,27880002
16636,Ghana Premier League,27880076
16637,Serbia Super League (Meridian League),27880144
16638,Honduras Liga Nacional,27880202
16639,Japan J-League Division 3,27880242
16640,Belgium 1st Division A,27880248
16644,Turkey TFF 2. Lig (Iddaa League B),27880583
16647,Spain Tercera Division,27880648
16648,Thailand Division 2,27880653
16650,Spain Tercera Division,27880661
16651,Croatia Division 1 (HNL),27880673
16653,Germany Regionalliga Northeast,27880732
16655,Luxembourg National Division (BGL League),27880846
16656,Italy Serie D,27880879
16657,Italy Serie D,27880881
16661,Malaysia FAM League,27880924
16662,Japan J-League Division 3,27880967
16663,Malaysia Super League,27880973
16666,Hong Kong 2nd Division,27881012
16667,Romania Division 1,27881049
16670,Germany Regionalliga Northeast,27881107
16671,Cyprus Division 1 (Cyta Championship),27881110
16673,Germany Regionalliga North,27881115
16674,Croatia Division 1 (HNL),27881118
16676,Portugal Liga 3,27881121
16677,Portugal Liga 3,27881126
16680,Taiwan Football Premier League,27881133
16681,Austria Bundesliga,27881137
16682,Bosnia & Herzegovina Premier League,27881141
16683,Spain Primera Division RFEF,27881155
16684,Cyprus Division 1 (Cyta Championship),27881158
16687,Thailand Division 3 Cup,27881180
16689,Austria Bundesliga,27881202
16692,Portugal Campeonato de Portugal Prio,27881207
16695,Poland Premier Division (Ekstraklasa),27881227
16702,Spain Tercera Division,27881289
16705,Portugal Campeonato de Portugal Prio,27881326
16707,Bulgaria Second PFG,27881376
16713,Chile Primera División B,27881394
16714,Brazil Campeonato Brasiliero Série A,27881400
16715,Albania Division 1 (Kategoria e Parë),27881411
16716,Spain Segunda División RFEF,27881418
16719,South Korea K League 1,27881570
16720,Spain Tercera Division,27881587
16721,Hong Kong 1st Division,27881594
16722,Spain Segunda División RFEF,27881642
16723,Spain Segunda División RFEF,27881657
16725,Norway Premier League (Tippeligaen),27881835
16726,Greece Super League 2,27881841
16727,Belgium First Amateur Division,27881850
16728,Romania Division 2,27881875
16729,Argentina Torneo Federal A,27918607
16730,Spain Segunda División RFEF,27881898
16732,Lebanon Premier League,27881961
16734,Spain Primera Division RFEF,27882035
16737,Spain Segunda División RFEF,27882138
16738,Kenya Super League,27882144
16742,Spain Segunda División RFEF,27882195
16743,Germany Regionalliga Northeast,27882258
16745,Jamaica National Premier League (Digicel League),27882305
16750,Spain Segunda División RFEF,27882426
16751,Turkey TFF 2. Lig (Iddaa League B),27882434
16752,Turkey TFF 2. Lig (Iddaa League B),27882437
16753,Turkey TFF 2. Lig (Iddaa League B),27882447
16754,Albania Super League (Kategoria Superiore),27882510
16759,AFC Asian Champions League,27882794
16761,AFC Asian Champions League,27882820
16763,Turkey TFF 3. Lig,27882833
16771,Costa Rica Primera División,27883085
16774,South Africa ABSA Premier League,27883300
16778,India Super Cup,27883343
16779,Cyprus Division 2,27883431
16781,Albania Division 1 (Kategoria e Parë),27883456
16782,Spain Segunda División RFEF,27883480
16784,Germany Regionalliga North,27883737
16788,Guatemala Division 1 (Liga Nacional),27883882
16789,Italy Serie C (Lega Pro),27883889
16790,Netherlands Premier Division (Eredivisie),27883899
16792,Germany 3. Liga,27883950
16793,Slovenia 1. SNL (PrvaLiga Telekom Slovenije),27883966
16794,AFC Asian Champions League,27883971
16796,Russia Premier League,27884001
16797,Italy Serie D,27884004
16798,Italy Serie D,27884006
16799,Denmark Superliga (SAS Ligaen),27884125
16802,Italy Serie D,27884145
16808,Greece Super League,27884335
16810,Nigeria Premier League,27884353
16813,FIFA Arab Cup,27884719
16814,FIFA Arab Cup,27884729
16819,Spain Tercera Division,27884967
16827,Brazil Campeonato Carioca Serie B (RJ),27885788
16829,Brazil Campeonato Brasiliero Série A,27885885
16830,El Salvador Primera División,27885961
16832,Spain Primera Division RFEF,27886056
16833,Jamaica National Premier League (Digicel League),27886137
16835,FIFA Arab Cup,27886201
16836,Honduras Liga Nacional,27886240
16838,Spain LaLiga2,27886307
16839,Dominican Premier League,27886424
16840,Colombia Primera A,27886479
16844,Italy Serie B,27886641
16847,Italy Serie C (Lega Pro),27886690
16848,Serbia Super League (Meridian League),27886691
16849,Portugal Segunda Liga,27886692
16850,Poland Premier Division (Ekstraklasa),27886694
16851,FIFA Arab Cup,27886704
16852,"Israel Division 2 (Liga Leumit, National League)",27886711
16853,Italy Serie C (Lega Pro),27886794
16857,Bosnia & Herzegovina Premier League,27886867
16859,Nigeria Premier League,27886919
16860,England League 2,27886940
16862,Rwanda National Soccer League,27887008
16877,Ukraine Premier League (Vyscha Liha),27887087
16878,Nigeria Premier League,27887094
16880,Italy Serie C (Lega Pro),27887210
16882,Serbia Division 1 (Prva Liga Telekom Srbija),27887288
16884,Kenya Premier League,27887395
16885,Jamaica National Premier League (Digicel League),27887422
16887,Italy Serie B,27887599
16890,Spain LaLiga2,27887645
16891,AFC Asian Champions League,27887686
16895,Scotland Challenge Cup,27887802
16896,Azerbaijan Premier League,27887817
16898,Albania Super League (Kategoria Superiore),27888084
16901,Ireland Munster Senior League,27888189
16902,Italy Serie B,27888235
16915,England Southern League Premier Division,27888720
16916,England Isthmian League Premier Division,27888724
16917,England National League North,27888729
16919,Bolivia Professional League,27888877
16922,Chile Copa Chile,27889132
16923,Belgium 1st Division B,27889136
16925,Egypt Cup,27889210
16926,Bolivia Professional League,27889244
16930,Bolivia Professional League,27889296
16931,UEFA Youth League U19,27889298
16933,Egypt Cup,27889307
16934,Montenegro League 1,27889320
16936,England League 1,27889345
16937,England League 2,27889349
16938,UEFA Youth League U19,27889350
16939,England League 1,27889351
16943,England Football League Championship,27889523
16944,UEFA Youth League U19,27889587
16947,UEFA Champions League,27889675
16948,England League 1,27889793
16950,England League 1,27889879
16951,Scotland Challenge Cup,27889913
16954,Iran Pro League (Persian Gulf Cup),27890108
16956,England League 2,27890175
16958,England League 1,27890257
16962,Scotland Challenge Cup,27890662
16964,Malta Challenge League,27890882
16965,UEFA Youth League U19,27890896
16966,Spain Segunda División RFEF,27890946
16967,Slovakia Cup,27890982
16971,UEFA Youth League U19,27891102
16973,Spain Primera Division RFEF,27891140
16974,Iran Pro League (Persian Gulf Cup),27891161
16975,UEFA Youth League U19,27891363
16976,UEFA Youth League U19,27891498
16981,UEFA Youth League U19,27891838
16983,England League 1,27892089
16984,England Northern Division 1 North,27892163
16985,England Isthmian League Division 1 South,27892172
16987,England Northern Division 1 North,27892377
16988,England Football League Championship,27892561
16990,England Southern League Premier Division,27892569
16992,England Northern Premier League,27892578
16993,England Isthmian League Division 1 South,27892600
17001,Scotland Challenge Cup,27892707
17003,Scotland Challenge Cup,27892729
17006,Uzbekistan Super League,27892927
17007,England Southern League Premier Division,27892930
17008,Montenegro League 1,27893191
17011,UEFA Youth League U19,27893256
17020,UEFA Europa League,27893733
17021,UEFA Europa Conference League,27893734
17022,UEFA Europa Conference League,27893735
17114,Jordan Al Manaseer Shield Cup,27893898
17135,Guatemala Division 1 (Liga Nacional),27893937
17151,UEFA Champions League,27893954
17154,Jordan Division 1,27893998
17155,AFC Champions League 2,27894146
17156,Argentina Primera B Metropolitana,27894166
17158,Jordan Division 1,27894195
17159,Algeria Cup,27894246
17162,UEFA Champions League Women,27894284
17163,Portugal Liga Revelacao U23,27894292
17164,AFC Champions League 2,27894325
17165,Jamaica National Premier League (Digicel League),27894538
17166,Egypt Division 2 B,27894559
17168,UEFA Europa League,27894576
17173,UEFA Youth League U19,27894615
17176,Thailand Division 2,27894762
17179,UEFA Youth League U19,27894805
17183,Spain Copa Catalunya,27894923
17188,UEFA Youth League U19,27895506
17192,Belgium First Amateur Division,27896792
17193,Ukraine Premier League (Vyscha Liha),27896819
17194,England Football League Championship,27896829
17307,Bolivia Professional League,27900228
17309,Bolivia Professional League,27900258
17310,Egypt Cup,27900280
17311,Egypt Division 2 B,27900343
17312,Iceland Reykjavik Cup,27900414
17313,Portugal Liga 3,27900542
17314,Algeria Cup,27900558
17316,UEFA Europa League,27900603
17320,England League 1,27901041
17321,Turkey Super League,27901149
17322,Ukraine Premier League (Vyscha Liha),27901190
17327,UEFA Europa League,27901403
17333,Turkey TFF 2. Lig (Iddaa League B),27901605
17336,Italy Serie C (Lega Pro),27901698
17339,Italy Serie C (Lega Pro),27901793
17340,Czech Republic First League,27901803
17341,France Ligue 1,27901811
17344,Turkey Super League,27901847
17347,Germany 3. Liga,27901941
17348,Italy Serie B,27902003
17350,Japan J-League Division 2,27902014
17352,France Ligue 2,27902067
17353,Israel Division 3 (Liga Alef),27902151
17354,Israel Division 3 (Liga Alef),27902152
17355,England League 2,27902229
17356,England League 2,27902230
17358,"Israel Division 2 (Liga Leumit, National League)",27902314
17359,"Israel Division 2 (Liga Leumit, National League)",27902319
17365,Spain Segunda División RFEF,27906209
17366,Italy Serie B,27902392
17368,Portugal Segunda Liga,27902451
17373,Israel Division 3 (Liga Alef),27902458
17375,Portugal Segunda Liga,27902461
17378,Jordan FA Shield,27902479
17379,Algeria Cup,27902482
17381,Bulgaria Cup,27902493
17387,Northern Ireland Premier League,28060356
17388,Turkey Super League,27902608
17389,"Israel Division 2 (Liga Leumit, National League)",27902617
17391,Mali Premiere Division,27917354
17395,Italy Serie C (Lega Pro),27902847
17396,Israel Division 3 (Liga Alef),27902933
17399,Turkey TFF 2. Lig (Iddaa League B),27903007
17400,Indonesia Liga 3,27903016
17401,Hong Kong Premier League,27903049
17403,England Football League Championship,27903060
17405,Romania Division 2,27904231
17406,France Championnat National (Ligue 3),27904232
17407,England League 2,27904234
17408,Egypt Cup,27904273
17410,Scotland Premier League,27904288
17414,Kenya Premier League,27904379
17415,Kenya Super League,27904407
17416,Belgium 1st Division A,27904468
17417,France Championnat National 2 (CFA),27909330
17419,Turkey TFF 2. Lig (Iddaa League B),27904636
17420,Scotland League 2,27904695
17421,England National League South,27904779
17422,France Championnat National 2 (CFA),27904798
17423,Scotland League 2,27904859
17424,FIFA Arab Cup,27904874
17427,Austria Sky Go Erste Liga,27904912
17429,Hong Kong Premier League,27905062
17433,Scotland Championship,27905191
17434,England League 1,27905317
17436,Qatar Stars Cup,27905364
17439,Bahrain Premier League,27905422
17445,Bahrain Premier League,27905964
17446,Portugal Segunda Liga,27905978
17448,Netherlands Premier Division (Eredivisie),27906045
17449,Colombia Primera A,27906093
17450,Ukraine Premier League (Vyscha Liha),27906146
17453,Spain Segunda División RFEF,27906209
17454,Australia A-League,27906231
17455,Austria Sky Go Erste Liga,27906327
17457,England Premier League Cup U21,27906806
17459,Slovakia 1. Liga,27906955
17460,France Championnat National (Ligue 3),27907016
17462,England Premier League Cup U21,27907034
17466,Austria Bundesliga,27907136
17467,Spain Primera Division RFEF,27907162
17470,Bosnia & Herzegovina Premier League,27907207
17475,Italy Serie C (Lega Pro),27907539
17482,Spain Second Division A (Liga Adelante),27907652
17495,El Salvador Primera División,27907858
17496,England Southern League Premier Division,27907900
17498,UAE League Cup,27907925
17516,Belgium 1st Division A,27908592
17518,England FA Trophy,27908601
17544,England Isthmian League Premier Division,27908693
17545,Belgium First Amateur Division,27908713
17546,Netherlands 2nd Division (Tweede Divisie),27908730
17551,England FA Trophy,27908765
17553,England FA Trophy,27908862
17554,Portugal Segunda Liga,27908867
17555,Germany 3. Liga,27908870
17556,Czech Republic First League,27908872
17557,Serbia Super League (Meridian League),27908874
17558,England League 1,27908877
17559,England League 2,27908879
17560,England League 2,27908881
17561,Slovakia 1. Liga,27908883
17562,Belgium First Amateur Division,27908885
17563,Belgium First Amateur Division,27908887
17564,Slovakia 1. Liga,27908889
17565,Switzerland Challenge League,27908893
17566,Belgium First Amateur Division,27908896
17567,Belgium First Amateur Division,27908899
17568,England League 2,27908901
17569,England League 2,27908906
17570,England League 2,27908908
17571,England Isthmian League Division 1 South,27908909
17572,Germany Regionalliga North,27908910
17573,Italy Serie B,27908911
17574,England League 2,27908912
17575,England League 1,27908914
17576,Spain Segunda División RFEF,27908918
17577,England FA Trophy,27908921
17578,England National League South,27908925
17580,New Zealand Premiership,27908927
17581,Belgium First Amateur Division,27908939
17583,Spain Tercera Division,27908965
17584,Spain Tercera Division,27908968
17585,Spain Tercera Division,27930917
17586,Spain Tercera Division,27908971
17588,Senegal Premier League,27908973
17607,Kenya Premier League,27909051
17615,France Championnat National 2 (CFA),27909083
17616,Spain Segunda División RFEF,27909086
17617,England Football League Championship,27909092
17624,Italy Serie C (Lega Pro),27909219
17629,Italy Serie C (Lega Pro),27909295
17630,Italy Serie C (Lega Pro),27909298
17635,France Championnat National 2 (CFA),27909330
17637,Bulgaria Cup,27909366
17638,Cyprus Division 2,27909373
17640,England FA Trophy,27909609
17642,Spain Tercera Division,27909665
17644,Spain Tercera Division,27909735
17650,Ukraine Premier League (Vyscha Liha),27909808
17654,Bulgaria Cup,27910016
17655,Ethiopia Cup,27910055
17661,Qatar Stars Cup,27910126
17665,Albania Super League (Kategoria Superiore),27910251
17669,Italy Campionato Primavera 2 U19,27910432
17671,Hungary Division 1 (NB1 Soproni Liga),27910472
17672,Netherlands 2nd Division (Tweede Divisie),27910489
17673,Switzerland Super League,27910589
17674,Australia A-League,27910656
17676,Saudi Arabia Division 1,27910707
17677,Taiwan Football Premier League,27910711
17678,Saudi Arabia Division 1,27910714
17679,England Football League Championship,27910804
17683,Indonesia Liga 3,27910895
17685,England Northern Division 1 North,27911041
17687,Turkey TFF 3. Lig,27911056
17689,Greece Super League 2,27911092
17690,England FA Trophy,27911119
17691,England FA Trophy,27911213
17692,Spain Tercera Division,27911243
17693,Germany Bundesliga 2,27911257
17695,Turkey TFF 3. Lig,27911273
17697,Bosnia & Herzegovina Premier League,27911280
17698,Thailand Division 2,27911289
17699,Germany Bundesliga 2,27911326
17701,Italy Serie A,27911403
17702,Denmark Cup (DBU Pokalen),27911437
17704,England Northern Premier League,27911652
17705,England Northern Premier League,27911652
17708,Taiwan Football Premier League,27911733
17711,Germany 3. Liga,27911761
17714,Spain Segunda División RFEF,27911789
17715,England FA Trophy,27911797
17717,Denmark Cup (DBU Pokalen),27911824
17718,Netherlands 2nd Division (Tweede Divisie),27911868
17723,England FA Trophy,27912005
17724,Spain Segunda División RFEF,27912024
17725,Lebanon Premier League,27912103
17735,Slovakia 1. Liga,27912246
17737,Spain Tercera Division,27912432
17738,Spain Tercera Division,27912474
17739,England FA Trophy,27912501
17740,Nicaragua Primera Division,27912552
17743,Switzerland Super League,27912878
17749,Spain Tercera Division,27913141
17750,Spain Tercera Division,27913146
17752,Malta Challenge League,27913153
17753,Albania Super League (Kategoria Superiore),27913159
17754,Malta Challenge League,27913165
17756,Israel Division 4 (Liga Bet),27913223
17758,Hong Kong Premier League,27913263
17772,Romania Division 1,27913427
17778,Poland Premier Division (Ekstraklasa),27913707
17780,Slovakia 1. Liga,27913720
17785,Spain Tercera Division,27913838
17788,France Championnat National 2 (CFA),27913873
17794,France Championnat National (Ligue 3),27914382
17796,Greece Super League,27914404
17813,Spain Segunda División RFEF,27914953
17814,Spain Segunda División RFEF,27915092
17817,Japan J-League Division 3,27915226
17818,Spain Segunda División RFEF,27915441
17825,Spain Segunda División RFEF,27915917
17826,Romania Division 2,27916009
17834,Spain Tercera Division,27916546
17835,Spain Tercera Division,27916564
17836,Spain Tercera Division,27916590
17838,Germany Regionalliga Northeast,27916596
17841,Greece Cup,28020434
17843,Greece Super League,27916644
17845,Italy Serie D,27916662
17846,Italy Serie D,27916664
17847,Jamaica National Premier League (Digicel League),27916671
17850,Serbia Super League (Meridian League),27916735
17852,France Championnat National 2 (CFA),27916776
17853,Spain Tercera Division,27916777
17854,Thailand League 2,27916778
17855,Italy Serie D,27916780
17859,Turkey TFF 1. Lig,27916891
17860,Portugal Segunda Liga,27916892
17861,Hungary Division 1 (NB1 Soproni Liga),27916895
17862,Saudi Arabia Division 1,27916896
17863,Belgium First Amateur Division,27916898
17864,Czech Republic First League,27916899
17866,Switzerland Challenge League,27916900
17867,Bulgaria Cup,27916904
17868,Jamaica National Premier League (Digicel League),27916907
17874,Spain Segunda División RFEF,27916926
17875,Spain Segunda División RFEF,27916927
17876,Turkey Super League,27916929
17877,Senegal Premier League,27916942
17879,Portugal Campeonato de Portugal Prio,27916949
17881,Costa Rica Primera División,27916980
17882,Spain Tercera Division,27917021
17884,Portugal Campeonato de Portugal Prio,27917046
17885,Portugal Campeonato de Portugal Prio,27917082
17887,Kosovo Superleague,27917105
17888,Kenya Super League,27917109
17889,Croatia Division 1 (HNL),27917197
17891,England Super League Women,27917341
17892,Spain Segunda División RFEF,28020511
17893,Mali Premiere Division,27917354
17894,Hong Kong 2nd Division,27917355
17898,Spain Segunda División RFEF,27917454
17899,Bolivia Professional League,27917472
17904,Thailand League Cup,27917534
17906,India Guwahati Premier League,27917552
17907,Italy Serie C (Lega Pro),27917563
17908,Turkey TFF 1. Lig,27917572
17909,Belgium First Amateur Division,27917620
17910,Ecuador Serie A (Copa Pilsener),27917663
17913,Spain Tercera Division,27917792
17916,Spain Tercera Division,27917837
17919,Jamaica National Premier League (Digicel League),27917873
17920,Spain Segunda División RFEF,27917894
17923,Nigeria Premier League,27918083
17924,Nigeria Premier League,27918088
17925,Germany Regionalliga Northeast,27918184
17927,Singapore Cup,27918462
17930,Argentina Torneo Federal A,27918607
17931,Bolivia Professional League,27918610
17933,Spain Tercera Division,27918637
17934,Spain Tercera Division,27918644
17935,Kenya Premier League,27918646
17936,Spain Tercera Division,27918653
17938,Albania Super League (Kategoria Superiore),27918715
17939,Belgium 2nd Amateur Division,27918718
17940,Greece Super League 2,27918746
17941,Hong Kong 3rd Division,27918877
17942,Spain Tercera Division,27918962
17943,France Ligue 1,27918968
17944,Portugal Campeonato de Portugal Prio,27919132
17946,Spain Tercera Division,27919145
17947,Iran Pro League (Persian Gulf Cup),27919157
17948,Singapore Premier League 2,27922662
17949,Bolivia Professional League,27919203
17950,FIFA Arab Cup,27919225
17954,Italy Serie D,27919315
17956,Poland Premier Division (Ekstraklasa),27919353
17959,Mali Premiere Division,27919441
17964,Portugal Liga 3,27919591
17965,FIFA Arab Cup,27919612
17967,England Premier League,27919655
17970,Spain Tercera Division,27919723
17971,Israel Division 4 (Liga Bet),27919733
17972,Argentina Torneo Regional Federal Amateur,27919872
17974,Italy Serie D,27919902
17977,Bosnia & Herzegovina Premier League,27919957
17978,Italy Serie D,27919961
17979,Malta Challenge League,27920047
17980,Portugal Campeonato de Portugal Prio,27920109
17981,Israel Division 4 (Liga Bet),27920129
17982,Georgia Erovnuli Liga,27920176
17985,Andorra Division 1,27920260
17986,Spain Tercera Division,27920273
17987,Spain Tercera Division,27920306
17988,Malta Premier League,27920319
17989,Belgium 1st Division A,27920327
17991,Portugal Campeonato de Portugal Prio,27920370
17992,Ghana Premier League,27920405
17993,Bolivia Professional League,27920470
17997,England Premier League,27920615
17998,Malta Premier League,27921222
18007,Belgium 1st Division B,27921891
18010,Ecuador Serie A (Copa Pilsener),27921896
18014,Trinidad and Tobago T & T Pro League,27922001
18015,Aruba Division di Honor,27922099
18023,Iran Pro League (Persian Gulf Cup),27922252
18025,Bulgaria Cup,27922260
18026,England National League South,27922273
18028,Wales Premier League,27922302
18029,Iran Pro League (Persian Gulf Cup),27922384
18030,"Israel Division 2 (Liga Leumit, National League)",27922389
18032,Spain Copa Del Rey,27922493
18033,England Premier League Cup U21,27922537
18035,"Israel Premier League (Ligat ha´Al, Ligat Toto)",27922552
18037,Singapore Premier League 2,27922662
18038,Egypt Division 2 B,27922709
18695,Portugal Cup,27926490
18696,Portugal Cup,27926499
18704,Turkey TFF 2. Lig (Iddaa League B),27926680
18705,International Friendly,27926687
18714,Belgium 1st Division B,27926798
18732,Spain Copa Catalunya,27926873
18750,Netherlands KNVB Cup,27927147
18751,International Friendly,27927258
18754,Belgium 1st Division B,27927449
18757,Brazil Copa do Brazil,27927739
18759,England Isthmian League Division 1 North,27927792
18760,England Southern League Premier Division,27927894
18763,Scotland Premier League,27927906
18764,Turkey Cup (Fortis Cup),27927942
18767,Scotland Challenge Cup,27927986
18768,Serbia Super League (Meridian League),27928013
18775,Bosnia & Herzegovina Premier League,27928071
18777,Kuwait Premier League,27928197
18778,Kuwait Premier League,27928311
18779,England Isthmian League Division 1 South,27928333
18780,Scotland Lowland Football League,27928531
18781,Costa Rica Primera División,27928657
18799,England Northern Premier League,27929741
18800,England Southern League Premier Division,27929753
18808,Thailand League Cup,27929898
18823,Algeria Ligue 1 (Championnat National),27930362
18829,FIFA Arab Cup,27930456
18830,UEFA Europa Conference League,27930461
18832,Egypt Division 2 A,27943985
18834,Jordan Division 1,27930672
18838,Iran Pro League (Persian Gulf Cup),27930732
18839,Turkey Cup (Fortis Cup),27930795
18841,Egypt Division 2 B,27930820
18845,Turkey TFF 3. Lig,27930844
18847,Spain Tercera Division,27930917
18849,Netherlands KNVB Cup,27930975
18852,Colombia Cup,27931122
18856,Greece Super League 2,27931231
18859,Indonesia Liga 3,27931281
18861,Kenya Super League,27931366
18862,Ecuador Cup,27931565
18865,India Mumbai Elite Division League,27931599
18869,Zambia Super League,27931792
18870,ASEAN Club Championship,27931807
18871,Turkey Cup (Fortis Cup),27931984
18872,Turkey TFF 3. Lig,27931991
18878,England League 1,27932256
18880,Belgium 1st Division B,27932273
18884,Turkey TFF 2. Lig (Iddaa League B),27932420
18885,Turkey TFF 3. Lig,27932442
18888,Azerbaijan Premier League,27932677
18891,Vietnam V-League,27932900
18895,Oman League,27932990
18898,Guatemala Division 1 (Liga Nacional),27933441
18945,UEFA Europa Conference League,27935017
18946,Bahrain Premier League,27935024
18979,Honduras Liga Nacional,27936515
18990,Argentina Torneo Regional Federal Amateur,27936578
18991,Guatemala Division 1 (Liga Nacional),27936588
19017,Portugal Primeira Liga,27936841
19120,England League 1,27939188
19121,Italy Serie B,27939192
19122,Malta Premier League,27939195
19123,Germany Bundesliga 2,27939197
19190,Cyprus Division 1 (Cyta Championship),27940238
19191,England League 1,27940245
19192,Portugal Cup,27940259
19194,England National League North,27940306
19195,England National League South,27940314
19196,Portugal Primeira Liga,27940348
19200,Saudi Arabia Division 1,27940431
19202,UEFA Europa Conference League,27940531
19203,Algeria Ligue 1 (Championnat National),27940543
19204,Algeria Ligue 1 (Championnat National),27940588
19207,Italy Serie C (Lega Pro),27940778
19208,UEFA Europa Conference League,27940794
19210,Kuwait Premier League,27940860
19217,Italy Serie C (Lega Pro),27941171
19222,Spain Second Division A (Liga Adelante),27941448
19223,Malaysia Super League,27941483
19224,Egypt Cup,27941498
19225,Bolivia Copa Cine Center,27941508
19227,"Israel Premier League (Ligat ha´Al, Ligat Toto)",27941557
19228,Israel Division 3 (Liga Alef),27941671
19269,"Israel Division 2 (Liga Leumit, National League)",27941887
19289,Egypt Cup,27941941
19292,Croatia Division 1 (HNL),27941978
19293,"Israel Division 2 (Liga Leumit, National League)",27941980
19294,Bangladesh Premier League,27941981
19296,France Coupe De France,27941994
19300,Israel Division 4 (Liga Bet),27942033
19303,Bahrain Premier League,27942040
19306,Egypt Cup,27942055
19307,Bahrain Premier League,27942057
19308,Egypt Division 2 A,27942058
19309,Romania Division 1,27942060
19310,Spain Primera Division RFEF,27942061
19311,Switzerland Challenge League,27942063
19312,Switzerland Challenge League,27942065
19313,Oman League,27942068
19316,Israel Division 4 (Liga Bet),27942083
19317,Turkey Super League,27942084
19318,"Israel Division 2 (Liga Leumit, National League)",27942085
19320,Japan WE League Women,27942140
19321,England League 2,27942144
19323,Netherlands Division 1 (Eerste Divisie/Jupiler League),27942171
19324,Italy Serie C (Lega Pro),27942174
19325,Italy Serie C (Lega Pro),27942176
19326,Italy Serie C (Lega Pro),27942179
19328,France Coupe De France,27942195
19329,Northern Ireland Premier League,27942203
19330,Bulgaria First PFG,27942206
19331,France Coupe De France,27942231
19332,Indonesia Liga 3,27942256
19333,Egypt Cup,27942339
19334,Ethiopia Premier League,27942382
19335,Italy Campionato Primavera 2 U19,27942401
19336,Israel Division 4 (Liga Bet),27942405
19338,Belgium 1st Division B,27942537
19339,Algeria Ligue 2,27942550
19340,Spain Segunda División RFEF,27942555
19342,Malaysia FAM League,27942614
19346,Northern Ireland Premier League,27942913
19349,England National League,27942994
19351,Israel Division 3 (Liga Alef),27943056
19352,Egypt Cup,27943063
19353,Lebanon Premier League,27943067
19354,England Premier League Cup U21,27943107
19355,Algeria Ligue 2,27943116
19357,Azerbaijan Premier League,27943189
19358,Algeria Ligue 2,27943192
19360,Saudi Arabia Division 1,27943240
19361,Israel Division 3 (Liga Alef),27943243
19386,Japan WE League Women,27943601
19387,"Israel Division 2 (Liga Leumit, National League)",27943641
19390,Scotland League 1,27943705
19391,Mali Premiere Division,27943748
19393,Belgium 1st Division B,27943758
19395,England Northern Premier League,27943788
19397,England National League North,27943797
19398,England Premier League Cup U21,27943800
19400,England Northern Division 1 North,27943831
19404,Albania Super League (Kategoria Superiore),27943947
19413,Egypt Division 2 A,27943985
19420,Portugal Segunda Liga,27943998
19424,Egypt Division 2 A,27944020
19444,Algeria Ligue 2,27944114
19451,Portugal Primeira Liga,27944158
19452,Switzerland Challenge League,27944182
19454,India Santosh Trophy,27944247
19463,England Isthmian League Premier Division,27944753
19464,England Southern League Premier Division,27944755
19466,England Southern League Premier Division,27944758
19467,England Football League Championship,27944780
19468,Germany Bundesliga 2,27944795
19469,Portugal Segunda Liga,27944867
19475,England Southern League Premier Division,27945083
19477,Germany 3. Liga,27945167
19480,Spain Segunda División RFEF,27945255
19484,Scotland League 2,27945400
19486,France Coupe De France,27945472
19492,Netherlands Division 1 (Eerste Divisie/Jupiler League),27945756
19493,England Premier League Cup U21,27945856
19495,England Premier League Cup U21,27945865
19497,England Northern Premier League,27945937
19500,Spain Segunda División RFEF,27946022
19502,England Southern League Premier Division,27946026
19503,Italy Serie B,27946030
19505,Spain Segunda División RFEF,27946127
19509,Spain Segunda División RFEF,27946236
19512,Spain Segunda División RFEF,27946432
19534,Spain Primera Division RFEF,27946633
19616,France Coupe De France,27946836
19676,Germany Bundesliga 2,27946960
19718,Turkey TFF 2. Lig (Iddaa League B),27947094
19720,Turkey TFF 2. Lig (Iddaa League B),27947117
19721,Serbia Super League (Meridian League),27947123
19731,Greece Super League 2,27947169
19732,Italy Serie B,27947185
19735,Australia A-League Women,27947207
19756,France Coupe De France,27957988
19759,Germany Bundesliga,27958006
19782,Turkey Super League,27958135
19790,Turkey Super League,27958187
19793,Italy Serie A,27958200
19798,Italy Serie C (Lega Pro),27958234
19804,Italy Serie C (Lega Pro),27958259
19805,France Coupe De France,27958263
19810,Italy Serie C (Lega Pro),27958275
19813,Spain Tercera Division,27958281
19814,Croatia Division 1 (HNL),27958283
19835,Spain Second Division A (Liga Adelante),27958377
19843,Belgium 1st Division B,27958410
19877,Portugal Segunda Liga,27958552
19880,Greece Cup,28065583
19883,Portugal Primeira Liga,27958569
19916,Jamaica National Premier League (Digicel League),27958671
19924,Jamaica National Premier League (Digicel League),27958707
19938,AFC Asian Champions League,27962338
19940,AFC Asian Champions League,27962429
19941,AFC Champions League 2,27962467
19942,India Santosh Trophy,27962541
19944,Egypt Division 2 B,27962990
19945,Indonesia Liga 1,27962999
19946,CAF African Cup of Nations,27963125
19950,Malaysia Super League,27963357
19951,Albania Super League (Kategoria Superiore),27963361
19952,Turkey Cup (Fortis Cup),27963364
19955,Albania Super League (Kategoria Superiore),27963404
19956,Malaysia Super League,27963477
19957,AFC Champions League 2,27963488
19958,Kenya Premier League,27963555
19959,AFC Champions League 2,27963571
19961,Turkey Cup (Fortis Cup),27963581
19962,Malaysia Super League,27963623
19965,CAF African Cup of Nations,27963640
19975,Saudi Arabia Division 1,27963793
19976,Gulf Club Champions League,27963814
19978,Nigeria Premier League,27963847
19981,AFC Champions League 2,27963939
19982,Kuwait Emir Cup,27964041
19983,Egypt Cup,27964060
19984,English National League Cup,27964410
19987,Gambia GFA League,27964496
19994,England Southern League Premier Division,27964733
19996,England Southern League Premier Division,27964740
20013,CAF African Cup of Nations,27965348
20015,CAF African Cup of Nations,27965660
20019,Ethiopia Premier League,27965797
20020,CAF African Cup of Nations,27965824
20025,Thailand League 1,27966019
20027,Thailand League 1,27966092
20031,Egypt Cup,27966520
20032,England Football League Championship,27966529
20033,CAF African Cup of Nations,27966542
20034,England National League North,27966552
20036,England League 1,27966624
20038,Egypt Cup,27966639
20039,Albania Super League (Kategoria Superiore),27966669
20040,England Football League Championship,27966698
20047,England League 1,27966711
20049,England National League North,27966767
20050,England League 2,27966773
20051,England League 1,27966775
20052,England National League South,27966778
20053,England National League South,27966850
20054,England League 2,27966853
20055,England National League North,27966896
20057,England National League South,27966937
20059,England National League,27966988
20060,England Football League Championship,27967055
20063,Northern Ireland Premier League,27967230
20065,England Football League Championship,27967247
20066,Belgium 1st Division A,27967263
20067,England National League,27967368
20068,Northern Ireland Premier League,27967371
20070,England League 2,27967543
20072,Saudi Arabia Pro League,27967659
20073,Turkey TFF 1. Lig,27967744
20075,Saudi Arabia Pro League,27967779
20092,Scotland Championship,27967936
20110,Scotland League 1,27968050
20114,England League 1,27968075
20115,England Premier League,27968152
20116,Australia A-League,27968192
20158,Portugal Primeira Liga,27968229
20344,England Football League Championship,27968413
20347,England National League,27968415
20349,Northern Ireland Premier League,27968535
20351,Italy Serie B,27968593
20352,England Football League Championship,27968608
20354,CAF African Cup of Nations,27968655
20356,Wales Premier League,27968667
20357,England Football League Championship,27968724
20359,Belgium 1st Division A,27968767
20362,England Football League Championship,27968845
20368,England League 1,27968907
20369,Northern Ireland Premier League,27969018
20372,England Football League Championship,27969097
20373,Scotland Premier League,27969103
20374,Scotland Premier League,27969124
20376,Scotland Premier League,27969196
20377,Scotland Premier League,27969216
20381,Northern Ireland Premier League,27969324
20383,Belgium 1st Division A,27969423
20384,Scotland League 2,27969820
20385,Turkey TFF 1. Lig,27969825
20386,England National League South,27970088
20388,Belgium 1st Division A,27970924
20394,England League 1,27971049
20400,England National League,27971081
20402,England National League,27971110
20403,Italy Serie B,27971160
20404,England National League South,27971182
20408,CAF African Cup of Nations,27971254
20409,Italy Serie B,27971261
20410,Australia A-League,27971382
20413,CAF African Cup of Nations,27971541
20421,Italy Serie B,27972611
20434,Australia A-League Women,27972778
20471,Scotland Premier League,27972820
20473,Portugal Primeira Liga,27972834
20475,Indonesia Liga 1,27972892
20476,Scotland Premier League,27972906
20477,Italy Serie B,27972946
20478,Scotland League 2,27972963
20479,Scotland League 1,27973234
20480,Indonesia Liga 1,27973295
20482,Scotland League 2,27973671
20491,Indonesia Liga 1,27974652
20494,Qatar Stars League,27975258
20496,Italy Serie B,27975367
20498,Indonesia Liga 1,27975639
20522,Qatar Stars League,27977620
20524,Indonesia Liga 1,27977935
20525,CAF African Cup of Nations,27978774
20526,Indonesia Liga 1,27978904
20529,Italy Serie A,27980139
20533,England Premier League,27983809
20543,UAE Division 1,27986527
20548,Iran Pro League (Persian Gulf Cup),27986620
20550,Egypt Cup,27986659
20562,England National League South,27986832
20610,England National League South,27987023
20615,England National League South,27987054
20617,Qatar 2nd Division,27987059
20631,Wales FAW Championship North & Mid,27987139
20637,Saudi Arabia Pro League,27987339
20644,Qatar 2nd Division,27987716
20647,Northern Ireland Premier League,27987809
20648,"Israel Premier League (Ligat ha´Al, Ligat Toto)",27987875
20653,CAF African Cup of Nations,27988016
20656,Scotland Premier League,27988146
20657,England League 2,27988187
20662,England National League North,27988260
20666,England National League North,27988771
20679,England National League South,27988992
20687,"Israel Premier League (Ligat ha´Al, Ligat Toto)",27989292
20690,England National League North,27989360
20691,England Football League Championship,27989518
20694,England League 2,27989788
20697,England Football League Championship,27989813
20701,England Premier League,27990482
20702,Saudi Arabia Pro League,27990602
20706,Saudi Arabia Pro League,27990969
20721,England League 1,27992592
20765,Indonesia Liga 1,27993603
20766,England Football League Championship,27993604
20770,England League 1,27993969
20775,Saudi Arabia Pro League,27995910
20778,Spain Second Division A (Liga Adelante),27996117
20781,Spain Second Division A (Liga Adelante),27996779
20782,Portugal Liga 3,27997181
20784,France Ligue 2,27997748
20785,Cyprus Division 1 (Cyta Championship),27997900
20788,England Premier League,27998332
20789,Cyprus Division 1 (Cyta Championship),27998335
20790,Portugal Liga 3,27998345
20799,England Premier League,27999755
20807,Portugal Primeira Liga,28001203
20810,France Ligue 1,28001430
20811,France Ligue 2,28001447
20812,Portugal Primeira Liga,28001514
20817,Spain Second Division A (Liga Adelante),28002172
20818,France Ligue 2,28002184
20819,Indonesia Liga 1,28002224
20821,Indonesia Liga 1,28002499
20825,Portugal Segunda Liga,28003117
20860,Indonesia Liga 1,28004190
20975,Portugal Primeira Liga,28004963
20994,Portugal Segunda Liga,28008211
20998,Portugal Liga 3,28012253
21001,Portugal Taça da Liga,28014638
21004,Indonesia Liga 1,28015391
21005,Italy Serie A,28018684
21006,Spain Super Cup,28018686
21007,UAE Arabian Gulf League,28019724
21008,Spain Tercera Division,28019727
21009,Saudi Arabia Division 1,28019730
21013,Egypt Cup,28019733
21014,Egypt Cup,28019734
21016,Scotland Challenge Cup,28061201
21017,Portugal Taça da Liga,28019740
21018,Scotland Challenge Cup,28019743
21019,Scotland Premier League,28019745
21023,Turkey Super Cup,28019751
21024,Italy Serie D,28019761
21025,Saudi Arabia Division 1,28019766
21026,England Isthmian League Cup,28019791
21031,UAE Arabian Gulf League,28019841
21032,Oman League,28019850
21035,England Northern Division 1 West,28019857
21039,Italy Serie D,28019902
21040,Israel Division 3 (Liga Alef),28019926
21041,England Southern League Premier Division,28019940
21044,Qatar Stars League,28019995
21045,Oman League,28020004
21049,England Southern League Premier Division,28020071
21050,Club Friendly,28020104
21052,Kuwait Crown Cup,28020129
21055,CAF African Cup of Nations,28020156
21056,Club Friendly,28020165
21060,Wales FAW Championship North & Mid,28020227
21066,Israel Division 3 (Liga Alef),28020309
21072,Saudi Arabia Division 1,28020383
21073,Greece Cup,28020434
21078,AFC Championship U23,28020483
21079,Spain Segunda División RFEF,28020511
21080,Scotland Challenge Cup,28020561
21081,Greece Cup,28020573
21082,Israel Division 3 (Liga Alef),28020577
21083,Bahrain Premier League,28020599
21089,Club Friendly,28020808
21090,England Premier League,28020882
21091,Scotland Challenge Cup,28061058
21092,Greece Cup,28020897
21093,Israel Division 3 (Liga Alef),28020898
21095,Italy Serie D,28020908
21096,Italy Serie D,28020952
21097,Israel Division 3 (Liga Alef),28020980
21098,Wales Premier League,28020987
21099,UAE Arabian Gulf League,28020990
21106,Brazil Campeonato Catarinense Division 1 (SC),28021226
21132,Brazil Sao Paulo Youth Cup U20,28021550
21136,Israel Division 3 (Liga Alef),28021561
21158,Mauritania Super D1,28021630
21173,Israel Division 3 (Liga Alef),28022154
21194,Brazil Sao Paulo Youth Cup U20,28022929
21221,Brazil Campeonato Catarinense Division 1 (SC),28023560
21225,Bahrain Premier League,28023617
21236,Saudi Arabia Pro League,28023744
21245,Italy Serie A,28024004
21247,Italy Campionato Primavera U20,28024099
21248,England Premier League,28024110
21256,Brazil Campeonato Paranaense Division 1 (PR),28024364
21267,England Premier League,28025089
21277,England Premier League,28025111
21279,AFC Championship U23,28025291
21280,Italy Campionato Primavera U20,28025387
21285,Oman League,28026206
21302,England Premier League Cup U21,28027283
21324,England FA Cup,28027879
21325,CAF African Cup of Nations,28027880
21332,Portugal Segunda Liga,28028187
21336,Mexico Liga De Ascenso,28028603
21337,Mexico Primera División,28028604
21339,Saudi Arabia Pro League,28028763
21343,Netherlands Division 1 (Eerste Divisie/Jupiler League),28029133
21344,Indonesia Liga 1,28029163
21345,England Premier League,28029194
21346,Cyprus Division 1 (Cyta Championship),28029254
21355,Thailand League 1,28029851
21364,Italy Serie B,28030606
21365,Turkey TFF 1. Lig,28030610
21368,England League 2,28030741
21375,Scotland League 1,28033661
21376,England National League,28033662
21377,England FA Cup,28033663
21378,Scotland Championship,28033664
21379,Scotland League 2,28033666
21380,Portugal Liga 3,28033671
21382,England League 2,28033672
21384,Scotland League 2,28033673
21385,England League 1,28033674
21386,England FA Cup,28033676
21387,Portugal Liga 3,28033677
21388,Greece Super League,28033678
21391,Saudi Arabia Pro League,28033679
21393,Brazil Campeonato Gaúcho Division 1 (RS),28033682
21394,England FA Cup,28033684
21396,Portugal Liga 3,28033685
21397,Spain Second Division A (Liga Adelante),28033686
21398,England FA Cup,28033687
21400,Scotland Premier League,28033688
21401,England League 1,28033689
21402,England League 1,28033690
21403,England FA Cup,28033692
21406,England FA Cup,28033746
21407,Mexico Primera División,28033748
21409,Germany Bundesliga,28033787
21412,Spain Second Division A (Liga Adelante),28033788
21413,Germany Bundesliga,28033789
21421,Indonesia Liga 1,28033884
21422,Mexico Primera División,28033932
21423,Indonesia Liga 1,28034026
21425,England FA Cup,28034655
21427,Australia A-League Women,28034721
21428,"Israel Premier League (Ligat ha´Al, Ligat Toto)",28034824
21431,Spain Second Division A (Liga Adelante),28034903
21432,England FA Cup,28034912
21433,Australia A-League,28034915
21434,England League 1,28034946
21435,Portugal Liga 3,28034972
21436,Scotland Premier League,28034975
21437,Italy Serie B,28035129
21439,Thailand League 1,28035245
21442,Portugal Segunda Liga,28035650
21443,Thailand League 1,28035655
21445,Netherlands Premier Division (Eredivisie),28035855
21446,Netherlands Premier Division (Eredivisie),28036089
21447,England FA Cup,28036133
21448,Spain Second Division A (Liga Adelante),28036436
21456,Brazil Campeonato Paulista A1 (SP),28036864
21457,Netherlands Premier Division (Eredivisie),28036913
21458,England FA Cup,28036944
21459,Netherlands Premier Division (Eredivisie),28037049
21460,Portugal Liga 3,28037158
21461,Portugal Liga 3,28037162
21462,Spain Second Division A (Liga Adelante),28037253
21463,England FA Cup,28037345
21464,Scotland League 2,28037534
21465,Scotland League 1,28037550
21468,Germany Bundesliga,28037698
21473,Saudi Arabia Pro League,28037961
21475,Portugal Primeira Liga,28038070
21476,Greece Super League,28038114
21477,Portugal Liga 3,28038119
21478,Italy Serie B,28038124
21481,Spain Second Division A (Liga Adelante),28038470
21482,Spain Second Division A (Liga Adelante),28038487
21484,Greece Super League,28038661
21485,Netherlands Premier Division (Eredivisie),28038675
21486,"Israel Premier League (Ligat ha´Al, Ligat Toto)",28038745
21487,Australia A-League Women,28038763
21490,Brazil Campeonato Paulista A1 (SP),28039990
21491,Scotland League 1,28040034
21492,Cyprus Division 1 (Cyta Championship),28040056
21494,Brazil Campeonato Gaúcho Division 1 (RS),28040116
21499,Scotland Premier League,28040231
21501,England League 2,28040299
21504,England FA Cup,28040337
21505,France Coupe De France,28040389
21507,England FA Cup,28040785
21509,Indonesia Liga 1,28040910
21513,England FA Cup,28041927
21514,France Coupe De France,28042621
21515,France Coupe De France,28042624
21516,Indonesia Liga 1,28042913
21517,Italy Serie A,28042984
21519,Scotland Championship,28043124
21520,Turkey TFF 1. Lig,28043149
21521,Portugal Segunda Liga,28043466
21522,Italy Serie B,28043614
21523,England National League North,28043740
21525,Scotland League 2,28044174
21526,Portugal Liga 3,28044248
21529,England FA Cup,28044765
21531,England FA Cup,28044769
21532,England FA Cup,28044778
21533,Italy Serie A,28044782
21535,Italy Serie A,28044793
21537,Mexico Primera División,28045503
21538,England National League,28045630
21539,England FA Cup,28045746
21541,Netherlands Division 1 (Eerste Divisie/Jupiler League),28046742
21542,Spain Second Division A (Liga Adelante),28046971
21543,Australia A-League,28047284
21545,Portugal Segunda Liga,28047387
21551,Brazil Campeonato Paulista A1 (SP),28048578
21552,Portugal Segunda Liga,28048614
21554,France Coupe De France,28049388
21556,England FA Cup,28049764
21558,Mexico Liga De Ascenso,28051469
21559,England Super League Women,28051902
21560,Germany Bundesliga,28054727
21563,Indonesia Liga 1,28056041
21565,Cyprus Division 1 (Cyta Championship),28057369
21570,Spain La Liga,28058201
21573,England Football League Cup (EFL),28059548
21576,Germany Bundesliga,28060147
21577,Northern Ireland Premier League,28060356
21578,Netherlands KNVB Cup,28060657
21580,Wales Premier League,28060658
21581,Turkey Cup (Fortis Cup),28060659
21582,Netherlands KNVB Cup,28060661
21583,Brazil Campeonato Paulista A1 (SP),28060662
21584,Bahrain Premier League,28060663
21585,Italy Serie A,28060665
21586,Belgium Cup (Cofidis Cup),28060666
21587,England Football League Trophy (EFL),28060667
21588,Scotland Premier League,28060670
21589,Indonesia Liga 3,28060673
21590,Wales Premier League,28060674
21591,Costa Rica Primera División,28060676
21594,England Football League Trophy (EFL),28060679
21595,Switzerland Super League,28060681
21596,Greece Cup,28060684
21599,Saudi Arabia Pro League,28060715
21602,Singapore Premier League 2,28060831
21603,Brazil Campeonato Carioca Division 1 (RJ),28060863
21606,Saudi Arabia Pro League,28060887
21609,Saudi Arabia Division 1,28060916
21610,England Northern Premier League,28060936
21612,Australia A-League Women,28060953
21613,Myanmar National League,28060973
21616,Wales Premier League,28060986
21620,Club Friendly,28061048
21621,England FA Trophy,28061050
21623,Scotland Challenge Cup,28061058
21627,England FA Trophy,28061090
21628,England FA Trophy,28061090
21629,Costa Rica Primera División,28061093
21631,CAF African Cup of Nations,28061113
21632,England Southern League Premier Division,28061115
21633,England Isthmian League Division 1 North,28061120
21634,England FA Trophy,28061132
21635,France Premier Ligue Women,28061145
21636,England FA Trophy,28061174
21638,Algeria Cup,28061185
21639,Scotland Challenge Cup,28061201
21640,Scotland Challenge Cup,28061202
21641,Saudi Arabia Division 1,28061206
21642,England Isthmian League Premier Division,28061209
21643,CAF African Cup of Nations,28061228
21644,England FA Trophy,28061234
21648,Mexico Primera División,28061367
21650,Egypt Division 2 B,28061398
21653,Club Friendly,28061471
21654,Turkey Cup (Fortis Cup),28061475
21657,Club Friendly,28061564
21659,England FA Trophy,28061635
21660,England Professional Development League Division 1 (U21),28061654
21664,England Northern Premier League,28061707
21665,Egypt Division 2 B,28061718
21667,Mexico Primera División,28061727
21668,England Football League Trophy (EFL),28061730
21669,England Football League Trophy (EFL),28061736
21673,Turkey Cup (Fortis Cup),28061812
21674,Turkey Cup (Fortis Cup),28061842
21675,England Isthmian League Division 1 North,28061848
21682,Copa Uruguay,28062096
21684,Indonesia Liga 3,28062137
21685,Spain Primera Division Women,28062143
21686,England Football League Trophy (EFL),28062155
21687,Israel State Cup,28062189
21688,Club Friendly,28062191
21689,Netherlands KNVB Cup,28062227
21694,Spain Copa Del Rey,28062281
21698,Brazil Sao Paulo Youth Cup U20,28062302
21700,Brazil Campeonato Paranaense Division 1 (PR),28062363
21707,Turkey Cup (Fortis Cup),28062479
21708,Brazil Campeonato Baiano Division 1 (BA),28062495
21711,Club Friendly,28062524
21712,Spain Tercera Division,28062560
21713,Club Friendly,28062569
21714,Brazil Campeonato Cearense 1 (CE),28062576
21717,Mexico Primera División,28062633
21721,England FA Trophy,28062733
21723,Wales Premier League,28062752
21724,Turkey Cup (Fortis Cup),28062814
21727,Costa Rica Primera División,28062978
21737,Mexico Primera División,28063742
21740,Spain Copa Del Rey,28063875
21741,Brazil Sao Paulo Youth Cup U20,28063900
21742,Turkey Cup (Fortis Cup),28063946
21750,France Coupe De France,28064217
21754,Copa Uruguay,28064288
21757,Brazil Campeonato Carioca Division 1 (RJ),28064354
21759,Scotland Challenge Cup,28064372
21761,Mexico Primera División,28063742
21762,Spain Copa Del Rey,28064515
21766,Belgium 1st Division A,28081872
21770,Italy Serie A,28064724
21784,Brazil Campeonato Gaúcho Division 1 (RS),28065322
21785,Colombia Super Cup,28065394
21790,Saudi Arabia Pro League,28065497
21792,Greece Cup,28065583
21797,Netherlands KNVB Cup,28065774
21800,Germany Bundesliga,28065964
21801,AFC Championship U23,28066278
21802,Netherlands KNVB Cup,28066339
21803,Portugal Segunda Liga,28066478
21806,AFC Championship U23,28066859
21808,Saudi Arabia Pro League,28066925
21814,Brazil Campeonato Paulista A1 (SP),28067137
21816,Spain Copa Del Rey,28067447
21817,Spain Copa Del Rey,28067453
21821,Mexico Primera División,28068151
21824,Greece Cup,28068692
21829,Copa Uruguay,28069121
21834,Italy Serie A,28070071
21836,Germany 3. Liga,28070236
21838,France Championnat National (Ligue 3),28070330
21839,France Ligue 1,28070426
21840,Netherlands Division 1 (Eerste Divisie/Jupiler League),28070612
21841,France Ligue 2,28070617
21842,Spain Second Division A (Liga Adelante),28070822
21843,Brazil Campeonato Carioca Division 1 (RJ),28070835
21844,Portugal Segunda Liga,28070914
21845,Italy Serie A,28070934
21846,France Ligue 2,28070953
21848,Portugal Primeira Liga,28071007
21852,Germany Bundesliga,28071402
21853,Germany Bundesliga 2,28071440
21854,France Ligue 2,28071603
21855,Germany Bundesliga 2,28071673
21856,Netherlands Division 1 (Eerste Divisie/Jupiler League),28071730
21858,Costa Rica Primera División,28071876
21859,Brazil Campeonato Paulista A1 (SP),28072162
21860,Colombia Primera A,28072220
21861,Mexico Liga De Ascenso,28072293
21862,Italy Serie A,28072299
21865,Australia A-League,28072645
21867,France Championnat National (Ligue 3),28073149
21868,France Ligue 2,28073203
21869,Portugal Liga 3,28073335
21876,Portugal Segunda Liga,28073594
21896,England Premier League,28074025
21897,England League 1,28074040
21900,Brazil Campeonato Paulista A1 (SP),28074044
21903,Germany 3. Liga,28074215
21909,England League 2,28074582
21910,Portugal Segunda Liga,28074584
21911,Italy Serie B,28074585
21912,Germany Bundesliga,28074712
21914,Germany Bundesliga,28074796
21915,Turkey Super League,28074800
21917,France Ligue 1,28074824
21918,England Football League Championship,28074906
21919,Belgium 1st Division A,28074909
21920,England National League,28074914
21921,England League 1,28074920
21923,England Football League Championship,28074922
22164,Portugal Segunda Liga,28075975
22165,Italy Serie B,28075976
22166,England League 2,28075978
22167,England League 2,28075980
22168,Germany 3. Liga,28075982
22169,"Israel Premier League (Ligat ha´Al, Ligat Toto)",28075984
22170,England Football League Championship,28075986
22171,Spain La Liga,28075987
22172,Spain La Liga,28075987
22173,Romania Division 1,28075989
22174,England Premier League,28075990
22175,England Premier League,28075990
22176,Romania Division 1,28075997
22177,England League 1,28076002
22178,England Football League Championship,28076007
22180,Italy Serie A,28076010
22181,England Premier League,28076014
22183,Italy Serie B,28076057
22184,Spain La Liga,28076198
22185,Portugal Primeira Liga,28076221
22187,Spain La Liga,28076223
22188,England Football League Championship,28076225
22189,Netherlands Premier Division (Eredivisie),28076329
22191,Netherlands Premier Division (Eredivisie),28076330
22192,Germany Bundesliga 2,28076340
22193,England League 2,28076395
22194,Spain Second Division A (Liga Adelante),28076448
22195,Italy Serie B,28076507
22196,Portugal Primeira Liga,28076564
22197,Netherlands Premier Division (Eredivisie),28076577
22199,England National League,28076579
22200,England Premier League,28076580
22203,France Ligue 2,28076881
22204,England Football League Championship,28076895
22205,Colombia Primera A,28077186
22206,Germany 3. Liga,28077358
22209,England Football League Championship,28081702
22210,England Football League Championship,28081702
22211,England Football League Championship,28081711
22216,Spain Second Division A (Liga Adelante),28081715
22217,France Championnat National (Ligue 3),28081718
22218,Switzerland Super League,28081721
22219,Germany 3. Liga,28081722
22220,Switzerland Super League,28081724
22221,England League 1,28081728
22223,England League 1,28081742
22224,Italy Serie B,28081744
22225,France Ligue 1,28081752
22226,Portugal Liga 3,28081753
22227,Portugal Liga 3,28081754
22228,Cyprus Division 1 (Cyta Championship),28081756
22229,Belgium 1st Division A,28081760
22230,Switzerland Super League,28081764
22231,Romania Division 1,28081765
22233,Italy Serie A,28081769
22234,Australia A-League,28081776
22235,France Championnat National (Ligue 3),28081779
22236,Turkey Super League,28081782
22237,Portugal Segunda Liga,28081787
22238,England National League,28081795
22242,Netherlands Premier Division (Eredivisie),28081837
22243,Germany Bundesliga 2,28081840
22247,Spain Second Division A (Liga Adelante),28081865
22250,Belgium 1st Division A,28081872
22251,Turkey Super League,28081893
22252,Spain La Liga,28081987
22253,Turkey Super League,28081994
22256,England National League,28082107
22257,Belgium 1st Division B,28082113
22259,Spain Second Division A (Liga Adelante),28082393
22260,Spain Second Division A (Liga Adelante),28082396
22261,Italy Serie A,28082488
22262,Greece Super League,28082489
22263,Spain La Liga,28082503
22264,England Premier League,28082505
22266,Belgium 1st Division A,28082713
22267,Romania Division 1,28082822
22268,Germany 3. Liga,28082824
22270,Greece Super League,28083033
22271,Mexico Liga De Ascenso,28083077
22273,England National League,28083121
22274,Italy Serie B,28083198
22276,Spain La Liga,28083329
22278,Portugal Primeira Liga,28083424
22280,Australia A-League,28083452
22288,England League 1,28087209
22290,Spain Second Division A (Liga Adelante),28087215
22291,Netherlands Premier Division (Eredivisie),28087219
22296,Germany 3. Liga,28087228
22299,England Premier League,28087239
22301,Spain Second Division A (Liga Adelante),28087247
22302,England National League,28087271
22303,Germany 3. Liga,28087274
22306,Mexico Liga De Ascenso,28087280
22307,Switzerland Super League,28087283
22312,England League 1,28087363
22313,Qatar Stars League,28087405
22314,England Football League Championship,28087428
22316,"Israel Premier League (Ligat ha´Al, Ligat Toto)",28087690
22317,France Ligue 1,28087760
22321,Spain Second Division A (Liga Adelante),28087939
22539,Turkey TFF 1. Lig,28090224
