ID Aposta,BIA_ApostaUTC,region_label,region_pred,region_pred_pmax
0,2025-08-16 22:03:00,desconhecida,europa_oriental,0.2134415638919519
1,2025-08-17 10:28:00,europa_ocidental,europa_ocidental,0.29182874005265164
3,2025-08-18 09:55:00,africa,africa,0.6916074898949168
4,2025-08-18 11:22:00,europa_oriental,europa_oriental,0.28248939953311203
5,2025-08-18 11:24:00,desconhecida,europa_oriental,0.3625348317387243
6,2025-08-19 20:16:00,asia,asia,0.48155147436358414
7,2025-08-19 21:02:00,desconhecida,europa_ocidental,0.21762262751619021
8,2025-08-19 21:22:00,desconhecida,europa_ocidental,0.2316505435708159
9,2025-08-19 21:24:00,desconhecida,europa_ocidental,0.2316505435708159
10,2025-08-19 21:35:00,africa,africa,0.49549832034484736
11,2025-08-19 23:47:00,asia,asia,0.35459418273229776
12,2025-08-20 00:23:00,america_sul,america_sul,0.5046358254466646
13,2025-08-20 01:29:00,desconhecida,europa_ocidental,0.1983841728804774
14,2025-08-20 02:06:00,europa_ocidental,europa_ocidental,0.33393398927721496
15,2025-08-20 09:47:00,desconhecida,europa_oriental,0.32936812791246683
16,2025-08-20 09:48:00,desconhecida,europa_ocidental,0.2180395436108365
17,2025-08-20 09:50:00,europa_ocidental,europa_ocidental,0.32530218139885997
18,2025-08-20 09:52:00,desconhecida,europa_oriental,0.37783051677664575
19,2025-08-20 10:58:00,desconhecida,europa_ocidental,0.21747714606906166
20,2025-08-20 11:44:00,europa_ocidental,europa_ocidental,0.27952229541460155
21,2025-08-20 13:46:00,africa,africa,0.653815069155533
22,2025-08-20 14:19:00,europa_ocidental,europa_ocidental,0.28474181103505974
23,2025-08-20 16:09:00,desconhecida,europa_ocidental,0.18768825403398356
24,2025-08-20 16:31:00,europa_ocidental,europa_oriental,0.24691855363186332
25,2025-08-20 16:58:00,america_sul,america_sul,0.4225426804516151
26,2025-08-20 19:55:00,europa_ocidental,europa_ocidental,0.34829702286186065
27,2025-08-21 00:58:00,america_sul,america_sul,0.6901855840237358
28,2025-08-21 01:39:00,desconhecida,europa_ocidental,0.20556251521704175
29,2025-08-21 14:18:00,europa_ocidental,europa_ocidental,0.2903986840286583
30,2025-08-21 14:19:00,desconhecida,america_norte,0.5272382494083967
31,2025-08-21 14:21:00,europa_ocidental,europa_oriental,0.28447469861002217
32,2025-08-21 15:13:00,europa_ocidental,europa_ocidental,0.28301916786653
33,2025-08-21 15:20:00,europa_ocidental,europa_ocidental,0.27463636410725856
34,2025-08-21 15:22:00,desconhecida,america_norte,0.20031652383774576
35,2025-08-21 16:20:00,europa_ocidental,europa_ocidental,0.2719287385789546
36,2025-08-21 17:01:00,europa_ocidental,europa_ocidental,0.3400114112614092
37,2025-08-21 17:49:00,europa_ocidental,europa_ocidental,0.36057158076836093
38,2025-08-22 10:20:00,europa_ocidental,europa_ocidental,0.47490297897286926
39,2025-08-22 10:24:00,europa_ocidental,europa_ocidental,0.3603698286557821
40,2025-08-22 10:30:00,america_central,america_central,0.6561591978628093
41,2025-08-22 10:32:00,america_sul,america_sul,0.5876616552868047
42,2025-08-22 10:48:00,europa_ocidental,europa_ocidental,0.33582299630012896
43,2025-08-22 11:15:00,america_sul,america_sul,0.34830957033007687
44,2025-08-22 11:42:00,america_norte,america_norte,0.654888692039378
45,2025-08-22 12:19:00,america_sul,america_sul,0.3951920650895086
46,2025-08-22 12:20:00,europa_oriental,europa_oriental,0.541752285948233
47,2025-08-22 12:22:00,europa_oriental,europa_oriental,0.40207324141921247
48,2025-08-22 13:07:00,europa_ocidental,europa_ocidental,0.2608697732265804
49,2025-08-22 13:13:00,america_sul,america_sul,0.34770316220531133
50,2025-08-22 13:30:00,desconhecida,europa_ocidental,0.19725604004890473
51,2025-08-22 13:48:00,europa_oriental,europa_oriental,0.4654204548785997
52,2025-08-22 13:48:00,desconhecida,europa_ocidental,0.24280798842992915
53,2025-08-22 13:56:00,oceania,oceania,0.8376200995490164
54,2025-08-22 13:58:00,europa_ocidental,europa_ocidental,0.3219603389769044
55,2025-08-22 14:00:00,europa_ocidental,europa_ocidental,0.23600586283494854
56,2025-08-22 14:15:00,europa_ocidental,europa_ocidental,0.29735184790478414
57,2025-08-22 14:16:00,europa_ocidental,europa_ocidental,0.39347424940908166
58,2025-08-22 14:18:00,europa_ocidental,europa_ocidental,0.3926066963727625
59,2025-08-23 21:47:00,america_sul,america_sul,0.274134031527625
60,2025-08-23 21:49:00,europa_ocidental,europa_ocidental,0.35640740298946005
62,2025-08-26 17:38:00,america_sul,america_sul,0.29814534326307035
63,2025-08-26 18:21:00,europa_ocidental,europa_oriental,0.41065925188391994
64,2025-08-26 22:39:00,america_sul,america_sul,0.29835173581343594
65,2025-08-26 22:41:00,europa_ocidental,europa_ocidental,0.28048868216104844
66,2025-08-27 00:07:00,desconhecida,europa_ocidental,0.20890388755177183
67,2025-08-27 09:21:00,europa_ocidental,europa_ocidental,0.351953374819925
68,2025-08-27 09:28:00,desconhecida,europa_ocidental,0.2196177693657084
69,2025-08-27 09:38:00,europa_ocidental,europa_ocidental,0.2532925309662662
70,2025-08-27 09:39:00,europa_ocidental,europa_ocidental,0.2938791955239879
71,2025-08-27 09:55:00,europa_ocidental,europa_ocidental,0.35751176778242955
72,2025-08-27 10:26:00,desconhecida,europa_ocidental,0.2137309445641674
73,2025-08-27 11:08:00,africa,africa,0.8527521602481516
74,2025-08-28 09:49:00,europa_ocidental,europa_ocidental,0.2644757761806978
75,2025-08-28 09:54:00,europa_ocidental,europa_ocidental,0.22356475144257684
76,2025-08-28 11:30:00,america_sul,america_sul,0.5319691763456916
77,2025-08-28 11:32:00,europa_ocidental,europa_ocidental,0.28798080218165595
78,2025-08-28 11:39:00,europa_ocidental,europa_ocidental,0.2007425353055539
79,2025-08-28 11:58:00,europa_ocidental,europa_ocidental,0.26003203178247875
80,2025-08-28 12:00:00,europa_ocidental,europa_oriental,0.23640237777386366
81,2025-08-28 16:15:00,america_sul,america_sul,0.446885688480766
82,2025-08-28 16:31:00,europa_oriental,europa_oriental,0.5153281289729201
83,2025-08-28 16:33:00,europa_oriental,europa_oriental,0.7034656958802699
84,2025-08-28 16:35:00,europa_ocidental,europa_ocidental,0.35314236594717224
85,2025-08-28 18:33:00,europa_ocidental,europa_ocidental,0.3463815473405156
86,2025-08-28 21:36:00,africa,africa,0.6059053498200749
87,2025-08-28 21:39:00,america_sul,america_sul,0.4125284071282345
88,2025-08-28 21:46:00,desconhecida,europa_ocidental,0.34899767083764677
89,2025-08-29 09:30:00,europa_ocidental,europa_ocidental,0.29246144185083434
90,2025-08-29 09:34:00,desconhecida,europa_oriental,0.25853411785919017
91,2025-08-29 09:35:00,america_sul,america_sul,0.5050784036239329
92,2025-08-29 09:39:00,america_sul,america_sul,0.37610624670475284
93,2025-08-29 09:40:00,europa_oriental,europa_oriental,0.44166567777804044
94,2025-08-29 10:21:00,desconhecida,europa_ocidental,0.2265751469357791
95,2025-08-29 10:22:00,oriente_medio,oriente_medio,0.5969646639562879
96,2025-08-29 10:24:00,oceania,oceania,0.7377086348486138
97,2025-08-29 10:25:00,europa_ocidental,europa_ocidental,0.35883590685594935
98,2025-08-29 10:26:00,europa_ocidental,europa_ocidental,0.31337055479828735
99,2025-08-29 10:28:00,europa_ocidental,europa_ocidental,0.33762902697751823
100,2025-08-29 10:30:00,america_norte,america_norte,0.6869461854467817
101,2025-08-29 10:31:00,desconhecida,europa_oriental,0.41298446371422626
102,2025-08-29 10:31:00,desconhecida,europa_ocidental,0.2825150568444293
103,2025-08-29 10:47:00,europa_ocidental,europa_ocidental,0.31936798706087455
104,2025-08-29 10:53:00,desconhecida,europa_ocidental,0.20067182446865375
105,2025-08-29 10:55:00,europa_ocidental,europa_ocidental,0.4446292964221666
106,2025-08-29 11:04:00,america_sul,america_sul,0.4502075342660068
107,2025-08-29 11:04:00,desconhecida,europa_ocidental,0.222087797022408
108,2025-08-30 10:26:00,europa_oriental,europa_oriental,0.3364829408047223
109,2025-08-30 10:31:00,desconhecida,europa_ocidental,0.34422496530352525
110,2025-08-30 10:33:00,europa_ocidental,europa_ocidental,0.3093845343985962
111,2025-08-30 10:33:00,desconhecida,europa_oriental,0.3509915866150577
112,2025-08-30 10:34:00,europa_oriental,europa_oriental,0.5034426722169114
113,2025-08-30 10:36:00,europa_oriental,europa_oriental,0.33890242759749667
114,2025-08-30 10:37:00,oriente_medio,oriente_medio,0.5781911427245824
115,2025-08-30 10:45:00,desconhecida,europa_oriental,0.3132713551266701
116,2025-08-30 11:21:00,desconhecida,europa_oriental,0.3481445278622549
117,2025-08-30 11:24:00,oriente_medio,oriente_medio,0.392931989154171
118,2025-08-30 11:31:00,europa_ocidental,europa_ocidental,0.3882549881546462
119,2025-08-30 11:31:00,europa_oriental,europa_oriental,0.39213173423747577
120,2025-08-30 11:42:00,europa_ocidental,europa_ocidental,0.34801444690013
121,2025-08-30 11:43:00,europa_ocidental,europa_ocidental,0.3782608645705982
122,2025-01-09 17:47:00,america_sul,america_sul,0.3161898874444153
123,2025-01-09 17:54:00,america_sul,america_sul,0.2764267810237042
124,2025-03-09 12:09:00,europa_ocidental,europa_ocidental,0.28460345888536104
125,2025-03-09 12:12:00,europa_ocidental,europa_ocidental,0.32828831343660836
126,2025-03-09 13:06:00,desconhecida,europa_ocidental,0.18947511931865613
127,2025-03-09 13:16:00,desconhecida,america_norte,0.28112393556977544
128,2025-03-09 13:18:00,america_sul,america_sul,0.6713785887694959
129,2025-03-09 13:22:00,africa,africa,0.5319452150407996
130,2025-03-09 13:34:00,europa_ocidental,europa_ocidental,0.3389985429673717
131,2025-03-09 13:48:00,desconhecida,asia,0.24189541474750725
132,2025-04-09 09:09:00,desconhecida,europa_ocidental,0.2571772093243057
133,2025-04-09 09:10:00,europa_oriental,europa_oriental,0.5614690995095287
134,2025-04-09 09:21:00,desconhecida,europa_ocidental,0.2424077362169922
135,2025-04-09 09:37:00,desconhecida,asia,0.346876033919081
136,2025-04-09 09:47:00,america_sul,america_sul,0.460552774743813
137,2025-04-09 09:54:00,desconhecida,oceania,0.24989687478403902
138,2025-04-09 09:59:00,desconhecida,europa_ocidental,0.23350525881486764
139,2025-04-09 10:06:00,desconhecida,europa_ocidental,0.2147368332076345
140,2025-04-09 10:08:00,america_central,america_central,0.6349209731919986
141,2025-04-09 10:21:00,desconhecida,europa_ocidental,0.21273526693574835
142,2025-04-09 10:30:00,desconhecida,europa_ocidental,0.21393585643311666
143,2025-04-09 10:35:00,desconhecida,europa_ocidental,0.26206652255058893
144,2025-04-09 10:43:00,desconhecida,america_sul,0.1680478565402497
145,2025-04-09 10:44:00,desconhecida,america_sul,0.1884294815947949
146,2025-04-09 10:46:00,desconhecida,europa_ocidental,0.293671900120087
147,2025-04-09 10:50:00,desconhecida,europa_ocidental,0.22934351738453312
148,2025-04-09 10:55:00,desconhecida,europa_ocidental,0.2096807414743948
149,2025-04-09 10:58:00,desconhecida,europa_ocidental,0.18517762223611087
150,2025-04-09 11:40:00,desconhecida,europa_ocidental,0.23547518872991074
151,2025-04-09 11:42:00,desconhecida,europa_ocidental,0.2039106872112298
153,2025-04-09 11:48:00,desconhecida,europa_ocidental,0.18580760593950865
154,2025-04-09 11:52:00,europa_ocidental,europa_ocidental,0.26476317252149106
155,2025-04-09 12:37:00,desconhecida,asia,0.3577046530416225
156,2025-04-09 12:45:00,desconhecida,europa_ocidental,0.20655402398460054
157,2025-04-09 12:46:00,desconhecida,europa_ocidental,0.20347958864951637
158,2025-04-09 15:23:00,desconhecida,europa_ocidental,0.21519309388885877
159,2025-04-09 15:39:00,europa_ocidental,europa_ocidental,0.3210386853214753
160,2025-04-09 16:07:00,desconhecida,europa_ocidental,0.19896767328860693
161,2025-04-09 16:55:00,europa_ocidental,europa_ocidental,0.28473556179779086
162,2025-04-09 17:12:00,desconhecida,europa_ocidental,0.2364971891628597
163,2025-04-09 18:36:00,america_sul,america_sul,0.6827320044664331
164,2025-04-09 18:36:00,europa_ocidental,europa_ocidental,0.3720800698541867
165,2025-09-04 18:48:00,desconhecida,europa_ocidental,0.20732882759983895
166,2025-09-04 18:55:00,desconhecida,africa,0.23047558469934432
167,2025-09-04 19:11:00,desconhecida,asia,0.19030661387907777
168,2025-09-04 19:21:00,europa_ocidental,europa_ocidental,0.339909957426897
169,2025-09-04 21:48:00,desconhecida,europa_ocidental,0.2231353736447738
170,2025-09-04 22:23:00,america_sul,america_sul,0.41456232125719633
171,2025-09-04 22:59:00,america_sul,america_sul,0.3872064595543693
172,2025-09-05 09:24:00,desconhecida,europa_ocidental,0.21035873912347056
173,2025-09-05 09:30:00,europa_ocidental,europa_ocidental,0.320819136055732
174,2025-09-05 09:41:00,desconhecida,europa_ocidental,0.30285031614633673
175,2025-09-05 09:44:00,asia,asia,0.4316325835080484
176,2025-09-05 10:00:00,asia,asia,0.47658839484205695
177,2025-09-05 10:02:00,desconhecida,europa_ocidental,0.1738704760337278
178,2025-09-05 10:04:00,oriente_medio,oriente_medio,0.773356456798495
179,2025-09-05 10:05:00,desconhecida,europa_ocidental,0.2372335848475676
180,2025-09-05 10:06:00,desconhecida,europa_ocidental,0.19674129326456505
181,2025-09-05 10:46:00,desconhecida,europa_ocidental,0.2869768024010726
182,2025-09-05 10:47:00,desconhecida,europa_ocidental,0.24980652588146082
183,2025-09-05 11:31:00,desconhecida,europa_ocidental,0.2378034129727166
184,2025-09-05 11:56:00,asia,asia,0.5585129283508463
185,2025-09-05 11:58:00,desconhecida,asia,0.23104351762656367
186,2025-09-05 12:09:00,america_sul,america_sul,0.3186935713000376
187,2025-09-05 12:22:00,desconhecida,europa_ocidental,0.34204250791351515
188,2025-09-05 12:25:00,oriente_medio,oriente_medio,0.6025222935576323
189,2025-09-05 12:34:00,america_sul,america_sul,0.40523175000215605
190,2025-09-05 12:35:00,desconhecida,europa_ocidental,0.1651084437045655
191,2025-09-05 12:47:00,europa_ocidental,europa_ocidental,0.30563836808098316
192,2025-09-05 12:48:00,europa_ocidental,europa_ocidental,0.2470327307274711
193,2025-09-05 12:59:00,europa_oriental,europa_oriental,0.36500930809271803
194,2025-09-05 13:13:00,europa_ocidental,europa_ocidental,0.278034123182565
195,2025-09-05 13:27:00,desconhecida,europa_ocidental,0.19138008119418318
196,2025-09-05 13:34:00,europa_ocidental,europa_ocidental,0.3543139646694481
197,2025-09-05 13:44:00,europa_ocidental,europa_ocidental,0.3688509351028037
198,2025-09-05 14:07:00,europa_ocidental,europa_ocidental,0.29932195229552716
199,2025-09-05 14:20:00,desconhecida,africa,0.21269881999866802
200,2025-09-05 14:23:00,europa_ocidental,europa_ocidental,0.40619526664383243
201,2025-09-05 14:48:00,europa_ocidental,europa_ocidental,0.36221872550038575
202,2025-09-05 14:57:00,europa_ocidental,europa_ocidental,0.38320583618852605
203,2025-09-05 17:16:00,europa_ocidental,europa_ocidental,0.3898937685489227
204,2025-09-05 17:32:00,europa_ocidental,europa_ocidental,0.2569622145891149
205,2025-09-05 17:37:00,desconhecida,europa_ocidental,0.1835131560654893
206,2025-09-05 17:48:00,europa_ocidental,europa_ocidental,0.29217223123488073
207,2025-09-05 17:52:00,america_sul,america_sul,0.6720561257088046
208,2025-09-05 18:15:00,europa_ocidental,europa_ocidental,0.2611070529411131
209,2025-09-06 08:57:00,desconhecida,europa_ocidental,0.2821307431827445
210,2025-09-06 08:57:00,europa_ocidental,europa_ocidental,0.27792841186539424
211,2025-09-06 09:01:00,desconhecida,asia,0.18745427253614605
212,2025-09-06 09:04:00,europa_ocidental,europa_ocidental,0.32145101554424427
213,2025-09-06 09:20:00,desconhecida,europa_oriental,0.17536536993736912
214,2025-09-06 09:33:00,europa_oriental,europa_oriental,0.5143288497619803
215,2025-09-06 09:39:00,desconhecida,europa_ocidental,0.33666325471771563
216,2025-09-06 10:02:00,desconhecida,europa_oriental,0.32475228699862047
217,2025-09-06 10:07:00,europa_ocidental,europa_ocidental,0.2924567277421441
218,2025-09-06 10:21:00,europa_ocidental,europa_ocidental,0.33727410348127146
219,2025-09-06 10:22:00,europa_oriental,europa_oriental,0.5587979293629259
220,2025-09-06 10:24:00,europa_ocidental,europa_ocidental,0.3096393211467923
222,2025-09-06 10:59:00,europa_ocidental,europa_ocidental,0.3032919489448821
223,2025-09-06 11:53:00,desconhecida,america_norte,0.20055528684731896
224,2025-09-06 11:56:00,europa_ocidental,europa_ocidental,0.39736337664270527
225,2025-09-07 10:58:00,america_sul,america_sul,0.5179934487657404
226,2025-09-07 11:02:00,desconhecida,europa_oriental,0.4356541469562901
227,2025-09-07 11:04:00,europa_ocidental,europa_ocidental,0.23676324332267346
228,2025-09-07 11:05:00,desconhecida,europa_ocidental,0.3419151356937027
229,2025-09-07 11:38:00,america_sul,america_sul,0.3945976313318962
230,2025-09-07 20:27:00,desconhecida,america_central,0.23247776602755413
231,2025-09-07 20:28:00,desconhecida,europa_ocidental,0.19295235568316188
232,2025-09-07 20:39:00,desconhecida,europa_ocidental,0.21146254522062394
233,2025-09-07 20:40:00,desconhecida,asia,0.1961792641542376
234,2025-09-11 12:14:00,europa_oriental,europa_oriental,0.5761166798940349
235,2025-09-11 12:38:00,desconhecida,europa_oriental,0.19639936012804154
236,2025-09-11 12:43:00,desconhecida,europa_oriental,0.19639936012804154
237,2025-09-11 12:54:00,desconhecida,europa_oriental,0.26042375403682877
238,2025-09-11 13:16:00,desconhecida,europa_ocidental,0.23299547386751157
239,2025-09-11 13:17:00,desconhecida,europa_oriental,0.2262585565381239
240,2025-09-11 13:22:00,asia,asia,0.5012477152894276
241,2025-09-11 13:27:00,europa_oriental,europa_oriental,0.4887309461362547
242,2025-09-11 13:44:00,desconhecida,europa_ocidental,0.28774660063263624
243,2025-09-11 14:02:00,europa_ocidental,europa_ocidental,0.30568235425897666
244,2025-09-11 14:02:00,europa_ocidental,europa_ocidental,0.34562522441910737
245,2025-09-11 14:03:00,america_norte,america_norte,0.5783168806353427
246,2025-09-11 14:08:00,desconhecida,europa_ocidental,0.25518435673995643
247,2025-09-11 14:25:00,europa_ocidental,europa_ocidental,0.33886269304534916
248,2025-09-11 14:45:00,desconhecida,europa_oriental,0.28884805055339063
249,2025-09-11 14:45:00,europa_ocidental,europa_ocidental,0.35578190894973166
250,2025-09-11 14:55:00,europa_ocidental,europa_ocidental,0.22506547913039399
251,2025-09-11 15:04:00,desconhecida,asia,0.2644088735756004
252,2025-09-11 15:15:00,europa_oriental,europa_oriental,0.5447412637735933
253,2025-09-11 15:25:00,america_central,america_central,0.5091793576228975
254,2025-09-11 15:30:00,europa_oriental,europa_oriental,0.37450636889900346
255,2025-09-11 15:37:00,desconhecida,europa_ocidental,0.23687767220595238
256,2025-09-11 15:48:00,desconhecida,america_sul,0.472454078728489
257,2025-09-11 15:51:00,desconhecida,oriente_medio,0.24190634151857437
258,2025-09-11 15:53:00,desconhecida,oriente_medio,0.7445294015685919
259,2025-09-11 16:02:00,asia,asia,0.608635877687385
260,2025-09-11 16:04:00,europa_ocidental,europa_ocidental,0.38270552696805465
261,2025-09-11 16:42:00,europa_ocidental,europa_ocidental,0.37310707861649595
263,2025-09-11 18:07:00,america_sul,america_sul,0.3217874585238002
266,2025-09-11 18:10:00,europa_ocidental,europa_ocidental,0.37245721764510703
269,2025-09-11 18:31:00,oriente_medio,oriente_medio,0.4850073235120988
277,2025-09-11 18:53:00,desconhecida,europa_ocidental,0.23851936350737254
279,2025-09-11 19:00:00,america_sul,america_sul,0.43992593665493196
280,2025-09-11 19:00:00,desconhecida,europa_oriental,0.34406793210090647
282,2025-09-11 19:11:00,desconhecida,america_sul,0.2782008614642476
288,2025-09-12 09:30:00,europa_ocidental,europa_ocidental,0.35977654417319044
294,2025-09-12 09:58:00,oriente_medio,oriente_medio,0.6832079129574533
299,2025-09-12 10:27:00,europa_ocidental,europa_ocidental,0.33386920659167596
301,2025-09-12 10:28:00,desconhecida,oriente_medio,0.39323123739942417
303,2025-09-12 10:32:00,europa_ocidental,europa_ocidental,0.32434039484869415
304,2025-09-12 10:35:00,europa_ocidental,europa_ocidental,0.2779357264093107
306,2025-09-12 10:35:00,desconhecida,europa_ocidental,0.2323604580504814
307,2025-09-12 10:38:00,europa_oriental,europa_oriental,0.29255753342338386
313,2025-09-12 10:58:00,europa_ocidental,europa_ocidental,0.3720884981536415
314,2025-09-12 10:58:00,desconhecida,europa_ocidental,0.24115634794068164
316,2025-09-12 11:03:00,europa_ocidental,europa_ocidental,0.30302442845815797
329,2025-09-12 13:03:00,desconhecida,america_sul,0.16686836229424618
331,2025-09-12 13:07:00,desconhecida,europa_oriental,0.40733688789666805
334,2025-09-12 13:08:00,europa_ocidental,europa_ocidental,0.33635484993638637
338,2025-09-12 13:09:00,europa_ocidental,europa_ocidental,0.3359651649192651
339,2025-09-12 13:10:00,desconhecida,oriente_medio,0.4977893923407392
340,2025-09-12 13:12:00,desconhecida,america_sul,0.24215587070131495
341,2025-09-12 13:13:00,asia,asia,0.4254634432153735
342,2025-09-12 13:13:00,oriente_medio,oriente_medio,0.567267589112565
350,2025-09-12 20:09:00,europa_oriental,europa_oriental,0.6153434093223368
352,2025-09-12 20:10:00,desconhecida,europa_oriental,0.4264306299008289
353,2025-09-12 20:10:00,europa_ocidental,europa_ocidental,0.36237540356285175
363,2025-09-12 20:25:00,europa_ocidental,europa_ocidental,0.25683300016122546
382,2025-09-13 00:39:00,europa_ocidental,europa_ocidental,0.28542632815757407
473,2025-09-19 10:32:00,oriente_medio,oriente_medio,0.6720315253541598
475,2025-09-19 10:33:00,desconhecida,europa_ocidental,0.21018107497601385
486,2025-09-19 10:59:00,europa_ocidental,europa_ocidental,0.32047677586080253
492,2025-09-19 11:32:00,desconhecida,europa_ocidental,0.20902455628154315
493,2025-09-19 11:33:00,europa_ocidental,europa_ocidental,0.3090926915948301
496,2025-09-19 11:34:00,desconhecida,europa_oriental,0.31050814854149056
497,2025-09-19 11:35:00,desconhecida,europa_oriental,0.1976877664050635
502,2025-09-19 11:46:00,desconhecida,europa_oriental,0.3996323934073391
513,2025-09-19 12:45:00,desconhecida,europa_ocidental,0.21938505821734938
518,2025-09-19 13:10:00,europa_ocidental,europa_ocidental,0.31715097535069614
520,2025-09-19 13:53:00,europa_ocidental,europa_ocidental,0.2656050361725057
530,2025-09-19 14:17:00,desconhecida,europa_oriental,0.31312709281297507
535,2025-09-19 14:23:00,europa_ocidental,europa_ocidental,0.3635488944183698
548,2025-09-19 16:08:00,europa_oriental,europa_oriental,0.4921678944391478
550,2025-09-19 16:14:00,europa_ocidental,europa_ocidental,0.2462239140343509
554,2025-09-19 16:24:00,europa_ocidental,europa_ocidental,0.22831946536487696
555,2025-09-19 16:25:00,america_norte,america_norte,0.6449711564598791
560,2025-09-19 16:31:00,desconhecida,europa_ocidental,0.3955430999552133
561,2025-09-19 16:58:00,europa_ocidental,europa_ocidental,0.2609927781796305
574,2025-09-19 17:23:00,europa_oriental,europa_oriental,0.47094022977125827
581,2025-09-19 17:55:00,desconhecida,europa_ocidental,0.4533644029363822
582,2025-09-19 17:56:00,desconhecida,europa_ocidental,0.3542838788284514
589,2025-09-19 18:09:00,europa_oriental,europa_oriental,0.38317068907465496
590,2025-09-19 18:10:00,desconhecida,europa_ocidental,0.2628008452724579
597,2025-09-20 11:01:00,desconhecida,europa_ocidental,0.2333238332181953
600,2025-09-20 11:03:00,europa_ocidental,europa_ocidental,0.34992505579625016
603,2025-09-20 11:12:00,desconhecida,europa_oriental,0.19292835148660106
604,2025-09-20 11:13:00,america_sul,america_sul,0.5327477166353881
605,2025-09-20 11:13:00,desconhecida,america_sul,0.24875494370068185
608,2025-09-20 11:16:00,america_sul,america_sul,0.3482476817548462
611,2025-09-20 11:17:00,europa_ocidental,europa_ocidental,0.27859850594049557
616,2025-09-20 11:22:00,europa_oriental,europa_oriental,0.5943531454725047
618,2025-09-20 11:24:00,europa_oriental,europa_oriental,0.4995806209738227
620,2025-09-20 11:38:00,europa_ocidental,europa_ocidental,0.31114682861584364
621,2025-09-20 11:38:00,desconhecida,america_sul,0.26263663509158997
623,2025-09-20 11:41:00,desconhecida,europa_ocidental,0.21568476505765252
625,2025-09-20 11:48:00,desconhecida,america_norte,0.2706181765438444
627,2025-09-20 11:49:00,desconhecida,europa_oriental,0.2604858030626545
628,2025-09-20 11:50:00,desconhecida,europa_ocidental,0.2854630389441518
629,2025-09-20 11:53:00,desconhecida,america_sul,0.23933393890015714
631,2025-09-20 11:55:00,europa_ocidental,europa_ocidental,0.34879583634651895
633,2025-09-20 11:58:00,desconhecida,europa_ocidental,0.36026565065241456
639,2025-09-20 12:04:00,europa_ocidental,europa_ocidental,0.3318166781001189
642,2025-09-20 12:08:00,oriente_medio,oriente_medio,0.7515467305210246
644,2025-09-20 12:08:00,europa_ocidental,europa_ocidental,0.3098626820449405
645,2025-09-20 12:09:00,desconhecida,europa_ocidental,0.23810585654904395
646,2025-09-20 12:15:00,desconhecida,europa_ocidental,0.19613441472917145
647,2025-09-20 12:16:00,desconhecida,america_norte,0.4089252092140683
653,2025-09-20 12:19:00,desconhecida,europa_ocidental,0.2095981202961013
657,2025-09-20 12:28:00,europa_ocidental,europa_ocidental,0.3765327600917621
659,2025-09-20 12:30:00,europa_oriental,europa_oriental,0.5041919836541766
664,2025-09-20 12:39:00,europa_ocidental,america_sul,0.27856998639016856
668,2025-09-20 12:46:00,desconhecida,europa_ocidental,0.26358052206882143
670,2025-09-20 12:47:00,desconhecida,europa_oriental,0.2184578688027364
671,2025-09-20 12:47:00,desconhecida,europa_ocidental,0.2808606611446156
674,2025-09-20 12:49:00,desconhecida,europa_ocidental,0.2334025120309534
682,2025-09-20 12:57:00,europa_oriental,europa_oriental,0.37338664995488174
687,2025-09-20 13:05:00,desconhecida,america_sul,0.2588699761745923
688,2025-09-20 13:06:00,desconhecida,europa_oriental,0.39881261749783226
692,2025-09-20 13:34:00,desconhecida,asia,0.3014912557562591
693,2025-09-20 13:35:00,desconhecida,europa_ocidental,0.20383650728796826
694,2025-09-20 13:40:00,america_norte,america_norte,0.7700323661904658
696,2025-09-20 13:53:00,europa_ocidental,europa_ocidental,0.2548987416980105
707,2025-09-20 14:34:00,desconhecida,europa_ocidental,0.24360887593928865
710,2025-09-20 14:56:00,america_norte,america_norte,0.5894983728221913
711,2025-09-20 15:02:00,europa_oriental,europa_oriental,0.46170280154062127
712,2025-09-20 15:03:00,europa_oriental,europa_oriental,0.31187756801581884
720,2025-09-20 15:56:00,oriente_medio,oriente_medio,0.5058765214253687
721,2025-09-20 15:58:00,oriente_medio,oriente_medio,0.5674366994608951
722,2025-09-20 16:01:00,america_central,america_central,0.5807194555215344
723,2025-09-20 16:02:00,america_norte,america_norte,0.7858454235198261
727,2025-09-20 16:15:00,europa_ocidental,europa_ocidental,0.30031133815316513
730,2025-09-20 16:21:00,europa_oriental,europa_oriental,0.631730083068987
731,2025-09-20 16:21:00,desconhecida,america_sul,0.5825821364629603
732,2025-09-20 16:22:00,desconhecida,europa_ocidental,0.29288114116082437
733,2025-09-20 16:34:00,america_sul,america_sul,0.5857041687213114
734,2025-09-20 16:37:00,america_norte,america_norte,0.7042111790068795
738,2025-09-20 16:47:00,europa_ocidental,europa_ocidental,0.28363707692164336
739,2025-09-20 17:00:00,oriente_medio,oriente_medio,0.49739182671076004
740,2025-09-20 17:03:00,europa_ocidental,europa_ocidental,0.35724205377092777
742,2025-09-20 17:10:00,desconhecida,america_sul,0.4669612486637059
749,2025-09-20 17:27:00,desconhecida,europa_oriental,0.32723686524036566
756,2025-09-20 17:57:00,desconhecida,america_sul,0.35745295126795484
764,2025-09-20 18:30:00,desconhecida,oriente_medio,0.6571004898579341
771,2025-09-20 18:45:00,europa_ocidental,europa_ocidental,0.3606683035686595
775,2025-09-20 19:09:00,europa_ocidental,europa_ocidental,0.40826251658953444
777,2025-09-20 19:18:00,europa_oriental,europa_oriental,0.2968539068856042
780,2025-09-20 19:23:00,america_sul,america_sul,0.4900950573478169
782,2025-09-20 19:48:00,oriente_medio,oriente_medio,0.3981235503172009
783,2025-09-20 19:50:00,europa_oriental,europa_oriental,0.6433021954830294
788,2025-09-20 20:30:00,america_central,america_central,0.4416066984126011
790,2025-09-20 21:22:00,desconhecida,europa_oriental,0.30963820270317655
791,2025-09-20 21:27:00,america_sul,america_sul,0.7608611125245448
798,2025-09-20 22:20:00,desconhecida,america_central,0.3063750636481581
802,2025-09-20 22:54:00,desconhecida,europa_ocidental,0.2804253999614573
807,2025-09-20 23:46:00,america_central,america_central,0.7051039186607023
808,2025-09-21 01:48:00,desconhecida,europa_ocidental,0.30489689519437907
818,2025-09-21 11:59:00,desconhecida,america_central,0.26782437112546953
824,2025-09-21 12:03:00,europa_oriental,europa_oriental,0.4813057179827971
828,2025-09-21 12:18:00,europa_oriental,europa_oriental,0.4330450909574454
829,2025-09-21 12:19:00,oriente_medio,oriente_medio,0.324497581090861
830,2025-09-21 12:21:00,america_sul,america_sul,0.4372669711576163
832,2025-09-21 12:28:00,europa_oriental,europa_oriental,0.37432298391420127
835,2025-09-21 13:08:00,desconhecida,europa_oriental,0.29409010583346246
838,2025-09-21 13:14:00,america_sul,america_sul,0.40498706720943634
840,2025-09-21 13:20:00,america_sul,america_sul,0.30268472029104404
841,2025-09-21 13:23:00,desconhecida,europa_ocidental,0.30042021448909173
851,2025-09-21 14:14:00,america_sul,america_sul,0.23424069245400703
853,2025-09-21 14:17:00,desconhecida,america_norte,0.6699495417786764
856,2025-09-21 14:37:00,america_sul,america_sul,0.6890210031062785
860,2025-09-21 14:50:00,america_central,america_central,0.46449387745252557
864,2025-09-21 15:27:00,america_central,america_central,0.46729185910501714
866,2025-09-21 15:33:00,desconhecida,america_central,0.1881543933581242
872,2025-09-21 17:05:00,desconhecida,oriente_medio,0.6544975426939137
909,2025-09-21 17:41:00,america_sul,america_sul,0.425260844384394
942,2025-09-21 18:03:00,desconhecida,america_sul,0.38481903436360204
972,2025-09-21 18:31:00,europa_ocidental,europa_ocidental,0.34775365214162535
973,2025-09-21 18:39:00,europa_oriental,europa_oriental,0.5610086357688687
1001,2025-09-21 21:16:00,europa_ocidental,europa_ocidental,0.36731771399438584
1003,2025-09-21 22:13:00,desconhecida,europa_ocidental,0.2048211097089111
1006,2025-09-21 22:57:00,america_sul,america_sul,0.41683165163663105
1031,2025-09-26 10:51:00,desconhecida,europa_ocidental,0.37655613812460625
1036,2025-09-26 10:58:00,asia,asia,0.5306047399345432
1037,2025-09-26 10:59:00,desconhecida,oriente_medio,0.679165978202161
1039,2025-09-26 11:00:00,desconhecida,america_sul,0.28434794457651036
1044,2025-09-26 11:06:00,desconhecida,europa_ocidental,0.2000434607112001
1045,2025-09-26 11:07:00,oriente_medio,oriente_medio,0.7022751165968701
1048,2025-09-26 11:13:00,europa_oriental,europa_oriental,0.6507333240424586
1050,2025-09-26 11:14:00,desconhecida,europa_ocidental,0.2979723254141246
1051,2025-09-26 11:16:00,asia,asia,0.5914218446636993
1055,2025-09-26 11:17:00,asia,asia,0.4401229733380695
1074,2025-09-26 11:33:00,oriente_medio,oriente_medio,0.5596567819515006
1075,2025-09-26 11:34:00,america_norte,america_norte,0.7229544902023005
1077,2025-09-26 12:22:00,desconhecida,europa_ocidental,0.32983329447557663
1079,2025-09-26 12:29:00,desconhecida,europa_oriental,0.23264037969558538
1082,2025-09-26 12:32:00,europa_ocidental,europa_ocidental,0.3044849629835243
1084,2025-09-26 12:36:00,desconhecida,europa_ocidental,0.28449814234631526
1085,2025-09-26 12:37:00,europa_ocidental,europa_ocidental,0.21038173675443186
1089,2025-09-26 12:40:00,desconhecida,europa_oriental,0.1976125726283445
1092,2025-09-26 12:51:00,europa_oriental,europa_oriental,0.5771369994085224
1096,2025-09-26 13:01:00,america_norte,america_norte,0.5331398908557637
1107,2025-09-26 21:45:00,europa_ocidental,europa_ocidental,0.3225450300665812
1110,2025-09-26 22:09:00,desconhecida,europa_oriental,0.21533493330131329
1114,2025-09-27 01:04:00,asia,asia,0.3319789244439145
1122,2025-09-27 10:12:00,desconhecida,europa_ocidental,0.3150777436465258
1125,2025-09-27 10:29:00,desconhecida,europa_ocidental,0.2800477787308264
1129,2025-09-27 10:30:00,europa_ocidental,europa_ocidental,0.3016965828914531
1131,2025-09-27 10:31:00,desconhecida,europa_ocidental,0.2711289583169168
1132,2025-09-27 10:31:00,desconhecida,europa_oriental,0.36583063135334853
1134,2025-09-27 10:32:00,america_sul,america_sul,0.5263474040566574
1135,2025-09-27 10:32:00,europa_ocidental,europa_ocidental,0.3382982741330068
1136,2025-09-27 10:33:00,desconhecida,europa_ocidental,0.33479146907867263
1138,2025-09-27 10:34:00,europa_ocidental,europa_ocidental,0.31323583205981437
1141,2025-09-27 10:35:00,desconhecida,europa_ocidental,0.17211456776512785
1143,2025-09-27 10:35:00,europa_ocidental,europa_ocidental,0.32285349674040975
1144,2025-09-27 10:36:00,europa_ocidental,europa_ocidental,0.23897754800984958
1145,2025-09-27 10:36:00,europa_ocidental,europa_ocidental,0.28952821918471106
1147,2025-09-27 10:37:00,desconhecida,europa_ocidental,0.19407488898066957
1148,2025-09-27 10:37:00,europa_oriental,europa_oriental,0.5059416274934434
1149,2025-09-27 10:37:00,europa_ocidental,europa_ocidental,0.35377904935688054
1151,2025-09-27 10:40:00,america_sul,america_sul,0.4212791461415757
1156,2025-09-27 10:45:00,america_sul,america_sul,0.6669812054742886
1158,2025-09-27 10:46:00,desconhecida,europa_ocidental,0.218940957412493
1159,2025-09-27 10:48:00,desconhecida,asia,0.19337412830470932
1162,2025-09-27 10:49:00,europa_ocidental,europa_ocidental,0.2740452055464925
1167,2025-09-27 10:53:00,america_central,america_central,0.6349706102135523
1169,2025-09-27 10:55:00,europa_oriental,europa_oriental,0.44120311245643185
1173,2025-09-27 11:20:00,europa_ocidental,europa_ocidental,0.3428732825816658
1176,2025-09-27 11:21:00,desconhecida,oriente_medio,0.682742257445669
1178,2025-09-27 11:23:00,desconhecida,europa_ocidental,0.21281997842040992
1179,2025-09-27 11:23:00,desconhecida,asia,0.2624426757892278
1180,2025-09-27 11:24:00,america_sul,america_sul,0.37894699119167763
1181,2025-09-27 11:25:00,europa_ocidental,europa_ocidental,0.3554914183456048
1182,2025-09-27 11:27:00,america_sul,america_sul,0.31497538699784594
1184,2025-09-27 11:29:00,europa_ocidental,europa_ocidental,0.39167863553735105
1186,2025-09-27 11:30:00,america_sul,america_sul,0.37083943122135127
1188,2025-09-27 11:35:00,europa_ocidental,europa_ocidental,0.31276284548928845
1189,2025-09-27 11:37:00,america_sul,america_sul,0.4451783973588944
1192,2025-09-27 11:41:00,desconhecida,europa_oriental,0.5160062275992625
1193,2025-09-27 11:48:00,america_central,america_central,0.526648151603795
1194,2025-09-27 11:54:00,america_sul,america_sul,0.7141462760641966
1195,2025-09-27 11:58:00,europa_ocidental,europa_ocidental,0.2964151473691956
1196,2025-09-27 11:58:00,desconhecida,america_sul,0.19606124998979413
1198,2025-09-27 12:01:00,desconhecida,europa_ocidental,0.25519144124414467
1200,2025-09-27 12:04:00,europa_oriental,europa_oriental,0.585065018040894
1201,2025-09-27 12:04:00,oriente_medio,oriente_medio,0.6598679664248105
1204,2025-09-27 12:18:00,desconhecida,america_sul,0.5390912499434485
1205,2025-09-27 12:20:00,desconhecida,oriente_medio,0.6403629922071926
1206,2025-09-27 12:21:00,desconhecida,oriente_medio,0.19235880972387023
1208,2025-09-27 12:22:00,europa_ocidental,europa_ocidental,0.257776535530292
1209,2025-09-27 12:25:00,america_sul,america_sul,0.6090577718881013
1211,2025-09-27 12:31:00,desconhecida,europa_ocidental,0.26202628258547744
1213,2025-09-27 12:37:00,desconhecida,europa_ocidental,0.32415632230690966
1214,2025-09-27 12:38:00,europa_ocidental,europa_ocidental,0.3449730666197457
1215,2025-09-27 12:39:00,europa_ocidental,europa_ocidental,0.41756382010506105
1220,2025-09-27 12:45:00,desconhecida,oriente_medio,0.551818510684944
1223,2025-09-27 12:48:00,desconhecida,europa_ocidental,0.24436248017061513
1232,2025-09-27 12:54:00,europa_oriental,europa_oriental,0.3145092707384271
1239,2025-09-27 12:58:00,europa_ocidental,europa_ocidental,0.38395001244213867
1249,2025-09-27 13:15:00,europa_oriental,europa_oriental,0.4803261895239989
1251,2025-09-27 13:22:00,desconhecida,america_sul,0.42440351484650757
1253,2025-09-27 13:37:00,desconhecida,europa_oriental,0.31546377161631173
1257,2025-09-27 13:43:00,desconhecida,europa_ocidental,0.24867727139327375
1260,2025-09-27 13:57:00,desconhecida,europa_oriental,0.4566431387071163
1266,2025-09-27 14:04:00,oriente_medio,oriente_medio,0.6486124292202425
1278,2025-09-27 14:11:00,desconhecida,europa_oriental,0.4954072001092778
1285,2025-09-27 14:40:00,desconhecida,europa_ocidental,0.23135559404576592
1286,2025-09-27 14:51:00,europa_ocidental,europa_ocidental,0.33207927226665857
1288,2025-09-27 14:58:00,europa_ocidental,europa_ocidental,0.3756680548893914
1289,2025-09-27 14:59:00,europa_oriental,europa_oriental,0.4470543880911569
1304,2025-09-27 15:46:00,asia,asia,0.5844815639990384
1305,2025-09-27 15:47:00,europa_oriental,europa_oriental,0.6015473806030938
1307,2025-09-27 16:00:00,desconhecida,europa_ocidental,0.3119079023405671
1308,2025-09-27 16:04:00,europa_ocidental,europa_ocidental,0.27259134717277334
1312,2025-09-27 18:23:00,america_norte,america_norte,0.511602582093231
1315,2025-09-27 18:27:00,america_central,america_central,0.7237027432549107
1318,2025-09-27 18:39:00,europa_ocidental,europa_ocidental,0.3567103829804608
1320,2025-09-27 18:47:00,desconhecida,asia,0.37320475058181835
1321,2025-09-27 18:48:00,desconhecida,europa_ocidental,0.19634399807616373
1322,2025-09-27 18:49:00,desconhecida,europa_ocidental,0.1892921241188272
1324,2025-09-27 19:00:00,europa_oriental,europa_oriental,0.5788468586389848
1326,2025-09-27 19:22:00,america_sul,america_sul,0.35192955658688474
1327,2025-09-27 19:34:00,desconhecida,america_sul,0.3080574240877253
1328,2025-09-27 19:36:00,desconhecida,europa_ocidental,0.24396602579102564
1334,2025-09-27 20:34:00,desconhecida,america_sul,0.36465757841553886
1339,2025-09-27 21:04:00,europa_ocidental,europa_ocidental,0.33739892256065457
1340,2025-09-27 21:28:00,desconhecida,europa_ocidental,0.23786312503618215
1345,2025-09-28 00:03:00,desconhecida,europa_ocidental,0.19238194567884392
1347,2025-09-28 00:19:00,america_central,america_central,0.43594184177165796
1349,2025-09-28 00:47:00,europa_ocidental,europa_ocidental,0.3550700340191813
1351,2025-09-28 00:53:00,europa_ocidental,europa_ocidental,0.36329803725531046
1356,2025-09-28 01:18:00,desconhecida,europa_ocidental,0.1818759683388721
1358,2025-09-28 01:50:00,europa_ocidental,europa_ocidental,0.3445964968378281
1361,2025-09-28 12:50:00,oriente_medio,europa_ocidental,0.22324198186425925
1363,2025-09-28 13:07:00,africa,africa,0.6088836728807784
1364,2025-09-28 13:09:00,europa_oriental,europa_oriental,0.2767194197647628
1366,2025-09-28 13:09:00,desconhecida,america_central,0.30037220262256054
1367,2025-09-28 13:10:00,europa_ocidental,europa_ocidental,0.36133644597567954
1370,2025-09-28 13:11:00,america_sul,america_sul,0.48280680451500496
1371,2025-09-28 13:11:00,desconhecida,europa_oriental,0.16939643477496263
1372,2025-09-28 13:11:00,america_sul,america_sul,0.5226221400835518
1373,2025-09-28 13:14:00,desconhecida,america_central,0.264903724030768
1375,2025-09-28 13:18:00,desconhecida,asia,0.2715947866048683
1376,2025-09-28 13:24:00,america_sul,america_sul,0.41158471105777583
1377,2025-09-28 13:51:00,europa_ocidental,europa_ocidental,0.2448224219169835
1378,2025-09-28 13:57:00,africa,africa,0.531702532325191
1379,2025-09-28 14:10:00,desconhecida,europa_ocidental,0.1922006319052492
1381,2025-09-28 14:14:00,desconhecida,oriente_medio,0.46617526182245383
1382,2025-09-28 14:15:00,america_sul,america_sul,0.5186956834444533
1383,2025-09-28 14:21:00,desconhecida,europa_ocidental,0.22345621905690055
1393,2025-09-28 14:41:00,europa_ocidental,europa_ocidental,0.31358775981850523
1399,2025-09-28 14:44:00,desconhecida,america_central,0.4928253605961878
1402,2025-09-28 15:22:00,desconhecida,america_sul,0.27470624828759693
1405,2025-09-28 15:31:00,desconhecida,europa_ocidental,0.22834461476034068
1406,2025-09-28 15:35:00,europa_oriental,europa_oriental,0.4980517535805919
1408,2025-09-28 15:50:00,europa_oriental,europa_oriental,0.5325281608833435
1410,2025-09-28 16:02:00,desconhecida,america_sul,0.19045960952279217
1414,2025-09-28 16:21:00,asia,oriente_medio,0.3222809921962603
1417,2025-09-28 16:51:00,desconhecida,america_sul,0.34613318295096596
1419,2025-09-28 16:57:00,america_sul,america_sul,0.5223635331792894
1424,2025-09-28 20:04:00,desconhecida,europa_ocidental,0.17922867305776474
1432,2025-09-28 21:33:00,america_sul,america_sul,0.38270976804426804
1434,2025-09-28 21:41:00,america_sul,america_sul,0.45852181440032735
1439,2025-09-28 23:26:00,desconhecida,asia,0.32776536453488914
1441,2025-09-29 00:55:00,europa_ocidental,europa_ocidental,0.39775726125544547
1442,2025-09-30 00:41:00,asia,asia,0.37007417698416123
1443,2025-09-30 00:41:00,europa_ocidental,europa_ocidental,0.3269094686133166
1448,2025-09-30 09:26:00,europa_ocidental,europa_ocidental,0.3705569146439279
1450,2025-09-30 09:47:00,europa_ocidental,europa_ocidental,0.3115011300737014
1451,2025-09-30 09:51:00,asia,asia,0.4774358017594372
1452,2025-09-30 09:54:00,europa_oriental,europa_oriental,0.462644573597736
1453,2025-09-30 09:56:00,desconhecida,oriente_medio,0.5665292123237593
1454,2025-09-30 10:07:00,europa_ocidental,europa_ocidental,0.3835742053257544
1455,2025-09-30 10:10:00,europa_ocidental,europa_ocidental,0.4365111901432248
1457,2025-09-30 10:12:00,america_sul,america_sul,0.47474444432807544
1458,2025-09-30 10:18:00,asia,asia,0.36727571059290315
1460,2025-09-30 10:52:00,asia,asia,0.4032289711943341
1461,2025-09-30 10:53:00,europa_ocidental,europa_ocidental,0.2673875699707783
1462,2025-09-30 11:03:00,desconhecida,oriente_medio,0.36931234525881473
1468,2025-10-02 12:36:00,desconhecida,europa_ocidental,0.24883296367801794
1471,2025-10-02 12:38:00,oriente_medio,oriente_medio,0.6834977272655975
1482,2025-10-02 13:03:00,europa_ocidental,europa_ocidental,0.3503018291774493
1483,2025-10-02 13:04:00,america_sul,america_sul,0.5135465351840074
1495,2025-10-02 13:15:00,europa_ocidental,europa_ocidental,0.20727874515413822
1501,2025-10-02 13:19:00,desconhecida,oriente_medio,0.6448426920638294
1503,2025-10-02 13:30:00,desconhecida,europa_ocidental,0.20149466766005716
1504,2025-10-02 13:32:00,oriente_medio,oriente_medio,0.6207066631392827
1507,2025-10-02 13:55:00,desconhecida,africa,0.17881168169538433
1512,2025-10-02 14:02:00,desconhecida,europa_ocidental,0.2310219144465843
1518,2025-10-02 14:06:00,oriente_medio,oriente_medio,0.7541905802932647
1521,2025-10-02 14:07:00,asia,asia,0.5459419724487298
1554,2025-10-02 14:40:00,desconhecida,europa_oriental,0.29189155345181483
1558,2025-10-02 14:51:00,asia,asia,0.552154780691589
1561,2025-10-02 15:03:00,africa,africa,0.5003838799897311
1562,2025-10-02 15:04:00,desconhecida,europa_ocidental,0.22291692612245526
1563,2025-10-02 15:10:00,europa_oriental,europa_oriental,0.38442674433905516
1565,2025-10-02 16:22:00,europa_ocidental,europa_ocidental,0.3182548972575825
1566,2025-10-02 16:22:00,europa_oriental,europa_oriental,0.6240863370128609
1570,2025-10-02 16:23:00,europa_oriental,europa_oriental,0.5618532162146155
1584,2025-10-02 16:38:00,desconhecida,europa_ocidental,0.220077806386294
1586,2025-10-02 16:39:00,europa_ocidental,europa_ocidental,0.38118083416715787
1599,2025-10-02 16:54:00,asia,asia,0.5339897939068808
1601,2025-10-02 16:56:00,europa_ocidental,europa_oriental,0.2606865870261549
1602,2025-10-02 17:00:00,desconhecida,oriente_medio,0.3993889820801016
1603,2025-10-02 17:23:00,europa_oriental,europa_oriental,0.5380254087211699
1605,2025-10-02 17:33:00,desconhecida,europa_ocidental,0.2620593741951072
1607,2025-10-02 18:04:00,desconhecida,europa_ocidental,0.548910034277991
1608,2025-10-02 18:15:00,asia,asia,0.5438492087052533
1612,2025-10-02 18:42:00,europa_ocidental,europa_ocidental,0.32201945702971096
1622,2025-10-02 19:00:00,oceania,oceania,0.7020525327282093
1637,2025-10-02 19:11:00,europa_oriental,europa_oriental,0.5926182487491333
1638,2025-10-02 19:17:00,desconhecida,europa_ocidental,0.3662943774201283
1639,2025-10-02 19:17:00,desconhecida,europa_ocidental,0.37375676447273115
1641,2025-10-02 19:18:00,desconhecida,europa_ocidental,0.26931536398489453
1648,2025-10-02 20:08:00,america_norte,america_norte,0.6663836299672155
1650,2025-10-02 20:16:00,desconhecida,oriente_medio,0.5169564040192656
1653,2025-10-02 20:30:00,america_norte,america_norte,0.46287892781841783
1654,2025-10-02 20:34:00,america_sul,america_sul,0.4063874704350219
1655,2025-10-02 20:34:00,europa_ocidental,europa_ocidental,0.24650136317236362
1660,2025-10-02 21:11:00,desconhecida,asia,0.2526800671490484
1662,2025-10-02 21:14:00,europa_oriental,europa_oriental,0.445363579892432
1667,2025-10-02 21:27:00,america_sul,america_sul,0.5853419763327771
1675,2025-10-02 22:04:00,europa_ocidental,europa_ocidental,0.2582814173451122
1678,2025-10-02 22:29:00,europa_ocidental,europa_ocidental,0.33023171778313637
1680,2025-10-02 22:34:00,desconhecida,europa_ocidental,0.22090869087736403
1696,2025-10-02 22:51:00,desconhecida,europa_ocidental,0.26163764559442987
1707,2025-10-02 23:02:00,america_sul,america_sul,0.48812978308361243
1710,2025-10-02 23:21:00,desconhecida,europa_ocidental,0.2334641988822317
1713,2025-10-03 00:03:00,america_sul,america_sul,0.4101176162270738
1718,2025-10-03 01:15:00,europa_ocidental,europa_ocidental,0.3694905832314173
1737,2025-10-03 14:45:00,europa_ocidental,europa_ocidental,0.3007398831473098
1738,2025-10-03 14:46:00,desconhecida,europa_ocidental,0.18739936016908254
1739,2025-10-03 14:46:00,europa_ocidental,europa_ocidental,0.31300866486674556
1741,2025-10-03 14:54:00,europa_oriental,europa_oriental,0.5411612175511793
1743,2025-10-03 14:59:00,oriente_medio,oriente_medio,0.6355290130202449
1744,2025-10-03 15:01:00,europa_ocidental,europa_ocidental,0.31652043880291314
1746,2025-10-03 15:05:00,desconhecida,europa_ocidental,0.22659624387795557
1747,2025-10-03 15:08:00,europa_oriental,europa_oriental,0.4124739812667119
1748,2025-10-03 15:10:00,desconhecida,europa_ocidental,0.34223132284144464
1749,2025-10-03 15:16:00,desconhecida,oriente_medio,0.4847373150111995
1754,2025-10-03 15:28:00,europa_ocidental,europa_ocidental,0.3634573060648777
1758,2025-10-03 15:47:00,europa_ocidental,europa_ocidental,0.3245481620410906
1759,2025-10-03 15:49:00,desconhecida,europa_ocidental,0.24605932552842208
1763,2025-10-03 16:06:00,desconhecida,oriente_medio,0.3714742144536873
1765,2025-10-03 16:08:00,desconhecida,europa_ocidental,0.2188947380259768
1766,2025-10-03 16:12:00,america_central,america_central,0.6313916612374088
1905,2025-10-03 19:35:00,desconhecida,europa_ocidental,0.2555758350098037
1907,2025-10-03 19:37:00,europa_ocidental,europa_ocidental,0.31510901559821247
1908,2025-10-03 19:37:00,america_sul,america_sul,0.5733466663946457
1911,2025-10-03 19:38:00,europa_ocidental,europa_ocidental,0.3507027201266432
1913,2025-10-03 19:55:00,europa_ocidental,europa_ocidental,0.249927396722127
1914,2025-10-03 20:00:00,europa_ocidental,europa_ocidental,0.31225857836586135
1918,2025-10-03 20:05:00,europa_ocidental,europa_ocidental,0.3394741285974896
1923,2025-10-03 20:15:00,europa_ocidental,europa_ocidental,0.37907868485773766
1924,2025-10-03 20:17:00,europa_ocidental,europa_ocidental,0.2673558899719852
1930,2025-10-03 20:44:00,desconhecida,europa_ocidental,0.21641034867721307
1937,2025-10-03 20:54:00,asia,asia,0.4732282167071911
1938,2025-10-03 20:58:00,america_central,america_central,0.64665609800866
1940,2025-10-03 20:59:00,europa_ocidental,europa_ocidental,0.3877577608860838
1941,2025-10-03 21:01:00,europa_ocidental,europa_ocidental,0.3559800035276423
1943,2025-10-03 21:05:00,europa_ocidental,europa_ocidental,0.33884802857729635
1950,2025-10-04 01:21:00,desconhecida,america_sul,0.1838560113544205
1951,2025-10-04 01:21:00,desconhecida,europa_ocidental,0.38119671189549975
1955,2025-10-04 02:05:00,america_central,america_central,0.6001252379165443
1956,2025-10-04 02:09:00,america_sul,america_sul,0.4781658167733346
1957,2025-10-04 02:10:00,desconhecida,europa_ocidental,0.19036365527305807
1960,2025-10-04 02:23:00,europa_ocidental,europa_ocidental,0.31660027082006553
1962,2025-10-04 02:34:00,europa_ocidental,europa_ocidental,0.2595070270384801
1964,2025-10-04 02:40:00,america_sul,america_sul,0.42430565293716177
1970,2025-10-04 03:09:00,america_sul,america_sul,0.38456942092307705
1972,2025-10-04 03:11:00,europa_ocidental,europa_ocidental,0.3885277638693355
1973,2025-10-04 03:13:00,europa_ocidental,europa_ocidental,0.4153714520161436
1974,2025-10-04 03:13:00,america_sul,america_sul,0.38289710621981393
1976,2025-10-04 03:23:00,europa_ocidental,europa_ocidental,0.32236054687685534
1977,2025-10-04 03:24:00,europa_ocidental,europa_ocidental,0.2957747012081551
1978,2025-10-04 03:44:00,europa_ocidental,europa_ocidental,0.3364049000007762
1979,2025-10-04 03:44:00,europa_ocidental,europa_oriental,0.22977846172540517
1980,2025-10-04 03:45:00,desconhecida,europa_oriental,0.24397828882404776
1981,2025-10-04 03:45:00,asia,asia,0.6846657012385909
1982,2025-10-04 03:52:00,europa_oriental,europa_oriental,0.40266235412792806
1985,2025-10-04 04:05:00,asia,asia,0.5971093812601423
1986,2025-10-04 04:06:00,desconhecida,europa_oriental,0.23771307331344724
1987,2025-10-04 04:07:00,america_sul,america_sul,0.347859714735586
1988,2025-10-04 04:07:00,europa_oriental,europa_oriental,0.5931139745392974
1989,2025-10-04 04:08:00,desconhecida,europa_oriental,0.19787501628506907
1991,2025-10-04 04:08:00,desconhecida,europa_ocidental,0.30339093769321857
1992,2025-10-04 04:09:00,america_sul,america_sul,0.46345971403294217
1993,2025-10-04 04:09:00,europa_oriental,europa_oriental,0.3636757952855398
1995,2025-10-04 04:10:00,oriente_medio,oriente_medio,0.6604295949777589
1996,2025-10-04 04:11:00,europa_ocidental,america_central,0.25295468334089083
1997,2025-10-04 04:11:00,desconhecida,america_norte,0.5959473173219756
1998,2025-10-04 04:12:00,america_norte,america_norte,0.6564809105138756
1999,2025-10-04 04:12:00,america_norte,america_norte,0.5032566840683125
2000,2025-10-04 04:12:00,desconhecida,america_sul,0.1886207204962237
2002,2025-10-04 04:14:00,desconhecida,africa,0.3234204931547951
2003,2025-10-04 04:14:00,europa_ocidental,america_sul,0.22133874274142115
2004,2025-10-04 04:14:00,europa_oriental,europa_oriental,0.38086617543426615
2005,2025-10-04 04:15:00,america_sul,america_central,0.3398651718262933
2007,2025-10-04 04:15:00,europa_ocidental,europa_ocidental,0.4466768108759128
2008,2025-10-04 04:16:00,asia,asia,0.4049409659551983
2009,2025-10-04 04:16:00,europa_ocidental,europa_ocidental,0.3177818699542543
2010,2025-10-04 04:18:00,europa_oriental,europa_oriental,0.4393850910984301
2011,2025-10-04 04:18:00,europa_oriental,europa_oriental,0.4367585173635133
2012,2025-10-04 04:19:00,europa_ocidental,europa_ocidental,0.33487852647971333
2013,2025-10-04 04:20:00,desconhecida,europa_ocidental,0.15048087624300732
2015,2025-10-04 04:25:00,europa_ocidental,europa_ocidental,0.33622066644245174
2016,2025-10-04 04:27:00,desconhecida,europa_oriental,0.27409916801893847
2017,2025-10-04 04:27:00,desconhecida,europa_oriental,0.3436403676169691
2019,2025-10-04 04:28:00,oriente_medio,oriente_medio,0.4712261759569775
2020,2025-10-04 04:28:00,europa_oriental,europa_oriental,0.40529291326760775
2021,2025-10-04 04:31:00,europa_ocidental,europa_ocidental,0.2365599767651234
2023,2025-10-04 04:37:00,america_norte,america_norte,0.6980267841333001
2024,2025-10-04 04:47:00,europa_ocidental,europa_ocidental,0.38139576183702434
2027,2025-10-04 04:52:00,america_sul,america_sul,0.38731138118329334
2028,2025-10-04 04:56:00,america_norte,america_norte,0.6040399062084917
2030,2025-10-04 04:57:00,europa_ocidental,europa_ocidental,0.3070500835860659
2031,2025-10-04 05:00:00,desconhecida,america_sul,0.4964593971223743
2032,2025-10-04 05:02:00,asia,asia,0.5081520821987259
2033,2025-10-04 05:04:00,desconhecida,europa_ocidental,0.2573976732291382
2036,2025-10-04 05:09:00,europa_oriental,europa_oriental,0.4305058687805774
2037,2025-10-04 05:10:00,desconhecida,europa_ocidental,0.2730126721707533
2040,2025-10-04 05:12:00,europa_ocidental,europa_ocidental,0.22567521526202897
2045,2025-10-04 05:19:00,europa_ocidental,europa_ocidental,0.25009266725274454
2049,2025-10-04 05:22:00,europa_ocidental,europa_ocidental,0.27397626597065095
2051,2025-10-04 05:26:00,europa_ocidental,europa_ocidental,0.2895838208314612
2054,2025-10-04 05:30:00,europa_ocidental,europa_ocidental,0.296134839315262
2055,2025-10-04 05:42:00,desconhecida,europa_ocidental,0.3858985720024216
2056,2025-10-04 05:42:00,europa_ocidental,europa_ocidental,0.3102323299897381
2057,2025-10-04 05:44:00,europa_ocidental,america_norte,0.3893439429955378
2058,2025-10-04 05:47:00,oriente_medio,oriente_medio,0.5186523325625284
2060,2025-10-04 05:51:00,europa_ocidental,europa_ocidental,0.1993835263534298
2062,2025-10-04 05:54:00,europa_oriental,europa_oriental,0.7477622791649483
2063,2025-10-04 05:57:00,europa_ocidental,europa_ocidental,0.26853278839894434
2064,2025-10-04 06:01:00,oriente_medio,oriente_medio,0.7132167394605005
2065,2025-10-04 06:04:00,europa_ocidental,europa_ocidental,0.3625663010120166
2066,2025-10-04 06:05:00,europa_ocidental,europa_ocidental,0.3872592800667046
2068,2025-10-04 06:06:00,america_central,america_central,0.6570679958779346
2070,2025-10-04 06:07:00,europa_ocidental,europa_ocidental,0.41574357616645996
2071,2025-10-04 06:08:00,europa_ocidental,europa_ocidental,0.3473821513928532
2072,2025-10-04 06:09:00,desconhecida,asia,0.2757510251757468
2080,2025-10-04 06:18:00,america_norte,america_norte,0.5821745801803381
2081,2025-10-04 06:18:00,america_sul,america_sul,0.45110328198893607
2089,2025-10-04 14:10:00,desconhecida,asia,0.357063619546526
2096,2025-10-04 15:12:00,desconhecida,europa_oriental,0.22686939127732955
2101,2025-10-04 15:19:00,desconhecida,europa_ocidental,0.27919110877262077
2107,2025-10-04 15:31:00,desconhecida,europa_oriental,0.41061048580377035
2111,2025-10-04 15:36:00,desconhecida,asia,0.20938673788704157
2113,2025-10-04 15:48:00,desconhecida,europa_oriental,0.32494783922154774
2124,2025-10-04 16:10:00,desconhecida,america_sul,0.3757971713096821
2139,2025-10-04 16:31:00,desconhecida,europa_oriental,0.25496333677769095
2144,2025-10-04 16:39:00,desconhecida,europa_ocidental,0.24063030650953887
2145,2025-10-04 16:43:00,desconhecida,america_central,0.29841664742887436
2146,2025-10-04 16:44:00,desconhecida,america_central,0.29898744202515043
2159,2025-10-04 17:09:00,desconhecida,europa_ocidental,0.2141671089647561
2196,2025-10-04 18:16:00,america_norte,america_norte,0.7258600330477895
2201,2025-10-04 18:43:00,desconhecida,america_sul,0.21712859134752308
2205,2025-10-04 19:12:00,desconhecida,america_central,0.43505172585298524
2206,2025-10-04 19:15:00,desconhecida,europa_oriental,0.3960289645816571
2208,2025-10-04 19:32:00,america_sul,america_sul,0.38875384747211744
2210,2025-10-04 19:39:00,desconhecida,europa_oriental,0.5672537050144796
2213,2025-10-04 19:58:00,europa_oriental,europa_oriental,0.5467496077726974
2215,2025-10-04 20:14:00,europa_ocidental,europa_ocidental,0.2107383268610351
2216,2025-10-04 20:15:00,europa_ocidental,europa_ocidental,0.3212347493709828
2220,2025-10-04 20:29:00,desconhecida,europa_ocidental,0.17642492491319736
2222,2025-10-04 20:40:00,desconhecida,europa_ocidental,0.209939422493659
2223,2025-10-04 20:43:00,desconhecida,america_norte,0.2881239250372855
2229,2025-10-04 21:03:00,america_central,america_central,0.6979902680536478
2231,2025-10-04 21:07:00,desconhecida,america_sul,0.4336557751466908
2232,2025-10-04 21:11:00,desconhecida,america_norte,0.231794856890653
2236,2025-10-04 22:53:00,europa_ocidental,europa_ocidental,0.2624656714772802
2237,2025-10-04 22:55:00,desconhecida,america_sul,0.3958808880074853
2238,2025-10-04 23:01:00,desconhecida,america_sul,0.30260734475679224
2239,2025-10-04 23:29:00,desconhecida,europa_ocidental,0.23690293493617182
2241,2025-10-05 00:16:00,desconhecida,europa_ocidental,0.3382886265851327
2243,2025-10-05 00:30:00,desconhecida,america_sul,0.3375982802000926
2244,2025-10-05 00:47:00,desconhecida,oriente_medio,0.6011002248487735
2246,2025-10-05 01:12:00,desconhecida,oriente_medio,0.5812870176794737
2247,2025-10-05 01:14:00,desconhecida,europa_ocidental,0.3131918242702946
2249,2025-10-05 01:16:00,desconhecida,america_central,0.34258345881446495
2253,2025-10-05 02:11:00,desconhecida,america_sul,0.4324470599686284
2254,2025-10-05 02:12:00,desconhecida,europa_oriental,0.46870367006802965
2255,2025-10-05 02:13:00,desconhecida,america_sul,0.20805521147112926
2260,2025-10-05 02:42:00,desconhecida,asia,0.2124338127458966
2262,2025-10-05 03:02:00,desconhecida,europa_ocidental,0.20631733474965008
2263,2025-10-05 03:03:00,desconhecida,europa_ocidental,0.1928656841362279
2264,2025-10-05 03:07:00,desconhecida,europa_oriental,0.25943690791658647
2265,2025-10-05 03:16:00,desconhecida,europa_ocidental,0.29896131168271206
2266,2025-10-05 03:16:00,desconhecida,america_sul,0.22619467384031097
2267,2025-10-05 03:23:00,desconhecida,europa_ocidental,0.21341913601455514
2268,2025-10-05 03:43:00,desconhecida,asia,0.42187657674026374
2269,2025-10-05 03:46:00,desconhecida,europa_ocidental,0.30927607993445355
2270,2025-10-05 03:53:00,desconhecida,asia,0.2787322553203091
2271,2025-10-05 03:53:00,desconhecida,asia,0.28373452482282396
2274,2025-10-05 04:04:00,desconhecida,europa_ocidental,0.1752573673958413
2275,2025-10-05 04:04:00,desconhecida,europa_ocidental,0.3283742659377182
2278,2025-10-05 04:07:00,desconhecida,europa_ocidental,0.2817238434173171
2280,2025-10-05 04:08:00,desconhecida,europa_oriental,0.40910453102155614
2281,2025-10-05 04:08:00,desconhecida,oriente_medio,0.7920950519409663
2284,2025-10-05 04:10:00,desconhecida,europa_ocidental,0.18644659505050817
2285,2025-10-05 04:10:00,desconhecida,europa_oriental,0.4259723244931049
2288,2025-10-05 04:12:00,desconhecida,europa_ocidental,0.2958554745542106
2290,2025-10-05 04:13:00,desconhecida,america_sul,0.3948039553867264
2292,2025-10-05 04:14:00,desconhecida,america_sul,0.5795929501102739
2299,2025-10-05 04:19:00,desconhecida,oriente_medio,0.2756628280208588
2351,2025-10-05 11:54:00,desconhecida,europa_ocidental,0.3117380625914769
2352,2025-10-05 11:55:00,desconhecida,oriente_medio,0.3300310395428991
2359,2025-10-05 12:03:00,america_sul,america_sul,0.4539281971206455
2363,2025-10-05 12:50:00,america_sul,america_sul,0.45994659533886756
2364,2025-10-05 13:00:00,desconhecida,europa_oriental,0.2685692358964672
2367,2025-10-05 13:10:00,desconhecida,europa_ocidental,0.18390399795987078
2369,2025-10-05 13:19:00,desconhecida,europa_ocidental,0.2367362729761713
2372,2025-10-05 14:05:00,desconhecida,europa_ocidental,0.3066378708967344
2377,2025-10-05 14:35:00,desconhecida,america_sul,0.32319568910102126
2378,2025-10-05 14:41:00,desconhecida,oriente_medio,0.6490069473609137
2379,2025-10-05 14:54:00,desconhecida,europa_ocidental,0.17883471091843026
2381,2025-10-05 15:10:00,desconhecida,america_norte,0.22170926145991
2383,2025-10-05 15:24:00,desconhecida,oriente_medio,0.3007094906513294
2389,2025-10-05 16:27:00,desconhecida,america_sul,0.4521966858109346
2390,2025-10-05 16:35:00,america_sul,america_sul,0.5169464545207386
2391,2025-10-05 16:37:00,desconhecida,america_central,0.566060100058948
2392,2025-10-05 16:48:00,desconhecida,america_sul,0.28772339805393127
2393,2025-10-05 16:53:00,desconhecida,europa_ocidental,0.32117114906354294
2394,2025-10-05 17:01:00,desconhecida,europa_oriental,0.22704889315007332
2400,2025-10-05 17:34:00,desconhecida,europa_ocidental,0.1897173237688058
2401,2025-10-05 17:43:00,desconhecida,america_sul,0.3374149151734705
2402,2025-10-05 17:53:00,desconhecida,europa_ocidental,0.22381522738287804
2443,2025-10-07 17:03:00,desconhecida,europa_ocidental,0.16782012759458576
2456,2025-10-08 09:46:00,desconhecida,europa_ocidental,0.2736999326234129
2459,2025-10-08 09:51:00,desconhecida,europa_ocidental,0.17915448580069307
2462,2025-10-08 09:57:00,desconhecida,europa_ocidental,0.18806933302890758
2465,2025-10-08 10:19:00,desconhecida,europa_oriental,0.2010657161148472
2472,2025-10-08 10:31:00,desconhecida,europa_oriental,0.3892027523622581
2475,2025-10-08 10:44:00,desconhecida,europa_ocidental,0.2543206914142995
2476,2025-10-08 10:50:00,desconhecida,europa_ocidental,0.22049717773623134
2477,2025-10-08 11:03:00,desconhecida,europa_ocidental,0.2011190013463721
2479,2025-10-08 11:33:00,desconhecida,oceania,0.7980579169959886
2481,2025-10-08 13:03:00,desconhecida,europa_ocidental,0.15624079251508072
2482,2025-10-08 13:23:00,desconhecida,europa_ocidental,0.22214424819093156
2490,2025-10-08 13:35:00,desconhecida,europa_oriental,0.36317444982089464
2491,2025-10-08 13:37:00,europa_ocidental,europa_ocidental,0.21158706136853758
2492,2025-10-08 13:37:00,desconhecida,europa_ocidental,0.2482601055553805
2493,2025-10-08 13:50:00,desconhecida,europa_ocidental,0.21426543249842006
2496,2025-10-08 14:19:00,desconhecida,america_sul,0.3290301170401864
2501,2025-10-08 14:36:00,desconhecida,europa_ocidental,0.29760001417857135
2503,2025-10-08 14:45:00,desconhecida,america_sul,0.28475750740660727
2506,2025-10-08 14:47:00,desconhecida,europa_ocidental,0.35426750219828407
2510,2025-10-08 15:03:00,desconhecida,america_sul,0.23891467000155686
2511,2025-10-08 15:06:00,desconhecida,europa_ocidental,0.16714237764672601
2515,2025-10-08 15:48:00,asia,asia,0.4878960300581556
2517,2025-10-08 15:57:00,desconhecida,america_sul,0.4784249002172997
2519,2025-10-08 16:07:00,europa_oriental,europa_oriental,0.43370262045602076
2520,2025-10-08 16:09:00,asia,asia,0.5086009570505146
2521,2025-10-08 16:10:00,desconhecida,europa_ocidental,0.3182605492016006
2522,2025-10-08 16:15:00,desconhecida,europa_ocidental,0.23990719577028918
2536,2025-10-08 16:30:00,desconhecida,america_sul,0.22722900830495685
2541,2025-10-08 16:56:00,desconhecida,america_sul,0.3748864318673614
2544,2025-10-08 17:12:00,desconhecida,asia,0.22562615601413663
2548,2025-10-08 18:26:00,desconhecida,america_central,0.47365418001396925
2550,2025-10-08 18:29:00,desconhecida,america_sul,0.29461885459426396
2552,2025-10-08 19:01:00,desconhecida,europa_ocidental,0.24068720584209793
2554,2025-10-08 19:37:00,desconhecida,asia,0.27787264420293284
2557,2025-10-08 19:57:00,desconhecida,asia,0.36531566031304535
2560,2025-10-08 20:07:00,desconhecida,europa_ocidental,0.1826845203757538
2561,2025-10-08 20:16:00,desconhecida,america_sul,0.4617455083534972
2564,2025-10-08 22:02:00,desconhecida,europa_ocidental,0.20904454883872584
2565,2025-10-08 22:06:00,asia,asia,0.46829694837977365
2566,2025-10-08 22:08:00,desconhecida,europa_ocidental,0.21864949367337153
2572,2025-10-08 23:16:00,desconhecida,europa_ocidental,0.21877120747228676
2576,2025-10-09 00:42:00,desconhecida,asia,0.2789365046127519
2580,2025-10-09 01:32:00,desconhecida,europa_ocidental,0.26458659678407076
2584,2025-10-09 03:45:00,desconhecida,europa_ocidental,0.22178557451281763
2586,2025-10-09 04:02:00,desconhecida,europa_ocidental,0.2085306194755072
2662,2025-10-09 09:39:00,desconhecida,europa_ocidental,0.2497947341289738
2665,2025-10-09 09:45:00,desconhecida,america_norte,0.3694925259212919
2668,2025-10-09 10:40:00,desconhecida,europa_ocidental,0.17147249166141845
2669,2025-10-09 10:48:00,desconhecida,america_central,0.21805761145775943
2671,2025-10-09 10:58:00,desconhecida,europa_ocidental,0.24636179790483465
2673,2025-10-09 11:30:00,desconhecida,europa_ocidental,0.21845586236987968
2674,2025-10-09 11:31:00,desconhecida,europa_ocidental,0.19237744622508138
2679,2025-10-09 12:01:00,desconhecida,europa_ocidental,0.19892240639796407
2689,2025-10-09 12:36:00,desconhecida,america_sul,0.208436144230401
2691,2025-10-09 12:51:00,desconhecida,africa,0.2999040315125452
2692,2025-10-09 12:56:00,desconhecida,europa_oriental,0.16319745782474263
2695,2025-10-09 13:11:00,desconhecida,oriente_medio,0.4198954388782467
2702,2025-10-09 14:08:00,desconhecida,europa_ocidental,0.42762552081827565
2703,2025-10-09 14:13:00,desconhecida,oceania,0.2526952717903178
2707,2025-10-09 14:47:00,desconhecida,europa_ocidental,0.20599725591622944
2711,2025-10-09 15:09:00,desconhecida,europa_ocidental,0.3035073406250827
2712,2025-10-09 15:32:00,desconhecida,america_sul,0.23535059561914942
2716,2025-10-09 16:12:00,desconhecida,europa_ocidental,0.35149222419643966
2719,2025-10-09 16:39:00,desconhecida,europa_ocidental,0.20134883189773017
2721,2025-10-09 16:52:00,desconhecida,europa_ocidental,0.25579097356777997
2722,2025-10-09 17:15:00,desconhecida,europa_ocidental,0.21100585050782453
2723,2025-10-09 17:21:00,desconhecida,europa_ocidental,0.26118835081083136
2724,2025-10-09 17:37:00,desconhecida,europa_oriental,0.37546331841632075
2725,2025-10-09 17:49:00,desconhecida,europa_ocidental,0.4190006831271906
2726,2025-10-09 17:51:00,europa_ocidental,europa_ocidental,0.32965718771182445
2728,2025-10-09 18:27:00,desconhecida,america_sul,0.25085191992682665
2730,2025-10-09 18:43:00,desconhecida,europa_ocidental,0.27190458383117805
2732,2025-10-09 20:31:00,desconhecida,europa_ocidental,0.23223160048932712
2734,2025-10-09 20:32:00,desconhecida,america_sul,0.3714754127768924
2735,2025-10-09 20:44:00,desconhecida,europa_oriental,0.33400321380190995
2736,2025-10-09 20:44:00,desconhecida,europa_ocidental,0.3807085316785826
2738,2025-10-09 21:20:00,desconhecida,america_sul,0.45199321322263636
2739,2025-10-09 21:27:00,desconhecida,europa_ocidental,0.21247526784012435
2742,2025-10-09 21:49:00,desconhecida,america_sul,0.2072250875753316
2743,2025-10-09 22:08:00,desconhecida,europa_ocidental,0.2709954668188945
2744,2025-10-09 22:22:00,desconhecida,oriente_medio,0.5180786956039612
2748,2025-10-09 23:38:00,desconhecida,europa_ocidental,0.2538359809878468
2752,2025-10-10 00:25:00,desconhecida,europa_ocidental,0.18950048507961462
2755,2025-10-10 01:42:00,desconhecida,europa_oriental,0.1684024030233584
2760,2025-10-10 03:19:00,desconhecida,asia,0.5049398253329683
2762,2025-10-10 03:44:00,desconhecida,europa_ocidental,0.40170992281818974
2763,2025-10-10 03:55:00,desconhecida,europa_ocidental,0.2686993529771377
2764,2025-10-10 04:02:00,desconhecida,europa_ocidental,0.21259614101478383
2766,2025-10-10 04:03:00,desconhecida,asia,0.23829647396299072
2767,2025-10-10 04:04:00,desconhecida,europa_ocidental,0.1997164941638438
2768,2025-10-10 04:05:00,desconhecida,europa_ocidental,0.2569976577712988
2771,2025-10-10 04:06:00,desconhecida,europa_ocidental,0.22618384804937175
2772,2025-10-10 04:07:00,desconhecida,europa_ocidental,0.2911080819174092
2775,2025-10-10 04:08:00,desconhecida,africa,0.2861470378141346
2776,2025-10-10 04:09:00,desconhecida,america_sul,0.22003939580532617
2777,2025-10-10 04:10:00,desconhecida,america_norte,0.21566724737299098
2778,2025-10-10 04:11:00,desconhecida,europa_ocidental,0.18769609614108676
2780,2025-10-10 04:22:00,desconhecida,asia,0.198836307219928
2783,2025-10-10 04:42:00,desconhecida,america_sul,0.2317419166171437
2784,2025-10-10 04:47:00,desconhecida,asia,0.3999469667620717
2785,2025-10-10 04:55:00,desconhecida,america_central,0.2551119256544046
2786,2025-10-10 05:06:00,desconhecida,europa_ocidental,0.31427122471689684
2787,2025-10-10 05:13:00,desconhecida,europa_ocidental,0.30962562776254954
2789,2025-10-10 05:43:00,desconhecida,europa_ocidental,0.2435894229371079
2792,2025-10-10 05:54:00,desconhecida,europa_ocidental,0.28956617026706455
2793,2025-10-10 06:01:00,desconhecida,europa_oriental,0.34101241625764084
2795,2025-10-10 06:20:00,desconhecida,oriente_medio,0.18832956778009774
2796,2025-10-10 06:21:00,desconhecida,europa_ocidental,0.33384717931104935
2799,2025-10-10 06:34:00,desconhecida,europa_ocidental,0.25380216241378345
2800,2025-10-10 06:39:00,desconhecida,europa_oriental,0.23040290132657767
2801,2025-10-10 06:46:00,desconhecida,europa_ocidental,0.21010670649953395
2803,2025-10-10 06:53:00,desconhecida,oriente_medio,0.24489753925023852
2804,2025-10-10 06:58:00,desconhecida,europa_ocidental,0.3859470006327894
2805,2025-10-10 07:00:00,desconhecida,europa_ocidental,0.18695412223537736
2806,2025-10-10 07:01:00,desconhecida,europa_oriental,0.4261999201011974
2810,2025-10-10 07:07:00,desconhecida,america_central,0.35992226735852556
2812,2025-10-10 07:24:00,desconhecida,europa_ocidental,0.2872420321394861
2814,2025-10-10 07:26:00,desconhecida,europa_ocidental,0.29092184735943916
2815,2025-10-10 07:29:00,desconhecida,europa_oriental,0.359613030141316
2816,2025-10-10 07:33:00,desconhecida,europa_ocidental,0.365595569286663
2818,2025-10-10 07:38:00,desconhecida,oriente_medio,0.18663410036159558
2819,2025-10-10 07:50:00,desconhecida,europa_oriental,0.35510018040764535
2820,2025-10-10 07:52:00,desconhecida,europa_ocidental,0.3757437221005421
2822,2025-10-10 07:53:00,desconhecida,europa_ocidental,0.2056942335635176
2823,2025-10-10 07:57:00,desconhecida,europa_ocidental,0.3002054751645545
2824,2025-10-10 07:59:00,desconhecida,europa_ocidental,0.21619683089612537
2825,2025-10-10 08:03:00,desconhecida,america_sul,0.39573379681091575
2826,2025-10-10 08:13:00,desconhecida,europa_ocidental,0.3163541499543397
2828,2025-10-10 08:16:00,desconhecida,europa_ocidental,0.3573664823859929
2829,2025-10-10 08:24:00,desconhecida,europa_ocidental,0.17528850294464707
2831,2025-10-10 08:27:00,desconhecida,europa_ocidental,0.316879757817767
2834,2025-10-10 08:31:00,desconhecida,europa_ocidental,0.3906812869931338
2835,2025-10-10 08:34:00,desconhecida,europa_ocidental,0.28478352831539044
2836,2025-10-10 08:35:00,desconhecida,europa_ocidental,0.2461422291009402
2837,2025-10-10 08:37:00,desconhecida,asia,0.2239621704185472
2841,2025-10-10 09:07:00,desconhecida,europa_ocidental,0.29332362729245043
2843,2025-10-10 09:14:00,desconhecida,europa_ocidental,0.2380439524364538
2844,2025-10-10 09:17:00,europa_ocidental,europa_ocidental,0.3018028741808741
2846,2025-10-10 09:21:00,desconhecida,europa_ocidental,0.2452428109187722
2847,2025-10-10 09:35:00,desconhecida,europa_ocidental,0.2351469592546228
2849,2025-10-10 09:55:00,desconhecida,europa_oriental,0.451783634942277
2852,2025-10-10 10:26:00,desconhecida,america_sul,0.22834817456943232
2854,2025-10-10 10:37:00,desconhecida,europa_ocidental,0.331005792172988
2855,2025-10-10 10:48:00,desconhecida,america_central,0.28992466588039
2856,2025-10-10 10:50:00,desconhecida,europa_ocidental,0.23176395998354649
2858,2025-10-10 11:03:00,desconhecida,europa_ocidental,0.23544834430376715
2860,2025-10-10 11:19:00,desconhecida,europa_ocidental,0.3442256280167637
2862,2025-10-10 11:33:00,desconhecida,europa_ocidental,0.2397045203676434
2867,2025-10-10 12:02:00,desconhecida,europa_ocidental,0.2203662707164263
2869,2025-10-10 12:05:00,desconhecida,europa_ocidental,0.35196894207917107
2870,2025-10-10 12:14:00,desconhecida,europa_ocidental,0.21306575659207297
2872,2025-10-10 12:18:00,desconhecida,america_sul,0.2986285541367874
2874,2025-10-10 12:30:00,desconhecida,europa_oriental,0.2906510283474684
2876,2025-10-10 12:36:00,desconhecida,america_sul,0.4157025454505057
2877,2025-10-10 12:38:00,desconhecida,europa_ocidental,0.30717873111800115
2878,2025-10-10 12:46:00,desconhecida,europa_ocidental,0.37305697475516064
2879,2025-10-10 12:48:00,desconhecida,america_central,0.29929212750565953
2881,2025-10-10 13:01:00,desconhecida,america_sul,0.21623208565789936
2883,2025-10-10 13:19:00,desconhecida,america_central,0.2463336128257266
2884,2025-10-10 13:20:00,desconhecida,europa_ocidental,0.2549061515335435
2885,2025-10-10 13:21:00,desconhecida,america_central,0.48669532191558884
2886,2025-10-10 13:22:00,desconhecida,europa_ocidental,0.38107382981280746
2887,2025-10-10 13:24:00,desconhecida,europa_ocidental,0.27091880555534953
2888,2025-10-10 13:32:00,desconhecida,europa_ocidental,0.339768933945352
2889,2025-10-10 14:02:00,desconhecida,europa_ocidental,0.36162748910320025
2893,2025-10-10 14:14:00,desconhecida,europa_ocidental,0.3042029090544289
2894,2025-10-10 14:17:00,desconhecida,europa_ocidental,0.21882451445973922
2896,2025-10-10 14:42:00,desconhecida,america_sul,0.18658948686098195
2898,2025-10-10 14:46:00,desconhecida,europa_ocidental,0.24890566879837858
2899,2025-10-10 14:58:00,desconhecida,america_sul,0.3632054664083172
2900,2025-10-10 14:59:00,desconhecida,america_sul,0.23018337479788495
2903,2025-10-10 15:10:00,desconhecida,america_sul,0.5732687591522494
2909,2025-10-10 16:09:00,asia,asia,0.5535905914642902
2911,2025-10-10 16:10:00,desconhecida,europa_oriental,0.32191320039392823
2912,2025-10-10 16:18:00,desconhecida,america_central,0.8114709536009276
2913,2025-10-10 16:21:00,desconhecida,europa_ocidental,0.202582015693944
2914,2025-10-10 16:29:00,desconhecida,europa_ocidental,0.36757111111299656
2916,2025-10-10 16:32:00,desconhecida,europa_ocidental,0.42077171133878677
2917,2025-10-10 16:33:00,desconhecida,asia,0.42666300053585904
2918,2025-10-10 16:38:00,desconhecida,europa_ocidental,0.22227112463052193
2919,2025-10-10 16:52:00,desconhecida,europa_ocidental,0.35920348819560405
2921,2025-10-10 17:13:00,desconhecida,europa_ocidental,0.2695667668730395
2922,2025-10-10 17:19:00,desconhecida,europa_ocidental,0.3037211556270104
2924,2025-10-10 17:20:00,desconhecida,america_central,0.25966534560280946
2925,2025-10-10 17:21:00,desconhecida,america_sul,0.35261208020182483
2933,2025-10-10 18:54:00,desconhecida,europa_ocidental,0.3433254220159099
2937,2025-10-10 19:01:00,desconhecida,america_sul,0.35550135483934675
2939,2025-10-10 19:10:00,desconhecida,america_central,0.39960005394771086
2940,2025-10-10 19:25:00,desconhecida,europa_ocidental,0.2700671143323295
2943,2025-10-10 19:58:00,desconhecida,europa_ocidental,0.22030627206933925
2948,2025-10-10 20:23:00,desconhecida,europa_ocidental,0.2800815621379524
3012,2025-10-10 21:21:00,europa_ocidental,europa_ocidental,0.33501214408460306
3014,2025-10-10 21:24:00,desconhecida,asia,0.3150739913212089
3017,2025-10-10 21:50:00,desconhecida,europa_ocidental,0.20856395253813562
3024,2025-10-10 22:38:00,desconhecida,europa_ocidental,0.3470993433987332
3027,2025-10-10 22:48:00,desconhecida,europa_ocidental,0.30999813818193667
3029,2025-10-10 23:15:00,desconhecida,europa_oriental,0.36747049707290447
3031,2025-10-10 23:30:00,desconhecida,europa_ocidental,0.20053400862756804
3033,2025-10-11 01:03:00,desconhecida,america_central,0.5556048440433863
3034,2025-10-11 01:06:00,desconhecida,oriente_medio,0.5912505690030138
3035,2025-10-11 01:22:00,desconhecida,europa_ocidental,0.40449448117336423
3037,2025-10-11 01:34:00,desconhecida,europa_ocidental,0.38918076029197035
3039,2025-10-11 01:44:00,desconhecida,europa_ocidental,0.2944564227318358
3040,2025-10-11 01:49:00,desconhecida,europa_ocidental,0.24887845669088438
3042,2025-10-11 01:51:00,desconhecida,europa_ocidental,0.3888185356393588
3043,2025-10-11 02:03:00,desconhecida,europa_ocidental,0.3267732360427331
3044,2025-10-11 02:03:00,europa_ocidental,europa_ocidental,0.30507143217501126
3045,2025-10-11 02:04:00,desconhecida,europa_ocidental,0.41190961198336823
3046,2025-10-11 02:05:00,desconhecida,europa_ocidental,0.24899575261998788
3047,2025-10-11 02:06:00,desconhecida,europa_ocidental,0.29381567741598075
3048,2025-10-11 02:07:00,desconhecida,europa_ocidental,0.3230001611614446
3049,2025-10-11 02:08:00,desconhecida,europa_ocidental,0.3491995077192088
3051,2025-10-11 02:09:00,desconhecida,europa_ocidental,0.32781567388314276
3052,2025-10-11 02:10:00,desconhecida,europa_ocidental,0.30214331063998495
3054,2025-10-11 02:23:00,desconhecida,europa_ocidental,0.28660277755119323
3055,2025-10-11 02:34:00,desconhecida,europa_ocidental,0.19914250156820104
3056,2025-10-11 02:35:00,desconhecida,europa_ocidental,0.17728798071910956
3057,2025-10-11 02:37:00,desconhecida,europa_ocidental,0.2846090090958004
3058,2025-10-11 02:38:00,desconhecida,europa_ocidental,0.206544974767467
3059,2025-10-11 02:42:00,desconhecida,europa_ocidental,0.3291710269554951
3060,2025-10-11 02:45:00,desconhecida,europa_ocidental,0.32744791278712854
3061,2025-10-11 02:46:00,desconhecida,europa_ocidental,0.2782818398894937
3063,2025-10-11 03:15:00,desconhecida,europa_ocidental,0.31646000798398277
3065,2025-10-11 03:18:00,desconhecida,europa_oriental,0.29063312827622284
3066,2025-10-11 03:44:00,desconhecida,america_sul,0.17600289401190058
3067,2025-10-11 03:45:00,desconhecida,europa_oriental,0.32765842026606495
3068,2025-10-11 04:03:00,desconhecida,europa_oriental,0.4991876084853206
3069,2025-10-11 04:05:00,desconhecida,europa_oriental,0.3961838921586645
3070,2025-10-11 04:06:00,desconhecida,europa_ocidental,0.264698518530661
3071,2025-10-11 04:06:00,desconhecida,europa_ocidental,0.3702160647463073
3073,2025-10-11 04:08:00,desconhecida,europa_ocidental,0.24779653829252388
3075,2025-10-11 04:09:00,desconhecida,europa_ocidental,0.3284627144076086
3076,2025-10-11 04:10:00,desconhecida,america_norte,0.5840418709742439
3078,2025-10-11 04:11:00,desconhecida,america_norte,0.24178164392153687
3080,2025-10-11 04:14:00,desconhecida,europa_ocidental,0.18114466632317036
3082,2025-10-11 04:15:00,desconhecida,asia,0.21924127492702897
3083,2025-10-11 04:16:00,desconhecida,america_norte,0.49773199786829353
3084,2025-10-11 04:17:00,desconhecida,america_norte,0.32845736472379855
3085,2025-10-11 04:18:00,desconhecida,america_norte,0.25599950956892886
3086,2025-10-11 04:22:00,desconhecida,america_norte,0.7154565376359523
3087,2025-10-11 04:23:00,desconhecida,america_sul,0.5107589846360573
3088,2025-10-11 04:25:00,desconhecida,europa_ocidental,0.24472506569352098
3089,2025-10-11 04:26:00,desconhecida,america_sul,0.33633900868287264
3090,2025-10-11 04:28:00,desconhecida,europa_oriental,0.3705272781121683
3091,2025-10-11 04:31:00,desconhecida,europa_oriental,0.2687691609014008
3092,2025-10-11 04:41:00,desconhecida,europa_ocidental,0.3209226465821619
3093,2025-10-11 04:43:00,desconhecida,europa_ocidental,0.2576001155046446
3094,2025-10-11 04:46:00,desconhecida,oriente_medio,0.6145794972836758
3095,2025-10-11 05:06:00,desconhecida,europa_ocidental,0.2161424706784952
3096,2025-10-11 05:08:00,desconhecida,europa_oriental,0.4364384894116748
3097,2025-10-11 05:18:00,desconhecida,europa_ocidental,0.31379340277672807
3098,2025-10-11 05:20:00,desconhecida,america_sul,0.5062402184095206
3101,2025-10-11 05:44:00,desconhecida,europa_ocidental,0.22589940910678719
3102,2025-10-11 05:56:00,desconhecida,europa_ocidental,0.2626469405757843
3103,2025-10-11 06:00:00,desconhecida,europa_ocidental,0.39515296150581236
3104,2025-10-11 06:01:00,desconhecida,europa_oriental,0.2344726025094645
3108,2025-10-11 06:08:00,desconhecida,europa_ocidental,0.2563472422037464
3109,2025-10-11 06:13:00,desconhecida,europa_ocidental,0.4410715857789012
3112,2025-10-11 06:32:00,desconhecida,america_sul,0.2890598373310228
3114,2025-10-11 06:48:00,desconhecida,oriente_medio,0.5068303968045496
3115,2025-10-11 06:51:00,desconhecida,europa_oriental,0.5245565412309816
3117,2025-10-11 06:59:00,desconhecida,america_central,0.28630043859751514
3118,2025-10-11 07:03:00,desconhecida,america_central,0.5068186526201167
3119,2025-10-11 07:04:00,desconhecida,europa_ocidental,0.3831733834304102
3120,2025-10-11 07:05:00,desconhecida,europa_ocidental,0.4919213915276506
3121,2025-10-11 07:08:00,desconhecida,asia,0.33865645077888706
3124,2025-10-11 07:20:00,desconhecida,europa_ocidental,0.2513109756681404
3125,2025-10-11 07:20:00,desconhecida,europa_ocidental,0.23833491527482584
3126,2025-10-11 07:30:00,desconhecida,europa_ocidental,0.27037246408899523
3136,2025-10-11 07:44:00,desconhecida,america_sul,0.5192858542134681
3137,2025-10-11 07:45:00,desconhecida,europa_ocidental,0.1887552908893458
3138,2025-10-11 07:46:00,desconhecida,oceania,0.4493721990790604
3139,2025-10-11 08:02:00,desconhecida,europa_ocidental,0.33612277557711906
3140,2025-10-11 08:03:00,desconhecida,europa_ocidental,0.22296077406405
3141,2025-10-11 08:04:00,desconhecida,europa_ocidental,0.419909420782828
3142,2025-10-11 08:04:00,desconhecida,europa_ocidental,0.2950056446227622
3143,2025-10-11 08:05:00,desconhecida,europa_ocidental,0.438245129147723
3146,2025-10-11 08:07:00,desconhecida,europa_ocidental,0.2531441642443347
3148,2025-10-11 08:08:00,desconhecida,america_sul,0.4151838408883036
3149,2025-10-11 08:09:00,desconhecida,europa_oriental,0.3750667215796231
3150,2025-10-11 08:11:00,desconhecida,europa_ocidental,0.3193552779361867
3151,2025-10-11 08:13:00,desconhecida,america_sul,0.5490640593683939
3152,2025-10-11 08:14:00,desconhecida,europa_ocidental,0.210734731915591
3156,2025-10-11 08:22:00,desconhecida,america_sul,0.3139565201166055
3157,2025-10-11 08:23:00,desconhecida,europa_ocidental,0.37220930172625544
3158,2025-10-11 08:26:00,asia,asia,0.37169440179136226
3161,2025-10-11 08:32:00,desconhecida,europa_ocidental,0.3238608940721755
3163,2025-10-11 08:37:00,desconhecida,europa_oriental,0.3527979252125154
3165,2025-10-11 08:42:00,desconhecida,europa_ocidental,0.31104006023665876
3166,2025-10-11 08:51:00,desconhecida,america_sul,0.3986211355493254
3169,2025-10-11 09:06:00,desconhecida,europa_ocidental,0.38117327374574916
3175,2025-10-11 09:10:00,desconhecida,europa_ocidental,0.23108767989736523
3176,2025-10-11 09:11:00,desconhecida,europa_ocidental,0.29191000814521095
3183,2025-10-11 09:28:00,desconhecida,america_central,0.2870326350576092
3186,2025-10-11 09:30:00,desconhecida,europa_oriental,0.29563406151901844
3188,2025-10-11 09:41:00,desconhecida,europa_ocidental,0.3869008309573777
3190,2025-10-11 09:51:00,desconhecida,europa_ocidental,0.3153131682161201
3193,2025-10-11 09:53:00,desconhecida,europa_ocidental,0.3593900089733228
3201,2025-10-11 10:09:00,desconhecida,america_sul,0.2210273570730077
3202,2025-10-11 10:10:00,desconhecida,europa_ocidental,0.26379833177210466
3203,2025-10-11 10:11:00,desconhecida,europa_ocidental,0.2373998841152797
3204,2025-10-11 10:12:00,desconhecida,europa_ocidental,0.36350204794943847
3205,2025-10-11 10:33:00,desconhecida,europa_ocidental,0.27938748639128597
3209,2025-10-11 10:41:00,desconhecida,europa_ocidental,0.3611844641482808
3210,2025-10-11 10:45:00,desconhecida,europa_ocidental,0.4683592009501122
3212,2025-10-11 10:46:00,desconhecida,europa_ocidental,0.2781306903413942
3215,2025-10-11 11:09:00,desconhecida,europa_oriental,0.23958848767928698
3216,2025-10-11 11:17:00,desconhecida,oriente_medio,0.2117117587845951
3217,2025-10-11 11:27:00,desconhecida,europa_ocidental,0.29950022534153353
3219,2025-10-11 11:31:00,desconhecida,europa_oriental,0.24036128481610594
3231,2025-10-11 12:15:00,desconhecida,oriente_medio,0.7841854471355854
3232,2025-10-11 12:16:00,desconhecida,europa_ocidental,0.2857075220932001
3234,2025-10-11 12:28:00,desconhecida,oriente_medio,0.5972994129577338
3235,2025-10-11 12:41:00,desconhecida,europa_ocidental,0.31962757042784407
3236,2025-10-11 12:45:00,desconhecida,oriente_medio,0.5458602391394236
3237,2025-10-11 13:01:00,desconhecida,europa_ocidental,0.2196076535171913
3242,2025-10-11 13:28:00,desconhecida,america_sul,0.4010614202507033
3243,2025-10-11 13:34:00,desconhecida,america_central,0.5084281823908058
3247,2025-10-11 13:45:00,desconhecida,asia,0.19294534100969038
3257,2025-10-11 14:19:00,desconhecida,europa_ocidental,0.2552056040183816
3261,2025-10-11 14:41:00,desconhecida,europa_oriental,0.37056554376250317
3262,2025-10-11 14:52:00,desconhecida,europa_oriental,0.19639068389146727
3271,2025-10-11 15:12:00,desconhecida,europa_ocidental,0.23484598143211674
3278,2025-10-11 15:31:00,desconhecida,europa_ocidental,0.1858389565697739
3279,2025-10-11 15:33:00,desconhecida,asia,0.2851668022780115
3283,2025-10-11 16:02:00,desconhecida,europa_ocidental,0.2164497987074072
3285,2025-10-11 16:05:00,desconhecida,oceania,0.7901157382320861
3288,2025-10-11 16:25:00,desconhecida,europa_ocidental,0.19964077084903395
3290,2025-10-11 16:31:00,desconhecida,europa_ocidental,0.24117705690590804
3291,2025-10-11 16:36:00,desconhecida,europa_ocidental,0.17398013015765584
3292,2025-10-11 16:48:00,desconhecida,europa_ocidental,0.21935904110844873
3293,2025-10-11 17:02:00,america_central,america_central,0.524114162082276
3299,2025-10-11 17:34:00,desconhecida,europa_ocidental,0.22450541158472823
3307,2025-10-11 19:37:00,europa_ocidental,europa_ocidental,0.3167041119245305
3313,2025-10-11 20:16:00,desconhecida,europa_ocidental,0.31166756338974894
3317,2025-10-11 21:25:00,desconhecida,america_sul,0.39437145675833063
3319,2025-10-12 01:13:00,desconhecida,europa_oriental,0.23000036331640591
3320,2025-10-12 01:32:00,desconhecida,europa_ocidental,0.22494588025879678
3326,2025-10-12 03:05:00,desconhecida,america_norte,0.2457876865115787
3327,2025-10-12 03:08:00,desconhecida,america_sul,0.3816658582376853
3328,2025-10-12 03:12:00,desconhecida,america_central,0.36844831557661056
3330,2025-10-12 03:22:00,desconhecida,europa_ocidental,0.21993361618236631
3331,2025-10-12 03:29:00,desconhecida,america_norte,0.39892876243012
3333,2025-10-12 04:03:00,desconhecida,europa_ocidental,0.21607527745400326
3334,2025-10-12 04:05:00,desconhecida,asia,0.3098952624598017
3335,2025-10-12 04:08:00,desconhecida,america_central,0.2759327684477972
3336,2025-10-12 04:08:00,desconhecida,america_sul,0.36244764859281875
3337,2025-10-12 04:10:00,desconhecida,america_sul,0.3047314592950286
3338,2025-10-12 04:14:00,oriente_medio,oriente_medio,0.5506408066318567
3340,2025-10-12 04:27:00,desconhecida,america_norte,0.2433416864098294
3342,2025-10-12 04:29:00,desconhecida,europa_ocidental,0.27794979536246917
3343,2025-10-12 04:33:00,desconhecida,europa_ocidental,0.23827544871712417
3344,2025-10-12 04:43:00,desconhecida,europa_oriental,0.31435374720838577
3346,2025-10-12 04:51:00,desconhecida,europa_ocidental,0.35976890701540826
3351,2025-10-12 05:27:00,desconhecida,europa_ocidental,0.3031395369737648
3353,2025-10-12 05:33:00,desconhecida,asia,0.2568284930497552
3354,2025-10-12 05:50:00,desconhecida,america_sul,0.30861257796705477
3358,2025-10-12 06:13:00,desconhecida,asia,0.24229954353190378
3360,2025-10-12 06:41:00,desconhecida,america_central,0.41626217477504246
3361,2025-10-12 06:44:00,desconhecida,america_sul,0.2477019039695591
3362,2025-10-12 07:01:00,desconhecida,america_central,0.18193131612923524
3365,2025-10-12 07:12:00,desconhecida,asia,0.2344919352496361
3367,2025-10-12 07:24:00,desconhecida,america_central,0.4031570027165295
3368,2025-10-12 07:29:00,desconhecida,africa,0.17955198760519797
3369,2025-10-12 07:34:00,desconhecida,oriente_medio,0.5933157070356382
3370,2025-10-12 07:45:00,desconhecida,america_sul,0.3074024981245304
3371,2025-10-12 07:52:00,desconhecida,asia,0.3882483397593417
3372,2025-10-12 07:55:00,desconhecida,europa_ocidental,0.1981743319928386
3373,2025-10-12 07:59:00,desconhecida,europa_ocidental,0.23368363549981702
3374,2025-10-12 08:02:00,desconhecida,america_sul,0.3328537411396467
3375,2025-10-12 08:06:00,desconhecida,europa_ocidental,0.3665869597914302
3376,2025-10-12 08:08:00,desconhecida,europa_oriental,0.30556752188082775
3378,2025-10-12 08:11:00,desconhecida,america_central,0.3674627646402109
3380,2025-10-12 08:13:00,desconhecida,europa_ocidental,0.1919090520046537
3382,2025-10-12 08:19:00,desconhecida,europa_ocidental,0.22457527464591365
3384,2025-10-12 08:29:00,desconhecida,europa_ocidental,0.29659436244709064
3401,2025-10-12 14:40:00,desconhecida,america_sul,0.45968146996764947
3402,2025-10-12 14:41:00,america_sul,america_sul,0.4477454217080984
3403,2025-10-12 14:54:00,america_sul,america_sul,0.512601223443979
3409,2025-10-12 15:57:00,desconhecida,europa_ocidental,0.22791091714625045
3410,2025-10-12 16:13:00,desconhecida,america_sul,0.3864177823296762
3411,2025-10-12 16:18:00,desconhecida,america_norte,0.3687380679662253
3418,2025-10-12 17:02:00,desconhecida,america_central,0.5676782351469626
3421,2025-10-12 17:59:00,desconhecida,america_central,0.3378229001585877
3423,2025-10-12 18:42:00,desconhecida,america_sul,0.34671288174335024
3425,2025-10-12 19:13:00,desconhecida,europa_ocidental,0.3152032562381765
3433,2025-10-12 21:10:00,desconhecida,europa_ocidental,0.19619252180495644
3434,2025-10-12 22:06:00,desconhecida,america_sul,0.28296553923469747
3444,2025-10-13 03:57:00,desconhecida,europa_ocidental,0.19125041988769717
3448,2025-10-13 04:08:00,desconhecida,europa_ocidental,0.188315210312617
3449,2025-10-13 04:09:00,desconhecida,america_sul,0.40111356086606315
3450,2025-10-13 04:10:00,desconhecida,europa_ocidental,0.24056981999608967
3451,2025-10-13 04:12:00,desconhecida,oriente_medio,0.16896863628501263
3452,2025-10-13 04:53:00,desconhecida,europa_oriental,0.25799933493241745
3454,2025-10-13 05:44:00,desconhecida,america_central,0.3545230491494332
3459,2025-10-13 06:28:00,desconhecida,europa_ocidental,0.34456939572848927
3461,2025-10-13 06:42:00,desconhecida,africa,0.5549112701072078
3462,2025-10-13 06:53:00,desconhecida,africa,0.19840918894442636
3464,2025-10-13 07:03:00,desconhecida,africa,0.5216370734248813
3466,2025-10-13 07:25:00,desconhecida,europa_ocidental,0.23555494973292754
3467,2025-10-13 07:43:00,desconhecida,europa_ocidental,0.2016395071375795
3468,2025-10-13 07:48:00,desconhecida,europa_ocidental,0.23377483086978174
3469,2025-10-13 08:14:00,desconhecida,oriente_medio,0.5947432383144179
3470,2025-10-13 08:28:00,desconhecida,america_sul,0.24589668009769802
3471,2025-10-13 08:35:00,desconhecida,asia,0.17609464412357134
3472,2025-10-13 09:01:00,desconhecida,america_sul,0.3700738256449474
3473,2025-10-13 09:04:00,desconhecida,europa_ocidental,0.18767795447270674
3475,2025-10-13 09:31:00,desconhecida,asia,0.2231507648284846
3476,2025-10-13 09:32:00,desconhecida,europa_ocidental,0.24146689582584366
3479,2025-10-13 10:10:00,asia,asia,0.4786559843161645
3480,2025-10-13 10:11:00,desconhecida,asia,0.2242450400312342
3482,2025-10-13 10:21:00,desconhecida,europa_ocidental,0.18594570782794612
3485,2025-10-13 10:58:00,desconhecida,europa_ocidental,0.21057901997190512
3488,2025-10-13 11:02:00,desconhecida,europa_ocidental,0.21312830348295267
3490,2025-10-13 11:08:00,desconhecida,europa_ocidental,0.3413969135345543
3492,2025-10-13 11:26:00,desconhecida,asia,0.3418855399295153
3493,2025-10-13 11:26:00,desconhecida,europa_ocidental,0.26408985939890717
3498,2025-10-13 12:11:00,america_sul,america_sul,0.32989887727477835
3501,2025-10-13 12:58:00,desconhecida,europa_oriental,0.24096307512860407
3502,2025-10-13 13:48:00,desconhecida,europa_ocidental,0.22865911256094976
3506,2025-10-13 15:27:00,desconhecida,america_sul,0.23073591541657604
3507,2025-10-13 15:27:00,desconhecida,america_sul,0.6671477961915903
3508,2025-10-13 15:33:00,desconhecida,america_central,0.22072686591456128
3509,2025-10-13 15:40:00,desconhecida,europa_ocidental,0.23036689037523297
3514,2025-10-13 16:19:00,asia,asia,0.5074814413042843
3515,2025-10-13 16:34:00,desconhecida,america_sul,0.1762347862582153
3520,2025-10-13 18:02:00,desconhecida,africa,0.5813307186721031
3523,2025-10-13 18:18:00,desconhecida,asia,0.2263136663390927
3530,2025-10-13 19:17:00,desconhecida,europa_ocidental,0.3425058094145395
3533,2025-10-13 20:47:00,asia,asia,0.4871656145941812
3534,2025-10-13 21:20:00,desconhecida,africa,0.24073983528855683
3536,2025-10-13 21:31:00,desconhecida,europa_ocidental,0.34037658244688723
3539,2025-10-13 22:46:00,desconhecida,europa_ocidental,0.2811084037807485
3540,2025-10-14 00:17:00,desconhecida,europa_ocidental,0.4198024788155138
3543,2025-10-14 02:02:00,desconhecida,america_sul,0.40968889717840057
3547,2025-10-14 04:07:00,desconhecida,america_central,0.2811112380159729
3549,2025-10-14 05:02:00,desconhecida,america_sul,0.5537742299327225
3552,2025-10-14 06:11:00,desconhecida,europa_oriental,0.4230748767434299
3553,2025-10-14 06:13:00,desconhecida,america_norte,0.24337943697162545
3560,2025-10-14 07:35:00,desconhecida,america_central,0.34279996723594247
3562,2025-10-14 07:41:00,desconhecida,america_central,0.36821774421697373
3563,2025-10-14 07:50:00,desconhecida,europa_ocidental,0.31443931971732364
3565,2025-10-14 08:13:00,desconhecida,europa_ocidental,0.3241415258718099
3568,2025-10-14 08:29:00,desconhecida,europa_ocidental,0.3306901987617971
3569,2025-10-14 08:37:00,desconhecida,europa_ocidental,0.37648954702802706
3570,2025-10-14 08:39:00,desconhecida,europa_ocidental,0.2679449896425844
3571,2025-10-14 08:40:00,desconhecida,europa_oriental,0.3129498410607231
3577,2025-10-14 10:49:00,desconhecida,europa_ocidental,0.19237345155219313
3580,2025-10-14 12:53:00,desconhecida,europa_ocidental,0.2138536143796968
3582,2025-10-14 13:23:00,desconhecida,europa_ocidental,0.26593928300453745
3584,2025-10-14 14:03:00,desconhecida,europa_ocidental,0.2462936772240336
3585,2025-10-14 14:27:00,desconhecida,america_sul,0.30283353886616243
3586,2025-10-14 14:50:00,desconhecida,europa_ocidental,0.2612005262654348
3587,2025-10-14 14:51:00,desconhecida,europa_ocidental,0.34103437830461686
3616,2025-10-14 16:33:00,desconhecida,europa_ocidental,0.3964361898459674
3617,2025-10-14 16:34:00,desconhecida,europa_ocidental,0.3416848504681468
3624,2025-10-14 17:22:00,desconhecida,europa_ocidental,0.22635075877299043
3625,2025-10-14 17:53:00,desconhecida,europa_oriental,0.22956592113882374
3626,2025-10-14 17:54:00,desconhecida,europa_ocidental,0.17385501578947443
3633,2025-10-14 20:06:00,desconhecida,america_sul,0.24076315742613363
3634,2025-10-14 21:01:00,desconhecida,america_sul,0.6586064169659398
3641,2025-10-15 04:03:00,desconhecida,asia,0.22479913195197515
3648,2025-10-15 06:02:00,desconhecida,asia,0.24755668129947478
3649,2025-10-15 06:06:00,desconhecida,europa_ocidental,0.18609238173849882
3651,2025-10-15 06:17:00,desconhecida,oriente_medio,0.2790464382416351
3652,2025-10-15 06:20:00,desconhecida,europa_ocidental,0.17313828224491346
3653,2025-10-15 06:21:00,desconhecida,europa_ocidental,0.1811034011299869
3654,2025-10-15 07:07:00,desconhecida,europa_oriental,0.20025721243732644
3659,2025-10-15 08:25:00,desconhecida,oriente_medio,0.2451356475305663
3661,2025-10-15 08:29:00,desconhecida,america_norte,0.25629261405062254
3662,2025-10-15 08:39:00,desconhecida,europa_ocidental,0.30996684174027805
3663,2025-10-15 09:06:00,desconhecida,europa_ocidental,0.2426376263684256
3665,2025-10-15 10:11:00,desconhecida,europa_ocidental,0.1836038934434351
3666,2025-10-15 10:14:00,desconhecida,america_sul,0.21909171795335147
3669,2025-10-15 11:22:00,desconhecida,europa_ocidental,0.2231648428199557
3670,2025-10-15 11:24:00,desconhecida,europa_oriental,0.43662054660704436
3671,2025-10-15 11:29:00,desconhecida,america_central,0.213152725644551
3672,2025-10-15 11:31:00,africa,africa,0.4318591836895278
3674,2025-10-15 11:52:00,desconhecida,europa_ocidental,0.20052691050277416
3675,2025-10-15 12:18:00,desconhecida,europa_oriental,0.39466076149308865
3677,2025-10-15 12:20:00,desconhecida,europa_ocidental,0.42830212839249626
3680,2025-10-15 12:33:00,desconhecida,europa_ocidental,0.18618821728325638
3681,2025-10-15 12:35:00,desconhecida,europa_oriental,0.18234213835442578
3684,2025-10-15 13:06:00,desconhecida,america_central,0.16091357304004092
3694,2025-10-15 15:59:00,desconhecida,europa_ocidental,0.3457015551009892
3699,2025-10-15 16:14:00,desconhecida,europa_ocidental,0.4268101544376698
3700,2025-10-15 16:49:00,desconhecida,europa_ocidental,0.26039551938536076
3703,2025-10-15 17:14:00,desconhecida,europa_ocidental,0.21784847502488158
3718,2025-10-15 17:33:00,desconhecida,america_central,0.23717449849750163
3723,2025-10-15 17:42:00,desconhecida,europa_ocidental,0.3272796332671227
3725,2025-10-15 17:48:00,desconhecida,europa_ocidental,0.2142852287558655
3726,2025-10-15 17:51:00,america_central,america_central,0.49305465851499025
3730,2025-10-15 18:13:00,europa_oriental,europa_oriental,0.5409675229625764
3739,2025-10-15 18:39:00,desconhecida,oceania,0.35629989119347427
3744,2025-10-15 19:44:00,desconhecida,africa,0.3146274009878081
3745,2025-10-15 19:56:00,desconhecida,america_sul,0.4944246938160046
3750,2025-10-15 20:23:00,desconhecida,europa_ocidental,0.2010894686514804
3751,2025-10-15 21:05:00,desconhecida,america_sul,0.5444075019898951
3753,2025-10-15 21:55:00,desconhecida,europa_ocidental,0.299157162830985
3755,2025-10-15 22:26:00,desconhecida,europa_ocidental,0.3384642573382021
3757,2025-10-15 22:55:00,desconhecida,europa_ocidental,0.19476480316149003
3759,2025-10-15 22:59:00,desconhecida,europa_ocidental,0.3565835947798862
3761,2025-10-15 23:13:00,desconhecida,america_sul,0.41691241174095345
3766,2025-10-16 01:30:00,desconhecida,oriente_medio,0.6767365904589512
3770,2025-10-16 03:08:00,desconhecida,america_sul,0.5280287704530451
3772,2025-10-16 04:06:00,desconhecida,america_sul,0.29883181326561037
3774,2025-10-16 04:07:00,desconhecida,europa_ocidental,0.16995623634882762
3775,2025-10-16 04:59:00,desconhecida,america_central,0.43795427273581067
3777,2025-10-16 05:00:00,desconhecida,asia,0.32637770029694463
3778,2025-10-16 05:05:00,desconhecida,oriente_medio,0.20996947977367936
3782,2025-10-16 05:21:00,desconhecida,america_sul,0.21217370899463978
3783,2025-10-16 05:32:00,europa_ocidental,europa_ocidental,0.21852806246840326
3784,2025-10-16 05:48:00,desconhecida,europa_ocidental,0.1918714326223934
3786,2025-10-16 06:05:00,desconhecida,oceania,0.5395373242048266
3788,2025-10-16 06:29:00,desconhecida,europa_ocidental,0.21858060741987495
3791,2025-10-16 07:18:00,desconhecida,europa_ocidental,0.23817115815256712
3792,2025-10-16 07:18:00,desconhecida,europa_ocidental,0.3187959852101218
3793,2025-10-16 07:19:00,desconhecida,europa_ocidental,0.18046501354357947
3797,2025-10-16 07:39:00,desconhecida,europa_ocidental,0.17269573576382763
3798,2025-10-16 07:47:00,desconhecida,europa_oriental,0.28481641274218034
3800,2025-10-16 07:53:00,desconhecida,asia,0.1807403273124773
3802,2025-10-16 08:09:00,desconhecida,america_central,0.2516682705980345
3803,2025-10-16 08:14:00,desconhecida,europa_ocidental,0.291266840441807
3805,2025-10-16 08:49:00,desconhecida,oriente_medio,0.3472108463790968
3806,2025-10-16 08:57:00,desconhecida,europa_ocidental,0.333080950847866
3807,2025-10-16 09:02:00,desconhecida,europa_ocidental,0.2802801145081077
3809,2025-10-16 09:37:00,desconhecida,europa_oriental,0.22305805788041347
3810,2025-10-16 09:47:00,desconhecida,oriente_medio,0.29079585396935925
3811,2025-10-16 09:50:00,desconhecida,asia,0.4514178541022385
3814,2025-10-16 10:23:00,desconhecida,asia,0.32646178471801646
3815,2025-10-16 10:50:00,desconhecida,america_central,0.5331874134927417
3817,2025-10-16 11:00:00,desconhecida,europa_ocidental,0.24122519216086624
3820,2025-10-16 11:23:00,desconhecida,asia,0.269211054550967
3821,2025-10-16 11:36:00,america_sul,america_sul,0.5179934487657404
3823,2025-10-16 12:00:00,desconhecida,europa_ocidental,0.30801053651266885
3827,2025-10-16 12:22:00,desconhecida,europa_ocidental,0.24298967046582626
3828,2025-10-16 12:38:00,desconhecida,europa_oriental,0.3336945668414265
3829,2025-10-16 12:41:00,desconhecida,europa_ocidental,0.20741027437891385
3833,2025-10-16 13:00:00,desconhecida,europa_oriental,0.2767346557750404
3835,2025-10-16 13:07:00,desconhecida,europa_ocidental,0.37677488429367595
3840,2025-10-16 13:32:00,desconhecida,europa_oriental,0.4173500026725373
3843,2025-10-16 13:41:00,desconhecida,america_sul,0.2677327125665424
3849,2025-10-16 14:04:00,desconhecida,europa_ocidental,0.2859210856813279
3850,2025-10-16 14:16:00,desconhecida,europa_ocidental,0.3034274264305965
3851,2025-10-16 14:29:00,desconhecida,europa_ocidental,0.2210408879963917
3853,2025-10-16 14:37:00,desconhecida,america_central,0.17369930230059127
3856,2025-10-16 15:06:00,desconhecida,oriente_medio,0.5341995263124375
3857,2025-10-16 15:07:00,desconhecida,asia,0.22456060575312262
3858,2025-10-16 15:09:00,desconhecida,europa_ocidental,0.2002600244244052
3859,2025-10-16 15:14:00,desconhecida,europa_oriental,0.30593130843477867
3861,2025-10-16 15:34:00,desconhecida,europa_ocidental,0.22156688227102847
3862,2025-10-16 15:53:00,desconhecida,oriente_medio,0.4199724007802221
3864,2025-10-16 16:11:00,desconhecida,america_central,0.22232477805196244
3865,2025-10-16 16:12:00,desconhecida,europa_oriental,0.35580209526189427
3866,2025-10-16 16:24:00,desconhecida,america_sul,0.522005727090251
3869,2025-10-16 16:53:00,desconhecida,america_sul,0.2794275448687767
3871,2025-10-16 17:00:00,desconhecida,oriente_medio,0.1795575402657836
3878,2025-10-16 18:33:00,desconhecida,europa_ocidental,0.2848480892017143
3879,2025-10-16 18:43:00,desconhecida,europa_ocidental,0.22863289721200775
3881,2025-10-16 18:45:00,desconhecida,europa_ocidental,0.2519573570488549
3882,2025-10-16 19:13:00,desconhecida,europa_ocidental,0.27209523056505597
3883,2025-10-16 19:30:00,desconhecida,europa_ocidental,0.2181462370658189
3885,2025-10-16 19:39:00,desconhecida,europa_oriental,0.25474421266142994
3886,2025-10-16 19:41:00,desconhecida,europa_ocidental,0.3412696873991022
3887,2025-10-16 19:48:00,desconhecida,asia,0.5787823850752166
3894,2025-10-16 21:28:00,desconhecida,europa_oriental,0.24987726167990423
3896,2025-10-16 21:41:00,desconhecida,europa_ocidental,0.2296308539227799
3897,2025-10-16 21:52:00,desconhecida,america_sul,0.46534971726778374
3898,2025-10-16 22:03:00,desconhecida,america_sul,0.2371893261313621
3902,2025-10-16 22:14:00,desconhecida,europa_ocidental,0.1963804916557413
3903,2025-10-16 22:24:00,desconhecida,europa_ocidental,0.40889082261045734
3904,2025-10-16 22:31:00,desconhecida,europa_oriental,0.46298770076767465
3905,2025-10-16 23:17:00,europa_ocidental,europa_ocidental,0.35789203335608044
3908,2025-10-16 23:30:00,desconhecida,europa_ocidental,0.3772748660769617
3909,2025-10-16 23:33:00,desconhecida,america_norte,0.2244806751944187
3912,2025-10-17 00:01:00,america_central,america_central,0.7125793944304748
3913,2025-10-17 00:03:00,desconhecida,oriente_medio,0.23300565197514458
3916,2025-10-17 01:20:00,desconhecida,europa_ocidental,0.23377485684844865
3917,2025-10-17 01:27:00,desconhecida,asia,0.15135892635856343
3920,2025-10-17 02:07:00,desconhecida,europa_ocidental,0.21512872387696153
3921,2025-10-17 02:08:00,desconhecida,asia,0.20014587710683007
3924,2025-10-17 02:10:00,desconhecida,europa_ocidental,0.2896906557210702
3926,2025-10-17 02:20:00,desconhecida,europa_oriental,0.2241123358625855
3927,2025-10-17 02:25:00,desconhecida,oriente_medio,0.7077363802349441
3928,2025-10-17 02:26:00,desconhecida,europa_oriental,0.3170107804563736
3929,2025-10-17 02:27:00,desconhecida,europa_ocidental,0.36457178942440477
3930,2025-10-17 02:28:00,desconhecida,europa_ocidental,0.3163578192375696
3931,2025-10-17 02:29:00,desconhecida,europa_ocidental,0.29464054182977467
3933,2025-10-17 02:35:00,desconhecida,oriente_medio,0.2171252819196657
3935,2025-10-17 02:42:00,desconhecida,america_sul,0.30766116700189705
3936,2025-10-17 02:44:00,desconhecida,europa_oriental,0.574010715890692
3939,2025-10-17 03:59:00,desconhecida,europa_ocidental,0.3097104764164786
3940,2025-10-17 04:05:00,desconhecida,asia,0.2800610091726762
3941,2025-10-17 04:06:00,desconhecida,europa_ocidental,0.29962109721311997
3942,2025-10-17 04:07:00,desconhecida,europa_oriental,0.25595446723670867
3943,2025-10-17 04:08:00,desconhecida,america_norte,0.672551286642081
3944,2025-10-17 04:08:00,desconhecida,europa_ocidental,0.2791559378344654
3945,2025-10-17 04:09:00,desconhecida,europa_oriental,0.2514215454857823
3946,2025-10-17 04:10:00,desconhecida,asia,0.2776206342576671
3947,2025-10-17 04:11:00,desconhecida,europa_ocidental,0.2839853734200393
3948,2025-10-17 04:12:00,desconhecida,europa_oriental,0.22185701369053645
3949,2025-10-17 04:13:00,desconhecida,oriente_medio,0.663261331926673
3950,2025-10-17 04:14:00,desconhecida,america_norte,0.26059631480639683
3951,2025-10-17 04:14:00,desconhecida,europa_oriental,0.296928170761337
3955,2025-10-17 04:28:00,desconhecida,europa_ocidental,0.20164199599044327
3957,2025-10-17 04:41:00,desconhecida,europa_ocidental,0.23214858267059543
3960,2025-10-17 04:59:00,desconhecida,europa_ocidental,0.32027142930117625
3964,2025-10-17 05:06:00,desconhecida,europa_oriental,0.23236342728565365
3965,2025-10-17 05:08:00,desconhecida,europa_ocidental,0.3567150412598159
3966,2025-10-17 05:15:00,desconhecida,europa_ocidental,0.34906736059121124
3967,2025-10-17 05:17:00,desconhecida,europa_ocidental,0.2700786339780529
3968,2025-10-17 05:18:00,desconhecida,asia,0.39453048668055213
3969,2025-10-17 05:25:00,desconhecida,europa_oriental,0.2646849845016397
3972,2025-10-17 05:40:00,desconhecida,asia,0.4350991434752407
3974,2025-10-17 05:44:00,desconhecida,europa_ocidental,0.29239030097581065
3975,2025-10-17 06:01:00,desconhecida,europa_ocidental,0.3823727785701823
3976,2025-10-17 06:03:00,desconhecida,europa_ocidental,0.3311858393788599
3978,2025-10-17 06:07:00,desconhecida,europa_ocidental,0.28162167598358107
3980,2025-10-17 06:12:00,desconhecida,america_sul,0.41206777640244296
3981,2025-10-17 06:13:00,desconhecida,europa_oriental,0.3962621484170035
3982,2025-10-17 06:15:00,desconhecida,europa_oriental,0.38006307353734264
3985,2025-10-17 06:23:00,desconhecida,europa_ocidental,0.2978889889262447
3986,2025-10-17 06:29:00,desconhecida,europa_ocidental,0.34555096258373613
3991,2025-10-17 07:15:00,desconhecida,europa_ocidental,0.4139947619352626
3997,2025-10-17 07:27:00,desconhecida,oriente_medio,0.6909248787144012
3998,2025-10-17 07:35:00,desconhecida,america_norte,0.23848177824377645
3999,2025-10-17 07:38:00,desconhecida,europa_ocidental,0.24242300371999825
4000,2025-10-17 07:45:00,desconhecida,europa_ocidental,0.18998947994578366
4003,2025-10-17 07:47:00,desconhecida,europa_ocidental,0.24678731442618862
4005,2025-10-17 07:53:00,desconhecida,oriente_medio,0.49785013137094
4008,2025-10-17 08:03:00,desconhecida,europa_ocidental,0.1728493005790367
4009,2025-10-17 08:07:00,desconhecida,asia,0.19036615473915156
4010,2025-10-17 08:08:00,desconhecida,america_norte,0.4217606306632276
4011,2025-10-17 08:08:00,desconhecida,europa_ocidental,0.20969331909814032
4012,2025-10-17 08:09:00,desconhecida,europa_ocidental,0.23619239972546224
4013,2025-10-17 08:11:00,desconhecida,europa_oriental,0.5419241147217178
4014,2025-10-17 08:18:00,desconhecida,america_sul,0.6264320139945879
4015,2025-10-17 08:21:00,desconhecida,europa_ocidental,0.22760923207254588
4016,2025-10-17 08:23:00,desconhecida,america_sul,0.26845994694535197
4017,2025-10-17 08:25:00,desconhecida,america_sul,0.35734736283105734
4018,2025-10-17 08:30:00,desconhecida,europa_ocidental,0.15663425321431962
4020,2025-10-17 08:53:00,desconhecida,europa_ocidental,0.28441806004008385
4022,2025-10-17 08:55:00,desconhecida,europa_ocidental,0.38332229333017176
4025,2025-10-17 09:03:00,desconhecida,asia,0.26865774231177986
4030,2025-10-17 09:06:00,desconhecida,america_norte,0.2548864096439564
4033,2025-10-17 09:08:00,desconhecida,europa_ocidental,0.34688246731800737
4034,2025-10-17 09:14:00,desconhecida,europa_oriental,0.29427971421960253
4035,2025-10-17 09:17:00,desconhecida,america_norte,0.29872450599240197
4036,2025-10-17 09:18:00,desconhecida,europa_oriental,0.26537742009934956
4038,2025-10-17 09:21:00,desconhecida,oriente_medio,0.24041985629591986
4040,2025-10-17 09:31:00,desconhecida,europa_ocidental,0.21956997811379708
4045,2025-10-17 09:53:00,desconhecida,america_sul,0.5086005643875212
4049,2025-10-17 10:04:00,desconhecida,europa_ocidental,0.24089238474913371
4051,2025-10-17 10:06:00,desconhecida,europa_ocidental,0.2076717273894811
4053,2025-10-17 10:14:00,desconhecida,europa_oriental,0.18627014894907234
4054,2025-10-17 10:21:00,desconhecida,asia,0.48159000737229374
4055,2025-10-17 10:22:00,desconhecida,oriente_medio,0.7004947465250261
4056,2025-10-17 10:28:00,desconhecida,europa_ocidental,0.1720336050992576
4058,2025-10-17 10:45:00,desconhecida,europa_ocidental,0.18522792153387505
4060,2025-10-17 10:55:00,desconhecida,europa_ocidental,0.33472041570158084
4061,2025-10-17 10:57:00,desconhecida,europa_ocidental,0.4992552951083845
4062,2025-10-17 11:02:00,desconhecida,america_central,0.18203608659752318
4063,2025-10-17 11:02:00,desconhecida,europa_ocidental,0.22751641824765975
4065,2025-10-17 11:04:00,desconhecida,america_sul,0.2868452876421305
4066,2025-10-17 11:05:00,desconhecida,europa_ocidental,0.33933285329039503
4067,2025-10-17 11:08:00,desconhecida,america_sul,0.20587181887916495
4069,2025-10-17 11:09:00,desconhecida,europa_oriental,0.2605717911784756
4070,2025-10-17 11:12:00,desconhecida,europa_ocidental,0.34862974841168953
4071,2025-10-17 11:14:00,desconhecida,asia,0.21847471707639
4075,2025-10-17 11:24:00,desconhecida,europa_ocidental,0.38252910887447195
4076,2025-10-17 11:27:00,desconhecida,asia,0.19531318773290796
4078,2025-10-17 11:33:00,desconhecida,asia,0.17916796160777926
4080,2025-10-17 11:34:00,desconhecida,europa_ocidental,0.23718663520921957
4081,2025-10-17 11:35:00,desconhecida,asia,0.2409158813562335
4086,2025-10-17 11:42:00,desconhecida,oriente_medio,0.631596069566929
4087,2025-10-17 11:43:00,desconhecida,asia,0.2471183119510395
4093,2025-10-17 11:50:00,desconhecida,america_sul,0.31040832251607975
4096,2025-10-17 11:55:00,desconhecida,europa_ocidental,0.21977453720501328
4099,2025-10-17 12:04:00,desconhecida,europa_ocidental,0.32494825857000437
4101,2025-10-17 12:07:00,desconhecida,europa_ocidental,0.2744777814971924
4102,2025-10-17 12:07:00,desconhecida,europa_ocidental,0.32636335786833226
4103,2025-10-17 12:09:00,desconhecida,europa_ocidental,0.23329927092131955
4104,2025-10-17 12:09:00,desconhecida,europa_ocidental,0.19815723424558382
4106,2025-10-17 12:10:00,desconhecida,europa_oriental,0.3915008038511121
4110,2025-10-17 12:28:00,desconhecida,oriente_medio,0.1920584431773453
4111,2025-10-17 12:29:00,desconhecida,oriente_medio,0.6106409081094542
4112,2025-10-17 12:30:00,desconhecida,europa_ocidental,0.28070313116443
4113,2025-10-17 12:31:00,desconhecida,europa_ocidental,0.2994076477792728
4114,2025-10-17 12:38:00,desconhecida,europa_oriental,0.23874804200395514
4115,2025-10-17 12:43:00,desconhecida,oriente_medio,0.5681964525641899
4117,2025-10-17 12:47:00,desconhecida,europa_oriental,0.3259834440791232
4119,2025-10-17 12:54:00,desconhecida,europa_oriental,0.2913307870100651
4120,2025-10-17 13:00:00,desconhecida,europa_ocidental,0.2469108514409344
4122,2025-10-17 13:04:00,desconhecida,europa_oriental,0.2761117651237948
4123,2025-10-17 13:08:00,desconhecida,asia,0.18160226336512772
4124,2025-10-17 13:09:00,desconhecida,europa_ocidental,0.28662959989039327
4127,2025-10-17 13:19:00,desconhecida,europa_oriental,0.38681032329955556
4128,2025-10-17 13:21:00,desconhecida,europa_ocidental,0.3027115389415448
4130,2025-10-17 13:30:00,desconhecida,oriente_medio,0.2475389934691755
4131,2025-10-17 13:36:00,desconhecida,europa_ocidental,0.19406549355307065
4132,2025-10-17 13:50:00,desconhecida,america_central,0.22750268601340815
4135,2025-10-17 13:57:00,desconhecida,europa_ocidental,0.2246118373267014
4137,2025-10-17 14:00:00,desconhecida,europa_ocidental,0.2767394782267322
4138,2025-10-17 14:03:00,desconhecida,europa_ocidental,0.2888854660999544
4140,2025-10-17 16:21:00,desconhecida,europa_oriental,0.5151342431080504
4143,2025-10-17 16:30:00,desconhecida,america_sul,0.32234395367713303
4145,2025-10-17 16:38:00,desconhecida,america_norte,0.34527177629390665
4146,2025-10-17 16:40:00,desconhecida,europa_oriental,0.22894501440884935
4147,2025-10-17 16:50:00,desconhecida,europa_ocidental,0.290224763911768
4149,2025-10-17 16:52:00,desconhecida,europa_ocidental,0.2452701277799431
4150,2025-10-17 16:53:00,desconhecida,europa_ocidental,0.1944197184285652
4152,2025-10-17 16:54:00,desconhecida,america_sul,0.3131922146917695
4163,2025-10-17 17:24:00,desconhecida,europa_ocidental,0.42347591491583586
4164,2025-10-17 17:36:00,desconhecida,asia,0.19185693593184228
4165,2025-10-17 18:01:00,desconhecida,america_norte,0.22879056746513796
4166,2025-10-17 18:11:00,desconhecida,europa_ocidental,0.21136292065120268
4167,2025-10-17 18:12:00,desconhecida,europa_oriental,0.6310029116165042
4168,2025-10-17 18:23:00,desconhecida,europa_oriental,0.4464178844998496
4169,2025-10-17 18:31:00,desconhecida,europa_ocidental,0.36216917277668786
4171,2025-10-17 18:48:00,desconhecida,europa_ocidental,0.31389497715898884
4172,2025-10-17 18:51:00,desconhecida,europa_ocidental,0.22923033017433717
4174,2025-10-17 18:53:00,desconhecida,america_norte,0.4774562490892701
4175,2025-10-17 19:03:00,desconhecida,europa_ocidental,0.3316545608489415
4176,2025-10-17 19:08:00,desconhecida,asia,0.5251456567027032
4179,2025-10-17 19:20:00,desconhecida,america_sul,0.3000154278361752
4180,2025-10-17 19:21:00,desconhecida,europa_ocidental,0.3430952155851291
4184,2025-10-17 19:28:00,desconhecida,europa_ocidental,0.24236880390941715
4187,2025-10-17 19:35:00,desconhecida,america_sul,0.3252549429596651
4188,2025-10-17 19:37:00,desconhecida,europa_ocidental,0.4927764622804621
4189,2025-10-17 19:38:00,desconhecida,europa_ocidental,0.29587567684367627
4191,2025-10-17 19:46:00,desconhecida,europa_ocidental,0.4738351989429344
4193,2025-10-17 19:48:00,desconhecida,america_norte,0.5768913336837013
4199,2025-10-17 20:09:00,desconhecida,america_norte,0.5474600288657557
4201,2025-10-17 20:11:00,desconhecida,europa_ocidental,0.251209769383202
4205,2025-10-17 20:25:00,desconhecida,america_sul,0.35313760489177975
4210,2025-10-17 20:44:00,desconhecida,europa_oriental,0.520592406895177
4212,2025-10-17 20:47:00,desconhecida,europa_ocidental,0.2685778572208858
4214,2025-10-17 20:53:00,desconhecida,europa_ocidental,0.277331961870243
4215,2025-10-17 20:55:00,desconhecida,europa_ocidental,0.26828325599563085
4217,2025-10-17 21:07:00,desconhecida,asia,0.3050229069744294
4219,2025-10-17 21:11:00,desconhecida,europa_ocidental,0.3550870071452692
4221,2025-10-17 21:15:00,desconhecida,europa_ocidental,0.3664641836265938
4223,2025-10-17 21:17:00,desconhecida,europa_ocidental,0.21418653030136464
4224,2025-10-17 21:19:00,desconhecida,europa_ocidental,0.2725344520951715
4225,2025-10-17 21:24:00,desconhecida,europa_oriental,0.23748178461811062
4229,2025-10-17 21:37:00,desconhecida,europa_ocidental,0.20632832288030958
4237,2025-10-17 22:01:00,desconhecida,europa_ocidental,0.31507010876420033
4238,2025-10-17 22:04:00,desconhecida,europa_ocidental,0.2564719722058135
4240,2025-10-17 22:05:00,desconhecida,europa_oriental,0.24671900657270399
4242,2025-10-17 22:26:00,desconhecida,europa_ocidental,0.26559914277158947
4243,2025-10-17 22:30:00,desconhecida,europa_oriental,0.4695638720469167
4251,2025-10-17 23:23:00,desconhecida,europa_ocidental,0.2648635022497126
4254,2025-10-17 23:37:00,desconhecida,asia,0.36125457896720814
4256,2025-10-17 23:53:00,desconhecida,europa_ocidental,0.18784828655348543
4257,2025-10-18 00:03:00,desconhecida,europa_oriental,0.22399275520039566
4260,2025-10-18 00:17:00,desconhecida,europa_ocidental,0.2575866406051519
4262,2025-10-18 00:46:00,desconhecida,america_sul,0.419243449513031
4263,2025-10-18 00:54:00,desconhecida,oriente_medio,0.6522372255762825
4268,2025-10-18 01:15:00,desconhecida,oriente_medio,0.6121477453196441
4271,2025-10-18 02:16:00,desconhecida,europa_ocidental,0.4237318762691255
4272,2025-10-18 02:22:00,desconhecida,europa_ocidental,0.23763932694866727
4273,2025-10-18 02:25:00,desconhecida,europa_ocidental,0.27288145358685667
4275,2025-10-18 02:28:00,desconhecida,europa_ocidental,0.2154548641369072
4277,2025-10-18 03:01:00,desconhecida,asia,0.2986687493954014
4278,2025-10-18 03:16:00,desconhecida,oriente_medio,0.4749963177538266
4280,2025-10-18 03:22:00,desconhecida,europa_ocidental,0.2739206132113132
4281,2025-10-18 03:34:00,desconhecida,asia,0.28709643142257385
4282,2025-10-18 03:37:00,desconhecida,oriente_medio,0.41549200174801587
4283,2025-10-18 03:43:00,desconhecida,europa_ocidental,0.23563169385967347
4285,2025-10-18 04:01:00,desconhecida,europa_ocidental,0.31192356661540377
4288,2025-10-18 04:05:00,desconhecida,europa_ocidental,0.21324453631818824
4290,2025-10-18 04:06:00,desconhecida,asia,0.440610924524724
4291,2025-10-18 04:08:00,desconhecida,europa_ocidental,0.25972852700466614
4293,2025-10-18 04:10:00,desconhecida,europa_oriental,0.35224023737067256
4294,2025-10-18 04:11:00,desconhecida,europa_oriental,0.4038502218336484
4295,2025-10-18 04:12:00,desconhecida,europa_oriental,0.19412688913641016
4296,2025-10-18 04:14:00,desconhecida,america_norte,0.5749125013087217
4298,2025-10-18 04:15:00,desconhecida,america_central,0.24298165818666217
4299,2025-10-18 04:17:00,desconhecida,europa_ocidental,0.3919409050327723
4300,2025-10-18 04:19:00,desconhecida,europa_ocidental,0.2485602015941244
4302,2025-10-18 04:21:00,desconhecida,europa_ocidental,0.2605945289511122
4304,2025-10-18 04:22:00,desconhecida,oriente_medio,0.41429479659281054
4315,2025-10-18 04:28:00,desconhecida,oriente_medio,0.4748477598113598
4317,2025-10-18 04:29:00,desconhecida,oriente_medio,0.534857673497133
4319,2025-10-18 04:31:00,desconhecida,europa_ocidental,0.30777969745714817
4326,2025-10-18 04:36:00,desconhecida,europa_ocidental,0.32054301087258197
4328,2025-10-18 04:37:00,desconhecida,america_norte,0.4896279875094783
4332,2025-10-18 04:39:00,desconhecida,america_sul,0.21882704200865719
4334,2025-10-18 04:41:00,desconhecida,oceania,0.5611152866564604
4336,2025-10-18 04:43:00,desconhecida,europa_ocidental,0.27923975592916256
4337,2025-10-18 04:45:00,desconhecida,europa_ocidental,0.23999784603056415
4343,2025-10-18 04:54:00,desconhecida,europa_ocidental,0.30958192265270446
4344,2025-10-18 04:55:00,desconhecida,europa_ocidental,0.3529737572567666
4345,2025-10-18 04:59:00,desconhecida,europa_ocidental,0.3283262217376709
4348,2025-10-18 05:02:00,desconhecida,asia,0.5659214345664143
4350,2025-10-18 05:04:00,desconhecida,europa_ocidental,0.18495592821317305
4351,2025-10-18 05:05:00,desconhecida,europa_ocidental,0.24479050750086176
4352,2025-10-18 05:13:00,desconhecida,europa_ocidental,0.2713111271386717
4355,2025-10-18 05:18:00,desconhecida,europa_ocidental,0.38438904154409925
4358,2025-10-18 05:23:00,europa_ocidental,europa_ocidental,0.28547510514454666
4360,2025-10-18 05:32:00,desconhecida,europa_ocidental,0.25873449466576165
4362,2025-10-18 05:38:00,oriente_medio,oriente_medio,0.5146909417336204
4363,2025-10-18 05:41:00,desconhecida,europa_ocidental,0.2076431779097643
4364,2025-10-18 05:43:00,desconhecida,europa_ocidental,0.335106105105469
4366,2025-10-18 05:47:00,desconhecida,asia,0.24511994262190256
4367,2025-10-18 05:48:00,desconhecida,europa_ocidental,0.23628068556218287
4374,2025-10-18 05:56:00,desconhecida,europa_ocidental,0.29802937569335175
4375,2025-10-18 05:59:00,desconhecida,europa_ocidental,0.37395184851287044
4376,2025-10-18 06:06:00,desconhecida,europa_ocidental,0.2884230733441329
4379,2025-10-18 06:08:00,desconhecida,europa_ocidental,0.341571995324127
4380,2025-10-18 06:13:00,desconhecida,oriente_medio,0.42298710168048353
4381,2025-10-18 06:14:00,desconhecida,america_sul,0.22316665332421975
4383,2025-10-18 06:17:00,desconhecida,europa_ocidental,0.2380705369272978
4384,2025-10-18 06:22:00,desconhecida,europa_oriental,0.3262523154870086
4385,2025-10-18 06:24:00,desconhecida,asia,0.3287768369559786
4387,2025-10-18 06:26:00,desconhecida,europa_oriental,0.24382636839256733
4389,2025-10-18 06:27:00,desconhecida,america_sul,0.40736681475080033
4392,2025-10-18 06:33:00,desconhecida,america_sul,0.5847159481500854
4394,2025-10-18 06:34:00,desconhecida,asia,0.18827941375036622
4395,2025-10-18 06:35:00,desconhecida,europa_ocidental,0.3004184022205264
4396,2025-10-18 06:37:00,desconhecida,europa_ocidental,0.27568928787409686
4397,2025-10-18 06:39:00,desconhecida,europa_oriental,0.4233463368524258
4398,2025-10-18 06:40:00,desconhecida,europa_ocidental,0.3435712976539482
4400,2025-10-18 06:46:00,desconhecida,europa_ocidental,0.3095082290836807
4402,2025-10-18 06:49:00,desconhecida,europa_ocidental,0.2842646716039915
4403,2025-10-18 06:57:00,desconhecida,europa_ocidental,0.29558562395386934
4404,2025-10-18 06:58:00,desconhecida,europa_ocidental,0.2951832886360869
4407,2025-10-18 07:00:00,desconhecida,europa_ocidental,0.4226527180765947
4408,2025-10-18 07:02:00,desconhecida,america_sul,0.2843229104043365
4415,2025-10-18 07:05:00,desconhecida,europa_ocidental,0.2406633279334805
4416,2025-10-18 07:06:00,desconhecida,america_norte,0.6266762704188346
4417,2025-10-18 07:12:00,desconhecida,america_central,0.23754076513286806
4419,2025-10-18 07:13:00,desconhecida,oriente_medio,0.28962209303947795
4420,2025-10-18 07:14:00,desconhecida,america_sul,0.3290165390080513
4422,2025-10-18 07:19:00,desconhecida,europa_ocidental,0.24338929429925077
4425,2025-10-18 07:25:00,desconhecida,europa_ocidental,0.31280745895201517
4427,2025-10-18 07:27:00,desconhecida,america_sul,0.2956653782504113
4428,2025-10-18 07:29:00,desconhecida,europa_ocidental,0.3421760302319453
4430,2025-10-18 07:34:00,desconhecida,europa_ocidental,0.27029214203301205
4434,2025-10-18 07:47:00,desconhecida,europa_ocidental,0.17634522286372725
4440,2025-10-18 07:59:00,desconhecida,oriente_medio,0.3977182601184779
4441,2025-10-18 08:07:00,desconhecida,europa_ocidental,0.31448665422766686
4442,2025-10-18 08:09:00,desconhecida,europa_oriental,0.19089153567228417
4443,2025-10-18 08:10:00,desconhecida,europa_ocidental,0.37901447526711973
4444,2025-10-18 08:12:00,desconhecida,europa_ocidental,0.21281034560376716
4446,2025-10-18 08:13:00,desconhecida,asia,0.35688665392960944
4447,2025-10-18 08:17:00,desconhecida,europa_ocidental,0.2296252272492292
4449,2025-10-18 08:23:00,desconhecida,europa_ocidental,0.30374451480351344
4454,2025-10-18 08:29:00,desconhecida,oriente_medio,0.7290903484186564
4457,2025-10-18 08:32:00,desconhecida,oriente_medio,0.6375947884006641
4460,2025-10-18 08:35:00,desconhecida,europa_ocidental,0.21561215372814527
4462,2025-10-18 08:36:00,desconhecida,europa_ocidental,0.4097737502129876
4463,2025-10-18 08:44:00,desconhecida,europa_ocidental,0.194805489569115
4466,2025-10-18 08:53:00,desconhecida,europa_ocidental,0.26903212397145004
4467,2025-10-18 08:59:00,desconhecida,europa_ocidental,0.2690995955361315
4468,2025-10-18 09:01:00,desconhecida,europa_ocidental,0.2730288040305026
4471,2025-10-18 09:05:00,desconhecida,europa_ocidental,0.227660976351239
4472,2025-10-18 09:07:00,desconhecida,america_sul,0.39243494800229667
4474,2025-10-18 09:09:00,desconhecida,europa_oriental,0.2888148235383916
4475,2025-10-18 09:12:00,desconhecida,europa_ocidental,0.33938765811739446
4476,2025-10-18 09:18:00,desconhecida,america_sul,0.32088444838162106
4480,2025-10-18 09:42:00,desconhecida,oriente_medio,0.7522527260945294
4481,2025-10-18 09:44:00,desconhecida,europa_oriental,0.48957346844583577
4483,2025-10-18 09:46:00,desconhecida,europa_oriental,0.21580778951872928
4485,2025-10-18 09:50:00,desconhecida,europa_oriental,0.3375807900611248
4488,2025-10-18 09:53:00,desconhecida,europa_ocidental,0.3155060012661979
4489,2025-10-18 09:55:00,desconhecida,europa_oriental,0.45614819715574706
4490,2025-10-18 09:57:00,desconhecida,europa_ocidental,0.25480403951485797
4492,2025-10-18 10:03:00,desconhecida,europa_ocidental,0.2505826429282532
4494,2025-10-18 10:04:00,desconhecida,europa_ocidental,0.26683381606736434
4496,2025-10-18 10:06:00,desconhecida,america_norte,0.2789023460418385
4501,2025-10-18 10:16:00,desconhecida,europa_ocidental,0.31436309342557256
4505,2025-10-18 10:20:00,desconhecida,europa_ocidental,0.3367618797212994
4514,2025-10-18 10:58:00,desconhecida,europa_ocidental,0.3130819469200037
4527,2025-10-18 11:23:00,desconhecida,europa_ocidental,0.3491534469267691
4544,2025-10-18 11:37:00,desconhecida,oceania,0.17961774173982675
4546,2025-10-18 11:39:00,desconhecida,europa_ocidental,0.34445180484140075
4556,2025-10-18 11:59:00,desconhecida,europa_ocidental,0.3480928783508016
4557,2025-10-18 12:02:00,desconhecida,america_norte,0.48186792018139735
4565,2025-10-18 12:13:00,desconhecida,oriente_medio,0.8101255448717154
4570,2025-10-18 12:18:00,desconhecida,europa_ocidental,0.2729938900352302
4573,2025-10-18 12:21:00,desconhecida,europa_oriental,0.39083803214994195
4574,2025-10-18 12:22:00,desconhecida,europa_ocidental,0.24313763444497036
4583,2025-10-18 12:36:00,desconhecida,europa_oriental,0.5146106680646906
4589,2025-10-18 12:41:00,desconhecida,europa_oriental,0.45964081782875565
4592,2025-10-18 12:43:00,desconhecida,europa_ocidental,0.38468056003634626
4599,2025-10-18 12:51:00,desconhecida,oriente_medio,0.40644359653529283
4601,2025-10-18 13:01:00,desconhecida,africa,0.2511976405485257
4603,2025-10-18 13:04:00,desconhecida,europa_ocidental,0.19410263909923725
4605,2025-10-18 13:07:00,desconhecida,europa_ocidental,0.19547188923601705
4607,2025-10-18 13:18:00,desconhecida,europa_ocidental,0.267972093507343
4610,2025-10-18 13:26:00,desconhecida,europa_ocidental,0.2176313497425339
4613,2025-10-18 13:40:00,desconhecida,europa_ocidental,0.2096853550400817
4620,2025-10-18 14:05:00,desconhecida,oriente_medio,0.5112711461448013
4621,2025-10-18 14:06:00,desconhecida,america_sul,0.47430662378383276
4624,2025-10-18 14:24:00,desconhecida,europa_ocidental,0.2879604444854662
4625,2025-10-18 14:29:00,desconhecida,oriente_medio,0.2158986048220827
4627,2025-10-18 14:48:00,desconhecida,europa_ocidental,0.2962790763473978
4628,2025-10-18 15:02:00,desconhecida,europa_ocidental,0.2723158781405252
4632,2025-10-18 15:05:00,desconhecida,oriente_medio,0.31437872627911667
4634,2025-10-18 15:17:00,desconhecida,oriente_medio,0.6307094764403117
4636,2025-10-18 15:30:00,desconhecida,europa_ocidental,0.2613547555001213
4637,2025-10-18 15:38:00,desconhecida,europa_oriental,0.31761108413277156
4638,2025-10-18 15:40:00,desconhecida,america_sul,0.4977327852482318
4639,2025-10-18 15:46:00,desconhecida,europa_ocidental,0.316954360260823
4643,2025-10-18 15:55:00,desconhecida,oriente_medio,0.1920584431773453
4645,2025-10-18 16:13:00,desconhecida,europa_ocidental,0.2103789428160831
4648,2025-10-18 16:22:00,desconhecida,america_sul,0.36236607495854517
4653,2025-10-18 17:01:00,desconhecida,europa_oriental,0.29556422957796274
4654,2025-10-18 17:03:00,desconhecida,europa_ocidental,0.19206349039634224
4656,2025-10-18 17:05:00,desconhecida,america_central,0.3716771649962671
4660,2025-10-18 17:18:00,desconhecida,europa_ocidental,0.2391919692551639
4663,2025-10-18 17:24:00,desconhecida,asia,0.2955230535865065
4672,2025-10-18 17:50:00,desconhecida,asia,0.19302606244228712
4680,2025-10-18 22:05:00,desconhecida,america_central,0.244464437083698
4685,2025-10-18 22:14:00,desconhecida,europa_ocidental,0.2626798706801525
4687,2025-10-18 22:29:00,desconhecida,europa_ocidental,0.3114039262903917
4688,2025-10-18 22:54:00,desconhecida,europa_ocidental,0.31262418514934354
4690,2025-10-18 23:02:00,desconhecida,europa_ocidental,0.2017108084501588
4693,2025-10-18 23:47:00,desconhecida,europa_ocidental,0.38181246760738674
4695,2025-10-18 23:52:00,desconhecida,europa_ocidental,0.2918642603206902
5309,2025-10-19 02:17:00,desconhecida,europa_ocidental,0.3195750218062291
5311,2025-10-19 02:20:00,desconhecida,europa_ocidental,0.324953647193126
5312,2025-10-19 02:22:00,desconhecida,europa_ocidental,0.2686100915118043
5314,2025-10-19 02:27:00,desconhecida,europa_oriental,0.19185939719167594
5353,2025-10-19 10:38:00,desconhecida,europa_ocidental,0.35598597033355805
5356,2025-10-19 10:41:00,desconhecida,america_sul,0.23616342609417962
5357,2025-10-19 10:46:00,desconhecida,oriente_medio,0.6674428135681149
5358,2025-10-19 10:48:00,desconhecida,europa_ocidental,0.28061158521015245
5365,2025-10-19 11:16:00,desconhecida,europa_ocidental,0.24294453914430733
5370,2025-10-19 11:26:00,desconhecida,america_norte,0.47161275296483135
5373,2025-10-19 13:21:00,desconhecida,europa_oriental,0.3860995488095428
5374,2025-10-19 13:38:00,desconhecida,europa_ocidental,0.35945562940241155
5375,2025-10-19 13:43:00,desconhecida,oriente_medio,0.19117655370179362
5379,2025-10-19 14:01:00,desconhecida,europa_oriental,0.24592999865022835
5381,2025-10-19 14:21:00,desconhecida,europa_ocidental,0.36846737122459605
5382,2025-10-19 14:27:00,desconhecida,asia,0.3730557936227877
5383,2025-10-19 14:28:00,desconhecida,oriente_medio,0.5909358784937265
5385,2025-10-19 14:44:00,desconhecida,oriente_medio,0.5327280503336475
5387,2025-10-19 14:53:00,desconhecida,america_central,0.45791352385637385
5390,2025-10-19 15:01:00,desconhecida,europa_ocidental,0.22597077620993403
5393,2025-10-19 15:28:00,desconhecida,europa_ocidental,0.3260560819078907
5395,2025-10-19 15:34:00,desconhecida,america_sul,0.41096317589591125
5397,2025-10-19 16:05:00,desconhecida,america_central,0.4497765950172628
5399,2025-10-19 16:53:00,desconhecida,america_sul,0.2713595406302885
5401,2025-10-19 17:32:00,desconhecida,america_sul,0.2424379087835852
5409,2025-10-19 18:28:00,desconhecida,america_central,0.2211377535003432
5414,2025-10-20 03:13:00,desconhecida,oriente_medio,0.6926278036925192
5416,2025-10-20 03:25:00,desconhecida,america_sul,0.5203641725938813
5418,2025-10-20 04:01:00,desconhecida,oceania,0.4997938800857003
5419,2025-10-20 04:05:00,desconhecida,asia,0.31864744608815154
5420,2025-10-20 04:06:00,desconhecida,europa_ocidental,0.185286489933936
5421,2025-10-20 04:07:00,desconhecida,oriente_medio,0.8160602108234715
5422,2025-10-20 04:13:00,desconhecida,europa_ocidental,0.325743679499845
5423,2025-10-20 04:16:00,desconhecida,oriente_medio,0.26204758334791484
5424,2025-10-20 04:17:00,desconhecida,asia,0.4038658373188004
5425,2025-10-20 04:21:00,desconhecida,europa_ocidental,0.20111733043236515
5428,2025-10-20 04:58:00,desconhecida,europa_ocidental,0.24308503503254436
5429,2025-10-20 05:30:00,desconhecida,oriente_medio,0.5768353275855995
5430,2025-10-20 05:39:00,desconhecida,europa_ocidental,0.3080281078362462
5432,2025-10-20 06:03:00,desconhecida,europa_ocidental,0.2218172635806178
5437,2025-10-20 06:23:00,desconhecida,europa_ocidental,0.3233491029931747
5438,2025-10-20 06:56:00,desconhecida,europa_ocidental,0.22298945061225284
5442,2025-10-20 08:31:00,desconhecida,asia,0.2730092382336688
5443,2025-10-20 08:32:00,desconhecida,europa_ocidental,0.2082663981317246
5445,2025-10-20 08:59:00,desconhecida,america_sul,0.5780947909541568
5447,2025-10-20 09:47:00,desconhecida,europa_ocidental,0.26436715972405184
5448,2025-10-20 09:48:00,desconhecida,europa_ocidental,0.30232150088463317
5454,2025-10-20 10:27:00,desconhecida,europa_ocidental,0.5002274248948047
5458,2025-10-20 11:09:00,desconhecida,europa_ocidental,0.1937757264515087
5461,2025-10-20 11:29:00,desconhecida,america_sul,0.48714175972791873
5462,2025-10-20 11:40:00,desconhecida,europa_oriental,0.43063522643380175
5467,2025-10-20 12:15:00,desconhecida,asia,0.5104546162532126
5472,2025-10-20 13:07:00,desconhecida,america_sul,0.3684307096819588
5473,2025-10-20 13:07:00,desconhecida,europa_ocidental,0.35403343883054245
5475,2025-10-20 13:10:00,desconhecida,europa_oriental,0.3398802673738989
5477,2025-10-20 13:39:00,desconhecida,europa_ocidental,0.2859433602055026
5478,2025-10-20 13:40:00,desconhecida,europa_ocidental,0.2547548475063663
5480,2025-10-20 14:03:00,desconhecida,europa_oriental,0.22584862333256558
5481,2025-10-20 14:32:00,desconhecida,america_sul,0.5116434006399257
5486,2025-10-20 14:45:00,desconhecida,oriente_medio,0.43563033635927984
5503,2025-10-20 15:51:00,desconhecida,europa_oriental,0.27680738658516413
5505,2025-10-20 15:53:00,desconhecida,europa_ocidental,0.452102582480922
5506,2025-10-20 15:54:00,desconhecida,europa_ocidental,0.3796569456443271
5510,2025-10-20 16:00:00,desconhecida,europa_ocidental,0.36385597622456295
5511,2025-10-20 16:05:00,desconhecida,europa_ocidental,0.3205950086528064
5514,2025-10-20 17:04:00,desconhecida,america_sul,0.4326330980874995
5515,2025-10-20 17:05:00,desconhecida,america_sul,0.4961074013466309
5516,2025-10-20 17:09:00,desconhecida,europa_ocidental,0.2698307627681154
5517,2025-10-20 17:24:00,desconhecida,europa_ocidental,0.20569973859345944
5521,2025-10-20 19:16:00,desconhecida,europa_ocidental,0.3559584440356637
5529,2025-10-20 20:35:00,desconhecida,asia,0.5517254523468614
5530,2025-10-20 20:48:00,desconhecida,europa_ocidental,0.35250798688163426
5531,2025-10-20 20:49:00,desconhecida,europa_ocidental,0.372448397774702
5534,2025-10-20 21:08:00,desconhecida,europa_ocidental,0.28908341065931553
5535,2025-10-20 21:12:00,desconhecida,europa_ocidental,0.40552108662312786
5545,2025-10-21 00:16:00,desconhecida,europa_ocidental,0.3392657547198076
5557,2025-10-21 10:18:00,desconhecida,europa_oriental,0.21771872304495957
5577,2025-10-21 10:54:00,desconhecida,europa_ocidental,0.2383770547602904
5578,2025-10-21 10:56:00,desconhecida,asia,0.20207055239194374
5588,2025-10-21 11:42:00,desconhecida,europa_ocidental,0.19241369918056755
5590,2025-10-21 11:55:00,desconhecida,europa_ocidental,0.2641709624617343
5593,2025-10-21 11:57:00,desconhecida,europa_ocidental,0.26178420534784136
5596,2025-10-21 12:06:00,desconhecida,oriente_medio,0.4339850610224334
5598,2025-10-21 12:15:00,desconhecida,europa_ocidental,0.28697488354557205
5599,2025-10-21 12:20:00,desconhecida,europa_ocidental,0.2205762723623663
5600,2025-10-21 12:22:00,desconhecida,oceania,0.28878862200132654
5602,2025-10-21 12:39:00,desconhecida,europa_ocidental,0.2672621642011598
5671,2025-10-21 15:27:00,desconhecida,asia,0.24441603926722755
5676,2025-10-21 16:03:00,desconhecida,europa_oriental,0.23306422418598638
5678,2025-10-21 16:10:00,desconhecida,america_norte,0.3096318602226569
5679,2025-10-21 16:14:00,desconhecida,oriente_medio,0.4533236767204129
5680,2025-10-21 16:19:00,desconhecida,europa_ocidental,0.28882258587844806
5682,2025-10-21 16:29:00,desconhecida,europa_oriental,0.3113910987910278
5844,2025-10-21 21:27:00,desconhecida,europa_oriental,0.45063011252178453
5845,2025-10-21 21:28:00,desconhecida,europa_ocidental,0.26445571988482486
5848,2025-10-21 21:49:00,desconhecida,europa_oriental,0.3181251540513309
5850,2025-10-21 22:01:00,desconhecida,europa_ocidental,0.2156755722808009
5852,2025-10-21 22:05:00,desconhecida,europa_ocidental,0.3789417113011688
5854,2025-10-21 23:34:00,desconhecida,europa_ocidental,0.23739459055139886
5859,2025-10-22 00:02:00,desconhecida,europa_oriental,0.4576602859633365
5861,2025-10-22 01:16:00,desconhecida,africa,0.5067828404289473
5865,2025-10-22 01:47:00,desconhecida,europa_ocidental,0.3797473302657762
5866,2025-10-22 01:49:00,desconhecida,europa_ocidental,0.4873660201361078
5871,2025-10-22 03:14:00,desconhecida,asia,0.5232765545634603
5872,2025-10-22 03:47:00,desconhecida,europa_oriental,0.24674668459074758
5875,2025-10-22 04:04:00,desconhecida,america_sul,0.5055900790983836
5876,2025-10-22 04:05:00,desconhecida,africa,0.20383324492460905
5877,2025-10-22 04:06:00,desconhecida,africa,0.5629766199306186
5878,2025-10-22 04:07:00,desconhecida,europa_ocidental,0.21239427640248673
5879,2025-10-22 04:08:00,desconhecida,europa_ocidental,0.28107627840772853
5880,2025-10-22 04:09:00,desconhecida,europa_ocidental,0.31671254484035505
5881,2025-10-22 04:09:00,desconhecida,europa_ocidental,0.31647842636573736
5882,2025-10-22 04:10:00,desconhecida,europa_ocidental,0.23539782024241634
5887,2025-10-22 04:14:00,desconhecida,europa_ocidental,0.37292282256745635
5888,2025-10-22 04:15:00,desconhecida,europa_ocidental,0.24096125711267688
5889,2025-10-22 04:16:00,desconhecida,europa_oriental,0.19355084689337304
5893,2025-10-22 04:27:00,desconhecida,europa_ocidental,0.2930553804559859
5896,2025-10-22 04:32:00,desconhecida,europa_oriental,0.36891570625997794
5901,2025-10-22 04:53:00,desconhecida,oriente_medio,0.379922970674993
5904,2025-10-22 06:01:00,desconhecida,europa_oriental,0.29636794474530154
5909,2025-10-22 06:14:00,desconhecida,europa_oriental,0.4350391388723643
5912,2025-10-22 06:34:00,desconhecida,oriente_medio,0.6223990635888048
5913,2025-10-22 06:40:00,desconhecida,oriente_medio,0.5151205896542829
5914,2025-10-22 06:43:00,desconhecida,oriente_medio,0.6175423083063512
5918,2025-10-22 07:24:00,desconhecida,europa_oriental,0.46705006814659955
5920,2025-10-22 07:27:00,desconhecida,america_sul,0.20920256199748158
5921,2025-10-22 07:29:00,desconhecida,europa_ocidental,0.264610518258153
5923,2025-10-22 08:22:00,desconhecida,europa_ocidental,0.2909117998160948
5931,2025-10-22 08:55:00,desconhecida,oceania,0.21463006696571163
5932,2025-10-22 08:56:00,desconhecida,europa_ocidental,0.1925207174332095
5938,2025-10-22 09:29:00,desconhecida,europa_ocidental,0.3346715574023937
5939,2025-10-22 09:30:00,desconhecida,america_central,0.45050001670972567
5944,2025-10-22 10:23:00,desconhecida,oriente_medio,0.2638416385650717
5945,2025-10-22 10:24:00,desconhecida,europa_oriental,0.3955485823163095
5950,2025-10-22 11:10:00,desconhecida,oriente_medio,0.16138364747685158
5955,2025-10-22 11:42:00,desconhecida,asia,0.2536113955050189
5958,2025-10-22 12:08:00,desconhecida,europa_ocidental,0.26420015715373635
5962,2025-10-22 12:55:00,desconhecida,europa_ocidental,0.34469653144878765
5964,2025-10-22 13:17:00,desconhecida,america_norte,0.38907268874904744
5965,2025-10-22 13:18:00,desconhecida,asia,0.24439615213954205
6006,2025-10-22 16:48:00,desconhecida,oriente_medio,0.5585081862863865
6013,2025-10-22 18:31:00,desconhecida,europa_ocidental,0.2707843808997228
6019,2025-10-22 20:48:00,desconhecida,america_central,0.48478643747627725
6021,2025-10-22 21:15:00,desconhecida,europa_oriental,0.3246086066857469
6022,2025-10-22 21:16:00,desconhecida,europa_oriental,0.5360575424876052
6024,2025-10-22 21:53:00,desconhecida,europa_ocidental,0.2065692606227144
6029,2025-10-22 22:52:00,desconhecida,europa_ocidental,0.31909347621730344
6034,2025-10-23 00:07:00,desconhecida,europa_ocidental,0.21415860451965027
6035,2025-10-23 00:16:00,desconhecida,asia,0.6922338847541151
6041,2025-10-23 02:10:00,desconhecida,europa_ocidental,0.20749888923419552
6044,2025-10-23 02:56:00,desconhecida,oriente_medio,0.6760289979169841
6046,2025-10-23 03:28:00,desconhecida,america_central,0.40854599294118665
6049,2025-10-23 04:06:00,desconhecida,america_sul,0.4979701061559935
6051,2025-10-23 04:09:00,desconhecida,america_sul,0.35397033894376584
6052,2025-10-23 04:17:00,desconhecida,europa_ocidental,0.2989010904622208
6053,2025-10-23 05:00:00,desconhecida,europa_ocidental,0.32253488424502524
6054,2025-10-23 05:17:00,desconhecida,america_central,0.22818285794573093
6056,2025-10-23 05:30:00,desconhecida,europa_ocidental,0.2660179954416323
6057,2025-10-23 06:16:00,desconhecida,europa_ocidental,0.368308180879469
6058,2025-10-23 06:25:00,desconhecida,europa_ocidental,0.21487108263976154
6059,2025-10-23 06:31:00,desconhecida,europa_oriental,0.21843414234352934
6060,2025-10-23 06:38:00,desconhecida,asia,0.464939374035346
6063,2025-10-23 06:47:00,desconhecida,asia,0.3102174141498691
6067,2025-10-23 07:06:00,desconhecida,america_central,0.36021411789314167
6070,2025-10-23 07:34:00,desconhecida,europa_ocidental,0.3737934599886018
6071,2025-10-23 07:35:00,desconhecida,europa_ocidental,0.21228580289645058
6074,2025-10-23 07:42:00,desconhecida,europa_oriental,0.3790459539635119
6075,2025-10-23 07:47:00,desconhecida,europa_oriental,0.25862911763537716
6076,2025-10-23 07:50:00,desconhecida,europa_ocidental,0.3713204666222067
6078,2025-10-23 08:25:00,desconhecida,asia,0.24067194492943836
6079,2025-10-23 08:42:00,desconhecida,europa_ocidental,0.28427287468919216
6082,2025-10-23 08:59:00,desconhecida,oriente_medio,0.6086840552396193
6083,2025-10-23 09:06:00,desconhecida,oriente_medio,0.5909305026292437
6086,2025-10-23 09:23:00,desconhecida,europa_ocidental,0.27391401870715226
6087,2025-10-23 09:24:00,desconhecida,oriente_medio,0.3090386999428434
6091,2025-10-23 09:46:00,desconhecida,europa_ocidental,0.3131146874452235
6093,2025-10-23 09:51:00,desconhecida,asia,0.23234181541934662
6094,2025-10-23 09:54:00,desconhecida,asia,0.25817197050288027
6098,2025-10-23 10:21:00,desconhecida,oriente_medio,0.748513138628901
6099,2025-10-23 10:23:00,desconhecida,europa_oriental,0.6495166287291511
6101,2025-10-23 10:36:00,desconhecida,asia,0.20557300454617555
6102,2025-10-23 10:43:00,desconhecida,europa_oriental,0.457439300976452
6104,2025-10-23 10:50:00,desconhecida,asia,0.22619542393050968
6108,2025-10-23 11:04:00,desconhecida,europa_ocidental,0.2359185956611088
6110,2025-10-23 11:11:00,desconhecida,europa_ocidental,0.23875062911554565
6115,2025-10-23 11:48:00,desconhecida,america_sul,0.40968889717840057
6116,2025-10-23 12:01:00,desconhecida,europa_ocidental,0.31224175016515726
6118,2025-10-23 12:02:00,desconhecida,europa_ocidental,0.303017233037684
6125,2025-10-23 12:14:00,desconhecida,america_sul,0.47035565446793
6127,2025-10-23 12:34:00,desconhecida,europa_ocidental,0.21292138456629897
6128,2025-10-23 12:38:00,desconhecida,europa_ocidental,0.18801274259750347
6137,2025-10-23 13:33:00,desconhecida,europa_ocidental,0.28590730144383986
6144,2025-10-23 14:29:00,desconhecida,america_central,0.17119988212170895
6145,2025-10-23 14:31:00,desconhecida,america_norte,0.24315820267902957
6146,2025-10-23 14:32:00,desconhecida,europa_ocidental,0.18217999594328466
6147,2025-10-23 14:59:00,europa_ocidental,europa_ocidental,0.443277277739512
6148,2025-10-23 15:04:00,europa_ocidental,europa_ocidental,0.443277277739512
6149,2025-10-23 15:13:00,desconhecida,europa_ocidental,0.23879305926198963
6150,2025-10-23 15:29:00,europa_ocidental,europa_ocidental,0.2781179681635028
6153,2025-10-23 15:36:00,desconhecida,europa_ocidental,0.4700013597091687
6154,2025-10-23 15:45:00,desconhecida,europa_oriental,0.46606908877559905
6156,2025-10-23 16:14:00,desconhecida,oriente_medio,0.2710912476286493
6157,2025-10-23 16:18:00,desconhecida,europa_oriental,0.22848224707953388
6158,2025-10-23 16:24:00,europa_ocidental,europa_ocidental,0.33496176039157727
6159,2025-10-23 16:29:00,desconhecida,oceania,0.18864635598392535
6160,2025-10-23 16:31:00,desconhecida,europa_oriental,0.27744041087900745
6166,2025-10-23 16:41:00,desconhecida,europa_ocidental,0.3841810640810307
6167,2025-10-23 17:01:00,desconhecida,europa_ocidental,0.25010475856958947
6168,2025-10-23 17:07:00,desconhecida,europa_ocidental,0.2858991520545345
6169,2025-10-23 17:15:00,desconhecida,europa_oriental,0.5716944266146223
6170,2025-10-23 17:17:00,desconhecida,america_central,0.1917292783236361
6171,2025-10-23 17:38:00,europa_ocidental,europa_ocidental,0.3600035355358409
6178,2025-10-23 18:23:00,europa_ocidental,europa_ocidental,0.30952936679713156
6179,2025-10-23 18:45:00,desconhecida,europa_ocidental,0.3331193199053986
6181,2025-10-23 19:12:00,desconhecida,europa_ocidental,0.32628672735980274
6183,2025-10-23 19:29:00,desconhecida,america_sul,0.3813384729057324
6185,2025-10-23 20:05:00,desconhecida,europa_ocidental,0.3002118119903657
6187,2025-10-23 20:39:00,desconhecida,europa_ocidental,0.35030038179248163
6189,2025-10-23 20:51:00,desconhecida,europa_ocidental,0.25300380705460823
6190,2025-10-23 20:54:00,desconhecida,america_sul,0.1957317988150103
6192,2025-10-23 21:01:00,asia,asia,0.41972394909620236
6193,2025-10-23 21:02:00,desconhecida,america_sul,0.2678693343529547
6194,2025-10-23 21:04:00,desconhecida,europa_ocidental,0.24109633170667502
6195,2025-10-23 21:22:00,desconhecida,america_sul,0.44581721778397543
6197,2025-10-23 21:26:00,desconhecida,europa_oriental,0.4995863081674105
6198,2025-10-23 21:28:00,desconhecida,europa_ocidental,0.1978913675762963
6200,2025-10-23 21:47:00,desconhecida,oriente_medio,0.4144389610602099
6202,2025-10-23 22:14:00,desconhecida,asia,0.22046544190827397
6206,2025-10-23 22:51:00,europa_ocidental,europa_ocidental,0.28057089908928406
6207,2025-10-23 23:05:00,desconhecida,europa_oriental,0.296809984546011
6208,2025-10-23 23:30:00,desconhecida,america_sul,0.35578582738249565
6210,2025-10-24 01:14:00,desconhecida,oriente_medio,0.1860733133204221
6212,2025-10-24 01:15:00,desconhecida,europa_ocidental,0.28025440460390905
6215,2025-10-24 02:01:00,desconhecida,america_norte,0.5673475179675121
6218,2025-10-24 02:51:00,desconhecida,oriente_medio,0.6716853210942364
6219,2025-10-24 02:53:00,desconhecida,europa_ocidental,0.26805444997417294
6220,2025-10-24 03:29:00,desconhecida,oriente_medio,0.4988327387245305
6221,2025-10-24 03:32:00,desconhecida,asia,0.3273630230232859
6222,2025-10-24 03:51:00,desconhecida,europa_ocidental,0.2696642771368583
6223,2025-10-24 04:02:00,desconhecida,europa_ocidental,0.2323894036301583
6224,2025-10-24 04:05:00,desconhecida,europa_ocidental,0.2013248941179061
6227,2025-10-24 04:08:00,desconhecida,america_norte,0.5055465460114109
6228,2025-10-24 04:09:00,desconhecida,europa_oriental,0.2979368563311162
6229,2025-10-24 04:10:00,desconhecida,europa_ocidental,0.2738172246373488
6231,2025-10-24 04:12:00,desconhecida,europa_ocidental,0.2093732824643769
6232,2025-10-24 04:13:00,desconhecida,europa_ocidental,0.33971029760004484
6236,2025-10-24 04:25:00,desconhecida,america_sul,0.47805704076670885
6241,2025-10-24 04:36:00,desconhecida,europa_ocidental,0.281463612473835
6242,2025-10-24 04:39:00,desconhecida,europa_ocidental,0.22640333108479793
6244,2025-10-24 04:47:00,desconhecida,europa_ocidental,0.2192356881851033
6248,2025-10-24 05:05:00,desconhecida,america_norte,0.3675734267288056
6249,2025-10-24 05:06:00,desconhecida,europa_oriental,0.5088036065413545
6252,2025-10-24 05:39:00,desconhecida,asia,0.33196525642068087
6255,2025-10-24 05:55:00,desconhecida,america_sul,0.4343742898158098
6258,2025-10-24 06:03:00,desconhecida,europa_ocidental,0.23112626963616054
6259,2025-10-24 06:20:00,desconhecida,europa_ocidental,0.29198429405325943
6261,2025-10-24 06:21:00,desconhecida,europa_oriental,0.5455597703129257
6262,2025-10-24 06:22:00,desconhecida,europa_ocidental,0.3597263548752511
6263,2025-10-24 06:36:00,desconhecida,europa_ocidental,0.1956154116783856
6264,2025-10-24 06:39:00,desconhecida,europa_ocidental,0.19784645258912817
6266,2025-10-24 06:53:00,desconhecida,europa_oriental,0.5022856741215384
6271,2025-10-24 07:10:00,desconhecida,europa_oriental,0.45044357147188513
6273,2025-10-24 07:11:00,desconhecida,europa_oriental,0.47219964759883487
6274,2025-10-24 07:17:00,desconhecida,europa_ocidental,0.2565204069122947
6275,2025-10-24 07:20:00,desconhecida,europa_ocidental,0.2644153201452575
6276,2025-10-24 07:21:00,desconhecida,america_central,0.17799013112164905
6277,2025-10-24 07:24:00,desconhecida,europa_ocidental,0.25234201332793615
6278,2025-10-24 07:29:00,desconhecida,europa_ocidental,0.19887176683674856
6279,2025-10-24 07:30:00,desconhecida,asia,0.5035715491785856
6280,2025-10-24 07:31:00,desconhecida,europa_ocidental,0.25464910500770704
6281,2025-10-24 07:35:00,desconhecida,europa_oriental,0.23732378062523404
6285,2025-10-24 07:45:00,desconhecida,europa_ocidental,0.35303927218993125
6286,2025-10-24 07:48:00,desconhecida,oriente_medio,0.4183497246394662
6288,2025-10-24 07:51:00,desconhecida,europa_ocidental,0.3051926757227665
6290,2025-10-24 08:07:00,desconhecida,europa_oriental,0.30661908101759316
6292,2025-10-24 08:13:00,desconhecida,europa_oriental,0.197866536208465
6293,2025-10-24 08:17:00,desconhecida,asia,0.43811721269609044
6296,2025-10-24 08:22:00,desconhecida,europa_ocidental,0.33687590217145186
6297,2025-10-24 08:23:00,desconhecida,europa_ocidental,0.20737068357017238
6300,2025-10-24 08:38:00,desconhecida,europa_oriental,0.4107569328048108
6302,2025-10-24 08:44:00,desconhecida,europa_oriental,0.29429171467797655
6303,2025-10-24 08:47:00,desconhecida,europa_oriental,0.6648794986199115
6304,2025-10-24 08:50:00,desconhecida,america_sul,0.47093436887662815
6308,2025-10-24 09:01:00,desconhecida,america_sul,0.2734238287519687
6311,2025-10-24 09:11:00,desconhecida,europa_ocidental,0.28584730618739257
6314,2025-10-24 09:29:00,desconhecida,america_sul,0.25451876583465494
6315,2025-10-24 09:31:00,desconhecida,america_central,0.2276906203805098
6316,2025-10-24 09:33:00,desconhecida,europa_oriental,0.23140676676815658
6319,2025-10-24 09:43:00,desconhecida,europa_ocidental,0.2591053437425094
6320,2025-10-24 09:45:00,desconhecida,europa_ocidental,0.18192417982386977
6322,2025-10-24 09:54:00,desconhecida,europa_oriental,0.24714171786191558
6324,2025-10-24 09:57:00,desconhecida,europa_ocidental,0.22450157901031143
6326,2025-10-24 10:04:00,desconhecida,europa_oriental,0.4542425970618587
6328,2025-10-24 10:31:00,desconhecida,america_sul,0.4732139150256349
6331,2025-10-24 10:52:00,desconhecida,asia,0.19961221023778838
6332,2025-10-24 10:55:00,desconhecida,europa_ocidental,0.23139328557839917
6333,2025-10-24 10:58:00,desconhecida,europa_ocidental,0.20697392029830922
6334,2025-10-24 11:06:00,desconhecida,asia,0.24290609066617805
6338,2025-10-24 11:10:00,desconhecida,europa_ocidental,0.1917268020110908
6342,2025-10-24 11:32:00,desconhecida,oriente_medio,0.6154065986938112
6344,2025-10-24 11:34:00,desconhecida,america_sul,0.4118769114375863
6346,2025-10-24 11:36:00,desconhecida,europa_ocidental,0.268578090092182
6350,2025-10-24 11:43:00,desconhecida,europa_oriental,0.3488780588865088
6351,2025-10-24 11:48:00,desconhecida,oriente_medio,0.38033879739501597
6352,2025-10-24 11:52:00,desconhecida,europa_ocidental,0.23068939771863461
6353,2025-10-24 11:55:00,america_sul,america_sul,0.5975990303030942
6354,2025-10-24 11:57:00,desconhecida,europa_ocidental,0.2918621202454138
6390,2025-10-24 12:45:00,desconhecida,europa_oriental,0.3187745489759954
6391,2025-10-24 12:46:00,desconhecida,europa_oriental,0.30928056391946157
6392,2025-10-24 12:51:00,desconhecida,europa_ocidental,0.20969077336797032
6393,2025-10-24 12:55:00,desconhecida,europa_ocidental,0.16274734755957987
6394,2025-10-24 13:00:00,europa_ocidental,europa_ocidental,0.2814312794860533
6396,2025-10-24 13:02:00,europa_ocidental,europa_ocidental,0.3615101806808666
6397,2025-10-24 13:11:00,desconhecida,europa_ocidental,0.21243123317291143
6399,2025-10-24 13:42:00,europa_ocidental,europa_ocidental,0.39635866191653624
6402,2025-10-24 14:00:00,europa_ocidental,europa_ocidental,0.4166066795824868
6403,2025-10-24 14:02:00,desconhecida,europa_ocidental,0.24669229426353723
6408,2025-10-24 14:09:00,desconhecida,europa_oriental,0.22253194712060756
6410,2025-10-24 14:15:00,europa_oriental,europa_oriental,0.499897533868037
6413,2025-10-24 14:16:00,europa_ocidental,europa_ocidental,0.32895433000737595
6414,2025-10-24 14:19:00,desconhecida,asia,0.30219600711648226
6422,2025-10-24 14:25:00,desconhecida,europa_ocidental,0.185446552831164
6423,2025-10-24 14:26:00,desconhecida,europa_ocidental,0.3349898987160948
6429,2025-10-24 14:29:00,europa_ocidental,europa_ocidental,0.36228565483932657
6432,2025-10-24 14:31:00,desconhecida,oriente_medio,0.21599083254013984
6434,2025-10-24 14:32:00,desconhecida,europa_ocidental,0.3162545576936934
6438,2025-10-24 14:39:00,desconhecida,oriente_medio,0.5791041059369645
6439,2025-10-24 14:40:00,desconhecida,europa_ocidental,0.22125798778003583
6440,2025-10-24 14:45:00,desconhecida,europa_ocidental,0.27217784408358875
6441,2025-10-24 14:49:00,desconhecida,europa_ocidental,0.20294478850394937
6447,2025-10-24 14:53:00,europa_oriental,europa_oriental,0.6260027382995486
6448,2025-10-24 14:54:00,desconhecida,europa_oriental,0.2815519760031255
6449,2025-10-24 15:01:00,europa_ocidental,europa_ocidental,0.35730286331664696
6451,2025-10-24 15:05:00,desconhecida,europa_ocidental,0.36625149196143264
6454,2025-10-24 15:10:00,desconhecida,asia,0.19313749174427544
6455,2025-10-24 15:11:00,desconhecida,europa_oriental,0.28442982435115377
6456,2025-10-24 15:11:00,desconhecida,europa_ocidental,0.24158170001360468
6457,2025-10-24 15:13:00,desconhecida,europa_oriental,0.3099785456218135
6459,2025-10-24 15:14:00,desconhecida,oriente_medio,0.5276159613691351
6460,2025-10-24 15:18:00,europa_ocidental,europa_ocidental,0.35357430518409805
6462,2025-10-24 15:21:00,desconhecida,america_central,0.23803146342819273
6463,2025-10-24 15:22:00,desconhecida,europa_ocidental,0.28832627248287623
6464,2025-10-24 15:23:00,desconhecida,america_sul,0.30630301565570733
6465,2025-10-24 15:24:00,desconhecida,europa_ocidental,0.18931218888519974
6469,2025-10-24 15:39:00,desconhecida,america_sul,0.5238860648176697
6474,2025-10-24 15:53:00,europa_ocidental,europa_ocidental,0.3013252674577436
6483,2025-10-24 16:05:00,asia,asia,0.3517517909648284
6485,2025-10-24 16:07:00,oceania,oceania,0.8160315018693561
6488,2025-10-24 16:10:00,oceania,oceania,0.8160315018693561
6490,2025-10-24 16:15:00,america_sul,america_sul,0.36134809067321144
6495,2025-10-24 16:29:00,desconhecida,oriente_medio,0.6284270853655072
6499,2025-10-24 16:41:00,desconhecida,europa_ocidental,0.24633869095184874
6500,2025-10-24 16:47:00,desconhecida,europa_ocidental,0.2691038327541381
6502,2025-10-24 16:54:00,desconhecida,europa_ocidental,0.3191794641443772
6503,2025-10-24 16:55:00,desconhecida,europa_ocidental,0.3172924609223536
6508,2025-10-24 17:16:00,desconhecida,europa_ocidental,0.31106841770066634
6509,2025-10-24 17:20:00,desconhecida,europa_ocidental,0.33892481679800873
6510,2025-10-24 17:23:00,europa_ocidental,america_sul,0.26621921002509297
6511,2025-10-24 17:25:00,desconhecida,asia,0.2061992836659982
6512,2025-10-24 17:30:00,europa_ocidental,europa_ocidental,0.4240337872611403
6515,2025-10-24 17:36:00,europa_ocidental,europa_ocidental,0.335314821181146
6516,2025-10-24 18:00:00,america_sul,america_sul,0.5416930571150791
6518,2025-10-24 18:11:00,desconhecida,europa_ocidental,0.25610536568720416
6519,2025-10-24 18:13:00,europa_ocidental,europa_ocidental,0.3882549881546462
6520,2025-10-24 18:28:00,desconhecida,europa_ocidental,0.3405957264966294
6527,2025-10-24 19:09:00,desconhecida,asia,0.23854184833719008
6528,2025-10-24 19:12:00,desconhecida,europa_ocidental,0.3300134038828684
6529,2025-10-24 19:13:00,desconhecida,europa_ocidental,0.46262971178114654
6530,2025-10-24 19:15:00,desconhecida,europa_ocidental,0.2902603405294915
6532,2025-10-24 19:27:00,desconhecida,europa_ocidental,0.2995284181481355
6533,2025-10-24 19:29:00,europa_ocidental,europa_ocidental,0.33676908700322933
6535,2025-10-24 19:43:00,desconhecida,europa_ocidental,0.1923170910787591
6538,2025-10-24 20:00:00,desconhecida,europa_ocidental,0.3013847014944432
6540,2025-10-24 20:05:00,desconhecida,europa_oriental,0.3287138648450607
6541,2025-10-24 20:07:00,asia,asia,0.4840964237707328
6549,2025-10-24 20:19:00,europa_oriental,europa_oriental,0.41875211644582794
6565,2025-10-24 20:31:00,desconhecida,europa_ocidental,0.22813356889325243
6566,2025-10-24 20:31:00,desconhecida,europa_oriental,0.22046746781570978
6584,2025-10-24 20:46:00,europa_ocidental,europa_ocidental,0.33373811595685404
6595,2025-10-24 20:54:00,desconhecida,europa_ocidental,0.27398362091951656
6617,2025-10-24 21:17:00,america_sul,america_sul,0.39213407960192587
6619,2025-10-24 21:20:00,desconhecida,europa_ocidental,0.29022147135615495
6620,2025-10-24 21:21:00,desconhecida,europa_ocidental,0.1915702103997446
6625,2025-10-24 21:26:00,desconhecida,europa_ocidental,0.33219122966966347
6626,2025-10-24 21:31:00,desconhecida,europa_ocidental,0.3167961332443114
6627,2025-10-24 21:33:00,europa_ocidental,europa_ocidental,0.367922052494069
6628,2025-10-24 22:09:00,desconhecida,america_sul,0.26318476114405825
6634,2025-10-24 22:28:00,desconhecida,europa_oriental,0.3340785935872606
6639,2025-10-24 23:44:00,europa_oriental,europa_oriental,0.2972531346799837
6641,2025-10-25 00:15:00,desconhecida,europa_ocidental,0.36777010951616335
6643,2025-10-25 00:44:00,desconhecida,europa_oriental,0.30428872237793275
6645,2025-10-25 01:02:00,america_sul,america_sul,0.4969369841523462
6646,2025-10-25 01:04:00,desconhecida,europa_oriental,0.39560747342447405
6656,2025-10-25 02:09:00,desconhecida,europa_ocidental,0.3478952942617248
6657,2025-10-25 02:12:00,desconhecida,europa_ocidental,0.3416293194541374
6658,2025-10-25 02:18:00,desconhecida,europa_ocidental,0.36878634788120707
6659,2025-10-25 02:24:00,desconhecida,europa_ocidental,0.1995783767875981
6660,2025-10-25 02:25:00,desconhecida,europa_oriental,0.30035573322082476
6661,2025-10-25 02:33:00,desconhecida,america_central,0.5271762049461809
6663,2025-10-25 02:51:00,desconhecida,america_central,0.22836508518444287
6666,2025-10-25 03:02:00,europa_ocidental,europa_ocidental,0.3706371787693234
6667,2025-10-25 03:03:00,europa_ocidental,europa_ocidental,0.3446402616463022
6670,2025-10-25 03:05:00,desconhecida,asia,0.29526331188484567
6671,2025-10-25 03:08:00,desconhecida,asia,0.5155170797323131
6672,2025-10-25 03:12:00,desconhecida,europa_ocidental,0.3169145656231274
6674,2025-10-25 03:29:00,asia,asia,0.499495058257894
6675,2025-10-25 03:32:00,desconhecida,europa_ocidental,0.3849296104817204
6677,2025-10-25 03:43:00,desconhecida,america_sul,0.39522267093937047
6678,2025-10-25 03:45:00,oceania,oceania,0.8586403147419106
6680,2025-10-25 03:47:00,oceania,oceania,0.8586403147419106
6681,2025-10-25 03:51:00,asia,asia,0.43776647116073425
6682,2025-10-25 03:54:00,desconhecida,europa_ocidental,0.23050624800286496
6683,2025-10-25 04:00:00,europa_oriental,europa_oriental,0.4577764657958415
6684,2025-10-25 04:01:00,europa_ocidental,europa_ocidental,0.3353102372688297
6686,2025-10-25 04:04:00,europa_ocidental,europa_ocidental,0.31162858404044896
6688,2025-10-25 04:06:00,europa_ocidental,europa_ocidental,0.33838646531445704
6690,2025-10-25 04:08:00,europa_oriental,europa_oriental,0.5411432301670605
6691,2025-10-25 04:09:00,desconhecida,europa_ocidental,0.17218553659575503
6692,2025-10-25 04:10:00,desconhecida,europa_oriental,0.36581516630668265
6693,2025-10-25 04:11:00,oriente_medio,oriente_medio,0.7289877574948552
6694,2025-10-25 04:13:00,america_norte,america_norte,0.6326994257170278
6695,2025-10-25 04:15:00,america_sul,america_central,0.2695253603641637
6696,2025-10-25 04:16:00,europa_ocidental,europa_ocidental,0.3346595783059723
6697,2025-10-25 04:17:00,america_sul,america_sul,0.5068563621181811
6698,2025-10-25 04:18:00,europa_ocidental,europa_ocidental,0.43711858926359093
6700,2025-10-25 04:19:00,desconhecida,europa_ocidental,0.3069972884608685
6701,2025-10-25 04:21:00,desconhecida,europa_ocidental,0.25899117130334176
6704,2025-10-25 04:22:00,desconhecida,europa_ocidental,0.24253861163780172
6705,2025-10-25 04:23:00,europa_ocidental,europa_ocidental,0.2974584927192997
6706,2025-10-25 04:24:00,oriente_medio,oriente_medio,0.7481584701873414
6707,2025-10-25 04:25:00,europa_ocidental,europa_ocidental,0.3809014759861421
6708,2025-10-25 04:26:00,desconhecida,europa_ocidental,0.29441665129556005
6710,2025-10-25 04:27:00,europa_ocidental,europa_ocidental,0.32020398097984126
6712,2025-10-25 04:28:00,desconhecida,europa_ocidental,0.3932138371763321
6713,2025-10-25 04:29:00,desconhecida,europa_ocidental,0.2149955978822423
6715,2025-10-25 04:31:00,desconhecida,europa_ocidental,0.2566729005496727
6716,2025-10-25 04:32:00,europa_ocidental,europa_ocidental,0.29287286992213435
6718,2025-10-25 04:33:00,america_sul,america_sul,0.43644129688394806
6719,2025-10-25 04:35:00,desconhecida,europa_ocidental,0.1999137011331475
6720,2025-10-25 04:36:00,europa_oriental,europa_oriental,0.4199005006924936
6721,2025-10-25 04:37:00,desconhecida,europa_ocidental,0.33856637153474306
6722,2025-10-25 04:38:00,desconhecida,europa_ocidental,0.27499778386267715
6724,2025-10-25 04:40:00,desconhecida,europa_ocidental,0.3281988702769847
6725,2025-10-25 04:41:00,desconhecida,europa_ocidental,0.29317016991272243
6726,2025-10-25 04:42:00,desconhecida,europa_ocidental,0.30541608117061975
6727,2025-10-25 04:43:00,desconhecida,europa_oriental,0.3155887913851304
6731,2025-10-25 04:54:00,europa_ocidental,europa_ocidental,0.43263962881119766
6732,2025-10-25 04:55:00,desconhecida,europa_ocidental,0.2365048753409216
6734,2025-10-25 05:00:00,europa_ocidental,europa_ocidental,0.35798467650400057
6736,2025-10-25 05:02:00,asia,asia,0.3083904675269578
6737,2025-10-25 05:03:00,asia,asia,0.42260597007490674
6738,2025-10-25 05:06:00,america_sul,america_sul,0.5468851035217774
6739,2025-10-25 05:06:00,desconhecida,america_central,0.3843120617942512
6740,2025-10-25 05:09:00,europa_oriental,europa_oriental,0.5797101263491254
6741,2025-10-25 05:11:00,europa_ocidental,europa_ocidental,0.3029689582655753
6744,2025-10-25 05:13:00,desconhecida,asia,0.40050611499523725
6747,2025-10-25 05:22:00,desconhecida,europa_ocidental,0.27506423671812025
6749,2025-10-25 05:34:00,desconhecida,europa_ocidental,0.30185883438240974
6750,2025-10-25 05:36:00,desconhecida,europa_ocidental,0.1754721950021741
6752,2025-10-25 05:41:00,europa_oriental,europa_oriental,0.3514725841449556
6754,2025-10-25 05:43:00,desconhecida,europa_ocidental,0.2738731028227565
6755,2025-10-25 05:48:00,desconhecida,oriente_medio,0.33162811667103287
6756,2025-10-25 05:55:00,europa_ocidental,europa_ocidental,0.394454356564842
6758,2025-10-25 06:00:00,europa_ocidental,europa_ocidental,0.417985154929408
6763,2025-10-25 06:04:00,europa_ocidental,europa_ocidental,0.3827133466180904
6764,2025-10-25 06:05:00,europa_ocidental,europa_ocidental,0.30752745659432384
6765,2025-10-25 06:06:00,desconhecida,asia,0.23960661444079312
6767,2025-10-25 06:09:00,desconhecida,europa_oriental,0.5270523305366906
6768,2025-10-25 06:12:00,desconhecida,asia,0.251931588658379
6769,2025-10-25 06:13:00,desconhecida,america_sul,0.300031963796659
6770,2025-10-25 06:14:00,desconhecida,asia,0.539300854827661
6771,2025-10-25 06:18:00,desconhecida,europa_ocidental,0.26977058925012976
6772,2025-10-25 06:22:00,desconhecida,europa_oriental,0.2038266458734776
6776,2025-10-25 06:34:00,europa_ocidental,europa_ocidental,0.2750688044092013
6779,2025-10-25 06:41:00,desconhecida,europa_oriental,0.35174593492733297
6780,2025-10-25 06:42:00,desconhecida,europa_ocidental,0.26626687159162044
6783,2025-10-25 06:47:00,europa_ocidental,europa_ocidental,0.30586378824833255
6784,2025-10-25 06:49:00,desconhecida,europa_ocidental,0.2069204258223715
6785,2025-10-25 06:53:00,europa_ocidental,europa_ocidental,0.2414945933547016
6786,2025-10-25 06:55:00,asia,asia,0.4806528882116121
6787,2025-10-25 07:02:00,europa_ocidental,europa_ocidental,0.28094871949998823
6790,2025-10-25 07:12:00,oriente_medio,oriente_medio,0.31667943075574123
6792,2025-10-25 07:15:00,europa_oriental,europa_oriental,0.2275840645927637
6793,2025-10-25 07:16:00,europa_ocidental,europa_ocidental,0.3009018485241644
6797,2025-10-25 07:27:00,desconhecida,asia,0.2519285224280137
6803,2025-10-25 07:38:00,europa_ocidental,europa_ocidental,0.294094527815208
6804,2025-10-25 07:39:00,desconhecida,europa_oriental,0.1777064770771809
6808,2025-10-25 07:45:00,desconhecida,asia,0.30317438675025826
6815,2025-10-25 08:00:00,desconhecida,europa_ocidental,0.350987427566165
6820,2025-10-25 08:10:00,europa_ocidental,europa_ocidental,0.2114481979660285
6821,2025-10-25 08:11:00,africa,africa,0.7520854193545894
6823,2025-10-25 08:14:00,europa_oriental,europa_oriental,0.5815492591653261
6825,2025-10-25 08:17:00,europa_ocidental,europa_ocidental,0.29526695147226384
6827,2025-10-25 08:20:00,desconhecida,europa_ocidental,0.3650021345773907
6828,2025-10-25 08:23:00,europa_ocidental,europa_ocidental,0.4513841717440793
6829,2025-10-25 08:24:00,desconhecida,europa_ocidental,0.25275963395857626
6832,2025-10-25 08:33:00,desconhecida,europa_oriental,0.237143732832957
6833,2025-10-25 08:43:00,europa_ocidental,europa_ocidental,0.2782313464475602
6834,2025-10-25 08:46:00,desconhecida,europa_ocidental,0.23897320080774112
6836,2025-10-25 08:48:00,europa_ocidental,europa_ocidental,0.33107397287230966
6837,2025-10-25 08:53:00,desconhecida,europa_oriental,0.3846957177497819
6839,2025-10-25 08:57:00,europa_ocidental,europa_ocidental,0.30699360519910907
6841,2025-10-25 08:59:00,america_norte,america_norte,0.6553055990295524
6843,2025-10-25 09:01:00,europa_oriental,europa_oriental,0.28039795539039586
6846,2025-10-25 09:05:00,desconhecida,europa_oriental,0.29953474116409806
6849,2025-10-25 09:13:00,desconhecida,europa_ocidental,0.19190214672672556
6850,2025-10-25 09:14:00,desconhecida,oriente_medio,0.20262624427579717
6854,2025-10-25 09:21:00,europa_ocidental,europa_ocidental,0.28680511136020564
6855,2025-10-25 09:25:00,europa_ocidental,europa_ocidental,0.3680141655407118
6857,2025-10-25 09:27:00,desconhecida,europa_ocidental,0.22579717314178968
6860,2025-10-25 09:34:00,oriente_medio,oriente_medio,0.6453761752027742
6861,2025-10-25 09:35:00,desconhecida,europa_ocidental,0.23450702195030063
6863,2025-10-25 09:37:00,desconhecida,europa_ocidental,0.35721568194198977
6866,2025-10-25 09:40:00,europa_ocidental,europa_ocidental,0.3447755603698703
6868,2025-10-25 09:48:00,desconhecida,europa_ocidental,0.2395501752160739
6871,2025-10-25 10:01:00,desconhecida,america_central,0.24339642739067718
6875,2025-10-25 10:10:00,europa_oriental,europa_oriental,0.42413891774236034
6876,2025-10-25 10:11:00,desconhecida,europa_oriental,0.3629012625459411
6878,2025-10-25 10:15:00,asia,asia,0.608635877687385
6879,2025-10-25 10:18:00,europa_ocidental,europa_ocidental,0.33095043467552265
6880,2025-10-25 10:19:00,desconhecida,asia,0.2827745110152618
6881,2025-10-25 10:21:00,desconhecida,europa_ocidental,0.2916451544878508
6884,2025-10-25 10:30:00,desconhecida,europa_ocidental,0.26073297145202606
6887,2025-10-25 10:42:00,desconhecida,asia,0.3886234916048943
6888,2025-10-25 10:47:00,desconhecida,europa_ocidental,0.347736906218156
6889,2025-10-25 10:48:00,europa_ocidental,europa_ocidental,0.3754313535821557
6890,2025-10-25 10:50:00,europa_oriental,europa_oriental,0.49066757116608123
6892,2025-10-25 10:55:00,europa_ocidental,europa_ocidental,0.3824715392922248
6893,2025-10-25 10:58:00,europa_ocidental,europa_ocidental,0.28292204971503043
6895,2025-10-25 11:14:00,oriente_medio,oriente_medio,0.6462097071519698
6896,2025-10-25 11:15:00,desconhecida,oriente_medio,0.7964886660884744
6897,2025-10-25 11:21:00,america_sul,america_sul,0.4225749927887811
6900,2025-10-25 11:36:00,desconhecida,europa_ocidental,0.21338151689171178
6901,2025-10-25 11:42:00,oriente_medio,oriente_medio,0.6815466870141144
6902,2025-10-25 11:45:00,desconhecida,europa_ocidental,0.3944401740118944
6903,2025-10-25 12:01:00,desconhecida,europa_ocidental,0.3687286671246142
6904,2025-10-25 12:06:00,desconhecida,europa_ocidental,0.34186184751535215
6907,2025-10-25 12:17:00,desconhecida,oriente_medio,0.6527770828859071
6908,2025-10-25 12:21:00,oriente_medio,oriente_medio,0.6212746922923107
6909,2025-10-25 12:25:00,asia,asia,0.4293197088130965
6910,2025-10-25 12:31:00,europa_ocidental,europa_ocidental,0.23351481546100197
6911,2025-10-25 12:36:00,desconhecida,oriente_medio,0.4568610172307421
6912,2025-10-25 12:37:00,desconhecida,oriente_medio,0.29884476625805034
6914,2025-10-25 12:45:00,desconhecida,asia,0.1939420960436967
6915,2025-10-25 12:46:00,europa_ocidental,europa_ocidental,0.21770782893977206
6922,2025-10-25 13:20:00,desconhecida,europa_ocidental,0.24417254898936466
6923,2025-10-25 13:21:00,america_norte,america_norte,0.6690400224287254
6924,2025-10-25 13:22:00,desconhecida,oriente_medio,0.30772999943023166
6925,2025-10-25 13:27:00,america_sul,america_sul,0.3941447575962563
6927,2025-10-25 13:36:00,europa_ocidental,europa_ocidental,0.22679924090461256
6930,2025-10-25 14:04:00,oriente_medio,oriente_medio,0.58594169835056
6947,2025-10-25 15:29:00,desconhecida,europa_oriental,0.4212928628647727
6948,2025-10-25 15:31:00,oceania,oceania,0.789359885486583
6952,2025-10-25 15:51:00,europa_ocidental,europa_ocidental,0.3839999440331778
6953,2025-10-25 15:52:00,america_sul,america_sul,0.4693636916981371
6955,2025-10-25 16:00:00,asia,asia,0.3444873372441189
6957,2025-10-25 16:08:00,america_sul,america_sul,0.34347904257713086
6959,2025-10-25 16:11:00,america_central,america_central,0.7994478326950308
6962,2025-10-25 16:16:00,desconhecida,europa_ocidental,0.24168417051478924
6964,2025-10-25 16:25:00,desconhecida,europa_ocidental,0.2580547019564248
6965,2025-10-25 16:26:00,desconhecida,europa_ocidental,0.19700803396331354
6967,2025-10-25 16:36:00,desconhecida,europa_oriental,0.19297269901694683
6968,2025-10-25 16:37:00,oriente_medio,oriente_medio,0.5098840331400719
6971,2025-10-25 17:14:00,desconhecida,america_sul,0.380295097001664
6972,2025-10-25 17:19:00,desconhecida,oriente_medio,0.5841298743938368
6974,2025-10-25 17:25:00,asia,asia,0.34616616498641234
6975,2025-10-25 17:26:00,desconhecida,oriente_medio,0.17426634315541437
6977,2025-10-25 17:40:00,desconhecida,oriente_medio,0.6522201673989574
6978,2025-10-25 17:54:00,desconhecida,america_norte,0.3390115777765501
6982,2025-10-25 18:02:00,europa_ocidental,america_sul,0.34812024424620797
6984,2025-10-25 18:09:00,asia,asia,0.45635064033391926
6985,2025-10-25 18:21:00,desconhecida,europa_oriental,0.48032788002387106
6987,2025-10-25 18:33:00,europa_ocidental,europa_ocidental,0.3386300537616728
6992,2025-10-25 19:25:00,desconhecida,europa_ocidental,0.28893477676478724
6995,2025-10-25 19:55:00,desconhecida,europa_ocidental,0.2677243337219065
6996,2025-10-25 19:56:00,desconhecida,europa_oriental,0.4189638432534129
6997,2025-10-25 20:02:00,desconhecida,oceania,0.4602995971754115
7002,2025-10-25 21:09:00,desconhecida,america_sul,0.26468385944248146
7003,2025-10-25 21:13:00,desconhecida,asia,0.2674487661332536
7005,2025-10-25 21:26:00,desconhecida,america_sul,0.38249025734254094
7006,2025-10-25 21:43:00,desconhecida,asia,0.31897826203140134
7007,2025-10-25 21:47:00,desconhecida,europa_ocidental,0.1730883244415359
7009,2025-10-25 21:50:00,desconhecida,oriente_medio,0.37592635931111584
7010,2025-10-25 21:52:00,desconhecida,europa_oriental,0.18341590907943503
7011,2025-10-25 22:00:00,desconhecida,europa_oriental,0.39040776594311905
7013,2025-10-25 22:04:00,europa_ocidental,europa_ocidental,0.36428023786861463
7014,2025-10-25 22:05:00,desconhecida,europa_oriental,0.2056439538013201
7016,2025-10-25 22:22:00,desconhecida,europa_ocidental,0.31839911155360756
7017,2025-10-25 22:27:00,desconhecida,europa_ocidental,0.3486152455969751
7018,2025-10-25 22:29:00,desconhecida,america_sul,0.2311045375588326
7019,2025-10-25 22:30:00,desconhecida,europa_ocidental,0.25113810202948583
7022,2025-10-25 23:05:00,desconhecida,europa_ocidental,0.3433712744180343
7023,2025-10-25 23:24:00,desconhecida,america_sul,0.36166093493827534
7024,2025-10-25 23:37:00,desconhecida,europa_ocidental,0.1934569196332306
7026,2025-10-26 00:02:00,desconhecida,europa_ocidental,0.23670987023463874
7029,2025-10-26 00:28:00,desconhecida,europa_oriental,0.24519043108984157
7031,2025-10-26 00:42:00,desconhecida,asia,0.4759835575569356
7032,2025-10-26 00:45:00,desconhecida,america_sul,0.30388947045274317
7035,2025-10-26 01:19:00,desconhecida,asia,0.2109746378136996
7038,2025-10-26 01:38:00,desconhecida,africa,0.2471140035531531
7039,2025-10-26 01:44:00,desconhecida,europa_ocidental,0.29027496517598134
7040,2025-10-26 01:45:00,desconhecida,europa_ocidental,0.292244570457049
7043,2025-10-26 01:57:00,desconhecida,europa_ocidental,0.1941499233972466
7045,2025-10-26 02:04:00,desconhecida,oriente_medio,0.6080360000095829
7046,2025-10-26 02:05:00,desconhecida,oriente_medio,0.7004947465250261
7048,2025-10-26 02:14:00,desconhecida,europa_ocidental,0.24678086288765386
7049,2025-10-26 02:15:00,desconhecida,europa_ocidental,0.30402151076103406
7051,2025-10-26 02:31:00,desconhecida,asia,0.2282030872285783
7052,2025-10-26 03:00:00,desconhecida,europa_ocidental,0.23929299485539743
7054,2025-10-26 03:02:00,desconhecida,asia,0.3418062385070346
7055,2025-10-26 03:04:00,desconhecida,europa_ocidental,0.3714949233450736
7057,2025-10-26 03:08:00,desconhecida,america_central,0.3198863958793806
7058,2025-10-26 03:17:00,desconhecida,europa_ocidental,0.19671585577101308
7061,2025-10-26 04:03:00,desconhecida,asia,0.2504866084684372
7063,2025-10-26 04:04:00,desconhecida,europa_ocidental,0.3157855366473917
7064,2025-10-26 04:05:00,desconhecida,europa_ocidental,0.19638094184859167
7065,2025-10-26 04:06:00,desconhecida,europa_ocidental,0.2995489237423721
7066,2025-10-26 04:07:00,desconhecida,america_central,0.3590036239236879
7067,2025-10-26 04:09:00,desconhecida,europa_ocidental,0.25355555131105145
7068,2025-10-26 04:09:00,desconhecida,europa_ocidental,0.2263053260621933
7069,2025-10-26 04:10:00,desconhecida,europa_ocidental,0.22236904206095373
7070,2025-10-26 04:11:00,desconhecida,europa_oriental,0.2568876939108
7071,2025-10-26 04:12:00,desconhecida,europa_oriental,0.25190574984313296
7072,2025-10-26 04:13:00,desconhecida,oriente_medio,0.6730479033781379
7073,2025-10-26 04:14:00,desconhecida,europa_ocidental,0.2534459150160464
7078,2025-10-26 04:42:00,desconhecida,europa_ocidental,0.2518954623020677
7080,2025-10-26 04:54:00,desconhecida,europa_ocidental,0.3256708131565264
7081,2025-10-26 05:03:00,desconhecida,asia,0.24497396883109607
7082,2025-10-26 05:04:00,desconhecida,europa_ocidental,0.258911811996796
7083,2025-10-26 05:05:00,desconhecida,europa_ocidental,0.32457847511881943
7085,2025-10-26 05:13:00,desconhecida,america_central,0.3235726081077509
7086,2025-10-26 05:14:00,desconhecida,europa_ocidental,0.26396372518006805
7088,2025-10-26 05:28:00,desconhecida,america_sul,0.325348797353482
7089,2025-10-26 05:43:00,desconhecida,europa_ocidental,0.23131555465753764
7095,2025-10-26 05:58:00,desconhecida,europa_ocidental,0.21607526720553105
7096,2025-10-26 06:01:00,desconhecida,europa_ocidental,0.28132730679196494
7098,2025-10-26 06:07:00,desconhecida,asia,0.2017391027131639
7104,2025-10-26 06:23:00,desconhecida,america_sul,0.2681447282856451
7105,2025-10-26 06:30:00,desconhecida,asia,0.21515180219397645
7107,2025-10-26 06:34:00,desconhecida,america_sul,0.28063362834612043
7108,2025-10-26 06:35:00,desconhecida,europa_ocidental,0.20319599441488212
7109,2025-10-26 06:43:00,desconhecida,america_sul,0.23225754977065474
7115,2025-10-26 07:02:00,desconhecida,oriente_medio,0.41877089253458105
7116,2025-10-26 07:04:00,desconhecida,asia,0.2873113641982314
7123,2025-10-26 07:26:00,desconhecida,oriente_medio,0.5791325145731829
7126,2025-10-26 07:31:00,desconhecida,america_central,0.27776989927102547
7128,2025-10-26 07:54:00,desconhecida,oriente_medio,0.61658635681097
7130,2025-10-26 08:00:00,desconhecida,oriente_medio,0.6434912134401618
7132,2025-10-26 08:02:00,desconhecida,europa_ocidental,0.3109168078297061
7133,2025-10-26 08:07:00,desconhecida,europa_ocidental,0.22657020918988954
7134,2025-10-26 08:10:00,desconhecida,europa_ocidental,0.33316092658933677
7135,2025-10-26 08:16:00,desconhecida,america_sul,0.29995777102302
7136,2025-10-26 08:24:00,desconhecida,asia,0.39622954149094625
7137,2025-10-26 08:28:00,desconhecida,europa_oriental,0.4639916999747799
7139,2025-10-26 08:32:00,desconhecida,europa_ocidental,0.2336886762366453
7140,2025-10-26 08:34:00,desconhecida,europa_oriental,0.44598068974079175
7141,2025-10-26 08:43:00,desconhecida,europa_oriental,0.348646320157158
7142,2025-10-26 08:44:00,desconhecida,europa_ocidental,0.22389407633217967
7143,2025-10-26 08:47:00,desconhecida,europa_oriental,0.4026886958720643
7145,2025-10-26 08:49:00,desconhecida,asia,0.3309864435675576
7150,2025-10-26 08:58:00,desconhecida,america_sul,0.3265167230995495
7152,2025-10-26 09:02:00,desconhecida,europa_oriental,0.2981524042603188
7154,2025-10-26 09:03:00,desconhecida,europa_ocidental,0.21813790632523952
7155,2025-10-26 09:06:00,desconhecida,europa_ocidental,0.21799762067146727
7163,2025-10-26 09:26:00,desconhecida,asia,0.27166523437256557
7164,2025-10-26 09:27:00,desconhecida,europa_oriental,0.3608437040240269
7165,2025-10-26 09:30:00,desconhecida,america_sul,0.31218672110991463
7167,2025-10-26 09:34:00,desconhecida,europa_oriental,0.4267582008861639
7168,2025-10-26 09:38:00,desconhecida,europa_ocidental,0.28509998944725906
7169,2025-10-26 09:39:00,desconhecida,europa_ocidental,0.24435585224098844
7170,2025-10-26 09:40:00,desconhecida,europa_ocidental,0.42419584524914744
7171,2025-10-26 09:42:00,desconhecida,europa_ocidental,0.29981951389928047
7173,2025-10-26 09:47:00,desconhecida,europa_ocidental,0.3158054287371064
7174,2025-10-26 09:48:00,desconhecida,europa_oriental,0.25110818742050484
7175,2025-10-26 09:49:00,desconhecida,america_sul,0.36967906102038756
7176,2025-10-26 09:50:00,desconhecida,europa_ocidental,0.24830248287191595
7178,2025-10-26 09:52:00,desconhecida,europa_ocidental,0.3282811927570695
7179,2025-10-26 09:54:00,desconhecida,europa_ocidental,0.34177072176511114
7180,2025-10-26 09:58:00,desconhecida,europa_oriental,0.26725340620523386
7188,2025-10-26 10:07:00,desconhecida,europa_ocidental,0.33356873216956556
7189,2025-10-26 10:11:00,desconhecida,europa_ocidental,0.27732173569440133
7195,2025-10-26 10:16:00,desconhecida,europa_ocidental,0.2634455195085417
7205,2025-10-26 10:27:00,desconhecida,europa_ocidental,0.2218997067480646
7208,2025-10-26 10:33:00,desconhecida,asia,0.20807440007922962
7209,2025-10-26 10:34:00,desconhecida,oriente_medio,0.30063556572529915
7213,2025-10-26 10:51:00,desconhecida,europa_ocidental,0.18780527258780486
7216,2025-10-26 10:59:00,desconhecida,europa_ocidental,0.2016443212046703
7224,2025-10-26 11:06:00,desconhecida,america_sul,0.25510298954568866
7241,2025-10-26 11:18:00,desconhecida,europa_oriental,0.3960196703269643
7264,2025-10-26 11:36:00,desconhecida,europa_ocidental,0.3247753921818846
7267,2025-10-26 11:37:00,desconhecida,america_sul,0.43713447207852313
7269,2025-10-26 11:48:00,desconhecida,europa_ocidental,0.19131340362056856
7271,2025-10-26 12:02:00,desconhecida,europa_ocidental,0.2577264138062382
7273,2025-10-26 12:08:00,desconhecida,europa_oriental,0.2883018512060326
7276,2025-10-26 12:33:00,desconhecida,america_central,0.4143331951957479
7284,2025-10-26 12:42:00,desconhecida,oriente_medio,0.452818787111409
7285,2025-10-26 12:55:00,desconhecida,america_sul,0.3252270726866453
7286,2025-10-26 12:56:00,desconhecida,europa_ocidental,0.23911450700216638
7287,2025-10-26 12:57:00,desconhecida,europa_ocidental,0.3711995471745868
7289,2025-10-26 13:09:00,desconhecida,europa_ocidental,0.23959109727532257
7292,2025-10-26 13:35:00,desconhecida,europa_ocidental,0.19627334820238296
7313,2025-10-26 13:52:00,desconhecida,europa_ocidental,0.27206647545528617
7315,2025-10-26 13:55:00,desconhecida,europa_ocidental,0.33430401863738823
7318,2025-10-26 14:06:00,desconhecida,europa_ocidental,0.1890781850843587
7319,2025-10-26 14:10:00,desconhecida,europa_ocidental,0.3317979213591291
7320,2025-10-26 14:23:00,desconhecida,europa_oriental,0.2824758862149115
7346,2025-10-26 14:49:00,desconhecida,europa_ocidental,0.24620469102456838
7347,2025-10-26 14:50:00,desconhecida,europa_ocidental,0.3710416083395248
7359,2025-10-26 15:00:00,desconhecida,europa_ocidental,0.27586467264555536
7361,2025-10-26 15:20:00,desconhecida,america_central,0.3229150118972594
7362,2025-10-26 15:21:00,desconhecida,asia,0.19093947198422923
7363,2025-10-26 15:23:00,desconhecida,europa_oriental,0.24869274702206176
7369,2025-10-26 15:38:00,desconhecida,europa_ocidental,0.26406423766886694
7372,2025-10-26 16:13:00,desconhecida,europa_ocidental,0.19635925046061645
7373,2025-10-26 16:16:00,desconhecida,europa_oriental,0.34705861342698374
7376,2025-10-26 16:35:00,desconhecida,europa_ocidental,0.2832583586228386
7378,2025-10-26 17:05:00,desconhecida,america_central,0.21592252547857554
7379,2025-10-26 17:09:00,desconhecida,europa_ocidental,0.30243884514886477
7382,2025-10-26 17:37:00,desconhecida,oriente_medio,0.3417224574925695
7388,2025-10-26 19:40:00,desconhecida,europa_ocidental,0.247357621436938
7389,2025-10-26 19:50:00,desconhecida,america_sul,0.2871411787529523
7396,2025-10-26 20:43:00,desconhecida,america_sul,0.36166093493827534
7399,2025-10-26 21:28:00,europa_oriental,europa_oriental,0.41485288310851953
7401,2025-10-26 21:30:00,desconhecida,america_norte,0.37694597096403104
7402,2025-10-26 21:49:00,desconhecida,america_sul,0.3467763617553103
7406,2025-10-26 22:18:00,desconhecida,america_central,0.781128999317642
7407,2025-10-26 22:56:00,desconhecida,europa_oriental,0.20927752037522052
7409,2025-10-26 23:04:00,desconhecida,oriente_medio,0.6210359832269937
7411,2025-10-27 03:03:00,europa_ocidental,europa_ocidental,0.3661231462873433
7413,2025-10-27 04:03:00,desconhecida,asia,0.5295921045785608
7414,2025-10-27 04:04:00,desconhecida,europa_oriental,0.4745768318521807
7415,2025-10-27 04:05:00,desconhecida,europa_ocidental,0.17512431380614044
7416,2025-10-27 04:06:00,desconhecida,europa_ocidental,0.1841679480373457
7425,2025-10-27 04:14:00,desconhecida,europa_ocidental,0.41357760217860756
7426,2025-10-27 04:15:00,desconhecida,america_sul,0.2688656629068362
7427,2025-10-27 04:15:00,desconhecida,america_sul,0.30392470039466124
7428,2025-10-27 04:16:00,desconhecida,europa_ocidental,0.2831208444855303
7429,2025-10-27 04:29:00,desconhecida,asia,0.30929364484006583
7430,2025-10-27 04:44:00,oriente_medio,oriente_medio,0.6073584314085722
7432,2025-10-27 05:16:00,desconhecida,oriente_medio,0.5075198639502865
7452,2025-10-27 06:16:00,desconhecida,europa_ocidental,0.21846680302239724
7455,2025-10-27 06:18:00,desconhecida,america_sul,0.5406792145950606
7458,2025-10-27 07:08:00,desconhecida,europa_ocidental,0.23778693734098616
7459,2025-10-27 07:11:00,oceania,oceania,0.6862967926042023
7461,2025-10-27 07:27:00,desconhecida,europa_ocidental,0.21867197955579598
7462,2025-10-27 07:44:00,desconhecida,oriente_medio,0.6778829576972245
7466,2025-10-27 08:13:00,desconhecida,oriente_medio,0.2702041346884612
7467,2025-10-27 08:26:00,europa_ocidental,europa_ocidental,0.30822075586370223
7468,2025-10-27 08:42:00,europa_ocidental,europa_ocidental,0.29183325038768365
7469,2025-10-27 08:49:00,desconhecida,europa_oriental,0.3880786876563805
7474,2025-10-27 10:46:00,desconhecida,europa_ocidental,0.3018982104332524
7478,2025-10-27 11:38:00,desconhecida,europa_ocidental,0.31180155677100824
7483,2025-10-27 12:24:00,europa_oriental,europa_oriental,0.47258642042495363
7520,2025-10-27 14:17:00,desconhecida,europa_ocidental,0.23143709084799158
7521,2025-10-27 14:23:00,desconhecida,europa_ocidental,0.20811261831747616
7522,2025-10-27 14:24:00,desconhecida,oriente_medio,0.6315861663716611
7523,2025-10-27 14:55:00,america_norte,america_norte,0.7700323661904658
7526,2025-10-27 15:15:00,desconhecida,america_sul,0.25042397934000316
7527,2025-10-27 15:15:00,europa_ocidental,europa_ocidental,0.3269095675838126
7528,2025-10-27 15:20:00,america_sul,america_sul,0.42468969107398186
7531,2025-10-27 15:42:00,desconhecida,europa_ocidental,0.2753988005449044
7532,2025-10-27 15:51:00,europa_ocidental,europa_ocidental,0.2938274912464985
7533,2025-10-27 16:03:00,europa_ocidental,europa_ocidental,0.3373852627129483
7534,2025-10-27 16:15:00,desconhecida,europa_ocidental,0.24926352160886317
7535,2025-10-27 16:34:00,desconhecida,europa_oriental,0.2357212661569663
7539,2025-10-27 17:01:00,europa_ocidental,europa_ocidental,0.3291790770574442
7540,2025-10-27 17:11:00,desconhecida,europa_oriental,0.21267977338049418
7541,2025-10-27 17:24:00,desconhecida,america_sul,0.48423004417280086
7544,2025-10-27 17:49:00,europa_ocidental,europa_ocidental,0.340163230833272
7552,2025-10-27 17:59:00,desconhecida,america_sul,0.6430950314365225
7561,2025-10-27 18:33:00,desconhecida,europa_oriental,0.34879570607352756
7570,2025-10-27 18:51:00,desconhecida,america_sul,0.41898524101170626
7627,2025-10-27 19:54:00,desconhecida,europa_ocidental,0.19720588628180868
7632,2025-10-27 19:58:00,europa_ocidental,europa_ocidental,0.2547929150768093
7635,2025-10-27 20:01:00,europa_ocidental,europa_ocidental,0.30853113065850685
7636,2025-10-27 20:02:00,oriente_medio,oriente_medio,0.6832079129574533
7641,2025-10-27 20:05:00,europa_ocidental,europa_ocidental,0.30609237627267755
7666,2025-10-27 20:23:00,desconhecida,europa_ocidental,0.3021252744027412
7701,2025-10-27 20:55:00,desconhecida,europa_oriental,0.26114483835122637
7702,2025-10-27 21:10:00,desconhecida,america_central,0.3679758408691993
7703,2025-10-27 21:25:00,desconhecida,europa_oriental,0.5128307158469094
7707,2025-10-27 22:13:00,europa_ocidental,europa_ocidental,0.3604680728956695
7708,2025-10-27 22:29:00,desconhecida,america_sul,0.39957733125495776
7711,2025-10-27 23:44:00,desconhecida,europa_ocidental,0.2496959369745776
7712,2025-10-27 23:51:00,desconhecida,europa_ocidental,0.24883870798353067
7716,2025-10-28 00:42:00,desconhecida,europa_oriental,0.469528223887115
7717,2025-10-28 02:18:00,desconhecida,america_sul,0.4030822789972255
7720,2025-10-28 03:21:00,europa_oriental,europa_oriental,0.3110060411099844
7722,2025-10-28 04:03:00,desconhecida,oriente_medio,0.6411565543380391
7723,2025-10-28 04:05:00,desconhecida,europa_ocidental,0.3259789578338416
7725,2025-10-28 04:06:00,desconhecida,europa_ocidental,0.34100261925364517
7726,2025-10-28 04:07:00,desconhecida,america_sul,0.42172870950257046
7727,2025-10-28 04:08:00,desconhecida,europa_ocidental,0.28439576593718235
7728,2025-10-28 04:09:00,desconhecida,europa_ocidental,0.2904838957440288
7729,2025-10-28 04:11:00,desconhecida,europa_ocidental,0.20052812742272888
7732,2025-10-28 04:26:00,desconhecida,europa_oriental,0.4093773712680916
7734,2025-10-28 04:46:00,desconhecida,asia,0.2279091844283608
7735,2025-10-28 05:19:00,desconhecida,europa_oriental,0.2874381465885508
7742,2025-10-28 06:44:00,desconhecida,europa_ocidental,0.22925042511335028
7744,2025-10-28 07:04:00,desconhecida,europa_oriental,0.3686312210999752
7750,2025-10-28 08:14:00,desconhecida,europa_ocidental,0.24303257004603387
7751,2025-10-28 08:29:00,desconhecida,asia,0.19505041211053095
7753,2025-10-28 08:37:00,desconhecida,europa_ocidental,0.2561352069361823
7755,2025-10-28 08:47:00,desconhecida,america_sul,0.7665327340211617
7757,2025-10-28 08:56:00,desconhecida,europa_ocidental,0.24292619101593663
7758,2025-10-28 09:00:00,desconhecida,oriente_medio,0.37302901103089625
7759,2025-10-28 09:24:00,desconhecida,america_sul,0.7165074974874855
7765,2025-10-28 09:47:00,desconhecida,europa_oriental,0.5895850591861249
7766,2025-10-28 09:48:00,desconhecida,europa_oriental,0.3891901467197102
7767,2025-10-28 09:53:00,desconhecida,europa_oriental,0.22109850717525967
7770,2025-10-28 10:01:00,desconhecida,oriente_medio,0.4784245212327142
7771,2025-10-28 10:02:00,desconhecida,europa_oriental,0.4642841715271149
7774,2025-10-28 10:05:00,desconhecida,europa_oriental,0.32554914508888433
7779,2025-10-28 10:48:00,desconhecida,europa_ocidental,0.3362915110745486
7781,2025-10-28 10:56:00,desconhecida,america_norte,0.19434821828656634
7785,2025-10-28 11:17:00,desconhecida,europa_ocidental,0.37936560514048634
7813,2025-10-28 11:52:00,desconhecida,europa_ocidental,0.2358846497549947
7814,2025-10-28 11:53:00,desconhecida,oriente_medio,0.62768217972224
7815,2025-10-28 11:54:00,desconhecida,europa_oriental,0.3363657174758027
7818,2025-10-28 12:05:00,desconhecida,europa_ocidental,0.20290195792019203
7835,2025-10-28 12:20:00,desconhecida,africa,0.42392489851159487
7874,2025-10-28 12:59:00,desconhecida,europa_ocidental,0.28060097954220775
7878,2025-10-28 13:10:00,desconhecida,europa_ocidental,0.18810436898091576
7879,2025-10-28 13:17:00,desconhecida,oriente_medio,0.4947662916064171
7884,2025-10-28 13:49:00,desconhecida,oriente_medio,0.5114858250957803
7885,2025-10-28 14:11:00,desconhecida,europa_ocidental,0.3301535082870753
7886,2025-10-28 14:13:00,desconhecida,america_sul,0.41898524101170626
7887,2025-10-28 14:16:00,desconhecida,africa,0.20833600852047382
7892,2025-10-28 14:43:00,desconhecida,america_sul,0.18141676483358404
7894,2025-10-28 14:57:00,desconhecida,europa_ocidental,0.18086248648590206
7895,2025-10-28 15:00:00,desconhecida,oriente_medio,0.4534348912547885
7900,2025-10-28 15:32:00,desconhecida,europa_oriental,0.43201570388228344
7901,2025-10-28 15:34:00,desconhecida,europa_ocidental,0.3122706308668296
7904,2025-10-28 16:02:00,desconhecida,europa_ocidental,0.28103460201186203
7912,2025-10-28 16:23:00,desconhecida,europa_ocidental,0.36908536788984003
7921,2025-10-28 16:38:00,desconhecida,europa_ocidental,0.2396940039224843
7922,2025-10-28 16:39:00,desconhecida,oriente_medio,0.6552201122556348
7925,2025-10-28 16:50:00,desconhecida,america_norte,0.22317846367726693
7927,2025-10-28 16:53:00,desconhecida,europa_oriental,0.2288445272536952
7933,2025-10-28 18:00:00,desconhecida,europa_ocidental,0.35717726414078477
7936,2025-10-28 18:03:00,desconhecida,europa_ocidental,0.34014489148152127
7941,2025-10-28 18:13:00,desconhecida,europa_ocidental,0.23195325645883988
7952,2025-10-28 18:23:00,oriente_medio,oriente_medio,0.5880137025910755
7953,2025-10-28 18:24:00,desconhecida,europa_ocidental,0.41304481811126115
7957,2025-10-28 18:27:00,desconhecida,europa_ocidental,0.24212064443241907
7964,2025-10-28 18:33:00,desconhecida,europa_ocidental,0.35225905341385766
7966,2025-10-28 18:34:00,desconhecida,europa_ocidental,0.3244861794771604
7967,2025-10-28 18:35:00,desconhecida,europa_ocidental,0.3082440177936142
7968,2025-10-28 18:36:00,desconhecida,europa_ocidental,0.2366506556895611
7969,2025-10-28 18:37:00,desconhecida,europa_ocidental,0.2915441964765234
7970,2025-10-28 18:43:00,desconhecida,europa_ocidental,0.3682980059292424
7972,2025-10-28 18:45:00,desconhecida,europa_ocidental,0.22211654632787758
7979,2025-10-28 19:05:00,desconhecida,europa_ocidental,0.24708247713118975
7981,2025-10-28 19:41:00,desconhecida,america_sul,0.33350730559577074
7983,2025-10-28 20:04:00,europa_ocidental,europa_ocidental,0.2675844313840121
7990,2025-10-28 21:53:00,desconhecida,europa_oriental,0.3172338101936154
7991,2025-10-28 22:02:00,oriente_medio,oriente_medio,0.5945732598412605
7992,2025-10-28 22:07:00,desconhecida,europa_ocidental,0.2172866688247902
7999,2025-10-29 01:14:00,desconhecida,africa,0.28123037172321314
8000,2025-10-29 01:43:00,desconhecida,europa_ocidental,0.23122248873208984
8001,2025-10-29 01:49:00,desconhecida,america_sul,0.4012970392121101
8007,2025-10-29 04:01:00,desconhecida,america_central,0.3083118743922232
8008,2025-10-29 04:03:00,desconhecida,oriente_medio,0.7284951741200476
8009,2025-10-29 04:04:00,desconhecida,europa_oriental,0.25574267600444295
8010,2025-10-29 04:04:00,desconhecida,europa_oriental,0.22242787193547825
8015,2025-10-29 04:08:00,desconhecida,europa_oriental,0.19813735232899585
8016,2025-10-29 04:09:00,desconhecida,europa_ocidental,0.2503610578248042
8024,2025-10-29 04:14:00,desconhecida,africa,0.22350999758288387
8025,2025-10-29 04:15:00,europa_ocidental,europa_ocidental,0.2843102448385184
8027,2025-10-29 04:20:00,desconhecida,europa_oriental,0.18359694745243155
8034,2025-10-29 05:08:00,desconhecida,europa_ocidental,0.2708625899916636
8035,2025-10-29 05:13:00,desconhecida,europa_ocidental,0.22593641488174943
8037,2025-10-29 05:36:00,desconhecida,america_central,0.3934420280263484
8038,2025-10-29 05:46:00,desconhecida,europa_ocidental,0.25955026312406065
8039,2025-10-29 06:01:00,desconhecida,europa_oriental,0.3493143796898919
8041,2025-10-29 06:03:00,desconhecida,america_central,0.18964628395704072
8044,2025-10-29 06:10:00,desconhecida,europa_ocidental,0.2901923859102787
8045,2025-10-29 06:13:00,desconhecida,america_sul,0.35581516294209314
8048,2025-10-29 06:51:00,desconhecida,oriente_medio,0.25677605764180944
8052,2025-10-29 07:11:00,desconhecida,europa_oriental,0.30403766110025704
8053,2025-10-29 07:12:00,desconhecida,europa_ocidental,0.2735607607221687
8054,2025-10-29 07:14:00,desconhecida,europa_oriental,0.46689867570438043
8073,2025-10-29 07:39:00,desconhecida,oriente_medio,0.6798682819202224
8074,2025-10-29 07:40:00,desconhecida,asia,0.21069903657142244
8075,2025-10-29 07:41:00,desconhecida,asia,0.3621186532238752
8076,2025-10-29 07:45:00,desconhecida,asia,0.22573908311617688
8097,2025-10-29 08:07:00,desconhecida,america_sul,0.2991437066342256
8113,2025-10-31 09:07:00,desconhecida,asia,0.5230735521386757
8115,2025-10-31 09:09:00,desconhecida,europa_oriental,0.4204856006235652
8116,2025-10-31 09:10:00,desconhecida,europa_ocidental,0.20172676985248514
8119,2025-10-31 09:12:00,desconhecida,europa_ocidental,0.3609082750643847
8123,2025-10-31 09:16:00,desconhecida,oriente_medio,0.6161893810825205
8125,2025-10-31 09:19:00,desconhecida,europa_oriental,0.31883032393237554
8128,2025-10-31 09:33:00,desconhecida,europa_ocidental,0.3211735205364271
8130,2025-10-31 09:34:00,desconhecida,oriente_medio,0.6384651954837437
8133,2025-10-31 09:40:00,desconhecida,europa_ocidental,0.2896340298991436
8138,2025-10-31 09:44:00,desconhecida,europa_ocidental,0.20831925988689098
8139,2025-10-31 09:45:00,desconhecida,europa_oriental,0.31044435436000994
8149,2025-10-31 09:53:00,desconhecida,europa_oriental,0.22293630239434695
8155,2025-10-31 09:58:00,desconhecida,europa_oriental,0.18523375561475047
8163,2025-10-31 10:03:00,desconhecida,europa_ocidental,0.17818117092814878
8175,2025-10-31 10:10:00,desconhecida,america_sul,0.4128829437456902
8177,2025-10-31 10:12:00,desconhecida,europa_ocidental,0.28410725431200884
8181,2025-10-31 10:17:00,desconhecida,europa_oriental,0.31564428935699407
8183,2025-10-31 10:18:00,desconhecida,europa_oriental,0.2054783455539663
8186,2025-10-31 10:21:00,desconhecida,europa_ocidental,0.2981054601109083
8189,2025-10-31 10:25:00,desconhecida,europa_ocidental,0.32785459528890465
8197,2025-10-31 10:31:00,desconhecida,europa_ocidental,0.2586149993125862
8204,2025-10-31 10:39:00,desconhecida,europa_oriental,0.31992884541123773
8208,2025-10-31 10:40:00,desconhecida,europa_oriental,0.5579021765105978
8210,2025-10-31 10:45:00,desconhecida,europa_oriental,0.38859985833031147
8211,2025-10-31 10:48:00,desconhecida,europa_ocidental,0.3771518910575632
8214,2025-10-31 10:52:00,desconhecida,asia,0.22327498063639123
8220,2025-10-31 11:03:00,desconhecida,oriente_medio,0.34633482841835633
8222,2025-10-31 11:08:00,desconhecida,europa_ocidental,0.2632163555375641
8223,2025-10-31 11:09:00,desconhecida,europa_ocidental,0.29317681977631893
8225,2025-10-31 11:13:00,desconhecida,europa_ocidental,0.3082913431445422
8228,2025-10-31 11:17:00,desconhecida,europa_ocidental,0.22975913454538088
8229,2025-10-31 11:18:00,desconhecida,europa_oriental,0.2617854112119311
8231,2025-10-31 11:20:00,desconhecida,oriente_medio,0.5129798500440168
8232,2025-10-31 11:21:00,desconhecida,europa_oriental,0.5234254955836803
8234,2025-10-31 11:23:00,desconhecida,asia,0.46069753153800086
8239,2025-10-31 11:26:00,desconhecida,europa_oriental,0.25684153740264415
8242,2025-10-31 11:28:00,desconhecida,europa_ocidental,0.18816287763922818
8245,2025-10-31 11:29:00,desconhecida,europa_ocidental,0.21392674236950274
8252,2025-10-31 11:34:00,desconhecida,america_sul,0.41741938647557164
8253,2025-10-31 11:36:00,desconhecida,europa_oriental,0.2851107800005682
8255,2025-10-31 11:38:00,desconhecida,europa_ocidental,0.17947168600873162
8257,2025-10-31 11:39:00,desconhecida,oriente_medio,0.29008087286936746
8259,2025-10-31 11:43:00,desconhecida,europa_ocidental,0.273737053102334
8262,2025-10-31 11:52:00,desconhecida,europa_oriental,0.42769185080787175
8264,2025-10-31 12:07:00,desconhecida,europa_ocidental,0.3586125125166764
8265,2025-10-31 12:13:00,desconhecida,europa_ocidental,0.2850704174886902
8266,2025-10-31 12:14:00,desconhecida,asia,0.17235475294505115
8267,2025-10-31 12:17:00,desconhecida,asia,0.3238400133983957
8268,2025-10-31 12:25:00,desconhecida,europa_oriental,0.3722245156666018
8272,2025-10-31 12:29:00,desconhecida,europa_ocidental,0.3055064411838676
8273,2025-10-31 12:33:00,desconhecida,europa_oriental,0.2553038270528791
8277,2025-10-31 12:36:00,america_sul,america_sul,0.5172504745403591
8278,2025-10-31 12:37:00,desconhecida,europa_oriental,0.2303111838951759
8280,2025-10-31 12:40:00,desconhecida,europa_ocidental,0.17261067958080986
8283,2025-10-31 12:54:00,desconhecida,europa_ocidental,0.22066261337314522
8285,2025-10-31 13:03:00,desconhecida,europa_ocidental,0.30223197902696985
8287,2025-10-31 13:04:00,desconhecida,europa_oriental,0.27734467332038304
8289,2025-10-31 13:13:00,desconhecida,europa_ocidental,0.2594567532623018
8290,2025-10-31 13:14:00,desconhecida,europa_ocidental,0.39795274393698776
8292,2025-10-31 13:15:00,desconhecida,europa_ocidental,0.2635865545297053
8294,2025-10-31 13:19:00,desconhecida,europa_ocidental,0.23050402273248244
8295,2025-10-31 13:23:00,desconhecida,oriente_medio,0.5460609050556448
8300,2025-10-31 13:36:00,desconhecida,oriente_medio,0.7247165796724748
8301,2025-10-31 13:38:00,desconhecida,europa_ocidental,0.1778794416544585
8303,2025-10-31 13:39:00,desconhecida,europa_ocidental,0.24557855640684775
8305,2025-10-31 13:47:00,desconhecida,europa_ocidental,0.2364416036904082
8309,2025-10-31 13:56:00,desconhecida,america_central,0.5354968626108922
8311,2025-10-31 14:13:00,desconhecida,europa_oriental,0.4006481325352826
8314,2025-10-31 14:16:00,desconhecida,oceania,0.7980579169959886
8317,2025-10-31 14:24:00,desconhecida,europa_oriental,0.4133453211972335
8319,2025-10-31 14:32:00,desconhecida,europa_oriental,0.36397258768733926
8322,2025-10-31 14:45:00,desconhecida,oriente_medio,0.4198954388782467
8323,2025-10-31 14:47:00,desconhecida,europa_ocidental,0.3511774392947651
8333,2025-10-31 15:12:00,desconhecida,asia,0.636420040977905
8335,2025-10-31 15:18:00,desconhecida,europa_oriental,0.5645090673641471
8337,2025-10-31 15:21:00,desconhecida,europa_ocidental,0.28815346244067225
8339,2025-10-31 15:24:00,desconhecida,europa_ocidental,0.3064825101087304
8341,2025-10-31 15:33:00,desconhecida,europa_oriental,0.2192978595683507
8342,2025-10-31 15:34:00,desconhecida,europa_oriental,0.3095103811015856
8344,2025-10-31 15:35:00,desconhecida,europa_ocidental,0.22100858951957875
8345,2025-10-31 15:36:00,desconhecida,europa_oriental,0.4993838096337638
8346,2025-10-31 15:37:00,desconhecida,europa_oriental,0.39584557604409826
8348,2025-10-31 15:39:00,desconhecida,oriente_medio,0.5522011210843484
8350,2025-10-31 15:41:00,desconhecida,america_central,0.3288666414877447
8352,2025-10-31 15:50:00,desconhecida,oriente_medio,0.2871230504555871
8356,2025-10-31 16:01:00,desconhecida,america_sul,0.47319540416237227
8357,2025-10-31 16:03:00,desconhecida,asia,0.297444392217527
8362,2025-10-31 16:09:00,desconhecida,america_sul,0.284417127133084
8364,2025-10-31 16:15:00,desconhecida,america_sul,0.34657908951634586
8367,2025-10-31 16:18:00,desconhecida,europa_ocidental,0.28346739337034227
8525,2025-10-31 21:27:00,desconhecida,europa_ocidental,0.30835500947900535
8527,2025-10-31 21:27:00,desconhecida,europa_ocidental,0.30381606601055083
8528,2025-10-31 21:28:00,desconhecida,europa_ocidental,0.23190304889458946
8530,2025-10-31 22:30:00,desconhecida,europa_ocidental,0.33970051431321563
8534,2025-10-31 22:33:00,desconhecida,america_sul,0.5511249387679377
8539,2025-10-31 22:36:00,desconhecida,america_sul,0.3446966540282208
8546,2025-10-31 23:10:00,desconhecida,oceania,0.5768452157316052
8553,2025-10-31 23:27:00,desconhecida,america_sul,0.30966625012147175
8554,2025-10-31 23:28:00,desconhecida,europa_ocidental,0.2532529836688991
8556,2025-10-31 23:46:00,desconhecida,asia,0.5196504800164329
8561,2025-11-01 00:08:00,desconhecida,europa_ocidental,0.23787726231897222
8564,2025-11-01 00:19:00,desconhecida,america_sul,0.20998876346141648
8567,2025-11-01 00:49:00,desconhecida,europa_oriental,0.23663739427755068
8568,2025-11-01 00:52:00,desconhecida,europa_oriental,0.2729617946093474
8569,2025-11-01 00:54:00,desconhecida,asia,0.18237078130278875
8570,2025-11-01 00:55:00,desconhecida,oriente_medio,0.22230314280696342
8571,2025-11-01 00:58:00,desconhecida,europa_ocidental,0.32028690979438135
8572,2025-11-01 01:00:00,desconhecida,europa_ocidental,0.3071519358254794
8573,2025-11-01 01:01:00,desconhecida,europa_ocidental,0.3190361249109544
8574,2025-11-01 01:03:00,desconhecida,europa_ocidental,0.36556988766274234
8576,2025-11-01 01:08:00,desconhecida,europa_ocidental,0.28335937709048625
8577,2025-11-01 01:17:00,desconhecida,europa_ocidental,0.28001383502876953
8578,2025-11-01 01:18:00,desconhecida,europa_ocidental,0.4131518996122233
8581,2025-11-01 01:55:00,desconhecida,europa_ocidental,0.1960955299574778
8583,2025-11-01 02:05:00,desconhecida,europa_ocidental,0.42939486055943843
8585,2025-11-01 02:17:00,desconhecida,america_sul,0.2743716432155725
8588,2025-11-01 02:27:00,desconhecida,europa_ocidental,0.26594267042160596
8589,2025-11-01 02:39:00,desconhecida,asia,0.2803752393550426
8591,2025-11-01 02:54:00,desconhecida,europa_ocidental,0.24873536992385106
8592,2025-11-01 02:58:00,desconhecida,europa_ocidental,0.18449850304743434
8593,2025-11-01 02:59:00,desconhecida,europa_ocidental,0.2529634900038842
8595,2025-11-01 03:05:00,desconhecida,europa_ocidental,0.5061061822652014
8596,2025-11-01 03:14:00,desconhecida,europa_oriental,0.4711756953206667
8598,2025-11-01 03:17:00,desconhecida,europa_ocidental,0.2822892378537613
8599,2025-11-01 03:30:00,desconhecida,europa_ocidental,0.30753280199453625
8600,2025-11-01 03:32:00,desconhecida,asia,0.6219217296052547
8601,2025-11-01 03:40:00,desconhecida,asia,0.41251227786077577
8604,2025-11-01 04:06:00,desconhecida,europa_ocidental,0.294288451208515
8605,2025-11-01 04:07:00,desconhecida,europa_ocidental,0.2254072026288464
8606,2025-11-01 04:08:00,desconhecida,europa_ocidental,0.27787055924014625
8607,2025-11-01 04:09:00,desconhecida,america_norte,0.31214492111712294
8609,2025-11-01 04:11:00,desconhecida,america_sul,0.26242711164436117
8610,2025-11-01 04:13:00,desconhecida,america_sul,0.3316263058685972
8611,2025-11-01 04:14:00,desconhecida,europa_oriental,0.3039461588316631
8613,2025-11-01 04:16:00,desconhecida,europa_ocidental,0.35696047076645887
8614,2025-11-01 04:18:00,desconhecida,europa_ocidental,0.3610957501868853
8615,2025-11-01 04:20:00,desconhecida,asia,0.43243476804796943
8617,2025-11-01 04:21:00,desconhecida,europa_ocidental,0.3528446307506095
8618,2025-11-01 04:22:00,desconhecida,africa,0.24649561490123517
8619,2025-11-01 04:23:00,desconhecida,europa_ocidental,0.32435579315117946
8621,2025-11-01 04:24:00,desconhecida,america_sul,0.3152350230809093
8622,2025-11-01 04:25:00,desconhecida,europa_ocidental,0.3197974815141161
8623,2025-11-01 04:26:00,desconhecida,europa_ocidental,0.4128314450323886
8626,2025-11-01 04:27:00,desconhecida,europa_ocidental,0.42108014267873844
8627,2025-11-01 04:28:00,desconhecida,america_norte,0.3650435074492054
8629,2025-11-01 04:29:00,desconhecida,europa_oriental,0.5733861384023293
8631,2025-11-01 04:30:00,desconhecida,europa_ocidental,0.32538951675463895
8632,2025-11-01 04:31:00,desconhecida,europa_ocidental,0.2609707105310494
8633,2025-11-01 04:32:00,desconhecida,europa_ocidental,0.35831359154689124
8634,2025-11-01 04:33:00,desconhecida,europa_ocidental,0.4124850960916101
8635,2025-11-01 04:35:00,desconhecida,europa_ocidental,0.32533864466241785
8637,2025-11-01 04:43:00,desconhecida,europa_ocidental,0.40292487397148014
8640,2025-11-01 04:45:00,desconhecida,europa_ocidental,0.28565361292518204
8643,2025-11-01 04:49:00,desconhecida,america_central,0.2650154586284767
8644,2025-11-01 04:56:00,desconhecida,europa_ocidental,0.31072627141069165
8645,2025-11-01 04:57:00,desconhecida,europa_ocidental,0.21222685945566472
8648,2025-11-01 05:02:00,desconhecida,europa_ocidental,0.40060210253621736
8649,2025-11-01 05:05:00,desconhecida,europa_ocidental,0.42733706255961174
8651,2025-11-01 05:18:00,desconhecida,oriente_medio,0.5213844796296978
8653,2025-11-01 05:25:00,desconhecida,europa_ocidental,0.3069456694306892
8655,2025-11-01 05:31:00,desconhecida,europa_ocidental,0.3414249556355211
8656,2025-11-01 05:32:00,desconhecida,europa_ocidental,0.3602338607383863
8657,2025-11-01 05:34:00,desconhecida,america_norte,0.4114755149334072
8659,2025-11-01 05:36:00,desconhecida,asia,0.4204181858412709
8662,2025-11-01 05:42:00,desconhecida,europa_ocidental,0.20903004005217699
8665,2025-11-01 05:43:00,desconhecida,europa_oriental,0.7161535326883472
8666,2025-11-01 05:44:00,desconhecida,europa_ocidental,0.19232770416851452
8668,2025-11-01 05:46:00,desconhecida,europa_ocidental,0.2560290617953928
8669,2025-11-01 05:49:00,desconhecida,europa_ocidental,0.3698380155626666
8675,2025-11-01 06:06:00,desconhecida,oriente_medio,0.628277103591048
8676,2025-11-01 06:08:00,desconhecida,europa_ocidental,0.276329347500239
8677,2025-11-01 06:10:00,desconhecida,europa_ocidental,0.28301274115115344
8681,2025-11-01 06:13:00,desconhecida,europa_ocidental,0.26426906655618887
8682,2025-11-01 06:14:00,desconhecida,europa_oriental,0.18021305997683862
8687,2025-11-01 06:20:00,desconhecida,europa_oriental,0.29446665847186815
8690,2025-11-01 06:31:00,desconhecida,europa_ocidental,0.24311855730593782
8692,2025-11-01 06:35:00,desconhecida,europa_ocidental,0.37851671142722
8696,2025-11-01 06:42:00,desconhecida,europa_ocidental,0.3943792180816951
8698,2025-11-01 06:46:00,desconhecida,europa_ocidental,0.35778546407309614
8699,2025-11-01 06:56:00,desconhecida,america_sul,0.18740635193345576
8700,2025-11-01 07:01:00,desconhecida,europa_oriental,0.4814898779079242
8702,2025-11-01 07:03:00,desconhecida,oriente_medio,0.29380674612883834
8703,2025-11-01 07:06:00,desconhecida,europa_ocidental,0.23013162118771993
8708,2025-11-01 07:12:00,desconhecida,europa_ocidental,0.22257611601176305
8710,2025-11-01 07:13:00,desconhecida,asia,0.36554652783607694
8711,2025-11-01 07:13:00,desconhecida,europa_ocidental,0.2540899866070172
8712,2025-11-01 07:20:00,desconhecida,europa_ocidental,0.27162959160908307
8714,2025-11-01 07:22:00,desconhecida,europa_ocidental,0.38669269280302637
8717,2025-11-01 07:39:00,desconhecida,oriente_medio,0.286410052948258
8720,2025-11-01 07:45:00,desconhecida,america_central,0.21777698290595443
8726,2025-11-01 07:51:00,desconhecida,europa_oriental,0.2040798546052253
8727,2025-11-01 07:53:00,desconhecida,asia,0.3428568093786946
8728,2025-11-01 07:57:00,desconhecida,europa_oriental,0.39591484584841247
8730,2025-11-01 07:58:00,desconhecida,europa_ocidental,0.3285277434653103
8733,2025-11-01 08:02:00,desconhecida,europa_ocidental,0.2260037790593672
8734,2025-11-01 08:04:00,desconhecida,europa_ocidental,0.3966819813813506
8739,2025-11-01 08:17:00,desconhecida,america_sul,0.29948002757286396
8740,2025-11-01 08:19:00,desconhecida,asia,0.41177411347952275
8741,2025-11-01 08:21:00,desconhecida,europa_ocidental,0.1977424242762979
8742,2025-11-01 08:22:00,desconhecida,europa_ocidental,0.23836623284127886
8743,2025-11-01 08:23:00,desconhecida,europa_ocidental,0.32196458164731806
8744,2025-11-01 08:24:00,desconhecida,asia,0.2420658891164022
8747,2025-11-01 08:27:00,desconhecida,europa_ocidental,0.23364188247697604
8748,2025-11-01 08:34:00,desconhecida,asia,0.24141634913898183
8753,2025-11-01 08:41:00,desconhecida,america_sul,0.21214068806027353
8754,2025-11-01 08:42:00,desconhecida,europa_ocidental,0.2518158207175179
8755,2025-11-01 08:43:00,desconhecida,europa_oriental,0.25182418369121445
8757,2025-11-01 08:44:00,desconhecida,europa_ocidental,0.31714560751829707
8759,2025-11-01 08:46:00,desconhecida,america_norte,0.4529771560706645
8760,2025-11-01 08:47:00,desconhecida,europa_ocidental,0.40718803540267157
8763,2025-11-01 08:55:00,america_sul,america_sul,0.3582556934825381
8764,2025-11-01 08:57:00,desconhecida,europa_ocidental,0.23725621159831878
8765,2025-11-01 08:58:00,desconhecida,america_central,0.279315662878936
8766,2025-11-01 08:59:00,desconhecida,europa_ocidental,0.24333559631232893
8769,2025-11-01 09:05:00,desconhecida,europa_oriental,0.18999393837667158
8771,2025-11-01 09:07:00,desconhecida,america_central,0.4004966586515883
8775,2025-11-01 09:10:00,desconhecida,europa_oriental,0.4237762191143276
8782,2025-11-01 09:20:00,desconhecida,europa_oriental,0.2652268879381214
8790,2025-11-01 09:36:00,desconhecida,europa_ocidental,0.16952305791751376
8792,2025-11-01 09:43:00,desconhecida,europa_ocidental,0.30531702065475314
8793,2025-11-01 09:44:00,desconhecida,europa_ocidental,0.2586894180071955
8795,2025-11-01 09:47:00,desconhecida,europa_oriental,0.47337546888363136
8796,2025-11-01 09:53:00,desconhecida,europa_ocidental,0.2841655993794219
8798,2025-11-01 09:55:00,desconhecida,asia,0.3866079020333694
8810,2025-11-01 10:06:00,desconhecida,europa_ocidental,0.19066705198505052
8811,2025-11-01 10:13:00,desconhecida,europa_ocidental,0.24718911676043012
8812,2025-11-01 10:14:00,desconhecida,europa_ocidental,0.2409049124870799
8815,2025-11-01 10:18:00,desconhecida,europa_ocidental,0.2053355786793515
8816,2025-11-01 10:19:00,europa_ocidental,europa_ocidental,0.2738503741457016
8817,2025-11-01 10:21:00,desconhecida,europa_ocidental,0.2991588408675717
8821,2025-11-01 10:24:00,desconhecida,europa_ocidental,0.1928633547264582
8823,2025-11-01 10:26:00,desconhecida,asia,0.3891403817003109
8824,2025-11-01 10:29:00,desconhecida,america_sul,0.31775560281777593
8846,2025-11-01 10:49:00,desconhecida,europa_ocidental,0.24876113549434173
8872,2025-11-01 11:09:00,desconhecida,europa_ocidental,0.3499961312287759
8875,2025-11-01 11:13:00,desconhecida,europa_oriental,0.31512053073480945
8876,2025-11-01 11:15:00,desconhecida,europa_ocidental,0.31967918239363624
8877,2025-11-01 11:17:00,desconhecida,america_central,0.45911295151424864
8883,2025-11-01 11:27:00,desconhecida,europa_ocidental,0.2972999325869442
8885,2025-11-01 11:31:00,desconhecida,europa_ocidental,0.2672136659716222
8886,2025-11-01 11:33:00,desconhecida,oriente_medio,0.46220341906844575
8898,2025-11-01 11:44:00,desconhecida,asia,0.3003388999658124
8899,2025-11-01 11:45:00,desconhecida,america_central,0.1776340997989602
8900,2025-11-01 11:46:00,desconhecida,europa_ocidental,0.4445344611028174
8901,2025-11-01 11:47:00,america_central,america_central,0.5567793957293583
8902,2025-11-01 11:48:00,desconhecida,europa_ocidental,0.2545337688292358
8909,2025-11-01 11:58:00,desconhecida,europa_ocidental,0.20930374677378108
8911,2025-11-01 12:04:00,desconhecida,europa_ocidental,0.29414971488821173
8912,2025-11-01 12:06:00,desconhecida,europa_oriental,0.4147581863649363
8913,2025-11-01 12:08:00,desconhecida,europa_ocidental,0.3385862307400082
8915,2025-11-01 12:10:00,desconhecida,asia,0.3791041824804031
8921,2025-11-01 12:21:00,desconhecida,europa_oriental,0.3360486450126806
8943,2025-11-01 12:37:00,desconhecida,europa_ocidental,0.2916626923662418
8947,2025-11-01 12:40:00,desconhecida,europa_ocidental,0.30400406041073896
8961,2025-11-01 12:51:00,desconhecida,america_sul,0.37009392939735436
8967,2025-11-01 12:58:00,desconhecida,america_central,0.6070586415180164
8972,2025-11-01 13:01:00,desconhecida,europa_ocidental,0.1974145361737507
8979,2025-11-01 13:06:00,desconhecida,europa_ocidental,0.26514662962126256
8988,2025-11-01 13:12:00,europa_ocidental,europa_ocidental,0.23135308766873022
8994,2025-11-01 13:18:00,desconhecida,oriente_medio,0.24455162933850155
9000,2025-11-01 13:22:00,desconhecida,europa_ocidental,0.3574085994767871
9019,2025-11-01 13:37:00,desconhecida,europa_oriental,0.23504485983265855
9023,2025-11-01 13:43:00,desconhecida,europa_ocidental,0.2758625153412072
9026,2025-11-01 13:48:00,desconhecida,europa_oriental,0.3012038197529314
9029,2025-11-01 13:54:00,desconhecida,europa_ocidental,0.2636172842892999
9032,2025-11-01 14:01:00,desconhecida,europa_oriental,0.4200166097470191
9035,2025-11-01 14:09:00,desconhecida,europa_ocidental,0.2938981599742502
9036,2025-11-01 14:12:00,desconhecida,europa_ocidental,0.437414441070249
9038,2025-11-01 14:14:00,desconhecida,europa_ocidental,0.3553133123051649
9040,2025-11-01 14:16:00,desconhecida,europa_ocidental,0.29011009003415117
9042,2025-11-01 14:20:00,desconhecida,europa_ocidental,0.23441762486237433
9043,2025-11-01 14:24:00,desconhecida,oriente_medio,0.5634111370887988
9044,2025-11-01 14:25:00,desconhecida,america_sul,0.31955308708091634
9045,2025-11-01 14:26:00,desconhecida,europa_ocidental,0.29630855387644167
9056,2025-11-01 14:52:00,desconhecida,europa_ocidental,0.27297808673519974
9058,2025-11-01 15:03:00,desconhecida,oriente_medio,0.6083191227636678
9061,2025-11-01 15:15:00,desconhecida,europa_oriental,0.31757955076558475
9062,2025-11-01 15:17:00,desconhecida,america_sul,0.26994296730652556
9063,2025-11-01 15:18:00,desconhecida,europa_ocidental,0.2691682594998051
9065,2025-11-01 15:22:00,desconhecida,america_norte,0.40807058662183326
9066,2025-11-01 15:33:00,desconhecida,europa_ocidental,0.3023424026061525
9067,2025-11-01 15:34:00,desconhecida,europa_ocidental,0.21144883862639613
9069,2025-11-01 15:36:00,desconhecida,europa_ocidental,0.2695528241469335
9070,2025-11-01 15:38:00,desconhecida,europa_oriental,0.4088950298394497
9072,2025-11-01 15:47:00,desconhecida,europa_oriental,0.21225550011494596
9073,2025-11-01 15:52:00,desconhecida,europa_oriental,0.37712480653192504
9074,2025-11-01 15:54:00,desconhecida,europa_ocidental,0.32228935503458045
9080,2025-11-01 16:14:00,desconhecida,europa_ocidental,0.251900572471936
9081,2025-11-01 16:17:00,desconhecida,america_sul,0.30485825281729817
9086,2025-11-01 16:24:00,desconhecida,america_sul,0.36071308521119144
9087,2025-11-01 16:26:00,desconhecida,africa,0.31678035149274775
9089,2025-11-01 16:29:00,desconhecida,oriente_medio,0.6493594774541482
9092,2025-11-01 16:35:00,desconhecida,oceania,0.8554426841429938
9093,2025-11-01 16:43:00,desconhecida,europa_ocidental,0.27222588556231575
9097,2025-11-01 16:50:00,desconhecida,america_sul,0.59602498025219
9098,2025-11-01 16:53:00,desconhecida,europa_ocidental,0.3545802640942533
9100,2025-11-01 16:55:00,desconhecida,europa_oriental,0.3743553342751107
9104,2025-11-01 17:03:00,desconhecida,america_sul,0.5026429209444879
9106,2025-11-01 17:08:00,desconhecida,america_sul,0.24170509744522534
9107,2025-11-01 17:11:00,desconhecida,oriente_medio,0.32451581999120266
9108,2025-11-01 17:15:00,desconhecida,america_sul,0.27149825862182186
9109,2025-11-01 17:21:00,desconhecida,europa_ocidental,0.1995688321338149
9111,2025-11-01 17:26:00,desconhecida,europa_ocidental,0.36398936472899346
9112,2025-11-01 17:31:00,desconhecida,europa_ocidental,0.17423166297196951
9113,2025-11-01 17:34:00,desconhecida,europa_ocidental,0.267892301119948
9115,2025-11-01 17:41:00,desconhecida,america_sul,0.35050151133061774
9116,2025-11-01 17:45:00,desconhecida,america_sul,0.33442446415362925
9117,2025-11-01 17:48:00,desconhecida,europa_ocidental,0.18904938257381917
9118,2025-11-01 17:49:00,desconhecida,europa_ocidental,0.19682694231575357
9125,2025-11-01 18:09:00,desconhecida,america_norte,0.19929703142952174
9127,2025-11-01 18:34:00,desconhecida,europa_ocidental,0.31996867636798487
9132,2025-11-01 18:50:00,desconhecida,asia,0.1676183197950126
9134,2025-11-01 19:08:00,desconhecida,europa_ocidental,0.2482261650028774
9136,2025-11-01 19:24:00,desconhecida,europa_oriental,0.3740452282225646
9137,2025-11-01 19:43:00,desconhecida,europa_ocidental,0.3232757984762716
9138,2025-11-01 19:57:00,desconhecida,america_norte,0.44419383136105905
9142,2025-11-01 20:03:00,desconhecida,america_sul,0.19297111413915258
9144,2025-11-01 20:25:00,desconhecida,america_sul,0.23313784013167946
9148,2025-11-01 20:42:00,desconhecida,america_sul,0.3308874417889185
9149,2025-11-01 20:47:00,desconhecida,america_sul,0.43179013961975565
9150,2025-11-01 20:49:00,desconhecida,europa_ocidental,0.306893348682587
9153,2025-11-01 21:35:00,desconhecida,america_central,0.5015994460448167
9155,2025-11-01 21:50:00,desconhecida,europa_oriental,0.2187762170833884
9158,2025-11-01 22:15:00,desconhecida,europa_ocidental,0.2632512903274638
9161,2025-11-01 22:32:00,desconhecida,europa_ocidental,0.21086966089256395
9162,2025-11-01 23:15:00,desconhecida,europa_ocidental,0.25516670838475336
9163,2025-11-01 23:33:00,desconhecida,oceania,0.23795222200273305
9167,2025-11-02 00:13:00,desconhecida,europa_oriental,0.43088018347049023
9171,2025-11-02 00:43:00,desconhecida,europa_oriental,0.23241855133191128
9172,2025-11-02 00:51:00,desconhecida,africa,0.23897822503385965
9173,2025-11-02 00:54:00,desconhecida,america_sul,0.2422192285421594
9175,2025-11-02 01:16:00,desconhecida,europa_ocidental,0.3872851168207104
9176,2025-11-02 01:17:00,desconhecida,europa_ocidental,0.2535164477163092
9177,2025-11-02 01:24:00,desconhecida,europa_ocidental,0.2932297021647801
9179,2025-11-02 01:50:00,desconhecida,america_sul,0.17568355286758092
9180,2025-11-02 02:02:00,desconhecida,europa_ocidental,0.29075201200439654
9181,2025-11-02 02:10:00,desconhecida,europa_oriental,0.5176138134947464
9184,2025-11-02 02:33:00,desconhecida,asia,0.23103734100628215
9185,2025-11-02 02:37:00,desconhecida,europa_oriental,0.4019952647704973
9193,2025-11-02 03:03:00,desconhecida,america_sul,0.21311549374103522
9198,2025-11-02 03:32:00,desconhecida,europa_ocidental,0.38908716048512054
9200,2025-11-02 03:56:00,desconhecida,europa_oriental,0.22018499967090233
9201,2025-11-02 03:57:00,desconhecida,asia,0.3300426309311997
9202,2025-11-02 04:01:00,desconhecida,oriente_medio,0.47779107578229596
9203,2025-11-02 04:04:00,desconhecida,europa_oriental,0.2622326415805387
9205,2025-11-02 04:05:00,desconhecida,europa_ocidental,0.25032255777240425
9206,2025-11-02 04:06:00,desconhecida,oriente_medio,0.6745425549042803
9207,2025-11-02 04:07:00,desconhecida,europa_ocidental,0.31589653572783977
9208,2025-11-02 04:08:00,desconhecida,europa_oriental,0.28152691086466036
9209,2025-11-02 04:09:00,desconhecida,europa_ocidental,0.34255913096557383
9210,2025-11-02 04:11:00,desconhecida,america_sul,0.33533031922270634
9211,2025-11-02 04:12:00,desconhecida,america_sul,0.39669481276911545
9212,2025-11-02 04:13:00,desconhecida,europa_oriental,0.591909575801387
9213,2025-11-02 04:16:00,desconhecida,america_sul,0.34408061310905896
9215,2025-11-02 04:17:00,desconhecida,america_sul,0.2871448264974116
9216,2025-11-02 04:18:00,desconhecida,africa,0.596210699330402
9217,2025-11-02 04:19:00,desconhecida,europa_oriental,0.31647141797098244
9218,2025-11-02 04:20:00,desconhecida,europa_ocidental,0.34104001724580413
9220,2025-11-02 04:28:00,desconhecida,asia,0.2822044985030844
9221,2025-11-02 04:30:00,desconhecida,europa_ocidental,0.28251171556939914
9222,2025-11-02 04:36:00,desconhecida,europa_ocidental,0.23157148930946492
9223,2025-11-02 04:40:00,desconhecida,asia,0.2920660265566018
9224,2025-11-02 04:45:00,desconhecida,europa_oriental,0.26212519397495704
9225,2025-11-02 04:47:00,desconhecida,oriente_medio,0.28163082683251284
9226,2025-11-02 04:48:00,desconhecida,asia,0.2146837622930601
9227,2025-11-02 04:50:00,desconhecida,europa_ocidental,0.17378472716243826
9228,2025-11-02 04:53:00,desconhecida,europa_oriental,0.3482454612861357
9229,2025-11-02 05:07:00,desconhecida,europa_ocidental,0.22448455423503372
9232,2025-11-02 05:16:00,desconhecida,europa_ocidental,0.213963969407759
9234,2025-11-02 05:17:00,desconhecida,europa_ocidental,0.27316565197694154
9236,2025-11-02 05:25:00,desconhecida,europa_ocidental,0.36761216643487404
9238,2025-11-02 05:42:00,desconhecida,europa_ocidental,0.2507860713553669
9239,2025-11-02 05:50:00,desconhecida,europa_ocidental,0.2182204698233816
9241,2025-11-02 06:04:00,desconhecida,europa_ocidental,0.33277037383096003
9242,2025-11-02 06:05:00,desconhecida,europa_ocidental,0.20355431326418047
9243,2025-11-02 06:07:00,desconhecida,asia,0.5244572371886168
9248,2025-11-02 06:17:00,desconhecida,europa_ocidental,0.3181173250910107
9250,2025-11-02 06:44:00,desconhecida,europa_oriental,0.2819377406848878
9251,2025-11-02 06:47:00,desconhecida,europa_oriental,0.492827519642825
9252,2025-11-02 06:53:00,desconhecida,europa_oriental,0.22645757947595116
9255,2025-11-02 07:08:00,desconhecida,europa_ocidental,0.2311372957599677
9257,2025-11-02 07:19:00,desconhecida,europa_ocidental,0.27999110918738446
9258,2025-11-02 07:20:00,desconhecida,america_sul,0.30499598626958757
9261,2025-11-02 07:27:00,desconhecida,america_central,0.24538258925435688
9265,2025-11-02 07:48:00,desconhecida,europa_ocidental,0.19819944886445753
9267,2025-11-02 07:50:00,desconhecida,europa_ocidental,0.21017465818431127
9268,2025-11-02 08:01:00,desconhecida,europa_ocidental,0.23851828465583805
9270,2025-11-02 08:04:00,desconhecida,america_central,0.2847763460523288
9271,2025-11-02 08:05:00,desconhecida,america_sul,0.3298358063117336
9272,2025-11-02 08:08:00,desconhecida,asia,0.23780305518701317
9273,2025-11-02 08:10:00,desconhecida,europa_ocidental,0.33343418978668377
9452,2025-11-04 15:49:00,desconhecida,europa_ocidental,0.30544202469005416
9454,2025-11-04 16:06:00,desconhecida,europa_ocidental,0.2344147866104344
9455,2025-11-04 16:13:00,desconhecida,europa_ocidental,0.3645076160313987
9458,2025-11-04 16:19:00,desconhecida,oriente_medio,0.5978513006302887
9461,2025-11-04 16:23:00,desconhecida,europa_ocidental,0.39953436087723215
9462,2025-11-04 16:28:00,desconhecida,europa_ocidental,0.38072994682004824
9464,2025-11-04 16:44:00,desconhecida,oriente_medio,0.47275402793818816
9465,2025-11-04 16:45:00,desconhecida,europa_oriental,0.2257744480931884
9471,2025-11-04 17:20:00,desconhecida,asia,0.3276717231305476
9475,2025-11-04 17:40:00,desconhecida,oriente_medio,0.49031603184085076
9477,2025-11-04 18:00:00,desconhecida,europa_ocidental,0.3419747495939981
9478,2025-11-04 18:01:00,desconhecida,europa_oriental,0.2039730412721546
9480,2025-11-04 18:16:00,desconhecida,america_sul,0.24827573484980742
9481,2025-11-04 18:32:00,desconhecida,europa_ocidental,0.22406483926098797
9492,2025-11-04 18:45:00,desconhecida,europa_ocidental,0.2727304131188088
9494,2025-11-04 18:47:00,desconhecida,europa_ocidental,0.21259087183685366
9500,2025-11-04 19:00:00,desconhecida,europa_ocidental,0.29199192027771964
9506,2025-11-04 19:43:00,desconhecida,asia,0.47646249131094814
9507,2025-11-04 19:46:00,desconhecida,america_sul,0.19501990237843436
9510,2025-11-04 21:42:00,desconhecida,europa_ocidental,0.2648679795881706
9511,2025-11-04 21:51:00,desconhecida,oriente_medio,0.19689061577738587
9512,2025-11-04 22:10:00,desconhecida,europa_ocidental,0.3789975916110958
9515,2025-11-04 22:40:00,desconhecida,europa_ocidental,0.17936309860126579
9525,2025-11-05 01:13:00,desconhecida,europa_ocidental,0.17310202905119043
9527,2025-11-05 03:02:00,desconhecida,europa_oriental,0.22044251884891078
9530,2025-11-05 04:04:00,desconhecida,europa_ocidental,0.18962234702121317
9533,2025-11-05 04:06:00,desconhecida,america_norte,0.2185092644770861
9534,2025-11-05 04:07:00,desconhecida,africa,0.2292484832060602
9535,2025-11-05 04:07:00,desconhecida,europa_ocidental,0.27334039580148595
9536,2025-11-05 04:07:00,desconhecida,europa_oriental,0.24720248990060262
9537,2025-11-05 04:08:00,desconhecida,europa_ocidental,0.28866961569002536
9538,2025-11-05 04:08:00,desconhecida,europa_ocidental,0.2688261026985514
9542,2025-11-05 04:09:00,desconhecida,europa_ocidental,0.265835981277744
9543,2025-11-05 04:10:00,desconhecida,europa_ocidental,0.20807002929178783
9544,2025-11-05 04:10:00,desconhecida,america_sul,0.21872030576911494
9545,2025-11-05 04:10:00,desconhecida,europa_oriental,0.1933562086646652
9546,2025-11-05 04:11:00,desconhecida,asia,0.3176807390721256
9547,2025-11-05 04:17:00,desconhecida,europa_oriental,0.5034591434101412
9550,2025-11-05 04:38:00,desconhecida,america_sul,0.534493863946623
9551,2025-11-05 04:58:00,desconhecida,europa_ocidental,0.3091834357591211
9552,2025-11-05 05:08:00,desconhecida,oriente_medio,0.36359113971564855
9556,2025-11-05 05:40:00,desconhecida,europa_ocidental,0.23804097003185234
9557,2025-11-05 05:50:00,desconhecida,europa_ocidental,0.2729310339583754
9558,2025-11-05 05:53:00,desconhecida,asia,0.27935495950600414
9561,2025-11-05 06:45:00,desconhecida,europa_ocidental,0.30451941785090453
9562,2025-11-05 07:03:00,desconhecida,oriente_medio,0.6131548691365217
9564,2025-11-05 07:09:00,desconhecida,europa_ocidental,0.29879051595759776
9566,2025-11-05 07:19:00,desconhecida,oriente_medio,0.2695777998797226
9568,2025-11-05 07:20:00,desconhecida,europa_ocidental,0.27197356963249875
9570,2025-11-05 07:31:00,desconhecida,europa_ocidental,0.25611224915085284
9575,2025-11-05 08:17:00,desconhecida,europa_ocidental,0.1977464979284848
9577,2025-11-05 08:57:00,desconhecida,asia,0.17495939237293837
9578,2025-11-05 09:02:00,desconhecida,europa_oriental,0.2686523788569034
9580,2025-11-05 09:04:00,desconhecida,america_sul,0.4012970392121101
9582,2025-11-05 09:16:00,desconhecida,europa_ocidental,0.29554903520534337
9584,2025-11-05 09:20:00,desconhecida,oriente_medio,0.31497327006196996
9585,2025-11-05 09:25:00,desconhecida,europa_ocidental,0.20969077336797032
9587,2025-11-05 09:39:00,desconhecida,europa_ocidental,0.31767545315880574
9594,2025-11-05 11:11:00,desconhecida,asia,0.5288510633963015
9596,2025-11-05 11:42:00,desconhecida,europa_ocidental,0.2258351134082713
9598,2025-11-05 11:44:00,desconhecida,europa_oriental,0.2805434321517266
9601,2025-11-05 11:59:00,desconhecida,europa_oriental,0.3293920714879468
9602,2025-11-05 12:01:00,desconhecida,america_sul,0.6105676177329373
9604,2025-11-05 12:05:00,desconhecida,asia,0.2610599358582826
9605,2025-11-05 12:16:00,desconhecida,europa_ocidental,0.39031985129117586
9608,2025-11-05 12:36:00,desconhecida,europa_ocidental,0.2138718764994905
9609,2025-11-05 13:12:00,desconhecida,europa_ocidental,0.28590730144383986
9613,2025-11-05 13:41:00,desconhecida,europa_ocidental,0.3379995303054009
9615,2025-11-05 13:59:00,desconhecida,america_central,0.346375298490021
9616,2025-11-05 14:00:00,desconhecida,america_sul,0.44526668119367097
9620,2025-11-05 15:33:00,desconhecida,america_sul,0.38327011370182384
9624,2025-11-05 15:59:00,desconhecida,america_sul,0.4106942572434603
9625,2025-11-05 16:19:00,desconhecida,europa_ocidental,0.21173957566802873
9629,2025-11-05 16:38:00,desconhecida,europa_oriental,0.318793068717031
9630,2025-11-05 17:05:00,desconhecida,europa_oriental,0.45063011252178453
9634,2025-11-05 19:16:00,desconhecida,europa_ocidental,0.32773241660243
9636,2025-11-05 19:19:00,desconhecida,europa_ocidental,0.26949538349567737
9637,2025-11-05 19:22:00,desconhecida,america_central,0.39309560847734093
9641,2025-11-05 19:27:00,desconhecida,america_central,0.32360729873035843
9642,2025-11-05 19:35:00,desconhecida,america_central,0.6864300975171546
9643,2025-11-05 19:39:00,desconhecida,europa_ocidental,0.2642213373875008
9644,2025-11-05 19:42:00,desconhecida,europa_ocidental,0.29141571229672075
9645,2025-11-05 20:28:00,desconhecida,america_central,0.3934420280263484
9649,2025-11-05 21:48:00,desconhecida,europa_ocidental,0.3059567205440351
9650,2025-11-05 21:54:00,desconhecida,europa_ocidental,0.26957456389144513
9652,2025-11-05 22:06:00,desconhecida,europa_oriental,0.18265129226350166
9653,2025-11-05 22:09:00,desconhecida,america_sul,0.3581179814893819
9654,2025-11-05 22:30:00,desconhecida,europa_ocidental,0.3476129497917767
9657,2025-11-05 22:37:00,desconhecida,europa_oriental,0.4202272670032128
9660,2025-11-06 00:04:00,desconhecida,america_sul,0.1716145223493498
9661,2025-11-06 00:07:00,desconhecida,europa_oriental,0.2598907705843254
9662,2025-11-06 00:14:00,desconhecida,america_central,0.36982805634063376
9664,2025-11-06 00:18:00,desconhecida,africa,0.39607113241047165
9685,2025-11-06 04:06:00,desconhecida,europa_oriental,0.3251527601676209
9686,2025-11-06 04:11:00,desconhecida,asia,0.4813750937454834
9689,2025-11-06 04:43:00,desconhecida,europa_oriental,0.3246642859808506
9691,2025-11-06 05:03:00,desconhecida,africa,0.23204034140492075
9692,2025-11-06 05:12:00,desconhecida,europa_oriental,0.3039951721622491
9693,2025-11-06 05:21:00,desconhecida,europa_ocidental,0.2469514264993134
9695,2025-11-06 05:36:00,desconhecida,oriente_medio,0.3510999082047414
9696,2025-11-06 05:39:00,desconhecida,europa_oriental,0.4788020117692372
9697,2025-11-06 05:50:00,desconhecida,oriente_medio,0.2988692668119034
9698,2025-11-06 05:52:00,desconhecida,asia,0.2536113955050189
9699,2025-11-06 06:02:00,desconhecida,europa_ocidental,0.17069113973861932
9701,2025-11-06 06:47:00,asia,asia,0.3758369728933811
9702,2025-11-06 06:49:00,desconhecida,asia,0.38897953179315015
9703,2025-11-06 07:19:00,desconhecida,asia,0.6639139989261236
9711,2025-11-06 09:48:00,desconhecida,oriente_medio,0.20602112139048928
9721,2025-11-06 11:17:00,desconhecida,oriente_medio,0.6250389725601284
9724,2025-11-06 11:36:00,desconhecida,america_sul,0.18736471632673923
9726,2025-11-06 12:01:00,desconhecida,europa_ocidental,0.2039022418109121
9727,2025-11-06 12:22:00,desconhecida,europa_ocidental,0.19979158961544102
9731,2025-11-06 12:36:00,desconhecida,europa_ocidental,0.20867772401030918
9735,2025-11-06 12:40:00,desconhecida,europa_oriental,0.7972288851880344
9741,2025-11-06 13:36:00,desconhecida,america_central,0.36445826065376596
9746,2025-11-06 14:00:00,desconhecida,europa_ocidental,0.2757797270017831
9747,2025-11-06 14:08:00,desconhecida,europa_ocidental,0.2757797270017831
9753,2025-11-06 14:43:00,desconhecida,oceania,0.24117937975766943
9754,2025-11-06 14:47:00,desconhecida,europa_ocidental,0.30007502226670146
9755,2025-11-06 14:58:00,desconhecida,europa_ocidental,0.31040172206240113
9757,2025-11-06 15:01:00,desconhecida,europa_ocidental,0.3429008228670677
9760,2025-11-06 15:02:00,desconhecida,europa_ocidental,0.27259219359449044
9761,2025-11-06 15:03:00,desconhecida,europa_ocidental,0.25783018498172966
9763,2025-11-06 15:04:00,desconhecida,europa_ocidental,0.2771966892487436
9764,2025-11-06 15:08:00,desconhecida,europa_ocidental,0.31000280263091906
9768,2025-11-06 15:32:00,desconhecida,oriente_medio,0.2751008921570577
9769,2025-11-06 15:47:00,desconhecida,europa_oriental,0.2620610185824983
9770,2025-11-06 15:53:00,desconhecida,oceania,0.5162563208819663
9773,2025-11-06 16:29:00,desconhecida,europa_ocidental,0.29214041353248843
9775,2025-11-06 16:35:00,desconhecida,america_sul,0.19599819383158124
9776,2025-11-06 16:36:00,desconhecida,europa_ocidental,0.30864265992904205
9778,2025-11-06 16:38:00,desconhecida,europa_ocidental,0.26998816781365126
9779,2025-11-06 16:42:00,desconhecida,europa_ocidental,0.3142027576313367
9781,2025-11-06 16:49:00,desconhecida,europa_ocidental,0.2878201365125818
9783,2025-11-06 17:04:00,desconhecida,asia,0.28025655336930316
9785,2025-11-06 17:27:00,desconhecida,oriente_medio,0.7708114500899815
9793,2025-11-06 17:39:00,desconhecida,america_central,0.2962741438325353
9794,2025-11-06 17:40:00,desconhecida,europa_ocidental,0.36119249724823815
9797,2025-11-06 17:54:00,desconhecida,oceania,0.3754019975997626
9798,2025-11-06 17:57:00,desconhecida,oriente_medio,0.683857252901595
9805,2025-11-06 18:40:00,desconhecida,europa_ocidental,0.36053307872055457
9806,2025-11-06 18:43:00,desconhecida,oriente_medio,0.46860023116367727
9809,2025-11-06 18:54:00,desconhecida,europa_ocidental,0.3191714698347779
9810,2025-11-06 18:59:00,desconhecida,europa_ocidental,0.3900195882820982
9817,2025-11-06 19:19:00,desconhecida,europa_ocidental,0.24175372240305562
9820,2025-11-06 19:42:00,desconhecida,europa_ocidental,0.3068690983064536
9821,2025-11-06 19:48:00,desconhecida,america_sul,0.44364946556570933
9822,2025-11-06 19:51:00,desconhecida,europa_ocidental,0.22804831451920923
9824,2025-11-06 20:33:00,desconhecida,america_sul,0.4560747568830563
9827,2025-11-06 21:06:00,desconhecida,america_sul,0.19826259226248716
9828,2025-11-06 21:09:00,desconhecida,europa_oriental,0.25845476503788223
9829,2025-11-06 21:14:00,desconhecida,oriente_medio,0.73445126306767
9832,2025-11-06 22:07:00,desconhecida,europa_ocidental,0.29029722408183173
9836,2025-11-06 22:40:00,desconhecida,europa_ocidental,0.37490810154423415
9838,2025-11-06 22:44:00,desconhecida,america_sul,0.26075911342744224
9839,2025-11-07 00:25:00,desconhecida,europa_oriental,0.21589592123639828
9842,2025-11-07 01:13:00,desconhecida,oriente_medio,0.2678063774478012
9843,2025-11-07 01:14:00,desconhecida,oriente_medio,0.4850302765100608
9844,2025-11-07 01:15:00,desconhecida,oriente_medio,0.30151411747920986
9846,2025-11-07 01:44:00,desconhecida,europa_ocidental,0.2715837863465364
9847,2025-11-07 01:52:00,desconhecida,oriente_medio,0.6088008629627816
9851,2025-11-07 02:39:00,desconhecida,asia,0.3707075631817733
9854,2025-11-07 03:13:00,desconhecida,europa_ocidental,0.2798788605837338
9857,2025-11-07 03:29:00,desconhecida,america_norte,0.4303373837545734
9861,2025-11-07 04:00:00,desconhecida,europa_ocidental,0.192366366562295
9862,2025-11-07 04:04:00,desconhecida,asia,0.26214276827003197
9863,2025-11-07 04:05:00,desconhecida,europa_oriental,0.29588393774780275
9864,2025-11-07 04:06:00,desconhecida,oriente_medio,0.4158051364909419
9866,2025-11-07 04:08:00,desconhecida,europa_ocidental,0.2558318182056641
9867,2025-11-07 04:09:00,desconhecida,america_sul,0.5517884706313442
9868,2025-11-07 04:10:00,desconhecida,europa_ocidental,0.17528307253330996
9870,2025-11-07 04:12:00,desconhecida,europa_ocidental,0.28222229675454497
9871,2025-11-07 04:13:00,desconhecida,europa_ocidental,0.366132118703039
9875,2025-11-07 04:21:00,desconhecida,oriente_medio,0.43968872857199726
9876,2025-11-07 04:22:00,desconhecida,asia,0.3182525865355691
9877,2025-11-07 04:36:00,desconhecida,oriente_medio,0.4812520929050433
9881,2025-11-07 05:00:00,desconhecida,europa_ocidental,0.33925861707768445
9884,2025-11-07 05:21:00,desconhecida,europa_oriental,0.37538202004837695
9889,2025-11-07 05:54:00,desconhecida,europa_ocidental,0.2899937426587172
9890,2025-11-07 06:04:00,desconhecida,europa_ocidental,0.2936480525027109
9891,2025-11-07 06:05:00,desconhecida,america_central,0.27454780169902404
9892,2025-11-07 06:08:00,desconhecida,europa_oriental,0.3275176403932941
9893,2025-11-07 06:11:00,desconhecida,europa_ocidental,0.2271969143311981
9895,2025-11-07 06:14:00,desconhecida,europa_ocidental,0.3369908034249057
9896,2025-11-07 06:20:00,desconhecida,europa_ocidental,0.3277364229593168
9899,2025-11-07 06:26:00,desconhecida,europa_ocidental,0.3678148513000148
9901,2025-11-07 06:32:00,desconhecida,europa_ocidental,0.334941204489974
9902,2025-11-07 06:34:00,desconhecida,europa_ocidental,0.3484432308094135
9903,2025-11-07 06:35:00,desconhecida,oriente_medio,0.19227740165728643
9904,2025-11-07 06:37:00,desconhecida,europa_oriental,0.26790641012326816
9905,2025-11-07 06:38:00,desconhecida,europa_ocidental,0.32537069553607556
9907,2025-11-07 06:40:00,desconhecida,europa_ocidental,0.304906993947938
9908,2025-11-07 06:41:00,desconhecida,asia,0.4536874168299736
9909,2025-11-07 06:48:00,desconhecida,america_norte,0.271015276639558
9911,2025-11-07 06:50:00,desconhecida,europa_ocidental,0.3576604049465311
9912,2025-11-07 06:54:00,desconhecida,asia,0.2734206936373723
9914,2025-11-07 07:04:00,desconhecida,oriente_medio,0.2938909650479167
9916,2025-11-07 07:06:00,desconhecida,america_central,0.281960716961885
9918,2025-11-07 07:21:00,desconhecida,asia,0.3842261441723673
9919,2025-11-07 07:22:00,desconhecida,asia,0.4520454313935007
9921,2025-11-07 07:33:00,desconhecida,oriente_medio,0.2362318222265428
9922,2025-11-07 07:36:00,desconhecida,oceania,0.2401318174025838
9924,2025-11-07 07:56:00,desconhecida,oriente_medio,0.19475074035511092
9925,2025-11-07 07:59:00,desconhecida,europa_ocidental,0.40166905201645325
9926,2025-11-07 08:04:00,desconhecida,america_sul,0.40884036154364806
9928,2025-11-07 08:05:00,desconhecida,europa_ocidental,0.18273976592124397
9930,2025-11-07 08:07:00,desconhecida,europa_ocidental,0.25623071732477826
9933,2025-11-07 08:14:00,desconhecida,asia,0.34438507624641
9934,2025-11-07 08:21:00,desconhecida,europa_ocidental,0.36619941239326914
9935,2025-11-07 08:25:00,desconhecida,europa_ocidental,0.27503919279287986
9937,2025-11-07 08:27:00,desconhecida,asia,0.24587264895232572
9941,2025-11-07 08:40:00,desconhecida,america_sul,0.3001905714824908
9942,2025-11-07 08:42:00,desconhecida,america_central,0.3794007120839053
9943,2025-11-07 08:52:00,desconhecida,europa_ocidental,0.1774398174624145
9945,2025-11-07 08:55:00,desconhecida,europa_ocidental,0.3535672197783274
9946,2025-11-07 08:58:00,desconhecida,europa_ocidental,0.3834819630569808
9948,2025-11-07 09:03:00,desconhecida,europa_oriental,0.4516052976306433
9950,2025-11-07 09:12:00,desconhecida,europa_oriental,0.6761755837170595
9951,2025-11-07 09:15:00,desconhecida,europa_ocidental,0.3631077203606071
9953,2025-11-07 09:26:00,desconhecida,oceania,0.451586726879584
9957,2025-11-07 09:44:00,desconhecida,europa_oriental,0.5060514216248485
9959,2025-11-07 09:51:00,desconhecida,europa_oriental,0.2615207889688272
9966,2025-11-07 10:04:00,desconhecida,europa_ocidental,0.20041837796989562
9974,2025-11-07 10:10:00,desconhecida,oriente_medio,0.49126097674112007
9981,2025-11-07 10:18:00,desconhecida,oriente_medio,0.314611486862667
9984,2025-11-07 10:20:00,desconhecida,europa_ocidental,0.3239092416196846
9985,2025-11-07 10:22:00,desconhecida,oriente_medio,0.5234069367587417
9989,2025-11-07 10:34:00,desconhecida,europa_ocidental,0.24002093027183263
9991,2025-11-07 10:45:00,desconhecida,europa_ocidental,0.21174268444677977
9992,2025-11-07 10:49:00,desconhecida,europa_ocidental,0.2169234357875671
9993,2025-11-07 11:04:00,desconhecida,europa_ocidental,0.3543389206826387
9994,2025-11-07 11:18:00,desconhecida,europa_oriental,0.4207068128006059
9995,2025-11-07 11:28:00,desconhecida,europa_ocidental,0.2524971704010512
9996,2025-11-07 11:43:00,desconhecida,europa_oriental,0.2921816294493096
10002,2025-11-07 11:49:00,desconhecida,europa_oriental,0.28440500485762393
10014,2025-11-07 12:00:00,desconhecida,europa_ocidental,0.3477763254682679
10032,2025-11-07 12:15:00,america_sul,america_sul,0.5047615091217565
10036,2025-11-07 12:19:00,desconhecida,europa_oriental,0.3613301814328556
10039,2025-11-07 12:21:00,desconhecida,europa_ocidental,0.3291791913896316
10045,2025-11-07 12:27:00,desconhecida,asia,0.2362005595075881
10048,2025-11-07 12:29:00,desconhecida,asia,0.4213116472363516
10050,2025-11-07 12:31:00,desconhecida,europa_ocidental,0.2704740079741161
10065,2025-11-07 12:42:00,desconhecida,europa_ocidental,0.3187328215525943
10069,2025-11-07 12:46:00,desconhecida,europa_ocidental,0.2816486569785995
10077,2025-11-07 12:53:00,desconhecida,europa_oriental,0.32956848563237207
10086,2025-11-07 13:01:00,desconhecida,america_sul,0.4885953639353911
10089,2025-11-07 13:11:00,desconhecida,america_sul,0.342869035288888
10092,2025-11-07 13:15:00,desconhecida,europa_ocidental,0.24972146108230261
10093,2025-11-07 13:20:00,desconhecida,europa_oriental,0.24657342569813862
10094,2025-11-07 13:23:00,desconhecida,europa_oriental,0.3870835770350694
10115,2025-11-07 14:17:00,desconhecida,america_sul,0.38458560468812836
10116,2025-11-07 14:18:00,desconhecida,europa_ocidental,0.30027310850894
10121,2025-11-07 14:22:00,desconhecida,europa_oriental,0.4197494176714703
10122,2025-11-07 14:24:00,desconhecida,asia,0.24743750014660404
10123,2025-11-07 14:26:00,desconhecida,europa_ocidental,0.20020228703111134
10128,2025-11-07 14:53:00,desconhecida,europa_ocidental,0.263696701133983
10130,2025-11-07 14:57:00,desconhecida,europa_ocidental,0.25022519827003653
10131,2025-11-07 15:00:00,desconhecida,europa_ocidental,0.29257969234352127
10134,2025-11-07 15:05:00,desconhecida,america_norte,0.32487643417938705
10136,2025-11-07 15:13:00,desconhecida,europa_ocidental,0.22923564748510336
10138,2025-11-07 15:15:00,desconhecida,europa_ocidental,0.3286884479062944
10142,2025-11-07 15:20:00,desconhecida,oceania,0.2924631570663606
10143,2025-11-07 15:24:00,desconhecida,europa_ocidental,0.23122060041823778
10144,2025-11-07 15:29:00,desconhecida,america_sul,0.20777287687044954
10145,2025-11-07 15:35:00,desconhecida,america_sul,0.2792395590546806
10147,2025-11-07 15:39:00,desconhecida,europa_ocidental,0.31498966803923456
10148,2025-11-07 15:41:00,desconhecida,europa_ocidental,0.3121669870879394
10151,2025-11-07 15:47:00,desconhecida,europa_oriental,0.48537043473400493
10152,2025-11-07 15:51:00,desconhecida,africa,0.3383298400199452
10154,2025-11-07 15:53:00,desconhecida,asia,0.28519659426532595
10155,2025-11-07 15:55:00,desconhecida,europa_ocidental,0.26608135348320994
10157,2025-11-07 15:57:00,desconhecida,europa_ocidental,0.2469772074900892
10158,2025-11-07 16:01:00,desconhecida,europa_ocidental,0.2562217666805179
10161,2025-11-07 16:03:00,desconhecida,america_norte,0.29288037482431
10180,2025-11-07 16:20:00,desconhecida,asia,0.294413231654609
10185,2025-11-07 16:24:00,desconhecida,oriente_medio,0.7706829760326568
10193,2025-11-07 16:30:00,desconhecida,europa_ocidental,0.40418278793674633
10195,2025-11-07 16:32:00,desconhecida,america_sul,0.1830823961888022
10196,2025-11-07 16:34:00,desconhecida,europa_oriental,0.34564501695936023
10202,2025-11-07 16:47:00,desconhecida,europa_ocidental,0.2679216011561782
10206,2025-11-07 17:12:00,desconhecida,europa_ocidental,0.2933412897170722
10207,2025-11-07 17:13:00,desconhecida,europa_ocidental,0.23710516204632343
10211,2025-11-07 17:16:00,desconhecida,asia,0.4065370739686316
10213,2025-11-07 17:19:00,desconhecida,asia,0.24973736001264094
10215,2025-11-07 17:19:00,desconhecida,europa_oriental,0.3427726792183619
10219,2025-11-07 17:23:00,desconhecida,europa_ocidental,0.23268164564106467
10221,2025-11-07 17:34:00,desconhecida,europa_ocidental,0.3144193644087358
10224,2025-11-07 17:49:00,desconhecida,america_sul,0.4588129132131941
10225,2025-11-07 17:55:00,desconhecida,europa_oriental,0.2899840573269151
10226,2025-11-07 17:57:00,desconhecida,asia,0.22234939565872197
10230,2025-11-07 18:09:00,desconhecida,europa_ocidental,0.18526271141659104
10232,2025-11-07 18:17:00,desconhecida,europa_ocidental,0.21596896554013667
10234,2025-11-07 18:19:00,desconhecida,europa_ocidental,0.36139992763108075
10235,2025-11-07 18:21:00,desconhecida,europa_ocidental,0.2582144671883696
10237,2025-11-07 18:24:00,desconhecida,europa_ocidental,0.249515103765989
10238,2025-11-07 18:28:00,desconhecida,europa_ocidental,0.40516398772316714
10239,2025-11-07 18:29:00,desconhecida,europa_ocidental,0.44808132879892726
10241,2025-11-07 18:32:00,desconhecida,europa_ocidental,0.4286327251884467
10243,2025-11-07 18:48:00,desconhecida,africa,0.3020733455645301
10246,2025-11-07 18:57:00,desconhecida,europa_ocidental,0.2657979714084261
10248,2025-11-07 19:05:00,desconhecida,america_sul,0.5637026258254512
10251,2025-11-07 19:19:00,desconhecida,europa_ocidental,0.33542956118916645
10257,2025-11-07 20:10:00,desconhecida,america_sul,0.25809607779484783
10258,2025-11-07 20:12:00,desconhecida,europa_ocidental,0.23231802732599668
10260,2025-11-07 20:16:00,desconhecida,oriente_medio,0.35307901216983456
10264,2025-11-07 20:26:00,desconhecida,europa_oriental,0.371431403782386
10265,2025-11-07 20:29:00,desconhecida,europa_ocidental,0.43961392809935496
10267,2025-11-07 20:30:00,desconhecida,europa_ocidental,0.2795816451123166
10269,2025-11-07 20:33:00,desconhecida,europa_ocidental,0.389909950100078
10270,2025-11-07 20:42:00,desconhecida,america_sul,0.40974817688994997
10271,2025-11-07 20:49:00,desconhecida,asia,0.46416488323825195
10273,2025-11-07 20:52:00,desconhecida,europa_ocidental,0.20639537494124238
10275,2025-11-07 21:14:00,desconhecida,europa_oriental,0.5154775701650914
10277,2025-11-07 21:16:00,desconhecida,europa_oriental,0.19763734571378866
10278,2025-11-07 21:17:00,desconhecida,europa_oriental,0.5712387655025508
10280,2025-11-07 21:20:00,desconhecida,asia,0.34083996016526474
10281,2025-11-07 21:28:00,desconhecida,america_central,0.30840918914861243
10282,2025-11-07 21:30:00,desconhecida,america_sul,0.4764541087502347
10285,2025-11-07 21:36:00,desconhecida,america_central,0.5578788353406121
10297,2025-11-07 21:46:00,desconhecida,europa_oriental,0.4244837062393792
10312,2025-11-07 21:59:00,desconhecida,europa_oriental,0.2625764299503856
10319,2025-11-07 22:06:00,desconhecida,europa_ocidental,0.21455556785167174
10367,2025-11-07 22:43:00,desconhecida,america_sul,0.24197624704888634
10368,2025-11-07 22:45:00,desconhecida,europa_ocidental,0.2657984764491207
10379,2025-11-07 22:55:00,desconhecida,america_sul,0.5116947586922793
10396,2025-11-07 23:34:00,desconhecida,europa_ocidental,0.24498889388715997
10397,2025-11-07 23:36:00,desconhecida,europa_ocidental,0.3130522018699578
10401,2025-11-08 00:30:00,desconhecida,america_norte,0.34420521356563205
10402,2025-11-08 00:32:00,desconhecida,europa_ocidental,0.20323234166605336
10406,2025-11-08 01:13:00,desconhecida,europa_ocidental,0.3533549230744446
10408,2025-11-08 01:15:00,desconhecida,europa_ocidental,0.3919179645656505
10416,2025-11-08 02:04:00,desconhecida,europa_ocidental,0.3400777249732474
10418,2025-11-08 02:06:00,desconhecida,europa_ocidental,0.32382724076292135
10419,2025-11-08 02:07:00,desconhecida,asia,0.2525439383444325
10420,2025-11-08 02:14:00,desconhecida,europa_ocidental,0.2463009668774563
10425,2025-11-08 02:22:00,desconhecida,europa_oriental,0.44456895955672415
10440,2025-11-08 02:43:00,desconhecida,europa_oriental,0.29618267009038685
10451,2025-11-08 02:52:00,desconhecida,europa_ocidental,0.17066874861922066
10455,2025-11-08 02:57:00,desconhecida,asia,0.37635571189434247
10459,2025-11-08 03:03:00,desconhecida,europa_ocidental,0.3558609525899067
10461,2025-11-08 03:05:00,desconhecida,europa_oriental,0.5095271826056527
10462,2025-11-08 03:08:00,desconhecida,europa_ocidental,0.36755636942734826
10463,2025-11-08 03:11:00,desconhecida,europa_ocidental,0.28924272860156547
10464,2025-11-08 03:14:00,desconhecida,europa_oriental,0.20918875775302073
10466,2025-11-08 03:16:00,desconhecida,europa_oriental,0.2512563523413119
10470,2025-11-08 03:41:00,desconhecida,europa_ocidental,0.23674038809265216
10472,2025-11-08 03:54:00,desconhecida,europa_ocidental,0.32190241920125195
10474,2025-11-08 04:00:00,desconhecida,europa_ocidental,0.21442469729018587
10475,2025-11-08 04:02:00,desconhecida,europa_ocidental,0.3584186472250694
10476,2025-11-08 04:05:00,desconhecida,europa_ocidental,0.34819224843962876
10477,2025-11-08 04:08:00,desconhecida,europa_ocidental,0.20269030084957287
10479,2025-11-08 04:10:00,desconhecida,europa_oriental,0.17433813530436693
10481,2025-11-08 04:12:00,desconhecida,europa_ocidental,0.33666088950456624
10482,2025-11-08 04:13:00,desconhecida,america_norte,0.23848177824377645
10484,2025-11-08 04:15:00,desconhecida,america_norte,0.8371898754368902
10486,2025-11-08 04:17:00,desconhecida,america_sul,0.2459517028842362
10488,2025-11-08 04:19:00,desconhecida,europa_oriental,0.5304321001544603
10490,2025-11-08 04:21:00,desconhecida,europa_oriental,0.18575763263643158
10492,2025-11-08 04:24:00,desconhecida,europa_ocidental,0.20234574142213088
10494,2025-11-08 04:24:00,desconhecida,europa_ocidental,0.2711680343350027
10496,2025-11-08 04:26:00,desconhecida,europa_ocidental,0.36849241436741914
10498,2025-11-08 04:27:00,desconhecida,europa_oriental,0.21038326831733395
10502,2025-11-08 04:30:00,desconhecida,oriente_medio,0.6065123896860606
10504,2025-11-08 04:32:00,desconhecida,europa_ocidental,0.4283092635554438
10507,2025-11-08 04:35:00,desconhecida,europa_ocidental,0.3046245284549911
10515,2025-11-08 04:42:00,desconhecida,europa_ocidental,0.32626289108047246
10518,2025-11-08 04:45:00,desconhecida,europa_ocidental,0.3734562420438377
10525,2025-11-08 04:51:00,desconhecida,europa_ocidental,0.26317389951029774
10526,2025-11-08 04:53:00,desconhecida,europa_ocidental,0.3433702289440429
10530,2025-11-08 04:57:00,desconhecida,europa_oriental,0.22482524098351345
10533,2025-11-08 05:00:00,desconhecida,oceania,0.5395373242048266
10536,2025-11-08 05:03:00,desconhecida,europa_ocidental,0.34473806844621285
10539,2025-11-08 05:05:00,desconhecida,america_sul,0.3842012944661695
10547,2025-11-08 05:11:00,desconhecida,europa_ocidental,0.2889095471084845
10572,2025-11-08 05:28:00,desconhecida,america_sul,0.26567147751900055
10594,2025-11-08 05:46:00,desconhecida,america_central,0.23648028160536677
10604,2025-11-08 05:56:00,desconhecida,asia,0.261538757837037
10605,2025-11-08 05:58:00,desconhecida,asia,0.4263712523146213
10612,2025-11-08 06:03:00,desconhecida,europa_oriental,0.361208018311531
10617,2025-11-08 06:08:00,desconhecida,europa_ocidental,0.2111611894412734
10627,2025-11-08 06:15:00,desconhecida,europa_ocidental,0.4063963711167512
10642,2025-11-08 06:25:00,desconhecida,europa_oriental,0.19516711127264347
10655,2025-11-08 06:35:00,desconhecida,europa_ocidental,0.3009132466651903
10660,2025-11-08 06:39:00,desconhecida,europa_oriental,0.17273174290045137
10661,2025-11-08 06:41:00,desconhecida,europa_ocidental,0.3554236119980441
10663,2025-11-08 06:43:00,desconhecida,europa_ocidental,0.35150464578412266
10671,2025-11-08 06:47:00,desconhecida,europa_ocidental,0.28207197338786094
10691,2025-11-08 07:02:00,desconhecida,oriente_medio,0.6471631724949167
10709,2025-11-08 07:16:00,desconhecida,europa_ocidental,0.44172269147701426
10736,2025-11-08 07:36:00,desconhecida,europa_ocidental,0.23119350154188226
10746,2025-11-08 07:45:00,desconhecida,europa_ocidental,0.30246294070087315
10751,2025-11-08 07:49:00,desconhecida,america_sul,0.5969466230675822
10761,2025-11-08 07:58:00,desconhecida,europa_ocidental,0.2748104152140366
10772,2025-11-08 08:05:00,desconhecida,europa_ocidental,0.3518663743268025
10781,2025-11-08 08:13:00,desconhecida,america_sul,0.38943721624125505
10787,2025-11-08 08:18:00,desconhecida,america_sul,0.31974429955337114
10790,2025-11-08 08:20:00,desconhecida,europa_oriental,0.519655468907045
10800,2025-11-08 08:29:00,desconhecida,europa_ocidental,0.30288002457430246
10805,2025-11-08 08:33:00,desconhecida,europa_ocidental,0.3033005164432749
10807,2025-11-08 08:36:00,desconhecida,america_central,0.24207927694141304
10810,2025-11-08 08:40:00,desconhecida,america_sul,0.3593454361027663
10817,2025-11-08 08:46:00,desconhecida,europa_oriental,0.3596890960491144
10821,2025-11-08 08:50:00,desconhecida,europa_oriental,0.32547008301594943
10822,2025-11-08 08:52:00,desconhecida,europa_ocidental,0.22940839800392362
10824,2025-11-08 08:54:00,america_sul,america_sul,0.4577015581976829
10826,2025-11-08 08:56:00,desconhecida,europa_oriental,0.6026951754074864
10831,2025-11-08 09:00:00,desconhecida,europa_ocidental,0.31079452065668967
10836,2025-11-08 09:06:00,desconhecida,asia,0.3431826148582388
10838,2025-11-08 09:09:00,desconhecida,europa_ocidental,0.26675602563293094
10839,2025-11-08 09:12:00,desconhecida,asia,0.20098405372929937
10844,2025-11-08 09:20:00,desconhecida,america_sul,0.20024532041888424
10847,2025-11-08 09:25:00,desconhecida,oriente_medio,0.3455729148195601
10848,2025-11-08 09:27:00,desconhecida,oriente_medio,0.5782963115792282
10850,2025-11-08 09:34:00,desconhecida,europa_ocidental,0.19385158498505764
10852,2025-11-08 09:37:00,desconhecida,europa_ocidental,0.22013048507882424
10854,2025-11-08 09:39:00,desconhecida,africa,0.596210699330402
10857,2025-11-08 09:48:00,desconhecida,oriente_medio,0.5339208161144299
10859,2025-11-08 09:53:00,desconhecida,oriente_medio,0.7046399825817626
10860,2025-11-08 09:54:00,desconhecida,america_central,0.38602617304906955
10864,2025-11-08 10:01:00,desconhecida,america_central,0.2972378868014734
10865,2025-11-08 10:03:00,desconhecida,europa_ocidental,0.25060333746610475
10868,2025-11-08 10:05:00,desconhecida,europa_ocidental,0.28550972965385024
10869,2025-11-08 10:09:00,desconhecida,europa_ocidental,0.2531274354789955
10870,2025-11-08 10:12:00,desconhecida,europa_ocidental,0.2632923567302785
10872,2025-11-08 10:20:00,desconhecida,europa_ocidental,0.21986844303671896
10873,2025-11-08 10:22:00,desconhecida,europa_ocidental,0.29773314126014805
10875,2025-11-08 10:23:00,desconhecida,asia,0.20525100689152248
10877,2025-11-08 10:34:00,desconhecida,europa_ocidental,0.23183624752718898
10878,2025-11-08 10:40:00,desconhecida,america_central,0.21617469897936833
10880,2025-11-08 10:42:00,desconhecida,america_sul,0.27058095479093836
10882,2025-11-08 10:44:00,desconhecida,europa_oriental,0.20512908338840888
10884,2025-11-08 10:46:00,desconhecida,europa_ocidental,0.24380851800662146
10885,2025-11-08 10:47:00,desconhecida,europa_ocidental,0.25590535173862555
10886,2025-11-08 10:50:00,desconhecida,asia,0.17420333565067986
10887,2025-11-08 10:51:00,desconhecida,europa_ocidental,0.2919713151943826
10888,2025-11-08 10:53:00,desconhecida,europa_ocidental,0.35185245394005615
10891,2025-11-08 10:55:00,desconhecida,europa_ocidental,0.36159684489404753
10892,2025-11-08 10:57:00,desconhecida,europa_oriental,0.3796788760663601
10894,2025-11-08 10:59:00,desconhecida,europa_ocidental,0.42461598550774265
10897,2025-11-08 11:02:00,desconhecida,asia,0.2124481990726433
10912,2025-11-08 11:13:00,desconhecida,europa_oriental,0.22675578072360345
10915,2025-11-08 11:15:00,desconhecida,europa_oriental,0.2774918514051048
10918,2025-11-08 11:17:00,desconhecida,europa_oriental,0.40733164875204775
10923,2025-11-08 11:21:00,desconhecida,europa_ocidental,0.199109559681223
10928,2025-11-08 11:26:00,desconhecida,europa_ocidental,0.23367526188157994
10932,2025-11-08 11:29:00,desconhecida,europa_ocidental,0.2620517315655905
10940,2025-11-08 11:36:00,desconhecida,oriente_medio,0.270208521217406
10946,2025-11-08 11:41:00,europa_ocidental,europa_ocidental,0.3842566170975081
10948,2025-11-08 11:43:00,europa_ocidental,europa_ocidental,0.33057103989479375
10951,2025-11-08 11:46:00,desconhecida,europa_ocidental,0.37603547553086736
10969,2025-11-08 12:01:00,europa_ocidental,europa_ocidental,0.28126959866592516
10971,2025-11-08 12:03:00,desconhecida,america_sul,0.2648941414102943
10976,2025-11-08 12:10:00,desconhecida,oriente_medio,0.5218273354976979
10977,2025-11-08 12:11:00,desconhecida,america_norte,0.3570757789075657
10978,2025-11-08 12:16:00,desconhecida,europa_ocidental,0.18444276324655615
10981,2025-11-08 12:21:00,desconhecida,europa_oriental,0.27207456652686995
10983,2025-11-08 12:22:00,desconhecida,europa_ocidental,0.3476843840051401
10986,2025-11-08 12:26:00,desconhecida,europa_ocidental,0.2832759503844224
10990,2025-11-08 12:30:00,desconhecida,america_sul,0.24939177240724816
10992,2025-11-08 12:33:00,desconhecida,europa_oriental,0.36031946263997916
10994,2025-11-08 12:35:00,desconhecida,america_central,0.19284374198485507
10995,2025-11-08 12:37:00,desconhecida,europa_ocidental,0.2698094911878132
10997,2025-11-08 12:52:00,desconhecida,asia,0.41753195094079965
11013,2025-11-08 13:13:00,desconhecida,europa_ocidental,0.2927837269114328
11016,2025-11-08 13:19:00,desconhecida,america_sul,0.257620803604952
11017,2025-11-08 13:24:00,desconhecida,europa_oriental,0.39839548082575205
11018,2025-11-08 13:28:00,desconhecida,europa_oriental,0.4388948708264886
11020,2025-11-08 13:32:00,desconhecida,europa_ocidental,0.22043935723334648
11022,2025-11-08 13:34:00,desconhecida,europa_ocidental,0.2944669519076345
11023,2025-11-08 13:35:00,desconhecida,europa_ocidental,0.2247462932706392
11024,2025-11-08 13:36:00,desconhecida,europa_ocidental,0.27872232271315583
11026,2025-11-08 13:41:00,desconhecida,europa_ocidental,0.27362267947325336
11027,2025-11-08 13:42:00,desconhecida,europa_ocidental,0.29026262170099204
11028,2025-11-08 13:50:00,desconhecida,europa_ocidental,0.28738741983840016
11029,2025-11-08 13:52:00,desconhecida,europa_ocidental,0.29100169490409283
11036,2025-11-08 14:06:00,desconhecida,europa_ocidental,0.19835637871110035
11037,2025-11-08 14:08:00,desconhecida,europa_ocidental,0.3242820013203352
11039,2025-11-08 14:12:00,desconhecida,europa_ocidental,0.3770161002778433
11040,2025-11-08 14:14:00,desconhecida,europa_ocidental,0.3230641183365832
11041,2025-11-08 14:16:00,desconhecida,europa_ocidental,0.26274651503972307
11042,2025-11-08 14:18:00,europa_ocidental,europa_ocidental,0.34173335272929295
11043,2025-11-08 14:21:00,desconhecida,oriente_medio,0.5833437027791359
11044,2025-11-08 14:23:00,desconhecida,europa_ocidental,0.2485125287463385
11051,2025-11-08 14:31:00,desconhecida,europa_ocidental,0.2896061648776648
11052,2025-11-08 14:35:00,desconhecida,europa_ocidental,0.3769757472105013
11057,2025-11-08 14:38:00,desconhecida,europa_ocidental,0.3554613005762419
11061,2025-11-08 14:41:00,desconhecida,europa_ocidental,0.2963914690458592
11066,2025-11-08 14:44:00,desconhecida,europa_ocidental,0.22354491405304208
11069,2025-11-08 14:47:00,desconhecida,america_norte,0.2939926852020918
11071,2025-11-08 14:49:00,desconhecida,europa_ocidental,0.2853681827463529
11073,2025-11-08 14:50:00,desconhecida,europa_ocidental,0.3020198801858345
11075,2025-11-08 14:52:00,desconhecida,europa_ocidental,0.2596055122813044
11079,2025-11-08 14:55:00,desconhecida,europa_ocidental,0.34256837388970723
11081,2025-11-08 14:57:00,desconhecida,europa_oriental,0.3552520374169727
11085,2025-11-08 15:01:00,desconhecida,europa_ocidental,0.21067626604697545
11087,2025-11-08 15:02:00,desconhecida,europa_ocidental,0.30577811141472605
11089,2025-11-08 15:07:00,desconhecida,europa_oriental,0.3453663477604737
11090,2025-11-08 15:19:00,desconhecida,europa_ocidental,0.3421992151398434
11092,2025-11-08 15:24:00,desconhecida,america_sul,0.46571410106263794
11095,2025-11-08 15:30:00,desconhecida,europa_oriental,0.48682990803872667
11097,2025-11-08 15:34:00,desconhecida,asia,0.31780065994596174
11098,2025-11-08 15:35:00,desconhecida,europa_ocidental,0.33743827106555907
11105,2025-11-08 16:01:00,desconhecida,america_sul,0.20942779160281938
11106,2025-11-08 16:04:00,desconhecida,america_sul,0.2632632078889677
11108,2025-11-08 16:16:00,desconhecida,oriente_medio,0.38909246487204396
11109,2025-11-08 16:21:00,desconhecida,oceania,0.9464556815893873
11115,2025-11-08 16:59:00,desconhecida,america_sul,0.4776776354023933
11116,2025-11-08 17:02:00,desconhecida,oriente_medio,0.5267913488712984
11120,2025-11-08 17:14:00,desconhecida,europa_ocidental,0.22071339093434839
11123,2025-11-08 17:28:00,desconhecida,america_central,0.278772287700261
11124,2025-11-08 17:29:00,desconhecida,europa_oriental,0.43221852730043414
11131,2025-11-08 18:41:00,desconhecida,europa_ocidental,0.28278162953089653
11132,2025-11-08 18:44:00,desconhecida,america_central,0.16906079509041166
11134,2025-11-08 18:57:00,desconhecida,europa_ocidental,0.31947054471730485
11136,2025-11-08 19:15:00,europa_ocidental,europa_ocidental,0.2649302574997162
11141,2025-11-08 20:25:00,desconhecida,asia,0.4866606279559009
11142,2025-11-08 20:27:00,desconhecida,europa_oriental,0.5231577005757787
11143,2025-11-08 20:29:00,desconhecida,europa_ocidental,0.22751641824765975
11148,2025-11-10 21:28:00,desconhecida,america_sul,0.43288296435453194
11149,2025-11-10 21:39:00,desconhecida,europa_ocidental,0.32853036403280844
11150,2025-11-10 22:48:00,desconhecida,america_sul,0.5059369893333723
11151,2025-11-10 22:51:00,desconhecida,europa_ocidental,0.32480965821125474
11153,2025-11-11 00:07:00,europa_ocidental,europa_ocidental,0.39930892259629286
11160,2025-11-11 04:08:00,desconhecida,europa_ocidental,0.45777129141590345
11161,2025-11-11 04:09:00,desconhecida,europa_ocidental,0.3399997900748536
11162,2025-11-11 04:10:00,desconhecida,europa_ocidental,0.31990379904068617
11164,2025-11-11 04:40:00,desconhecida,europa_ocidental,0.26371025750265553
11166,2025-11-11 05:41:00,desconhecida,europa_oriental,0.35363883211696523
11167,2025-11-11 05:42:00,desconhecida,europa_oriental,0.24985282282163976
11168,2025-11-11 05:53:00,desconhecida,europa_ocidental,0.34518028894269787
11174,2025-11-11 07:50:00,desconhecida,europa_ocidental,0.3769508857786298
11175,2025-11-11 07:58:00,europa_ocidental,europa_ocidental,0.36356332851532913
11176,2025-11-11 08:13:00,desconhecida,europa_ocidental,0.3230696051051522
11177,2025-11-11 08:25:00,desconhecida,europa_ocidental,0.26408961703478157
11184,2025-11-11 09:06:00,desconhecida,europa_ocidental,0.41356882665077466
11187,2025-11-11 09:35:00,desconhecida,europa_ocidental,0.2895965523156453
11188,2025-11-11 09:50:00,europa_ocidental,europa_ocidental,0.3349982496317109
11189,2025-11-11 09:54:00,desconhecida,europa_ocidental,0.4065619435788524
11191,2025-11-11 10:03:00,desconhecida,europa_ocidental,0.36953265934877366
11193,2025-11-11 10:36:00,asia,asia,0.47930022402429734
11195,2025-11-11 10:43:00,europa_ocidental,europa_ocidental,0.33177173912438707
11197,2025-11-11 11:18:00,desconhecida,europa_ocidental,0.344351064144543
11201,2025-11-11 12:08:00,desconhecida,america_central,0.20702756686059046
11202,2025-11-11 12:09:00,desconhecida,europa_ocidental,0.17747878239427595
11204,2025-11-11 12:39:00,desconhecida,europa_ocidental,0.34880866659486204
11208,2025-11-11 13:23:00,europa_ocidental,europa_ocidental,0.3572776511173435
11209,2025-11-11 13:40:00,desconhecida,europa_ocidental,0.19588089262551334
11211,2025-11-11 13:42:00,desconhecida,europa_ocidental,0.2725115021008229
11212,2025-11-11 13:48:00,desconhecida,europa_oriental,0.44972577496716615
11215,2025-11-11 15:44:00,desconhecida,america_norte,0.19119629224950657
11219,2025-11-11 16:56:00,desconhecida,europa_ocidental,0.2975491791069493
11220,2025-11-11 17:08:00,europa_ocidental,europa_ocidental,0.3004890257557774
11222,2025-11-11 17:33:00,desconhecida,america_sul,0.35703133913266294
11228,2025-11-11 18:31:00,desconhecida,europa_ocidental,0.3293114490107502
11230,2025-11-11 18:36:00,desconhecida,europa_ocidental,0.2601045172346328
11232,2025-11-11 18:47:00,europa_ocidental,europa_ocidental,0.3786894009590001
11237,2025-11-11 19:21:00,america_central,america_central,0.6979902680536478
11241,2025-11-11 20:06:00,desconhecida,europa_ocidental,0.1897425634559695
11243,2025-11-11 21:35:00,asia,asia,0.47778115317313946
11247,2025-11-11 22:22:00,desconhecida,europa_ocidental,0.25193526520482756
11257,2025-11-12 04:02:00,desconhecida,asia,0.24921712111935956
11258,2025-11-12 04:06:00,desconhecida,europa_ocidental,0.23847008881106543
11261,2025-11-12 04:08:00,desconhecida,america_sul,0.2948263560588589
11262,2025-11-12 04:38:00,desconhecida,europa_ocidental,0.20130593795146223
11263,2025-11-12 05:51:00,desconhecida,america_central,0.1913828203475792
11265,2025-11-12 07:01:00,desconhecida,oriente_medio,0.45123506911287087
11266,2025-11-12 07:02:00,desconhecida,europa_oriental,0.21980830752867092
11268,2025-11-12 07:56:00,desconhecida,europa_ocidental,0.38395414823447077
11270,2025-11-12 08:25:00,desconhecida,europa_ocidental,0.3224174224549173
11271,2025-11-12 08:39:00,desconhecida,europa_ocidental,0.2968277586349392
11272,2025-11-12 08:43:00,desconhecida,europa_ocidental,0.32825950497111156
11273,2025-11-12 08:47:00,desconhecida,europa_ocidental,0.3275855781924818
11274,2025-11-12 09:18:00,desconhecida,europa_ocidental,0.4049650526607249
11275,2025-11-12 09:20:00,desconhecida,europa_ocidental,0.26997193814162457
11278,2025-11-12 09:45:00,desconhecida,europa_ocidental,0.3784653761823622
11284,2025-11-12 10:33:00,desconhecida,america_sul,0.15678847912642302
11285,2025-11-12 10:35:00,desconhecida,europa_ocidental,0.21696111693479683
11287,2025-11-12 10:59:00,desconhecida,asia,0.2615290567597037
11293,2025-11-12 11:17:00,desconhecida,europa_ocidental,0.2761826466007417
11298,2025-11-12 11:49:00,desconhecida,oriente_medio,0.3190601471661823
11300,2025-11-12 11:50:00,desconhecida,oriente_medio,0.3190601471661823
11302,2025-11-12 11:57:00,desconhecida,america_sul,0.5922361801114885
11304,2025-11-12 12:06:00,desconhecida,oriente_medio,0.3190601471661823
11307,2025-11-12 12:39:00,desconhecida,africa,0.3989024190025932
11309,2025-11-12 12:53:00,desconhecida,asia,0.19377774855467098
11314,2025-11-12 13:33:00,europa_ocidental,europa_ocidental,0.4248750435406693
11315,2025-11-12 13:51:00,desconhecida,europa_ocidental,0.33384883476046795
11316,2025-11-12 14:31:00,desconhecida,asia,0.19461053007264162
11317,2025-11-12 15:16:00,desconhecida,europa_oriental,0.19260167398741745
11324,2025-11-12 16:43:00,desconhecida,europa_ocidental,0.18176228000941969
11325,2025-11-12 17:05:00,desconhecida,america_sul,0.554408382075636
11326,2025-11-12 17:10:00,desconhecida,europa_ocidental,0.270714471142671
11327,2025-11-12 17:19:00,europa_ocidental,europa_ocidental,0.30371218412877055
11329,2025-11-12 18:10:00,desconhecida,europa_ocidental,0.3603773594154351
11330,2025-11-12 18:41:00,desconhecida,america_sul,0.5463981470480982
11342,2025-11-12 19:54:00,desconhecida,america_central,0.36206487872555526
11344,2025-11-12 20:17:00,desconhecida,asia,0.5458022250699461
11345,2025-11-12 20:37:00,desconhecida,europa_ocidental,0.20681374960948384
11346,2025-11-12 20:43:00,desconhecida,america_central,0.19398817107924962
11349,2025-11-12 21:38:00,desconhecida,europa_ocidental,0.30427304882230105
11352,2025-11-12 22:14:00,desconhecida,america_sul,0.20494799070747002
11354,2025-11-12 22:17:00,desconhecida,europa_ocidental,0.18942715534490853
11355,2025-11-12 22:18:00,desconhecida,asia,0.3398359519434686
11362,2025-11-12 23:28:00,desconhecida,europa_ocidental,0.16858409038512986
11367,2025-11-13 02:00:00,desconhecida,europa_ocidental,0.22640333108479793
11370,2025-11-13 04:03:00,desconhecida,europa_ocidental,0.23601145039304927
11371,2025-11-13 04:04:00,desconhecida,africa,0.5234222607454861
11372,2025-11-13 04:06:00,desconhecida,asia,0.20361185651636185
11373,2025-11-13 04:07:00,desconhecida,europa_ocidental,0.3327461121833325
11387,2025-11-13 04:18:00,desconhecida,europa_ocidental,0.28251542922255446
11397,2025-11-13 04:26:00,desconhecida,america_sul,0.20402957655206766
11398,2025-11-13 04:48:00,desconhecida,america_sul,0.3221702436499842
11399,2025-11-13 04:49:00,desconhecida,america_sul,0.7205661254944123
11403,2025-11-13 06:23:00,desconhecida,asia,0.3316752959803819
11404,2025-11-13 06:31:00,desconhecida,europa_ocidental,0.26317894122115354
11405,2025-11-13 06:41:00,desconhecida,europa_ocidental,0.24236187058274117
11407,2025-11-13 07:07:00,desconhecida,america_sul,0.24520414168429008
11412,2025-11-13 09:32:00,desconhecida,america_sul,0.47708273170121934
11415,2025-11-13 11:09:00,desconhecida,america_sul,0.47013019502563025
11416,2025-11-13 11:32:00,desconhecida,africa,0.1874341552665891
11420,2025-11-13 11:59:00,desconhecida,europa_ocidental,0.2860576563153177
11422,2025-11-13 12:15:00,desconhecida,asia,0.3371710553002146
11424,2025-11-13 13:27:00,desconhecida,europa_ocidental,0.16636553825458159
11426,2025-11-13 14:00:00,desconhecida,europa_ocidental,0.1719673955589751
11429,2025-11-13 14:41:00,desconhecida,europa_ocidental,0.23967483069025836
11432,2025-11-13 15:49:00,desconhecida,asia,0.1920519082236689
11433,2025-11-13 15:51:00,desconhecida,asia,0.33373517198351904
11435,2025-11-13 16:12:00,desconhecida,europa_ocidental,0.24301023030801208
11436,2025-11-13 16:15:00,desconhecida,europa_ocidental,0.2904280206579534
11437,2025-11-13 16:20:00,desconhecida,europa_ocidental,0.2975562167216892
11438,2025-11-13 16:25:00,desconhecida,oriente_medio,0.5943481656987417
11447,2025-11-13 18:13:00,desconhecida,america_central,0.24792001693505802
11449,2025-11-13 18:28:00,desconhecida,europa_oriental,0.47843630810905063
11452,2025-11-13 18:39:00,desconhecida,europa_ocidental,0.3865734734815384
11453,2025-11-13 19:15:00,desconhecida,europa_ocidental,0.25069910423092806
11456,2025-11-13 19:56:00,desconhecida,europa_ocidental,0.21083283580653478
11457,2025-11-13 20:20:00,desconhecida,europa_ocidental,0.36378407583572064
11463,2025-11-13 20:52:00,desconhecida,europa_ocidental,0.28903171773570735
11469,2025-11-13 23:11:00,desconhecida,asia,0.1830685174005882
11470,2025-11-13 23:23:00,desconhecida,europa_oriental,0.17747349440053678
11472,2025-11-13 23:31:00,desconhecida,america_central,0.5015994460448167
11473,2025-11-13 23:35:00,desconhecida,europa_ocidental,0.22074951682741048
11476,2025-11-14 00:34:00,desconhecida,europa_oriental,0.19332320756881052
11477,2025-11-14 01:11:00,desconhecida,europa_ocidental,0.22096486933258233
11478,2025-11-14 01:35:00,desconhecida,oceania,0.37736185340419515
11499,2025-11-14 03:10:00,desconhecida,europa_ocidental,0.22658565763961971
11521,2025-11-14 04:05:00,europa_ocidental,europa_ocidental,0.2761349185281877
11522,2025-11-14 04:06:00,desconhecida,europa_ocidental,0.34731686476487084
11523,2025-11-14 04:07:00,desconhecida,america_sul,0.20482624625266885
11534,2025-11-14 05:01:00,desconhecida,europa_ocidental,0.20226728688252724
11537,2025-11-14 05:46:00,desconhecida,europa_ocidental,0.308678418838616
11538,2025-11-14 06:11:00,desconhecida,europa_ocidental,0.335425569490743
11540,2025-11-14 06:22:00,desconhecida,europa_ocidental,0.2796326369028677
11541,2025-11-14 06:46:00,desconhecida,europa_oriental,0.3605080837231143
11545,2025-11-14 07:59:00,desconhecida,europa_ocidental,0.25409442600516485
11546,2025-11-14 08:16:00,desconhecida,europa_ocidental,0.38570362570787614
11550,2025-11-14 08:53:00,desconhecida,europa_ocidental,0.26311971668062256
11551,2025-11-14 08:56:00,desconhecida,europa_ocidental,0.17560874108184832
11555,2025-11-14 09:31:00,desconhecida,europa_oriental,0.3239519434488889
11556,2025-11-14 10:13:00,desconhecida,europa_ocidental,0.2617407258301973
11557,2025-11-14 10:14:00,desconhecida,europa_ocidental,0.32827253783095645
11560,2025-11-14 10:28:00,desconhecida,europa_oriental,0.4462978192784833
11561,2025-11-14 10:33:00,desconhecida,europa_ocidental,0.2866500946291064
11563,2025-11-14 11:00:00,desconhecida,europa_ocidental,0.2512272040251356
11564,2025-11-14 11:05:00,desconhecida,america_central,0.21256609810420696
11567,2025-11-14 11:17:00,desconhecida,europa_oriental,0.2708454205076533
11568,2025-11-14 11:23:00,desconhecida,europa_ocidental,0.2675239733720329
11570,2025-11-14 11:28:00,desconhecida,europa_oriental,0.21571756192514072
11571,2025-11-14 11:30:00,desconhecida,europa_ocidental,0.2962877303373918
11573,2025-11-14 11:33:00,desconhecida,america_sul,0.18409665706666306
11592,2025-11-14 12:13:00,desconhecida,america_sul,0.3101738248894119
11593,2025-11-14 12:16:00,desconhecida,europa_ocidental,0.26048913008525687
11594,2025-11-14 12:35:00,desconhecida,america_sul,0.24103569218499063
11596,2025-11-14 12:51:00,desconhecida,europa_ocidental,0.25712459618322936
11597,2025-11-14 12:54:00,desconhecida,europa_oriental,0.3771273393727124
11599,2025-11-14 13:04:00,desconhecida,europa_ocidental,0.18535754869166976
11602,2025-11-14 13:14:00,desconhecida,europa_ocidental,0.2921783343351808
11603,2025-11-14 13:24:00,desconhecida,europa_ocidental,0.19282851963064293
11604,2025-11-14 13:25:00,desconhecida,europa_oriental,0.4488064955344233
11608,2025-11-14 13:39:00,desconhecida,europa_oriental,0.2130384769527805
11609,2025-11-14 13:42:00,desconhecida,europa_ocidental,0.2757083200587813
11614,2025-11-14 14:34:00,desconhecida,europa_ocidental,0.27477191489398084
11615,2025-11-14 14:50:00,desconhecida,europa_ocidental,0.2578774286680436
11616,2025-11-14 14:51:00,desconhecida,europa_ocidental,0.19763176963129978
11625,2025-11-14 15:52:00,desconhecida,europa_ocidental,0.22672020342192775
11626,2025-11-14 15:55:00,desconhecida,europa_ocidental,0.3876853580125311
11629,2025-11-14 16:04:00,desconhecida,oceania,0.3879698423003085
11631,2025-11-14 16:10:00,desconhecida,europa_ocidental,0.2969506296255557
11633,2025-11-14 16:28:00,desconhecida,europa_oriental,0.38653181468185555
11635,2025-11-14 16:30:00,desconhecida,europa_ocidental,0.2891106256788075
11637,2025-11-14 16:33:00,desconhecida,europa_ocidental,0.3452964082292451
11644,2025-11-14 16:50:00,desconhecida,europa_ocidental,0.2154772186087734
11651,2025-11-14 17:15:00,desconhecida,europa_ocidental,0.19134644219963381
11654,2025-11-14 17:41:00,desconhecida,asia,0.4111017761697417
11656,2025-11-14 17:45:00,desconhecida,america_sul,0.33071773129315835
11658,2025-11-14 17:52:00,desconhecida,europa_ocidental,0.17954155846816935
11660,2025-11-14 18:02:00,desconhecida,america_central,0.3651852642592283
11664,2025-11-14 18:37:00,desconhecida,europa_ocidental,0.23326522131967112
11668,2025-11-14 19:06:00,desconhecida,europa_ocidental,0.256090469636709
11674,2025-11-14 19:44:00,desconhecida,europa_ocidental,0.2027172794291226
11675,2025-11-14 20:03:00,desconhecida,europa_ocidental,0.3161877875067852
11676,2025-11-14 20:13:00,desconhecida,america_sul,0.27196848806101875
11678,2025-11-14 20:15:00,desconhecida,america_sul,0.2892136654797212
11680,2025-11-14 20:16:00,desconhecida,america_sul,0.3363151470741191
11681,2025-11-14 20:20:00,desconhecida,america_sul,0.1874699502468171
11682,2025-11-14 20:24:00,desconhecida,america_sul,0.36555080459098094
11686,2025-11-14 20:43:00,desconhecida,america_sul,0.42867839536730584
11688,2025-11-14 21:35:00,desconhecida,europa_ocidental,0.1880791320780801
11699,2025-11-14 23:38:00,desconhecida,asia,0.19739193530841476
11700,2025-11-14 23:43:00,desconhecida,europa_ocidental,0.22934931035331457
11701,2025-11-14 23:52:00,desconhecida,europa_ocidental,0.27066175625565986
11704,2025-11-15 00:02:00,desconhecida,europa_ocidental,0.25788688042085345
11705,2025-11-15 00:14:00,desconhecida,europa_oriental,0.3381777988178681
11712,2025-11-15 01:03:00,desconhecida,europa_ocidental,0.24798341607098112
11713,2025-11-15 01:04:00,desconhecida,europa_ocidental,0.23300810298165986
11715,2025-11-15 01:14:00,desconhecida,europa_ocidental,0.36479794731858955
11717,2025-11-15 01:40:00,desconhecida,europa_ocidental,0.18978124661619852
11724,2025-11-15 02:11:00,desconhecida,europa_ocidental,0.28709123609076337
11727,2025-11-15 02:37:00,desconhecida,europa_ocidental,0.17963344903331357
11728,2025-11-15 02:38:00,desconhecida,europa_ocidental,0.20134633289232146
11729,2025-11-15 02:49:00,desconhecida,europa_ocidental,0.3218251145582073
11730,2025-11-15 02:54:00,desconhecida,asia,0.25699691656402746
11732,2025-11-15 03:39:00,desconhecida,america_sul,0.6105661676779355
11751,2025-11-15 04:05:00,desconhecida,europa_oriental,0.29037008118343827
11752,2025-11-15 04:06:00,desconhecida,europa_ocidental,0.2993030830129694
11753,2025-11-15 04:07:00,desconhecida,europa_ocidental,0.30982916910474917
11755,2025-11-15 04:09:00,desconhecida,europa_ocidental,0.3351985276025007
11756,2025-11-15 04:10:00,desconhecida,europa_ocidental,0.31113831522081203
11757,2025-11-15 04:11:00,desconhecida,europa_ocidental,0.38835787785392034
11759,2025-11-15 04:14:00,desconhecida,europa_ocidental,0.4417268367452049
11761,2025-11-15 04:16:00,desconhecida,europa_oriental,0.31831231280289646
11763,2025-11-15 04:18:00,desconhecida,europa_ocidental,0.2662452952321026
11764,2025-11-15 04:19:00,desconhecida,europa_ocidental,0.33363466972407435
11768,2025-11-15 04:22:00,desconhecida,europa_ocidental,0.32539122028663864
11770,2025-11-15 04:24:00,desconhecida,europa_ocidental,0.32974874896719747
11778,2025-11-15 04:30:00,desconhecida,europa_ocidental,0.2789484800826925
11785,2025-11-15 04:38:00,desconhecida,europa_ocidental,0.31430603596501966
11791,2025-11-15 04:43:00,desconhecida,europa_ocidental,0.26870649836900234
11804,2025-11-15 04:55:00,desconhecida,europa_ocidental,0.31024019800724145
11805,2025-11-15 05:09:00,desconhecida,europa_ocidental,0.24728575314272752
11807,2025-11-15 05:13:00,desconhecida,europa_ocidental,0.26699047124734887
11809,2025-11-15 05:16:00,desconhecida,europa_ocidental,0.29322779955272177
11810,2025-11-15 05:24:00,desconhecida,europa_ocidental,0.3919015507427307
11812,2025-11-15 05:34:00,desconhecida,europa_ocidental,0.4014888277857327
11818,2025-11-15 06:05:00,desconhecida,europa_ocidental,0.3772082366885818
11820,2025-11-15 06:07:00,desconhecida,europa_ocidental,0.34280653583632636
11822,2025-11-15 06:08:00,desconhecida,europa_ocidental,0.2440807716649232
11827,2025-11-15 06:12:00,desconhecida,america_sul,0.3382095156977092
11835,2025-11-15 06:19:00,desconhecida,europa_ocidental,0.31363451114233065
11841,2025-11-15 06:24:00,desconhecida,asia,0.19046165845255783
11844,2025-11-15 06:26:00,desconhecida,america_sul,0.2243596730857398
11862,2025-11-15 06:41:00,desconhecida,europa_ocidental,0.3772948819957615
11865,2025-11-15 06:43:00,desconhecida,america_sul,0.2517139928899915
11868,2025-11-15 06:46:00,desconhecida,america_sul,0.2226792685424071
11872,2025-11-15 06:49:00,desconhecida,america_sul,0.3733687968604867
11880,2025-11-15 06:56:00,desconhecida,europa_ocidental,0.34747960028592456
11882,2025-11-15 06:57:00,desconhecida,america_sul,0.21400806311059423
11911,2025-11-15 07:18:00,desconhecida,europa_oriental,0.2446019351039586
11912,2025-11-15 07:19:00,desconhecida,europa_oriental,0.22996850895900278
11915,2025-11-15 07:21:00,desconhecida,america_sul,0.24055056317971169
11920,2025-11-15 07:25:00,desconhecida,america_sul,0.4027954192561934
11965,2025-11-15 07:57:00,desconhecida,europa_ocidental,0.25977135294568593
11972,2025-11-15 08:03:00,desconhecida,europa_ocidental,0.4211369028627172
11975,2025-11-15 08:06:00,desconhecida,oriente_medio,0.4871136529430708
11982,2025-11-15 08:12:00,desconhecida,europa_ocidental,0.21547998572317578
11989,2025-11-15 08:18:00,desconhecida,europa_oriental,0.5331036658989751
11991,2025-11-15 08:20:00,desconhecida,europa_oriental,0.4783496849845373
11995,2025-11-15 08:23:00,oceania,oceania,0.8586403147419106
12000,2025-11-15 08:28:00,desconhecida,europa_ocidental,0.3627772180760451
12007,2025-11-15 08:33:00,desconhecida,europa_ocidental,0.334902923432757
12022,2025-11-15 08:46:00,desconhecida,europa_ocidental,0.20093034550389646
12063,2025-11-15 09:18:00,desconhecida,europa_oriental,0.2533988690291727
12077,2025-11-15 09:30:00,desconhecida,europa_oriental,0.5196858870219119
12129,2025-11-15 10:07:00,desconhecida,europa_oriental,0.26533164683946675
12134,2025-11-15 10:11:00,desconhecida,asia,0.2858397352241478
12157,2025-11-15 10:29:00,desconhecida,europa_ocidental,0.33966350423725306
12170,2025-11-15 10:39:00,desconhecida,europa_ocidental,0.3433796273615537
12177,2025-11-15 10:44:00,desconhecida,europa_ocidental,0.2472533159796279
12182,2025-11-15 10:55:00,desconhecida,europa_ocidental,0.3023323317318591
12187,2025-11-15 11:08:00,desconhecida,europa_ocidental,0.3070540822211735
12188,2025-11-15 11:09:00,desconhecida,europa_ocidental,0.34481224435410746
12190,2025-11-15 11:09:00,desconhecida,europa_ocidental,0.30135120745192573
12191,2025-11-15 11:12:00,desconhecida,europa_ocidental,0.20360369154151808
12192,2025-11-15 11:15:00,desconhecida,europa_oriental,0.3216297131593173
12193,2025-11-15 11:20:00,desconhecida,europa_ocidental,0.353645957956454
12196,2025-11-15 11:31:00,desconhecida,europa_ocidental,0.21846680302239724
12197,2025-11-15 11:32:00,desconhecida,europa_oriental,0.4219397206983848
12198,2025-11-15 11:36:00,desconhecida,europa_oriental,0.2211998533468433
12200,2025-11-15 11:38:00,desconhecida,europa_oriental,0.20840152594683406
12201,2025-11-15 11:40:00,desconhecida,europa_oriental,0.28200336218772226
12202,2025-11-15 11:41:00,desconhecida,europa_oriental,0.27483658608235256
12203,2025-11-15 11:43:00,desconhecida,europa_oriental,0.4716001591165166
12204,2025-11-15 11:44:00,desconhecida,europa_oriental,0.4339083516365271
12205,2025-11-15 11:45:00,desconhecida,europa_oriental,0.4996333341421462
12207,2025-11-15 11:47:00,desconhecida,europa_oriental,0.38847969052060477
12209,2025-11-15 11:48:00,desconhecida,europa_oriental,0.22846327637721814
12210,2025-11-15 11:49:00,desconhecida,europa_ocidental,0.23695712664094573
12211,2025-11-15 11:51:00,desconhecida,europa_oriental,0.3322415595866712
12212,2025-11-15 11:52:00,desconhecida,europa_ocidental,0.19958694943682806
12216,2025-11-15 12:05:00,desconhecida,europa_ocidental,0.3015724325618715
12217,2025-11-15 12:06:00,desconhecida,europa_oriental,0.4241805620460301
12218,2025-11-15 12:07:00,desconhecida,europa_oriental,0.3079838230577883
12220,2025-11-15 12:15:00,desconhecida,europa_ocidental,0.27376784928574044
12222,2025-11-15 12:20:00,desconhecida,europa_ocidental,0.2601699781179354
12223,2025-11-15 12:23:00,desconhecida,europa_ocidental,0.3108269785016056
12224,2025-11-15 12:31:00,desconhecida,europa_ocidental,0.23545193078292515
12233,2025-11-15 12:38:00,desconhecida,europa_ocidental,0.3039973257277174
12235,2025-11-15 12:40:00,desconhecida,europa_oriental,0.5252978156591466
12237,2025-11-15 12:42:00,desconhecida,europa_oriental,0.2589392698791948
12239,2025-11-15 12:44:00,desconhecida,europa_oriental,0.42046927664942085
12245,2025-11-15 12:49:00,desconhecida,europa_oriental,0.3205223912353779
12250,2025-11-15 12:53:00,desconhecida,europa_ocidental,0.32159197346977997
12260,2025-11-15 13:00:00,desconhecida,europa_ocidental,0.2887517833136208
12261,2025-11-15 13:02:00,desconhecida,europa_ocidental,0.28426658662195414
12263,2025-11-15 13:04:00,desconhecida,europa_ocidental,0.30866811808950045
12265,2025-11-15 13:05:00,desconhecida,europa_ocidental,0.27427770947918023
12268,2025-11-15 13:12:00,desconhecida,europa_ocidental,0.18357971285183336
12274,2025-11-15 13:45:00,desconhecida,europa_ocidental,0.3552474410628614
12275,2025-11-15 13:56:00,desconhecida,europa_oriental,0.3007433759595932
12280,2025-11-15 14:05:00,desconhecida,oriente_medio,0.629622796941443
12282,2025-11-15 14:14:00,desconhecida,america_sul,0.38067603496156993
12283,2025-11-15 14:18:00,desconhecida,europa_ocidental,0.19583537072150187
12285,2025-11-15 14:38:00,desconhecida,europa_oriental,0.384297732733131
12288,2025-11-15 15:07:00,desconhecida,europa_ocidental,0.2669218572243041
12289,2025-11-15 15:20:00,desconhecida,oriente_medio,0.7062119711576662
12300,2025-11-15 15:31:00,desconhecida,europa_ocidental,0.22359361803305042
12317,2025-11-15 17:33:00,desconhecida,asia,0.2967556783740317
12334,2025-11-15 18:07:00,desconhecida,america_central,0.27256075952809417
12336,2025-11-15 18:09:00,desconhecida,europa_ocidental,0.19866918184579158
12369,2025-11-15 18:36:00,desconhecida,america_central,0.3896625812259949
12452,2025-11-15 20:15:00,desconhecida,america_sul,0.6330621336613619
12491,2025-11-15 20:50:00,desconhecida,asia,0.36419620172443373
12492,2025-11-15 20:55:00,desconhecida,america_sul,0.4673473768739898
12495,2025-11-15 21:09:00,desconhecida,america_sul,0.3023783039992161
12505,2025-11-15 23:15:00,desconhecida,america_sul,0.4853611910332053
12509,2025-11-15 23:49:00,desconhecida,america_norte,0.3123005282210883
12510,2025-11-15 23:51:00,desconhecida,america_sul,0.268287773917425
12511,2025-11-15 23:53:00,america_sul,america_sul,0.5937243100930945
12515,2025-11-16 00:22:00,desconhecida,america_sul,0.2954151390765388
12516,2025-11-16 00:43:00,desconhecida,europa_ocidental,0.2858824595217003
12518,2025-11-16 00:44:00,desconhecida,europa_ocidental,0.25392079126374956
12528,2025-11-16 02:35:00,desconhecida,asia,0.3934360584717542
12529,2025-11-16 02:59:00,desconhecida,europa_ocidental,0.2087984405819336
12531,2025-11-16 03:04:00,desconhecida,asia,0.2746406399681881
12532,2025-11-16 03:11:00,desconhecida,asia,0.3305829923916099
12533,2025-11-16 03:31:00,desconhecida,europa_ocidental,0.2698184879998089
12537,2025-11-16 11:15:00,desconhecida,america_central,0.22959054333229822
12538,2025-11-16 11:17:00,desconhecida,europa_oriental,0.23488875102884244
12540,2025-11-16 11:18:00,desconhecida,america_sul,0.32583272800745383
12544,2025-11-16 11:26:00,desconhecida,europa_oriental,0.18955238324998072
12547,2025-11-16 11:42:00,desconhecida,europa_oriental,0.3461855455740306
12548,2025-11-16 11:45:00,desconhecida,europa_oriental,0.20651187079085134
12550,2025-11-16 11:47:00,desconhecida,oriente_medio,0.7802073625429505
12553,2025-11-16 11:50:00,desconhecida,europa_ocidental,0.24906618096358676
12554,2025-11-16 11:52:00,desconhecida,oriente_medio,0.22607603917650654
12558,2025-11-16 12:01:00,desconhecida,europa_oriental,0.3286787956437159
12562,2025-11-16 12:08:00,desconhecida,europa_oriental,0.2885782558583688
12564,2025-11-16 12:14:00,desconhecida,europa_oriental,0.3217800104582925
12567,2025-11-16 12:24:00,desconhecida,europa_ocidental,0.19909258168280908
12569,2025-11-16 12:30:00,desconhecida,europa_ocidental,0.2004391028944238
12570,2025-11-16 12:33:00,desconhecida,europa_ocidental,0.2902729773620507
12572,2025-11-16 12:43:00,desconhecida,europa_oriental,0.3027784182516645
12582,2025-11-16 13:27:00,desconhecida,oriente_medio,0.5544324314922752
12596,2025-11-16 13:59:00,desconhecida,america_central,0.36205693392897675
12598,2025-11-16 14:11:00,desconhecida,europa_ocidental,0.3525810232784578
12600,2025-11-16 14:20:00,desconhecida,europa_ocidental,0.25319794170219473
12605,2025-11-16 14:33:00,desconhecida,africa,0.16663698516921954
12606,2025-11-16 14:35:00,desconhecida,europa_ocidental,0.24060336256942505
12608,2025-11-16 14:38:00,desconhecida,europa_ocidental,0.24060336256942505
12609,2025-11-16 14:43:00,desconhecida,europa_ocidental,0.2597749519432098
12610,2025-11-16 14:46:00,desconhecida,oceania,0.2314141144073348
12611,2025-11-16 14:48:00,desconhecida,europa_ocidental,0.23674645165813515
12613,2025-11-16 14:55:00,desconhecida,europa_ocidental,0.3077033291889772
12615,2025-11-16 15:03:00,desconhecida,europa_ocidental,0.18644504852650776
12616,2025-11-16 15:05:00,desconhecida,europa_oriental,0.36527640232157416
12619,2025-11-16 15:07:00,desconhecida,europa_oriental,0.36527640232157416
12620,2025-11-16 15:12:00,desconhecida,europa_ocidental,0.23117030831677274
12627,2025-11-16 15:47:00,desconhecida,europa_ocidental,0.2728995074644693
12631,2025-11-16 16:38:00,desconhecida,america_sul,0.27971391341083685
12633,2025-11-16 20:13:00,desconhecida,europa_ocidental,0.3177252678645829
12634,2025-11-16 20:50:00,desconhecida,europa_ocidental,0.2176599305499641
12638,2025-11-16 22:33:00,desconhecida,america_central,0.5936379423528264
12643,2025-11-16 23:37:00,desconhecida,asia,0.2549883323903095
12645,2025-11-17 00:02:00,desconhecida,africa,0.2645553990677993
12647,2025-11-17 00:48:00,desconhecida,europa_oriental,0.1835788314521921
12648,2025-11-17 01:00:00,desconhecida,europa_oriental,0.17507951297923025
12649,2025-11-17 01:30:00,desconhecida,europa_ocidental,0.16268237655610246
12652,2025-11-17 01:41:00,desconhecida,europa_ocidental,0.1834068388658721
12653,2025-11-17 04:03:00,desconhecida,africa,0.3534424629643649
12655,2025-11-17 04:08:00,desconhecida,america_sul,0.185784388574482
12658,2025-11-17 06:08:00,desconhecida,europa_ocidental,0.2097459019937833
12660,2025-11-17 06:21:00,desconhecida,europa_ocidental,0.19662773040851414
12661,2025-11-17 07:00:00,desconhecida,america_central,0.17957161064612895
12662,2025-11-17 07:21:00,desconhecida,oriente_medio,0.27336041410201384
12663,2025-11-17 09:27:00,desconhecida,europa_ocidental,0.26823107868904694
12666,2025-11-17 09:42:00,desconhecida,asia,0.2773998726434858
12669,2025-11-17 09:56:00,desconhecida,europa_ocidental,0.39236709447709983
12674,2025-11-17 10:17:00,desconhecida,europa_ocidental,0.20518183296361311
12677,2025-11-17 11:20:00,desconhecida,europa_ocidental,0.17981697878238767
12679,2025-11-17 11:31:00,desconhecida,europa_ocidental,0.24801765919904786
12681,2025-11-17 12:06:00,desconhecida,europa_ocidental,0.24719263600122535
12682,2025-11-17 12:11:00,desconhecida,asia,0.22121459023273565
12685,2025-11-17 12:56:00,desconhecida,europa_ocidental,0.21669837517610205
12687,2025-11-17 13:34:00,desconhecida,america_central,0.18536993530021012
12688,2025-11-17 13:38:00,desconhecida,europa_ocidental,0.25564645720180096
12690,2025-11-17 13:57:00,desconhecida,europa_ocidental,0.2277142167269767
12692,2025-11-17 14:09:00,desconhecida,europa_ocidental,0.1810576881399094
12693,2025-11-17 14:27:00,desconhecida,europa_ocidental,0.2280871264421619
12694,2025-11-17 14:28:00,desconhecida,america_sul,0.33870075029970187
12695,2025-11-17 14:44:00,desconhecida,europa_ocidental,0.20401112351480638
12696,2025-11-17 14:55:00,desconhecida,europa_ocidental,0.16374308296290452
12699,2025-11-17 15:58:00,desconhecida,america_sul,0.2495279725066303
12700,2025-11-17 16:04:00,desconhecida,europa_ocidental,0.30211414859270197
12704,2025-11-17 18:02:00,desconhecida,africa,0.19709887601255724
12714,2025-11-17 19:56:00,desconhecida,europa_ocidental,0.23253166344875023
12715,2025-11-17 20:14:00,desconhecida,europa_ocidental,0.35269673630600784
12716,2025-11-17 20:32:00,desconhecida,europa_ocidental,0.19357969744908646
12717,2025-11-17 20:43:00,desconhecida,europa_ocidental,0.19495143246106372
12722,2025-11-17 23:12:00,desconhecida,europa_ocidental,0.22523306720329275
12725,2025-11-17 23:37:00,desconhecida,america_norte,0.19239927217844316
12726,2025-11-18 00:05:00,europa_ocidental,europa_ocidental,0.30156112918517863
12730,2025-11-18 00:29:00,desconhecida,america_sul,0.5371817546983152
12732,2025-11-18 01:19:00,america_sul,america_central,0.21327454893428544
12740,2025-11-18 04:03:00,desconhecida,asia,0.33959360124104865
12741,2025-11-18 04:06:00,desconhecida,europa_ocidental,0.1965358131899732
12743,2025-11-18 04:08:00,desconhecida,asia,0.3305827771562854
12744,2025-11-18 04:09:00,desconhecida,europa_ocidental,0.24424399190803048
12745,2025-11-18 04:30:00,america_sul,america_sul,0.5341458911353341
12746,2025-11-18 04:36:00,desconhecida,europa_ocidental,0.23496958364403708
12749,2025-11-18 05:21:00,desconhecida,europa_ocidental,0.28396132286054965
12750,2025-11-18 06:21:00,desconhecida,europa_ocidental,0.273368318392593
12763,2025-11-18 07:12:00,desconhecida,europa_ocidental,0.2233238011949961
12764,2025-11-18 07:13:00,desconhecida,america_sul,0.2853670211843258
12766,2025-11-18 07:28:00,europa_oriental,europa_oriental,0.5124025366963253
12769,2025-11-18 07:54:00,desconhecida,europa_ocidental,0.23563739992757046
12770,2025-11-18 07:59:00,europa_ocidental,europa_ocidental,0.338667655011049
12772,2025-11-18 08:16:00,oriente_medio,oriente_medio,0.6176597866177747
12774,2025-11-18 08:56:00,desconhecida,europa_ocidental,0.26397094720938474
12777,2025-11-18 09:22:00,desconhecida,europa_ocidental,0.2680595143478677
12778,2025-11-18 09:46:00,desconhecida,europa_ocidental,0.20946819575101241
12779,2025-11-18 10:06:00,desconhecida,europa_ocidental,0.19678296046773308
12781,2025-11-18 10:51:00,desconhecida,oriente_medio,0.6709281955322604
12783,2025-11-18 11:09:00,desconhecida,europa_ocidental,0.2314290553637655
12784,2025-11-18 11:14:00,europa_ocidental,europa_ocidental,0.3634468466323894
12787,2025-11-18 11:31:00,desconhecida,asia,0.3826140175503741
12790,2025-11-18 11:36:00,desconhecida,europa_ocidental,0.20295990081743412
12792,2025-11-18 11:54:00,desconhecida,europa_ocidental,0.2719472494566224
12794,2025-11-18 12:34:00,desconhecida,asia,0.19307565532971374
12814,2025-11-18 13:48:00,desconhecida,europa_ocidental,0.23115768088521044
12815,2025-11-18 13:49:00,desconhecida,europa_ocidental,0.18323663989926434
12816,2025-11-18 14:53:00,desconhecida,europa_ocidental,0.37140977312605716
12817,2025-11-18 14:56:00,desconhecida,america_sul,0.48893348505410333
12819,2025-11-18 15:12:00,desconhecida,europa_ocidental,0.3522914269047998
12824,2025-11-18 15:58:00,desconhecida,europa_ocidental,0.2774895975910191
12840,2025-11-18 16:33:00,desconhecida,america_sul,0.21428472829961068
12842,2025-11-18 17:06:00,desconhecida,europa_ocidental,0.2791017752844148
12843,2025-11-18 17:14:00,desconhecida,europa_ocidental,0.22103283344417807
12865,2025-11-18 18:59:00,desconhecida,america_sul,0.4448081745967166
12867,2025-11-18 19:38:00,desconhecida,america_sul,0.18852223084121641
12868,2025-11-18 19:43:00,desconhecida,europa_ocidental,0.22399245091533376
12869,2025-11-18 19:49:00,europa_ocidental,europa_ocidental,0.3349982496317109
12874,2025-11-18 22:18:00,europa_ocidental,europa_ocidental,0.23373088001189662
12881,2025-11-19 04:48:00,desconhecida,europa_oriental,0.43616489320908663
12882,2025-11-19 05:12:00,desconhecida,asia,0.44330058079484774
12884,2025-11-19 05:35:00,desconhecida,america_sul,0.259517014743171
12890,2025-11-19 06:19:00,desconhecida,asia,0.3362859325837915
12892,2025-11-19 06:41:00,desconhecida,europa_ocidental,0.25734010279382247
12914,2025-11-19 10:30:00,desconhecida,america_central,0.5572042257789321
12915,2025-11-19 11:18:00,desconhecida,america_sul,0.4813187729827933
12917,2025-11-19 11:37:00,desconhecida,america_central,0.3698586505743346
12924,2025-11-19 13:08:00,desconhecida,europa_ocidental,0.2808711083695184
12926,2025-11-19 13:17:00,desconhecida,europa_oriental,0.3299330403954996
12927,2025-11-19 13:31:00,desconhecida,america_sul,0.4848017598952904
12929,2025-11-19 13:44:00,desconhecida,europa_oriental,0.20766942798147447
12930,2025-11-19 13:45:00,desconhecida,europa_ocidental,0.19532287291281145
12931,2025-11-19 13:46:00,desconhecida,europa_oriental,0.3866097776146825
12932,2025-11-19 14:14:00,desconhecida,europa_ocidental,0.257519631691547
12934,2025-11-19 14:19:00,desconhecida,europa_ocidental,0.3335824270222216
12937,2025-11-19 14:28:00,desconhecida,asia,0.18161228319153946
12942,2025-11-19 14:40:00,desconhecida,europa_ocidental,0.21541846947589854
12949,2025-11-19 15:56:00,europa_oriental,europa_oriental,0.5380988311703978
12950,2025-11-19 16:53:00,asia,asia,0.6373139085110963
12951,2025-11-19 17:14:00,europa_oriental,europa_oriental,0.4463944541045208
12956,2025-11-19 18:28:00,desconhecida,europa_ocidental,0.24180123918452975
12959,2025-11-19 18:53:00,desconhecida,africa,0.2785554545430075
12960,2025-11-19 19:13:00,desconhecida,europa_ocidental,0.2795330692463571
12964,2025-11-19 19:32:00,desconhecida,america_central,0.4928182645228018
12969,2025-11-19 20:04:00,america_sul,america_sul,0.6871502800544574
12970,2025-11-19 20:16:00,desconhecida,america_central,0.6279018389165454
12978,2025-11-19 22:15:00,desconhecida,europa_ocidental,0.20639537494124238
12982,2025-11-19 23:52:00,desconhecida,asia,0.28084712444730175
12990,2025-11-20 02:33:00,desconhecida,europa_ocidental,0.18426320705288482
12991,2025-11-20 02:35:00,desconhecida,europa_ocidental,0.2496505417501764
12997,2025-11-20 04:27:00,desconhecida,america_sul,0.42525747608187225
12999,2025-11-20 05:43:00,desconhecida,europa_oriental,0.22164588047211078
13004,2025-11-20 07:00:00,desconhecida,europa_ocidental,0.27073500859052113
13005,2025-11-20 07:02:00,desconhecida,europa_ocidental,0.25518435673995643
13006,2025-11-20 07:13:00,desconhecida,america_sul,0.4493875268881231
13011,2025-11-20 07:40:00,desconhecida,europa_ocidental,0.2531787374513753
13012,2025-11-20 08:01:00,desconhecida,europa_oriental,0.398526717030384
13018,2025-11-20 08:54:00,desconhecida,europa_oriental,0.29124937453011
13024,2025-11-20 10:01:00,desconhecida,europa_oriental,0.5038646750574417
13025,2025-11-20 10:31:00,desconhecida,oriente_medio,0.6453800758908824
13026,2025-11-20 10:42:00,desconhecida,oceania,0.35448260075956894
13027,2025-11-20 11:02:00,desconhecida,america_sul,0.22597612414340554
13032,2025-11-20 11:38:00,desconhecida,oriente_medio,0.3058474621077525
13033,2025-11-20 11:43:00,desconhecida,america_sul,0.45732749075850665
13034,2025-11-20 11:44:00,desconhecida,america_sul,0.26037599019516544
13041,2025-11-20 12:06:00,desconhecida,europa_ocidental,0.22017670540277343
13043,2025-11-20 12:32:00,desconhecida,asia,0.4974487047597257
13044,2025-11-20 12:45:00,desconhecida,europa_ocidental,0.17423923806879643
13046,2025-11-20 13:00:00,desconhecida,europa_ocidental,0.3868476129950076
13047,2025-11-20 13:01:00,desconhecida,america_sul,0.5178220996082089
13050,2025-11-20 14:12:00,desconhecida,europa_ocidental,0.227106718157625
13051,2025-11-20 14:25:00,desconhecida,europa_ocidental,0.3841894429097672
13052,2025-11-20 14:32:00,desconhecida,europa_oriental,0.5071395126435507
13053,2025-11-20 14:45:00,desconhecida,europa_ocidental,0.30482317897294053
13055,2025-11-20 15:25:00,desconhecida,europa_ocidental,0.3209201641209854
13056,2025-11-20 15:26:00,desconhecida,europa_ocidental,0.27395239712571634
13058,2025-11-20 15:31:00,desconhecida,europa_ocidental,0.2183825541927019
13059,2025-11-20 15:33:00,desconhecida,europa_ocidental,0.28624767751999597
13061,2025-11-20 16:00:00,desconhecida,europa_oriental,0.2986873201605279
13064,2025-11-20 16:49:00,desconhecida,europa_ocidental,0.2743978575027373
13065,2025-11-20 17:00:00,desconhecida,europa_oriental,0.3582842939296988
13068,2025-11-20 17:21:00,desconhecida,europa_ocidental,0.28545438440939724
13069,2025-11-20 17:27:00,desconhecida,america_central,0.7079921126410009
13070,2025-11-20 17:36:00,desconhecida,europa_ocidental,0.19033746835324075
13071,2025-11-20 18:09:00,desconhecida,europa_ocidental,0.35957228175538114
13072,2025-11-20 18:10:00,desconhecida,europa_ocidental,0.3273218792778234
13075,2025-11-20 19:28:00,desconhecida,europa_ocidental,0.3883292909175574
13077,2025-11-20 19:30:00,desconhecida,europa_ocidental,0.3145428688727693
13078,2025-11-20 20:11:00,desconhecida,europa_ocidental,0.307478506177271
13079,2025-11-20 20:19:00,desconhecida,america_sul,0.20631539905904242
13080,2025-11-20 20:32:00,desconhecida,europa_ocidental,0.2843448837516475
13082,2025-11-20 20:53:00,desconhecida,america_central,0.23329554320642934
13083,2025-11-20 20:58:00,desconhecida,europa_ocidental,0.2896086187758402
13090,2025-11-20 23:14:00,desconhecida,europa_ocidental,0.2333571524577904
13091,2025-11-20 23:35:00,desconhecida,america_central,0.3242861294301675
13092,2025-11-20 23:39:00,desconhecida,america_sul,0.34062960553603366
13093,2025-11-20 23:40:00,desconhecida,europa_ocidental,0.3103398496939351
13094,2025-11-20 23:46:00,desconhecida,asia,0.4672624759457299
13096,2025-11-21 00:24:00,desconhecida,europa_oriental,0.4280104813153426
13102,2025-11-21 02:38:00,desconhecida,oriente_medio,0.720726027806227
13106,2025-11-21 04:05:00,desconhecida,europa_oriental,0.29014539022277225
13107,2025-11-21 04:06:00,desconhecida,europa_oriental,0.5222333602916088
13108,2025-11-21 04:07:00,desconhecida,europa_ocidental,0.2797162151328386
13109,2025-11-21 04:08:00,desconhecida,europa_ocidental,0.2833667017270164
13110,2025-11-21 04:10:00,desconhecida,europa_ocidental,0.26939550035729604
13111,2025-11-21 04:11:00,desconhecida,europa_ocidental,0.29823362626768507
13112,2025-11-21 04:12:00,desconhecida,europa_ocidental,0.2454904493067893
13113,2025-11-21 04:13:00,desconhecida,europa_ocidental,0.2587732321291301
13114,2025-11-21 04:15:00,desconhecida,europa_ocidental,0.3422641018824404
13115,2025-11-21 04:16:00,desconhecida,europa_oriental,0.45169235606167246
13116,2025-11-21 04:20:00,desconhecida,asia,0.33996396710932714
13117,2025-11-21 04:22:00,desconhecida,europa_ocidental,0.23167620441609038
13120,2025-11-21 04:41:00,desconhecida,oriente_medio,0.6424051392916535
13121,2025-11-21 04:43:00,desconhecida,europa_ocidental,0.18901665050368327
13122,2025-11-21 04:45:00,desconhecida,europa_ocidental,0.3030676899022163
13123,2025-11-21 05:00:00,desconhecida,asia,0.4540512882280296
13124,2025-11-21 05:01:00,desconhecida,europa_ocidental,0.21024650861839597
13127,2025-11-21 05:25:00,desconhecida,asia,0.3666972958571472
13132,2025-11-21 06:11:00,desconhecida,europa_oriental,0.39795777968192597
13133,2025-11-21 06:27:00,desconhecida,europa_ocidental,0.29849342570856424
13135,2025-11-21 06:30:00,desconhecida,europa_ocidental,0.24576143279124926
13142,2025-11-21 06:49:00,desconhecida,europa_oriental,0.24120573500997342
13145,2025-11-21 07:03:00,desconhecida,oriente_medio,0.77478731245709
13146,2025-11-21 07:14:00,desconhecida,asia,0.24665325100764374
13147,2025-11-21 07:18:00,desconhecida,america_central,0.3805429772731837
13152,2025-11-21 07:44:00,desconhecida,europa_ocidental,0.2546996400744966
13153,2025-11-21 07:46:00,desconhecida,asia,0.5004384373647185
13155,2025-11-21 07:50:00,desconhecida,europa_ocidental,0.19074690450224158
13156,2025-11-21 07:51:00,desconhecida,oceania,0.768441190985367
13158,2025-11-21 07:59:00,desconhecida,europa_ocidental,0.39277173716180214
13162,2025-11-21 08:16:00,desconhecida,america_sul,0.4344509200774253
13163,2025-11-21 08:21:00,desconhecida,europa_oriental,0.48156949582566033
13164,2025-11-21 08:24:00,desconhecida,oriente_medio,0.466526864882911
13165,2025-11-21 08:34:00,desconhecida,europa_ocidental,0.2525264701367156
13167,2025-11-21 08:46:00,desconhecida,europa_ocidental,0.2745215269189834
13168,2025-11-21 08:50:00,desconhecida,oriente_medio,0.5932045487332075
13169,2025-11-21 08:53:00,desconhecida,america_central,0.2610997633565282
13170,2025-11-21 08:57:00,desconhecida,america_central,0.460471845054557
13171,2025-11-21 08:58:00,desconhecida,europa_ocidental,0.22921204495911182
13173,2025-11-21 09:07:00,desconhecida,europa_ocidental,0.18841996078036216
13182,2025-11-21 09:43:00,desconhecida,asia,0.279607357596425
13183,2025-11-21 09:46:00,desconhecida,europa_ocidental,0.3265901614077711
13187,2025-11-21 10:00:00,desconhecida,europa_oriental,0.4508584482856597
13188,2025-11-21 10:02:00,desconhecida,europa_oriental,0.19733440791418141
13194,2025-11-21 10:34:00,desconhecida,europa_oriental,0.36442914895091233
13203,2025-11-21 10:55:00,desconhecida,america_sul,0.26475147515740866
13205,2025-11-21 11:08:00,desconhecida,europa_ocidental,0.3495175933906826
13211,2025-11-21 13:54:00,desconhecida,europa_oriental,0.4760318041202108
13218,2025-11-21 14:51:00,desconhecida,europa_ocidental,0.20514229161620262
13219,2025-11-21 14:52:00,desconhecida,europa_oriental,0.19009054296283062
13220,2025-11-21 14:54:00,desconhecida,europa_ocidental,0.2609427630951742
13224,2025-11-21 15:20:00,desconhecida,europa_oriental,0.2955289414234608
13230,2025-11-21 16:00:00,desconhecida,america_central,0.3610711732663185
13231,2025-11-21 16:02:00,desconhecida,europa_ocidental,0.21784877311255701
13233,2025-11-21 16:05:00,desconhecida,europa_ocidental,0.21106411316862772
13247,2025-11-21 16:33:00,desconhecida,america_sul,0.5039941740729507
13250,2025-11-21 16:35:00,desconhecida,europa_oriental,0.356054648801688
13253,2025-11-21 16:38:00,desconhecida,europa_oriental,0.1904064805626369
13276,2025-11-21 16:58:00,desconhecida,america_sul,0.2071770331717382
13277,2025-11-21 17:00:00,desconhecida,america_central,0.49386480044659353
13294,2025-11-21 17:32:00,desconhecida,europa_ocidental,0.20778863034429132
13297,2025-11-21 17:40:00,desconhecida,europa_ocidental,0.30207841353374515
13299,2025-11-21 17:46:00,desconhecida,europa_ocidental,0.3282440332369142
13300,2025-11-21 17:58:00,desconhecida,europa_ocidental,0.3155896460337854
13303,2025-11-21 18:30:00,desconhecida,europa_ocidental,0.3072304799239325
13305,2025-11-21 18:33:00,desconhecida,europa_ocidental,0.29003859540876265
13306,2025-11-21 18:35:00,desconhecida,europa_ocidental,0.29003859540876265
13307,2025-11-21 18:41:00,desconhecida,europa_ocidental,0.26994663881755304
13309,2025-11-21 18:49:00,desconhecida,europa_ocidental,0.3520715878881505
13310,2025-11-21 18:51:00,desconhecida,america_sul,0.2888421277627734
13311,2025-11-21 18:52:00,desconhecida,europa_ocidental,0.34500911438253434
13315,2025-11-21 19:03:00,europa_ocidental,europa_ocidental,0.2639717135220771
13316,2025-11-21 19:06:00,desconhecida,america_sul,0.2847936913979316
13321,2025-11-21 19:11:00,desconhecida,europa_ocidental,0.3091087424224793
13326,2025-11-21 19:38:00,desconhecida,asia,0.42725368036866057
13331,2025-11-21 20:13:00,desconhecida,america_sul,0.43440588007198816
13332,2025-11-21 20:14:00,desconhecida,asia,0.5253239029888697
13333,2025-11-21 20:16:00,desconhecida,asia,0.4478899019730476
13335,2025-11-21 20:20:00,desconhecida,america_sul,0.29833688196069347
13336,2025-11-21 20:33:00,desconhecida,europa_oriental,0.39834678305967264
13339,2025-11-21 20:36:00,desconhecida,europa_ocidental,0.2936138940980598
13342,2025-11-21 21:01:00,desconhecida,europa_ocidental,0.3216979438892639
13348,2025-11-21 21:21:00,desconhecida,america_sul,0.4639986317177847
13349,2025-11-21 21:23:00,desconhecida,europa_oriental,0.6128576883239062
13351,2025-11-21 21:30:00,desconhecida,europa_oriental,0.3897350372879835
13353,2025-11-21 21:41:00,desconhecida,america_sul,0.27313049178192184
13354,2025-11-21 21:43:00,desconhecida,europa_ocidental,0.2614378048514352
13358,2025-11-21 21:50:00,europa_ocidental,europa_ocidental,0.3184970576472037
13360,2025-11-21 22:10:00,desconhecida,europa_ocidental,0.23908925130460845
13362,2025-11-21 22:18:00,desconhecida,europa_oriental,0.39437628461974905
13365,2025-11-21 22:44:00,desconhecida,europa_ocidental,0.24652488157059235
13379,2025-11-21 23:15:00,desconhecida,europa_ocidental,0.2135400260060411
13380,2025-11-21 23:17:00,desconhecida,europa_oriental,0.2414592076888163
13383,2025-11-22 00:01:00,desconhecida,america_sul,0.43766946151339736
13388,2025-11-22 00:22:00,desconhecida,america_central,0.31649345192239786
13389,2025-11-22 00:23:00,desconhecida,asia,0.6210961777857535
13395,2025-11-22 01:13:00,desconhecida,europa_ocidental,0.2864757834048745
13396,2025-11-22 01:14:00,desconhecida,europa_ocidental,0.3448271827843703
13398,2025-11-22 01:15:00,desconhecida,europa_ocidental,0.30860197235678183
13399,2025-11-22 01:16:00,desconhecida,europa_oriental,0.23025079718464592
13400,2025-11-22 01:17:00,desconhecida,europa_oriental,0.29847589930749385
13401,2025-11-22 01:18:00,desconhecida,europa_ocidental,0.3236449763494866
13404,2025-11-22 01:32:00,desconhecida,europa_ocidental,0.3708038060581938
13405,2025-11-22 01:33:00,desconhecida,europa_ocidental,0.31633612490491714
13408,2025-11-22 02:02:00,desconhecida,europa_ocidental,0.2992881464826347
13409,2025-11-22 02:13:00,desconhecida,europa_oriental,0.5374147572774286
13411,2025-11-22 02:20:00,europa_ocidental,europa_ocidental,0.3556727593041828
13412,2025-11-22 02:22:00,desconhecida,europa_ocidental,0.3814003687968232
13415,2025-11-22 02:41:00,desconhecida,asia,0.20242436466850341
13416,2025-11-22 02:42:00,desconhecida,europa_ocidental,0.3211715683522156
13417,2025-11-22 02:49:00,desconhecida,europa_ocidental,0.24103789054216346
13418,2025-11-22 02:53:00,desconhecida,europa_ocidental,0.38510950160549695
13419,2025-11-22 03:05:00,desconhecida,europa_ocidental,0.3062510573911816
13424,2025-11-22 03:24:00,desconhecida,america_sul,0.263150595463466
13425,2025-11-22 03:26:00,desconhecida,europa_ocidental,0.32368252973882217
13426,2025-11-22 03:27:00,desconhecida,america_central,0.36324398227677723
13428,2025-11-22 03:35:00,desconhecida,europa_ocidental,0.36998345977591074
13429,2025-11-22 04:01:00,desconhecida,europa_ocidental,0.3128894190215312
13430,2025-11-22 04:02:00,desconhecida,europa_ocidental,0.3961681521601072
13432,2025-11-22 04:04:00,desconhecida,europa_oriental,0.441830132594511
13436,2025-11-22 04:07:00,desconhecida,europa_ocidental,0.24375355311930963
13438,2025-11-22 04:09:00,desconhecida,europa_oriental,0.37675031129265585
13439,2025-11-22 04:10:00,desconhecida,europa_oriental,0.527994907186355
13440,2025-11-22 04:13:00,desconhecida,europa_ocidental,0.3304415820622019
13441,2025-11-22 04:14:00,desconhecida,america_sul,0.3769585188599438
13444,2025-11-22 04:16:00,desconhecida,europa_ocidental,0.30853768879885896
13446,2025-11-22 04:17:00,desconhecida,europa_ocidental,0.2799801653577057
13447,2025-11-22 04:19:00,desconhecida,europa_ocidental,0.27594902151068407
13452,2025-11-22 04:26:00,desconhecida,europa_oriental,0.3889310552700922
13460,2025-11-22 04:35:00,desconhecida,america_norte,0.30428386197076207
13472,2025-11-22 04:45:00,desconhecida,europa_ocidental,0.3734123805394647
13486,2025-11-22 04:59:00,desconhecida,europa_ocidental,0.18951933403843477
13488,2025-11-22 05:01:00,desconhecida,europa_ocidental,0.24249832411113978
13500,2025-11-22 06:00:00,desconhecida,america_sul,0.582116765329978
13502,2025-11-22 06:01:00,desconhecida,europa_ocidental,0.35684389789668813
13504,2025-11-22 06:03:00,desconhecida,europa_ocidental,0.18022129337792553
13507,2025-11-22 06:07:00,desconhecida,europa_oriental,0.2665876568958242
13509,2025-11-22 06:11:00,desconhecida,asia,0.39068400804184855
13510,2025-11-22 06:13:00,desconhecida,europa_oriental,0.4850359831278794
13512,2025-11-22 06:14:00,desconhecida,asia,0.599437223451301
13513,2025-11-22 06:15:00,desconhecida,asia,0.21470828887320273
13515,2025-11-22 06:19:00,desconhecida,europa_ocidental,0.2104127898242723
13516,2025-11-22 06:21:00,desconhecida,europa_ocidental,0.26723288985132126
13518,2025-11-22 06:28:00,desconhecida,europa_oriental,0.2911705045252984
13519,2025-11-22 06:30:00,desconhecida,europa_ocidental,0.18572665624351778
13521,2025-11-22 06:33:00,desconhecida,oriente_medio,0.5739809123879367
13523,2025-11-22 06:35:00,desconhecida,europa_ocidental,0.3909377524532139
13525,2025-11-22 06:37:00,desconhecida,america_sul,0.3819689384367728
13527,2025-11-22 06:38:00,desconhecida,europa_oriental,0.43693144373153675
13530,2025-11-22 06:39:00,desconhecida,europa_ocidental,0.16835011243749431
13532,2025-11-22 06:42:00,europa_ocidental,europa_ocidental,0.2800943145583766
13533,2025-11-22 06:46:00,desconhecida,europa_ocidental,0.26110195859132157
13536,2025-11-22 06:59:00,desconhecida,europa_oriental,0.3576009790747083
13537,2025-11-22 06:59:00,desconhecida,europa_ocidental,0.3078358894818799
13540,2025-11-22 07:02:00,desconhecida,europa_ocidental,0.3046930456287481
13542,2025-11-22 07:11:00,desconhecida,america_sul,0.2567624613180954
13544,2025-11-22 07:15:00,desconhecida,europa_ocidental,0.226903078089127
13545,2025-11-22 07:16:00,desconhecida,america_central,0.6525423368705767
13548,2025-11-22 07:19:00,desconhecida,europa_oriental,0.31894755128095686
13549,2025-11-22 07:22:00,desconhecida,oriente_medio,0.3724230683857767
13551,2025-11-22 07:24:00,desconhecida,europa_oriental,0.3256484554214525
13555,2025-11-22 07:32:00,desconhecida,europa_ocidental,0.2656384105526331
13557,2025-11-22 07:44:00,desconhecida,europa_oriental,0.2915489745506624
13560,2025-11-22 07:55:00,desconhecida,oceania,0.25456614864807414
13561,2025-11-22 07:58:00,desconhecida,europa_ocidental,0.22873908826870926
13562,2025-11-22 08:01:00,desconhecida,america_sul,0.1886791360611101
13563,2025-11-22 08:03:00,desconhecida,europa_ocidental,0.24987252824969575
13564,2025-11-22 08:09:00,desconhecida,europa_oriental,0.22518077764093322
13565,2025-11-22 08:11:00,desconhecida,europa_ocidental,0.19398199464395285
13567,2025-11-22 08:13:00,desconhecida,europa_oriental,0.43352342429703
13568,2025-11-22 08:15:00,desconhecida,europa_ocidental,0.3495993484019118
13571,2025-11-22 08:17:00,desconhecida,europa_oriental,0.37604169775740753
13573,2025-11-22 08:20:00,desconhecida,europa_ocidental,0.3800871287646733
13575,2025-11-22 08:23:00,desconhecida,europa_oriental,0.5357353002949976
13577,2025-11-22 08:26:00,desconhecida,europa_ocidental,0.27955448688392764
13580,2025-11-22 08:36:00,desconhecida,europa_oriental,0.36140739326515015
13582,2025-11-22 08:55:00,desconhecida,europa_oriental,0.2100064440832215
13584,2025-11-22 08:57:00,desconhecida,oriente_medio,0.7276916949810405
13585,2025-11-22 08:58:00,desconhecida,europa_oriental,0.3580890100294341
13588,2025-11-22 09:20:00,desconhecida,europa_ocidental,0.2157869830728165
13592,2025-11-22 09:41:00,desconhecida,europa_ocidental,0.2598669521285263
13593,2025-11-22 09:42:00,desconhecida,america_sul,0.3253580861441827
13594,2025-11-22 09:44:00,desconhecida,europa_ocidental,0.3437681046614643
13595,2025-11-22 09:46:00,desconhecida,america_sul,0.310791630681579
13597,2025-11-22 09:54:00,desconhecida,europa_oriental,0.5110899915942264
13598,2025-11-22 10:01:00,desconhecida,europa_ocidental,0.2044364204175081
13601,2025-11-22 10:12:00,desconhecida,europa_oriental,0.2574174275819015
13602,2025-11-22 10:14:00,desconhecida,america_central,0.21867189140560037
13604,2025-11-22 10:15:00,desconhecida,america_sul,0.25541018430025497
13605,2025-11-22 10:21:00,desconhecida,europa_ocidental,0.28546911034449596
13607,2025-11-22 10:25:00,desconhecida,europa_ocidental,0.21628870690759774
13608,2025-11-22 10:29:00,desconhecida,europa_oriental,0.38786627689807984
13609,2025-11-22 10:32:00,desconhecida,europa_ocidental,0.264433193109932
13612,2025-11-22 10:54:00,desconhecida,europa_oriental,0.217945745395862
13613,2025-11-22 10:58:00,desconhecida,europa_oriental,0.37509968204581806
13614,2025-11-22 11:00:00,desconhecida,europa_ocidental,0.1805279598376406
13615,2025-11-22 11:02:00,desconhecida,europa_ocidental,0.2315063988613112
13618,2025-11-22 11:07:00,desconhecida,europa_ocidental,0.43872075619089335
13619,2025-11-22 11:09:00,desconhecida,europa_oriental,0.28706107548310217
13620,2025-11-22 11:10:00,desconhecida,europa_ocidental,0.388323349647294
13622,2025-11-22 11:16:00,desconhecida,europa_oriental,0.3714378092139551
13624,2025-11-22 11:17:00,desconhecida,europa_oriental,0.28884805055339063
13625,2025-11-22 11:18:00,desconhecida,europa_oriental,0.31242459313116083
13626,2025-11-22 11:19:00,desconhecida,europa_ocidental,0.32990366355731304
13627,2025-11-22 11:22:00,desconhecida,europa_ocidental,0.2748514818449744
13628,2025-11-22 11:24:00,desconhecida,europa_ocidental,0.32405666688173224
13629,2025-11-22 11:25:00,desconhecida,europa_oriental,0.3573110675825944
13631,2025-11-22 11:27:00,desconhecida,america_sul,0.24439434719615824
13633,2025-11-22 11:34:00,desconhecida,oriente_medio,0.4075288301328899
13634,2025-11-22 11:35:00,desconhecida,europa_oriental,0.3919060540399029
13635,2025-11-22 11:36:00,desconhecida,america_sul,0.32227749913902615
13636,2025-11-22 11:40:00,desconhecida,europa_oriental,0.18442288636943635
13639,2025-11-22 11:48:00,desconhecida,europa_ocidental,0.37577018166546816
13640,2025-11-22 11:51:00,desconhecida,europa_ocidental,0.21359486920695525
13641,2025-11-22 11:54:00,desconhecida,america_sul,0.3684180884945919
13644,2025-11-22 11:57:00,desconhecida,europa_ocidental,0.23702202369594114
13647,2025-11-22 12:04:00,desconhecida,america_sul,0.24479448266201234
13648,2025-11-22 12:05:00,desconhecida,europa_ocidental,0.19012615024134427
13649,2025-11-22 12:09:00,desconhecida,europa_ocidental,0.2647071200008205
13653,2025-11-22 12:19:00,desconhecida,america_sul,0.2924080319726856
13654,2025-11-22 12:21:00,desconhecida,europa_ocidental,0.4135399088939324
13655,2025-11-22 12:22:00,desconhecida,europa_oriental,0.3236739199483061
13656,2025-11-22 12:23:00,desconhecida,europa_ocidental,0.33291577717335036
13669,2025-11-22 12:34:00,europa_ocidental,europa_ocidental,0.2827411884832562
13671,2025-11-22 12:35:00,desconhecida,europa_ocidental,0.3359356965734492
13672,2025-11-22 12:39:00,desconhecida,europa_ocidental,0.197393151809626
13673,2025-11-22 12:40:00,desconhecida,europa_ocidental,0.2483653075365459
13675,2025-11-22 12:42:00,desconhecida,america_sul,0.18676110898571271
13676,2025-11-22 12:44:00,desconhecida,america_sul,0.22167311889771232
13683,2025-11-22 12:52:00,desconhecida,europa_ocidental,0.26885840702305425
13684,2025-11-22 12:53:00,desconhecida,europa_ocidental,0.26959422637452113
13685,2025-11-22 12:54:00,desconhecida,europa_ocidental,0.2574164155146897
13689,2025-11-22 13:03:00,europa_ocidental,europa_ocidental,0.34901883791492666
13691,2025-11-22 13:07:00,desconhecida,america_sul,0.1976994304684351
13695,2025-11-22 13:17:00,desconhecida,europa_ocidental,0.5064754170111526
13700,2025-11-22 13:28:00,desconhecida,europa_ocidental,0.31549818086516035
13701,2025-11-22 13:30:00,desconhecida,asia,0.39695893820256556
13706,2025-11-22 13:35:00,desconhecida,europa_oriental,0.35347676952134005
13707,2025-11-22 13:36:00,desconhecida,europa_ocidental,0.2678036682788976
13709,2025-11-22 13:42:00,desconhecida,europa_ocidental,0.2203574488553866
13710,2025-11-22 13:45:00,desconhecida,europa_ocidental,0.36904276436416755
13711,2025-11-22 13:47:00,desconhecida,europa_ocidental,0.2342839774616176
13712,2025-11-22 13:48:00,desconhecida,america_central,0.28587478424017193
13713,2025-11-22 13:49:00,desconhecida,europa_ocidental,0.21516913013903047
13715,2025-11-22 13:51:00,desconhecida,europa_ocidental,0.34396013088327354
13716,2025-11-22 13:52:00,desconhecida,oriente_medio,0.6476600380091602
13717,2025-11-22 13:54:00,desconhecida,africa,0.2983108526130071
13719,2025-11-22 13:57:00,desconhecida,europa_ocidental,0.2697391052603371
13720,2025-11-22 14:01:00,desconhecida,europa_ocidental,0.3178578607970292
13724,2025-11-22 14:06:00,desconhecida,europa_ocidental,0.34891025004398163
13725,2025-11-22 14:09:00,desconhecida,oriente_medio,0.2627251710890944
13726,2025-11-22 14:10:00,desconhecida,europa_ocidental,0.22774033475504132
13727,2025-11-22 14:12:00,desconhecida,europa_ocidental,0.2758412166830816
13733,2025-11-22 14:41:00,desconhecida,europa_ocidental,0.1694326667050497
13737,2025-11-22 15:06:00,desconhecida,europa_ocidental,0.28593609610172244
13739,2025-11-22 15:08:00,desconhecida,america_central,0.3045277252957209
13740,2025-11-22 15:12:00,desconhecida,europa_ocidental,0.2719083147841976
13742,2025-11-22 15:28:00,desconhecida,europa_ocidental,0.30407508768848596
13743,2025-11-22 15:29:00,desconhecida,europa_ocidental,0.22026980270002933
13744,2025-11-22 15:34:00,desconhecida,europa_oriental,0.46705006814659955
13745,2025-11-22 15:41:00,desconhecida,europa_ocidental,0.20072209181275427
13746,2025-11-22 15:42:00,desconhecida,europa_ocidental,0.2712270639846978
13752,2025-11-22 16:02:00,desconhecida,europa_ocidental,0.2572164235695875
13753,2025-11-22 16:03:00,desconhecida,europa_ocidental,0.2470960985544354
13754,2025-11-22 16:05:00,desconhecida,europa_ocidental,0.33070329824483585
13755,2025-11-22 16:09:00,desconhecida,europa_ocidental,0.2729307572233734
13766,2025-11-22 16:57:00,europa_ocidental,europa_ocidental,0.44252883597969406
13770,2025-11-22 17:14:00,desconhecida,europa_ocidental,0.31395187705318156
13771,2025-11-22 17:15:00,desconhecida,europa_oriental,0.37731679365863613
13772,2025-11-22 17:17:00,europa_ocidental,europa_ocidental,0.30507143217501126
13776,2025-11-22 17:23:00,desconhecida,europa_oriental,0.3833085101063105
13778,2025-11-22 17:31:00,desconhecida,europa_ocidental,0.34581662945204383
13781,2025-11-22 18:05:00,desconhecida,asia,0.2714438554823581
13784,2025-11-22 18:22:00,desconhecida,asia,0.2606244113729901
13786,2025-11-22 18:24:00,desconhecida,america_sul,0.20948277861502762
13796,2025-11-22 19:15:00,desconhecida,america_sul,0.2234421712581595
13797,2025-11-22 19:18:00,desconhecida,america_sul,0.36410842832396206
13801,2025-11-22 19:49:00,desconhecida,europa_ocidental,0.2884756222373239
13805,2025-11-22 20:41:00,desconhecida,america_sul,0.26662499695481034
13806,2025-11-22 20:48:00,desconhecida,america_central,0.6181148355030619
13808,2025-11-22 20:57:00,desconhecida,america_sul,0.3673905116427667
13812,2025-11-22 21:38:00,desconhecida,oceania,0.5244238736263794
13817,2025-11-22 22:02:00,desconhecida,america_sul,0.368251283351308
13819,2025-11-22 22:08:00,desconhecida,oceania,0.23828400163837496
13820,2025-11-22 22:17:00,desconhecida,europa_ocidental,0.24406558380860602
13823,2025-11-22 22:46:00,desconhecida,europa_ocidental,0.3786112560589976
13833,2025-11-22 23:23:00,desconhecida,america_sul,0.3464692237812556
13838,2025-11-23 00:43:00,desconhecida,europa_ocidental,0.27464007816291464
13839,2025-11-23 00:44:00,desconhecida,america_sul,0.2938594978145949
13840,2025-11-23 01:03:00,desconhecida,europa_ocidental,0.22660225709692977
13841,2025-11-23 01:14:00,desconhecida,europa_ocidental,0.3108055588162772
13842,2025-11-23 01:15:00,desconhecida,europa_oriental,0.6093750205375064
13843,2025-11-23 01:23:00,desconhecida,america_central,0.21897028894424142
13844,2025-11-23 02:03:00,desconhecida,asia,0.4109576140393543
13845,2025-11-23 02:04:00,desconhecida,asia,0.27680945559693965
13846,2025-11-23 02:05:00,desconhecida,oriente_medio,0.23240967149093336
13847,2025-11-23 02:07:00,desconhecida,america_central,0.2291670760435796
13851,2025-11-23 02:47:00,desconhecida,asia,0.2693390000002454
13853,2025-11-23 03:00:00,desconhecida,america_sul,0.35754899974589593
13856,2025-11-23 03:04:00,desconhecida,europa_ocidental,0.206841104346014
13859,2025-11-23 03:12:00,desconhecida,europa_oriental,0.3869737412549693
13863,2025-11-23 03:25:00,desconhecida,europa_ocidental,0.28536141036210644
13865,2025-11-23 03:29:00,desconhecida,europa_oriental,0.6312245465333728
13868,2025-11-23 03:58:00,desconhecida,europa_ocidental,0.1884035730987882
13869,2025-11-23 04:03:00,desconhecida,europa_ocidental,0.2941538011543663
13870,2025-11-23 04:04:00,desconhecida,asia,0.4018228262363445
13871,2025-11-23 04:05:00,desconhecida,europa_oriental,0.42754780628022443
13872,2025-11-23 04:06:00,desconhecida,africa,0.16403532423840692
13873,2025-11-23 04:07:00,desconhecida,europa_oriental,0.38125737350873923
13874,2025-11-23 04:09:00,desconhecida,europa_oriental,0.39542208952130536
13875,2025-11-23 04:10:00,desconhecida,europa_ocidental,0.21412089153867642
13876,2025-11-23 04:12:00,america_sul,america_sul,0.5416930571150791
13877,2025-11-23 04:13:00,desconhecida,america_sul,0.5182130562027705
13881,2025-11-23 04:16:00,desconhecida,europa_ocidental,0.2232345940364333
13883,2025-11-23 04:17:00,desconhecida,europa_oriental,0.2944620719384913
13886,2025-11-23 04:18:00,desconhecida,europa_oriental,0.44206557860485457
13887,2025-11-23 04:20:00,africa,africa,0.7532117904335812
13888,2025-11-23 04:21:00,desconhecida,europa_ocidental,0.40939008775284275
13889,2025-11-23 04:22:00,desconhecida,europa_ocidental,0.21013826275723782
13893,2025-11-23 04:30:00,desconhecida,oriente_medio,0.4704257735221566
13895,2025-11-23 04:34:00,desconhecida,europa_ocidental,0.25789826975439095
13896,2025-11-23 04:35:00,desconhecida,europa_oriental,0.19695027733440684
13897,2025-11-23 04:36:00,desconhecida,america_sul,0.2812244409014041
13898,2025-11-23 04:46:00,desconhecida,asia,0.4342945287877802
13899,2025-11-23 04:47:00,desconhecida,europa_ocidental,0.31852798398917187
13903,2025-11-23 04:56:00,desconhecida,europa_ocidental,0.2356590502979438
13907,2025-11-23 05:15:00,desconhecida,asia,0.2735214387821912
13909,2025-11-23 05:32:00,desconhecida,europa_ocidental,0.2231881895219985
13911,2025-11-23 05:37:00,desconhecida,asia,0.23171461572729707
13915,2025-11-23 05:46:00,desconhecida,europa_ocidental,0.2234063255273676
13919,2025-11-23 06:02:00,desconhecida,asia,0.5273213625607015
13920,2025-11-23 06:03:00,desconhecida,europa_ocidental,0.23356119762923622
13922,2025-11-23 06:10:00,desconhecida,america_sul,0.20648464885976106
13926,2025-11-23 06:22:00,desconhecida,europa_ocidental,0.18846649466607743
13927,2025-11-23 06:32:00,desconhecida,europa_oriental,0.36223837815622584
13928,2025-11-23 06:34:00,america_sul,america_sul,0.68047186495198
13929,2025-11-23 06:36:00,desconhecida,asia,0.5177389817804589
13930,2025-11-23 06:37:00,desconhecida,asia,0.34507725588756455
13931,2025-11-23 06:40:00,desconhecida,asia,0.2725677319698042
13933,2025-11-23 06:43:00,desconhecida,europa_ocidental,0.3456545420970607
13934,2025-11-23 06:46:00,desconhecida,europa_ocidental,0.2332341558484834
13935,2025-11-23 07:02:00,desconhecida,europa_ocidental,0.3041754492882112
13936,2025-11-23 07:03:00,desconhecida,europa_ocidental,0.2081125463572657
13937,2025-11-23 07:08:00,desconhecida,oriente_medio,0.7604196639335498
13938,2025-11-23 07:09:00,desconhecida,europa_ocidental,0.22407651286849378
13939,2025-11-23 07:15:00,desconhecida,europa_ocidental,0.19901049368592907
13941,2025-11-23 07:17:00,desconhecida,america_central,0.2168008653819773
13947,2025-11-23 07:36:00,desconhecida,asia,0.2638601099581174
13948,2025-11-23 07:39:00,desconhecida,europa_oriental,0.2994365068663617
13949,2025-11-23 07:40:00,desconhecida,europa_oriental,0.3200513875208116
13950,2025-11-23 07:44:00,desconhecida,asia,0.31383508423306455
13951,2025-11-23 07:46:00,desconhecida,america_sul,0.3420823029046279
13956,2025-11-23 08:02:00,desconhecida,america_sul,0.284417127133084
13957,2025-11-23 08:07:00,desconhecida,europa_ocidental,0.26469441718273073
13961,2025-11-23 08:24:00,desconhecida,america_central,0.24485637080340397
13962,2025-11-23 08:28:00,desconhecida,europa_ocidental,0.3067585804075019
13963,2025-11-23 08:31:00,desconhecida,europa_ocidental,0.24366502119108685
13964,2025-11-23 08:32:00,desconhecida,america_central,0.5461384722181031
13967,2025-11-23 08:35:00,desconhecida,europa_ocidental,0.21620278173933333
13969,2025-11-23 08:36:00,desconhecida,europa_ocidental,0.2260453303834024
13973,2025-11-23 08:55:00,desconhecida,america_sul,0.3080933656189178
13978,2025-11-23 09:23:00,desconhecida,europa_ocidental,0.31351010056687295
13979,2025-11-23 09:24:00,desconhecida,america_sul,0.443779425252873
13980,2025-11-23 09:26:00,desconhecida,america_sul,0.5225679770289224
13981,2025-11-23 09:27:00,desconhecida,europa_ocidental,0.22545220339540525
13982,2025-11-23 09:33:00,desconhecida,europa_ocidental,0.3909010835059583
13983,2025-11-23 09:34:00,desconhecida,europa_ocidental,0.20767733938793612
13984,2025-11-23 09:35:00,desconhecida,america_sul,0.1956306661962842
13987,2025-11-23 09:38:00,desconhecida,europa_oriental,0.3327320184490587
13990,2025-11-23 09:46:00,desconhecida,europa_ocidental,0.33605420630619043
13991,2025-11-23 09:50:00,desconhecida,oriente_medio,0.6678944525621626
13992,2025-11-23 09:54:00,desconhecida,europa_oriental,0.3094167951010665
13993,2025-11-23 09:57:00,desconhecida,europa_ocidental,0.20141002807747127
13994,2025-11-23 09:58:00,desconhecida,america_central,0.36982805634063376
13995,2025-11-23 09:59:00,desconhecida,europa_ocidental,0.2076447717997872
13998,2025-11-23 10:05:00,desconhecida,america_central,0.25437308722803675
14001,2025-11-23 10:16:00,desconhecida,asia,0.3250220252583011
14004,2025-11-23 10:40:00,desconhecida,europa_ocidental,0.33432153838681
14008,2025-11-23 10:47:00,desconhecida,europa_ocidental,0.23101348359580356
14017,2025-11-23 11:07:00,desconhecida,europa_oriental,0.25741055161349913
14019,2025-11-23 11:09:00,desconhecida,europa_ocidental,0.2285830561137698
14020,2025-11-23 11:11:00,desconhecida,europa_oriental,0.2681027756545971
14022,2025-11-23 11:16:00,desconhecida,europa_ocidental,0.37628264168068093
14025,2025-11-23 11:19:00,desconhecida,europa_oriental,0.5232855508581479
14029,2025-11-23 11:31:00,desconhecida,europa_ocidental,0.300136473356063
14036,2025-11-23 11:42:00,desconhecida,europa_ocidental,0.30069808466297304
14037,2025-11-23 11:56:00,desconhecida,europa_ocidental,0.2533240924573503
14041,2025-11-23 12:21:00,desconhecida,europa_oriental,0.3686697673115048
14042,2025-11-23 12:33:00,desconhecida,africa,0.2063931905724469
14045,2025-11-23 12:48:00,desconhecida,europa_ocidental,0.2033496518991061
14048,2025-11-23 13:07:00,desconhecida,europa_ocidental,0.2710800172823199
14049,2025-11-23 13:09:00,desconhecida,america_sul,0.3893307748675442
14051,2025-11-23 13:10:00,desconhecida,europa_ocidental,0.26655533868741604
14055,2025-11-23 13:14:00,desconhecida,europa_ocidental,0.30281538345055387
14056,2025-11-23 13:20:00,desconhecida,europa_ocidental,0.2545149863271672
14057,2025-11-23 13:22:00,desconhecida,europa_ocidental,0.28955097771289423
14078,2025-11-23 14:59:00,desconhecida,africa,0.29678989272233464
14083,2025-11-23 15:31:00,desconhecida,oriente_medio,0.6575530553216392
14086,2025-11-23 15:43:00,desconhecida,europa_ocidental,0.312402247591975
14087,2025-11-23 15:49:00,desconhecida,america_central,0.36309756153250045
14089,2025-11-23 16:15:00,desconhecida,oriente_medio,0.1890827977002533
14100,2025-11-23 16:44:00,desconhecida,america_sul,0.31751143299921375
14101,2025-11-23 16:50:00,desconhecida,europa_ocidental,0.19323959255693215
14103,2025-11-23 17:01:00,desconhecida,europa_oriental,0.24162842874803908
14113,2025-11-23 20:13:00,desconhecida,europa_ocidental,0.3318813998822769
14114,2025-11-23 20:27:00,desconhecida,europa_ocidental,0.29752289142827815
14115,2025-11-23 20:31:00,desconhecida,america_sul,0.2987204062841682
14123,2025-11-23 21:42:00,desconhecida,america_central,0.3195391035518255
14124,2025-11-24 02:01:00,desconhecida,europa_ocidental,0.21927353992131512
14126,2025-11-24 04:05:00,desconhecida,europa_ocidental,0.2445045423463207
14128,2025-11-24 05:06:00,desconhecida,europa_ocidental,0.17979944761267583
14129,2025-11-24 06:12:00,desconhecida,europa_oriental,0.23594605241866
14130,2025-11-24 06:34:00,desconhecida,europa_ocidental,0.23890884116186065
14135,2025-11-24 07:59:00,desconhecida,europa_ocidental,0.3442647100635336
14136,2025-11-24 08:01:00,desconhecida,asia,0.3317427282769133
14137,2025-11-24 08:06:00,desconhecida,europa_oriental,0.3529579395899053
14139,2025-11-24 08:52:00,desconhecida,europa_oriental,0.2650329877552768
14142,2025-11-24 09:39:00,desconhecida,asia,0.504048062608615
14143,2025-11-24 09:40:00,desconhecida,europa_ocidental,0.20827693238222159
14144,2025-11-24 10:15:00,desconhecida,europa_ocidental,0.1720420221914723
14149,2025-11-24 10:36:00,desconhecida,europa_oriental,0.22797238051326302
14151,2025-11-24 10:55:00,desconhecida,america_sul,0.6296444709449609
14152,2025-11-24 11:30:00,desconhecida,asia,0.33498021717045184
14154,2025-11-24 11:54:00,desconhecida,asia,0.24065620419057512
14157,2025-11-24 12:27:00,desconhecida,europa_ocidental,0.21063589018485254
14158,2025-11-24 12:45:00,desconhecida,europa_oriental,0.46982021924369316
14159,2025-11-24 12:46:00,desconhecida,europa_ocidental,0.20572387719140858
14162,2025-11-24 14:29:00,desconhecida,asia,0.5641592244212824
14163,2025-11-24 14:32:00,desconhecida,europa_ocidental,0.19308583240191296
14165,2025-11-24 14:47:00,desconhecida,europa_oriental,0.5700575465449138
14176,2025-11-24 16:34:00,desconhecida,europa_oriental,0.21382265734162
14177,2025-11-24 16:45:00,desconhecida,europa_ocidental,0.3609562346524121
14180,2025-11-24 17:07:00,desconhecida,europa_ocidental,0.4077825082494372
14181,2025-11-24 17:17:00,desconhecida,europa_oriental,0.33344740590478483
14183,2025-11-24 17:53:00,desconhecida,europa_ocidental,0.3823884507835755
14185,2025-11-24 18:03:00,desconhecida,europa_ocidental,0.22983567316796288
14186,2025-11-24 18:07:00,desconhecida,europa_ocidental,0.3721336716903118
14187,2025-11-24 18:33:00,desconhecida,europa_ocidental,0.27842902715064805
14188,2025-11-24 18:48:00,desconhecida,europa_ocidental,0.2495130458695204
14192,2025-11-24 19:10:00,desconhecida,europa_ocidental,0.19573873095957312
14198,2025-11-24 19:49:00,desconhecida,europa_ocidental,0.2860308496490932
14199,2025-11-24 19:53:00,desconhecida,america_sul,0.4285567143918554
14200,2025-11-24 20:05:00,desconhecida,europa_ocidental,0.30732176206037914
14201,2025-11-24 20:09:00,desconhecida,europa_ocidental,0.34211859964893404
14202,2025-11-24 20:19:00,desconhecida,europa_ocidental,0.38976125042046894
14203,2025-11-24 20:49:00,desconhecida,europa_ocidental,0.38420980739276145
14205,2025-11-24 21:47:00,desconhecida,europa_ocidental,0.4217585163421431
14224,2025-11-25 02:32:00,desconhecida,europa_ocidental,0.2005618049230477
14225,2025-11-25 03:12:00,desconhecida,europa_oriental,0.2976128188341948
14227,2025-11-25 04:05:00,desconhecida,europa_ocidental,0.3150179052472552
14228,2025-11-25 04:06:00,desconhecida,europa_ocidental,0.2965349971151212
14230,2025-11-25 04:12:00,desconhecida,europa_ocidental,0.3245075158608055
14231,2025-11-25 04:13:00,desconhecida,europa_ocidental,0.1913196955601313
14232,2025-11-25 04:32:00,desconhecida,europa_ocidental,0.3516603603103751
14233,2025-11-25 05:02:00,desconhecida,europa_ocidental,0.21498251671990246
14234,2025-11-25 05:10:00,europa_ocidental,europa_ocidental,0.34477533946361605
14236,2025-11-25 05:15:00,desconhecida,europa_oriental,0.32837600898670555
14238,2025-11-25 06:09:00,desconhecida,oriente_medio,0.6054187899591075
14239,2025-11-25 06:28:00,desconhecida,oriente_medio,0.1850266873961275
14241,2025-11-25 06:41:00,desconhecida,europa_ocidental,0.4594570370133582
14242,2025-11-25 06:50:00,desconhecida,america_central,0.2109095621084324
14246,2025-11-25 07:03:00,desconhecida,europa_oriental,0.4053868457852906
14247,2025-11-25 07:11:00,desconhecida,america_sul,0.5346101185978417
14248,2025-11-25 07:39:00,desconhecida,asia,0.24050178643587325
14249,2025-11-25 08:18:00,desconhecida,europa_ocidental,0.32048257914434003
14250,2025-11-25 08:18:00,desconhecida,america_sul,0.44902208309120906
14251,2025-11-25 08:22:00,desconhecida,europa_ocidental,0.3131146874452235
14252,2025-11-25 08:24:00,desconhecida,oriente_medio,0.7791955453834777
14256,2025-11-25 08:59:00,europa_ocidental,europa_ocidental,0.30952507290022385
14262,2025-11-25 09:38:00,desconhecida,europa_oriental,0.5351151343166228
14266,2025-11-25 10:15:00,desconhecida,oriente_medio,0.5503029320895936
14269,2025-11-25 10:46:00,desconhecida,america_central,0.29867383240461626
14272,2025-11-25 11:10:00,desconhecida,europa_oriental,0.28336267605045085
14273,2025-11-25 11:26:00,desconhecida,europa_ocidental,0.2981054601109083
14274,2025-11-25 11:29:00,desconhecida,europa_oriental,0.1891607221586054
14275,2025-11-25 11:30:00,desconhecida,europa_ocidental,0.27949633440530963
14277,2025-11-25 11:32:00,asia,asia,0.47940745686246145
14279,2025-11-25 11:43:00,desconhecida,europa_ocidental,0.3778741678581651
14280,2025-11-25 11:50:00,asia,asia,0.4659090060216405
14284,2025-11-25 12:13:00,oriente_medio,oriente_medio,0.5073931180083734
14286,2025-11-25 12:15:00,desconhecida,europa_ocidental,0.32654843199883915
14287,2025-11-25 12:16:00,desconhecida,europa_ocidental,0.31848480351868647
14288,2025-11-25 12:25:00,desconhecida,america_central,0.28845746781445375
14290,2025-11-25 12:27:00,desconhecida,europa_ocidental,0.3161301314585797
14291,2025-11-25 12:30:00,desconhecida,europa_ocidental,0.33039577676103465
14293,2025-11-25 12:33:00,desconhecida,europa_ocidental,0.4056682117029063
14294,2025-11-25 12:38:00,desconhecida,europa_oriental,0.46692676670927397
14295,2025-11-25 12:39:00,desconhecida,europa_ocidental,0.3772098963028646
14297,2025-11-25 12:52:00,desconhecida,asia,0.4864810991978063
14301,2025-11-25 13:13:00,desconhecida,europa_ocidental,0.22054082433420238
14302,2025-11-25 13:15:00,desconhecida,europa_oriental,0.20196633261425326
14303,2025-11-25 13:19:00,desconhecida,asia,0.22820093288491375
14304,2025-11-25 13:44:00,desconhecida,asia,0.18845006041978754
14307,2025-11-25 14:05:00,desconhecida,europa_ocidental,0.48638892109123355
14311,2025-11-25 14:14:00,desconhecida,oriente_medio,0.3996435814152636
14319,2025-11-25 15:13:00,desconhecida,europa_ocidental,0.2748495413617695
14320,2025-11-25 15:14:00,desconhecida,europa_oriental,0.19875930352834215
14321,2025-11-25 15:31:00,desconhecida,europa_ocidental,0.33499500054152626
14328,2025-11-25 16:36:00,desconhecida,europa_ocidental,0.348840673095055
14330,2025-11-25 17:07:00,oriente_medio,oriente_medio,0.5264333560116174
14331,2025-11-25 17:23:00,oriente_medio,oriente_medio,0.6604780802696337
14333,2025-11-25 17:27:00,desconhecida,europa_ocidental,0.26590454535818336
14334,2025-11-25 17:45:00,desconhecida,europa_ocidental,0.2272511778300188
14336,2025-11-25 18:04:00,desconhecida,europa_ocidental,0.3791802369165058
14337,2025-11-25 18:11:00,desconhecida,europa_ocidental,0.28467650589832516
14340,2025-11-25 18:24:00,desconhecida,europa_ocidental,0.38705514532849766
14341,2025-11-25 18:25:00,desconhecida,europa_ocidental,0.3119210871487348
14347,2025-11-25 19:34:00,desconhecida,europa_ocidental,0.2565102840593404
14360,2025-11-25 20:16:00,desconhecida,europa_ocidental,0.21578646982314953
14362,2025-11-25 20:19:00,desconhecida,europa_ocidental,0.3234459706841703
14364,2025-11-25 21:07:00,desconhecida,europa_ocidental,0.24425390782479844
14367,2025-11-25 23:32:00,asia,asia,0.5462520388728732
14370,2025-11-26 00:29:00,desconhecida,oriente_medio,0.42672178756276424
14375,2025-11-26 03:02:00,desconhecida,europa_ocidental,0.1693804017845861
14376,2025-11-26 03:45:00,desconhecida,europa_ocidental,0.22720135868772817
14379,2025-11-26 04:06:00,desconhecida,europa_ocidental,0.23005563212975896
14380,2025-11-26 04:07:00,desconhecida,europa_oriental,0.21439505564037845
14381,2025-11-26 04:08:00,desconhecida,europa_oriental,0.3632303333521524
14385,2025-11-26 04:12:00,desconhecida,europa_ocidental,0.24334768371610987
14386,2025-11-26 04:13:00,desconhecida,europa_ocidental,0.288879191158981
14387,2025-11-26 04:16:00,desconhecida,europa_oriental,0.3752148115375858
14388,2025-11-26 04:17:00,desconhecida,europa_oriental,0.2436577386854567
14389,2025-11-26 04:17:00,desconhecida,europa_ocidental,0.2085746154448752
14390,2025-11-26 04:23:00,desconhecida,europa_oriental,0.20494033785733562
14392,2025-11-26 04:36:00,desconhecida,europa_oriental,0.2525121636023591
14395,2025-11-26 05:15:00,desconhecida,europa_ocidental,0.18699992203487048
14397,2025-11-26 05:32:00,desconhecida,europa_ocidental,0.21707502768929077
14398,2025-11-26 05:42:00,desconhecida,asia,0.18902831684180704
14400,2025-11-26 06:16:00,desconhecida,europa_ocidental,0.36629495632259135
14401,2025-11-26 06:21:00,desconhecida,europa_ocidental,0.4609460895447398
14402,2025-11-26 06:25:00,europa_ocidental,europa_ocidental,0.3056670367540773
14403,2025-11-26 06:32:00,desconhecida,america_sul,0.47364140636695057
14409,2025-11-26 07:11:00,desconhecida,america_sul,0.2605506908262341
14410,2025-11-26 07:23:00,desconhecida,america_sul,0.4026180789226442
14411,2025-11-26 07:40:00,desconhecida,america_norte,0.21402520045876502
14412,2025-11-26 07:46:00,desconhecida,oriente_medio,0.27516929705173004
14413,2025-11-26 08:01:00,desconhecida,asia,0.2181337416670657
14415,2025-11-26 08:03:00,desconhecida,europa_oriental,0.3119483895259691
14416,2025-11-26 08:15:00,desconhecida,oriente_medio,0.6027164118089662
14418,2025-11-26 08:22:00,desconhecida,oriente_medio,0.4073809634936732
14422,2025-11-26 09:29:00,desconhecida,asia,0.2828992899705829
14424,2025-11-26 09:44:00,desconhecida,oriente_medio,0.6166708222163274
14427,2025-11-26 09:46:00,desconhecida,oriente_medio,0.5779184445894394
14429,2025-11-26 10:02:00,desconhecida,europa_oriental,0.30517756839218274
14431,2025-11-26 10:26:00,desconhecida,europa_ocidental,0.30591789586999496
14432,2025-11-26 10:47:00,desconhecida,europa_oriental,0.42400743977489447
14433,2025-11-26 10:53:00,desconhecida,europa_oriental,0.31894755128095686
14434,2025-11-26 10:54:00,desconhecida,asia,0.2607226552296368
14438,2025-11-26 11:22:00,desconhecida,europa_oriental,0.4283360007889632
14439,2025-11-26 11:27:00,europa_ocidental,europa_ocidental,0.439624748340445
14440,2025-11-26 11:32:00,desconhecida,europa_ocidental,0.2489501837434639
14447,2025-11-26 11:52:00,desconhecida,europa_ocidental,0.3405955391172422
14452,2025-11-26 12:22:00,desconhecida,europa_ocidental,0.3758658012282116
14457,2025-11-26 13:08:00,desconhecida,europa_oriental,0.6128576883239062
14459,2025-11-26 13:17:00,desconhecida,asia,0.3903700789262667
14460,2025-11-26 13:19:00,desconhecida,europa_ocidental,0.1700437430069912
14477,2025-11-26 15:52:00,desconhecida,america_sul,0.40014826784939606
14478,2025-11-26 15:58:00,desconhecida,europa_ocidental,0.30330684037315275
14480,2025-11-26 16:14:00,desconhecida,europa_oriental,0.5120195670099368
14491,2025-11-26 16:32:00,desconhecida,europa_ocidental,0.236753120033959
14502,2025-11-26 17:59:00,europa_ocidental,europa_ocidental,0.2036637676092076
14505,2025-11-26 18:06:00,desconhecida,europa_oriental,0.3366197706751556
14506,2025-11-26 18:07:00,desconhecida,europa_ocidental,0.305319349114722
14507,2025-11-26 18:21:00,desconhecida,oriente_medio,0.3531478818391754
14509,2025-11-26 18:32:00,desconhecida,europa_ocidental,0.30264121887097384
14516,2025-11-26 19:07:00,desconhecida,europa_ocidental,0.2232914308260827
14517,2025-11-26 19:08:00,desconhecida,europa_ocidental,0.2324665866430738
14518,2025-11-26 19:24:00,desconhecida,europa_oriental,0.35110307032505095
14521,2025-11-26 19:38:00,desconhecida,oriente_medio,0.5559964796273762
14522,2025-11-26 20:13:00,desconhecida,europa_ocidental,0.2727304131188088
14523,2025-11-26 21:02:00,desconhecida,america_sul,0.3544042521406779
14526,2025-11-26 21:13:00,desconhecida,oriente_medio,0.3520133606291887
14527,2025-11-26 21:15:00,desconhecida,europa_oriental,0.5258409090933297
14530,2025-11-26 21:42:00,desconhecida,america_central,0.20928927161226105
14533,2025-11-26 23:19:00,desconhecida,europa_ocidental,0.27189330823982505
14541,2025-11-27 04:02:00,desconhecida,asia,0.4627938231054566
14542,2025-11-27 04:04:00,desconhecida,europa_ocidental,0.41546714858319395
14543,2025-11-27 04:05:00,desconhecida,america_sul,0.28925012964781205
14545,2025-11-27 04:16:00,desconhecida,europa_ocidental,0.24409636406584884
14551,2025-11-27 06:00:00,desconhecida,oceania,0.19627105966778913
14553,2025-11-27 06:04:00,desconhecida,europa_oriental,0.23359077764496863
14557,2025-11-27 08:10:00,desconhecida,europa_ocidental,0.3258832559641936
14558,2025-11-27 08:16:00,desconhecida,europa_ocidental,0.15507743793211753
14559,2025-11-27 08:24:00,desconhecida,europa_ocidental,0.2994606141064596
14576,2025-11-27 09:54:00,desconhecida,europa_oriental,0.571522596416956
14578,2025-11-27 10:21:00,desconhecida,europa_oriental,0.2157510652853029
14580,2025-11-27 10:34:00,desconhecida,oriente_medio,0.6300999953671844
14581,2025-11-27 11:32:00,desconhecida,asia,0.2034585486276309
14582,2025-11-27 11:40:00,desconhecida,oriente_medio,0.6012412397500564
14583,2025-11-27 12:16:00,desconhecida,oriente_medio,0.184566721010622
14585,2025-11-27 12:23:00,desconhecida,europa_oriental,0.26790448619981755
14586,2025-11-27 12:34:00,desconhecida,europa_ocidental,0.1843103408180245
14588,2025-11-27 12:49:00,desconhecida,america_sul,0.45159660138594265
14589,2025-11-27 13:00:00,desconhecida,europa_ocidental,0.37945505234135196
14604,2025-11-27 14:40:00,desconhecida,europa_ocidental,0.18770146623724998
14605,2025-11-27 14:41:00,desconhecida,europa_oriental,0.5891094229437199
14610,2025-11-27 15:46:00,desconhecida,europa_ocidental,0.3458492914085197
14614,2025-11-27 16:10:00,desconhecida,oriente_medio,0.6015992240132662
14616,2025-11-27 16:21:00,desconhecida,europa_oriental,0.47689479349331354
14617,2025-11-27 16:23:00,desconhecida,asia,0.19013793785661576
14618,2025-11-27 16:31:00,desconhecida,europa_ocidental,0.3034619971099089
14620,2025-11-27 16:33:00,desconhecida,europa_ocidental,0.25919587703391767
14621,2025-11-27 16:36:00,desconhecida,europa_oriental,0.25255851180898203
14622,2025-11-27 16:44:00,desconhecida,africa,0.1668834720537355
14625,2025-11-27 17:01:00,desconhecida,oriente_medio,0.640932340122583
14626,2025-11-27 17:03:00,desconhecida,europa_oriental,0.26485572048656886
14631,2025-11-27 17:35:00,desconhecida,europa_ocidental,0.34771866892213565
14632,2025-11-27 17:36:00,europa_oriental,europa_oriental,0.43872323309332134
14633,2025-11-27 17:52:00,desconhecida,europa_ocidental,0.27255391718901256
14640,2025-11-27 19:01:00,desconhecida,europa_oriental,0.3089078250946104
14641,2025-11-27 19:02:00,desconhecida,america_central,0.2582213242777916
14643,2025-11-27 19:44:00,desconhecida,europa_ocidental,0.29283802007944976
14644,2025-11-27 19:48:00,desconhecida,europa_ocidental,0.40541903534631807
14645,2025-11-27 19:49:00,desconhecida,europa_oriental,0.43319516145941905
14646,2025-11-27 20:00:00,desconhecida,europa_ocidental,0.332156669774545
14647,2025-11-27 20:18:00,desconhecida,europa_ocidental,0.30517253244749576
14649,2025-11-27 20:55:00,desconhecida,oceania,0.6209158952731795
14652,2025-11-27 21:36:00,desconhecida,europa_ocidental,0.18293860990091584
14653,2025-11-27 21:41:00,desconhecida,america_central,0.18415680160938863
14654,2025-11-27 22:16:00,desconhecida,europa_ocidental,0.26759896356117474
14657,2025-11-27 22:26:00,desconhecida,america_central,0.2045472632779676
14659,2025-11-27 22:32:00,desconhecida,europa_ocidental,0.374073155661012
14665,2025-11-27 23:17:00,desconhecida,europa_ocidental,0.21672702908119226
14666,2025-11-27 23:18:00,desconhecida,europa_ocidental,0.17633414617789067
14669,2025-11-27 23:25:00,europa_ocidental,europa_ocidental,0.42640865747310147
14670,2025-11-27 23:43:00,desconhecida,oriente_medio,0.5342531853098091
14671,2025-11-27 23:44:00,desconhecida,america_sul,0.4132491060353527
14677,2025-11-28 01:01:00,desconhecida,europa_ocidental,0.201539726971812
14678,2025-11-28 01:14:00,desconhecida,oriente_medio,0.44765343022510856
14679,2025-11-28 01:16:00,desconhecida,oriente_medio,0.26133090290456046
14691,2025-11-28 02:07:00,oceania,oceania,0.6518369668027654
14694,2025-11-28 03:25:00,desconhecida,oriente_medio,0.2541762045607457
14695,2025-11-28 03:37:00,desconhecida,europa_ocidental,0.17318216867667238
14696,2025-11-28 03:44:00,desconhecida,europa_oriental,0.3870856012869335
14697,2025-11-28 04:03:00,desconhecida,asia,0.3817672885980489
14701,2025-11-28 04:07:00,desconhecida,europa_ocidental,0.2192748080633477
14702,2025-11-28 04:08:00,desconhecida,europa_ocidental,0.2962715390214963
14703,2025-11-28 04:09:00,desconhecida,europa_ocidental,0.31572038490984444
14705,2025-11-28 04:11:00,europa_oriental,europa_oriental,0.49498884263486864
14706,2025-11-28 04:12:00,desconhecida,europa_oriental,0.3805197517508185
14707,2025-11-28 04:13:00,desconhecida,oriente_medio,0.28490121206908603
14715,2025-11-28 04:21:00,desconhecida,europa_ocidental,0.3267085927638486
14718,2025-11-28 04:25:00,desconhecida,europa_ocidental,0.3011463329204696
14731,2025-11-28 05:43:00,desconhecida,europa_ocidental,0.3501315209481041
14733,2025-11-28 06:14:00,desconhecida,europa_ocidental,0.29422931132119934
14734,2025-11-28 06:15:00,desconhecida,europa_ocidental,0.3439872503782758
14735,2025-11-28 06:17:00,desconhecida,europa_ocidental,0.22979172552694088
14736,2025-11-28 06:17:00,desconhecida,europa_ocidental,0.3403451473909321
14737,2025-11-28 06:19:00,europa_ocidental,europa_ocidental,0.4137770804674461
14740,2025-11-28 06:42:00,desconhecida,europa_ocidental,0.26882539410365625
14741,2025-11-28 06:54:00,europa_ocidental,europa_ocidental,0.2791610411461626
14743,2025-11-28 06:57:00,desconhecida,europa_ocidental,0.31920845056826624
14744,2025-11-28 07:02:00,desconhecida,europa_ocidental,0.1700437430069912
14745,2025-11-28 07:07:00,europa_ocidental,europa_ocidental,0.31810365873149654
14746,2025-11-28 07:09:00,desconhecida,asia,0.21790572652494722
14751,2025-11-28 07:23:00,desconhecida,europa_oriental,0.30315815539623847
14752,2025-11-28 07:24:00,desconhecida,europa_oriental,0.4586928315427085
14753,2025-11-28 07:25:00,desconhecida,europa_ocidental,0.2255673548687691
14754,2025-11-28 07:26:00,desconhecida,asia,0.24169954709712133
14756,2025-11-28 07:27:00,asia,asia,0.5335170768957096
14758,2025-11-28 07:28:00,desconhecida,europa_ocidental,0.17104682690915585
14760,2025-11-28 07:36:00,desconhecida,europa_ocidental,0.39039961488632297
14761,2025-11-28 10:25:00,desconhecida,europa_ocidental,0.24858744829127918
14764,2025-11-28 10:26:00,europa_ocidental,europa_ocidental,0.49278446387290603
14772,2025-11-28 10:42:00,desconhecida,africa,0.30574012861998506
14773,2025-11-28 10:55:00,desconhecida,asia,0.18913813764258317
14776,2025-11-28 11:05:00,africa,africa,0.51903889356298
14779,2025-11-28 11:18:00,desconhecida,europa_oriental,0.34089976400438593
14780,2025-11-28 11:20:00,desconhecida,europa_ocidental,0.35191351490567924
14781,2025-11-28 11:20:00,desconhecida,europa_ocidental,0.1883882952347567
14782,2025-11-28 11:31:00,desconhecida,europa_ocidental,0.17608577023737326
14784,2025-11-28 11:36:00,desconhecida,europa_oriental,0.45822960318711964
14786,2025-11-28 11:47:00,desconhecida,europa_ocidental,0.36313721247346015
14789,2025-11-28 12:06:00,desconhecida,europa_ocidental,0.3554454786195231
14790,2025-11-28 12:10:00,europa_ocidental,europa_ocidental,0.33174831765917556
14793,2025-11-28 12:18:00,desconhecida,europa_oriental,0.2562188019019621
14795,2025-11-28 12:28:00,desconhecida,europa_oriental,0.19527613091113927
14796,2025-11-28 12:29:00,desconhecida,oriente_medio,0.30773142747531423
14797,2025-11-28 12:31:00,desconhecida,europa_ocidental,0.25554281416436175
14798,2025-11-28 12:43:00,desconhecida,oriente_medio,0.3304846830467908
14800,2025-11-28 13:06:00,desconhecida,asia,0.3342840703357786
14801,2025-11-28 13:12:00,desconhecida,africa,0.27713209714773285
14804,2025-11-28 13:26:00,desconhecida,europa_oriental,0.5663475192106859
14805,2025-11-28 13:30:00,europa_oriental,europa_oriental,0.6716150573615897
14806,2025-11-28 13:34:00,desconhecida,europa_ocidental,0.2655989177775654
14807,2025-11-28 13:35:00,europa_oriental,europa_oriental,0.7390506237457406
14809,2025-11-28 13:48:00,europa_ocidental,europa_ocidental,0.3567147538573542
14810,2025-11-28 13:57:00,desconhecida,europa_ocidental,0.2264568335985291
14814,2025-11-28 14:09:00,desconhecida,europa_ocidental,0.31160416094181365
14816,2025-11-28 14:10:00,desconhecida,europa_oriental,0.2830592405467691
14819,2025-11-28 14:34:00,desconhecida,europa_ocidental,0.23538017065248962
14820,2025-11-28 14:37:00,europa_ocidental,europa_ocidental,0.3465796289497746
14822,2025-11-28 14:43:00,desconhecida,europa_ocidental,0.48642178368713446
14823,2025-11-28 14:46:00,desconhecida,asia,0.24520907312243978
14828,2025-11-28 15:12:00,africa,africa,0.5225196349843083
14831,2025-11-28 15:15:00,desconhecida,europa_ocidental,0.3967313034316724
14832,2025-11-28 15:17:00,desconhecida,europa_oriental,0.24419915471527506
14834,2025-11-28 15:21:00,europa_ocidental,europa_ocidental,0.3062047110032205
14835,2025-11-28 15:23:00,desconhecida,europa_ocidental,0.306534373999213
14836,2025-11-28 15:24:00,desconhecida,europa_ocidental,0.210824607790259
14837,2025-11-28 15:30:00,desconhecida,europa_ocidental,0.38369440176907477
14838,2025-11-28 15:31:00,desconhecida,europa_ocidental,0.23411830037802603
14839,2025-11-28 15:32:00,desconhecida,europa_ocidental,0.26766034908770425
14840,2025-11-28 15:34:00,desconhecida,europa_oriental,0.32336674024912365
14842,2025-11-28 15:42:00,desconhecida,europa_oriental,0.44407898361089476
14843,2025-11-28 15:45:00,desconhecida,europa_ocidental,0.32587152264189634
14844,2025-11-28 15:48:00,desconhecida,europa_ocidental,0.19800156796129784
14847,2025-11-28 16:03:00,desconhecida,america_sul,0.6208872341600501
14892,2025-11-28 17:02:00,desconhecida,america_norte,0.19435182372400134
14894,2025-11-28 17:04:00,desconhecida,oriente_medio,0.6860827697260918
14897,2025-11-28 17:22:00,desconhecida,oriente_medio,0.6600425435528592
14898,2025-11-28 17:27:00,desconhecida,europa_ocidental,0.2576430660891814
14900,2025-11-28 17:38:00,desconhecida,europa_ocidental,0.2903891791317113
14903,2025-11-28 17:51:00,desconhecida,america_central,0.4002719095120214
14904,2025-11-28 18:00:00,desconhecida,europa_ocidental,0.2686509162231705
14913,2025-11-28 18:35:00,desconhecida,europa_oriental,0.3996893341440083
14915,2025-11-28 18:38:00,desconhecida,america_sul,0.20886572071738
14917,2025-11-28 18:49:00,desconhecida,europa_ocidental,0.25233165483576925
14919,2025-11-28 18:58:00,desconhecida,europa_ocidental,0.3093163630350437
14922,2025-11-28 19:02:00,desconhecida,europa_ocidental,0.295951696260173
14923,2025-11-28 19:04:00,desconhecida,america_sul,0.24400734999362078
14928,2025-11-28 19:14:00,desconhecida,europa_ocidental,0.282415522059611
14935,2025-11-28 19:18:00,desconhecida,america_sul,0.22128887713661682
14942,2025-11-28 19:24:00,desconhecida,europa_ocidental,0.39265943261629727
14943,2025-11-28 19:32:00,desconhecida,europa_ocidental,0.2454327742636986
14944,2025-11-28 19:33:00,desconhecida,europa_ocidental,0.32600862529848174
14947,2025-11-28 19:36:00,desconhecida,europa_ocidental,0.3279936447397309
14952,2025-11-28 19:43:00,desconhecida,america_sul,0.417855520432321
14956,2025-11-28 19:50:00,desconhecida,america_sul,0.408704396257065
14957,2025-11-28 19:54:00,desconhecida,america_sul,0.3170788691770424
14961,2025-11-28 20:32:00,desconhecida,europa_ocidental,0.3302347583701018
14962,2025-11-28 20:52:00,desconhecida,america_sul,0.2940513284290215
14968,2025-11-28 21:13:00,desconhecida,europa_ocidental,0.2921338124916999
14972,2025-11-28 21:47:00,desconhecida,europa_oriental,0.4975626546228622
14974,2025-11-28 22:03:00,desconhecida,europa_oriental,0.3125458693675835
14975,2025-11-28 22:04:00,desconhecida,europa_oriental,0.5410062224080397
14977,2025-11-28 22:12:00,desconhecida,america_sul,0.5049621189054045
14980,2025-11-28 22:49:00,desconhecida,europa_oriental,0.25795672509350437
14982,2025-11-28 23:15:00,desconhecida,europa_oriental,0.25780438596259836
14983,2025-11-28 23:17:00,desconhecida,europa_ocidental,0.21371390434780702
14984,2025-11-28 23:21:00,desconhecida,asia,0.2854053314114059
14986,2025-11-29 00:44:00,desconhecida,europa_oriental,0.30895876452931975
14987,2025-11-29 00:44:00,desconhecida,europa_ocidental,0.21211735045866556
14989,2025-11-29 01:00:00,desconhecida,oriente_medio,0.6511544458897203
14991,2025-11-29 01:08:00,desconhecida,europa_ocidental,0.2730103619754001
14992,2025-11-29 01:14:00,desconhecida,europa_ocidental,0.20787546032533552
14993,2025-11-29 01:16:00,desconhecida,europa_ocidental,0.22057085231330828
14994,2025-11-29 01:20:00,desconhecida,europa_ocidental,0.3459742861636615
14998,2025-11-29 02:05:00,desconhecida,europa_ocidental,0.26522484851128036
15000,2025-11-29 02:32:00,desconhecida,europa_ocidental,0.35828308956947097
15001,2025-11-29 02:33:00,desconhecida,europa_ocidental,0.2207513604416674
15010,2025-11-29 02:45:00,desconhecida,europa_ocidental,0.2539655339901927
15015,2025-11-29 03:04:00,desconhecida,europa_ocidental,0.28363132051545453
15016,2025-11-29 03:05:00,desconhecida,europa_ocidental,0.2928128220298977
15017,2025-11-29 03:06:00,desconhecida,europa_ocidental,0.3062510573911816
15018,2025-11-29 03:08:00,desconhecida,europa_ocidental,0.379342911327863
15019,2025-11-29 03:09:00,desconhecida,europa_ocidental,0.28878753862223494
15020,2025-11-29 03:18:00,desconhecida,europa_ocidental,0.22845762957607396
15023,2025-11-29 03:33:00,desconhecida,oriente_medio,0.5853318388915576
15026,2025-11-29 04:04:00,desconhecida,europa_oriental,0.2585212326002569
15027,2025-11-29 04:05:00,desconhecida,europa_oriental,0.6119890152968147
15028,2025-11-29 04:06:00,desconhecida,europa_ocidental,0.3121210860419011
15029,2025-11-29 04:07:00,desconhecida,europa_ocidental,0.3159605665611486
15030,2025-11-29 04:09:00,desconhecida,europa_ocidental,0.3619506583939687
15031,2025-11-29 04:10:00,desconhecida,europa_ocidental,0.2270682595782731
15032,2025-11-29 04:11:00,desconhecida,europa_oriental,0.4549913415865899
15034,2025-11-29 04:13:00,desconhecida,america_central,0.2421206345767369
15036,2025-11-29 04:14:00,desconhecida,europa_ocidental,0.3843279581787531
15038,2025-11-29 04:15:00,desconhecida,europa_ocidental,0.28987105488033515
15039,2025-11-29 04:17:00,europa_ocidental,europa_ocidental,0.36027715778625974
15041,2025-11-29 04:18:00,desconhecida,europa_oriental,0.36238242105798657
15042,2025-11-29 04:19:00,desconhecida,europa_ocidental,0.337083388543377
15043,2025-11-29 04:21:00,desconhecida,america_sul,0.19000889934181622
15044,2025-11-29 04:22:00,desconhecida,europa_ocidental,0.31447734052561765
15045,2025-11-29 04:23:00,desconhecida,europa_oriental,0.19502691583099224
15046,2025-11-29 04:25:00,europa_oriental,europa_oriental,0.4494274117839044
15047,2025-11-29 04:27:00,desconhecida,europa_ocidental,0.3213551527500983
15048,2025-11-29 04:28:00,desconhecida,asia,0.35351154589897726
15050,2025-11-29 04:29:00,desconhecida,europa_ocidental,0.3549943980176097
15052,2025-11-29 04:30:00,desconhecida,europa_oriental,0.3764965965229713
15053,2025-11-29 04:31:00,desconhecida,europa_ocidental,0.28629584019973264
15057,2025-11-29 04:35:00,desconhecida,asia,0.3239452148080825
15059,2025-11-29 04:44:00,desconhecida,europa_oriental,0.4527847943819343
15061,2025-11-29 04:47:00,desconhecida,asia,0.3168438692237185
15062,2025-11-29 04:51:00,desconhecida,europa_oriental,0.3949508402063913
15066,2025-11-29 04:58:00,desconhecida,asia,0.27372467028429587
15067,2025-11-29 05:00:00,desconhecida,europa_ocidental,0.5178586407610893
15072,2025-11-29 05:08:00,desconhecida,oriente_medio,0.6546962154481565
15073,2025-11-29 05:10:00,desconhecida,europa_ocidental,0.2703132942861203
15079,2025-11-29 05:19:00,desconhecida,america_central,0.28576164330407205
15080,2025-11-29 05:22:00,desconhecida,europa_ocidental,0.3378428226891321
15081,2025-11-29 05:25:00,desconhecida,america_central,0.2588866909930776
15082,2025-11-29 05:26:00,desconhecida,europa_ocidental,0.19345479074597674
15083,2025-11-29 05:40:00,desconhecida,oriente_medio,0.43354827066264723
15084,2025-11-29 05:41:00,desconhecida,europa_oriental,0.32532432826736046
15085,2025-11-29 05:44:00,desconhecida,europa_ocidental,0.33345265736316165
15087,2025-11-29 05:52:00,desconhecida,america_sul,0.30996533866805465
15089,2025-11-29 06:06:00,desconhecida,europa_oriental,0.37829975369322955
15091,2025-11-29 06:09:00,desconhecida,europa_ocidental,0.22358827849882437
15092,2025-11-29 06:10:00,desconhecida,europa_oriental,0.21368574776893537
15093,2025-11-29 06:13:00,desconhecida,europa_ocidental,0.38428043656729155
15094,2025-11-29 06:27:00,desconhecida,asia,0.2788608578562969
15095,2025-11-29 06:28:00,desconhecida,europa_oriental,0.21516560884805894
15096,2025-11-29 06:31:00,desconhecida,europa_ocidental,0.40549253655389106
15097,2025-11-29 06:33:00,desconhecida,europa_ocidental,0.21838794650770504
15098,2025-11-29 06:34:00,desconhecida,europa_oriental,0.29399159553583293
15100,2025-11-29 06:35:00,desconhecida,america_central,0.4240408114604625
15102,2025-11-29 06:45:00,desconhecida,europa_oriental,0.25235489686203605
15103,2025-11-29 06:52:00,desconhecida,europa_ocidental,0.29974653210085594
15104,2025-11-29 06:54:00,desconhecida,europa_ocidental,0.3009630410314429
15105,2025-11-29 06:55:00,desconhecida,europa_oriental,0.2898144394542234
15106,2025-11-29 06:56:00,desconhecida,asia,0.17661599740389736
15108,2025-11-29 07:06:00,europa_ocidental,europa_ocidental,0.3295456945149597
15109,2025-11-29 07:08:00,desconhecida,oriente_medio,0.5003501922037791
15110,2025-11-29 07:13:00,desconhecida,europa_oriental,0.43023087533600374
15115,2025-11-29 07:43:00,desconhecida,america_sul,0.28033921678152335
15117,2025-11-29 07:51:00,desconhecida,asia,0.21451635788837808
15120,2025-11-29 07:57:00,desconhecida,oceania,0.2281576638239353
15121,2025-11-29 07:58:00,desconhecida,oriente_medio,0.3090268313615505
15123,2025-11-29 08:04:00,desconhecida,europa_ocidental,0.20696967584822995
15125,2025-11-29 08:05:00,desconhecida,america_central,0.2721768013655093
15126,2025-11-29 08:09:00,desconhecida,europa_ocidental,0.37115598950789663
15130,2025-11-29 08:26:00,desconhecida,europa_ocidental,0.34874282879073215
15134,2025-11-29 08:48:00,desconhecida,asia,0.3678951065320662
15137,2025-11-29 09:05:00,desconhecida,asia,0.2895992568959516
15141,2025-11-29 09:07:00,desconhecida,europa_ocidental,0.23162227434199167
15142,2025-11-29 09:14:00,desconhecida,europa_oriental,0.23026548264635793
15143,2025-11-29 09:19:00,desconhecida,oriente_medio,0.7723156590302326
15145,2025-11-29 09:22:00,desconhecida,oriente_medio,0.6196520260550328
15146,2025-11-29 09:23:00,desconhecida,europa_ocidental,0.23568596424150395
15148,2025-11-29 09:31:00,desconhecida,oriente_medio,0.3803775292346694
15150,2025-11-29 09:38:00,desconhecida,europa_ocidental,0.3963665297373325
15153,2025-11-29 09:41:00,desconhecida,europa_oriental,0.2543593431099382
15155,2025-11-29 09:46:00,desconhecida,asia,0.3151862925000712
15156,2025-11-29 09:49:00,desconhecida,europa_oriental,0.3450528497075026
15157,2025-11-29 09:50:00,asia,asia,0.5617354032680115
15158,2025-11-29 09:51:00,desconhecida,europa_ocidental,0.2355017218791784
15161,2025-11-29 09:56:00,desconhecida,europa_oriental,0.20675588716115903
15163,2025-11-29 10:08:00,desconhecida,europa_ocidental,0.28836584905810425
15165,2025-11-29 10:33:00,desconhecida,asia,0.25572832284320657
15166,2025-11-29 10:35:00,desconhecida,europa_oriental,0.41023212247511764
15169,2025-11-29 10:40:00,desconhecida,america_sul,0.2528753123011955
15170,2025-11-29 10:41:00,desconhecida,europa_oriental,0.41023212247511764
15171,2025-11-29 10:42:00,desconhecida,europa_oriental,0.43753191677249326
15172,2025-11-29 10:43:00,desconhecida,europa_oriental,0.5256015380165003
15174,2025-11-29 10:44:00,desconhecida,europa_ocidental,0.3622543839133392
15175,2025-11-29 10:45:00,desconhecida,oriente_medio,0.3212610068788558
15176,2025-11-29 10:46:00,desconhecida,europa_ocidental,0.2810590638913809
15177,2025-11-29 10:47:00,desconhecida,europa_ocidental,0.3450618157704344
15178,2025-11-29 10:50:00,desconhecida,europa_ocidental,0.2499880869019692
15179,2025-11-29 10:51:00,desconhecida,europa_ocidental,0.21676065658047333
15181,2025-11-29 10:58:00,desconhecida,america_norte,0.33580531773574196
15182,2025-11-29 11:01:00,desconhecida,europa_ocidental,0.18647903808061178
15183,2025-11-29 11:03:00,america_sul,america_sul,0.6072899444019098
15185,2025-11-29 11:05:00,desconhecida,europa_ocidental,0.3323425574168461
15186,2025-11-29 11:06:00,desconhecida,europa_ocidental,0.20386479254203332
15188,2025-11-29 11:07:00,desconhecida,europa_ocidental,0.2570463684979539
15189,2025-11-29 11:09:00,desconhecida,europa_ocidental,0.4630435940945072
15190,2025-11-29 11:10:00,desconhecida,europa_oriental,0.19392157964918594
15191,2025-11-29 11:12:00,desconhecida,europa_ocidental,0.22435139805063492
15193,2025-11-29 11:21:00,desconhecida,europa_ocidental,0.30632710797173374
15197,2025-11-29 11:34:00,desconhecida,europa_ocidental,0.27993177396271846
15202,2025-11-29 11:43:00,desconhecida,europa_ocidental,0.23067728600946255
15203,2025-11-29 11:46:00,desconhecida,europa_ocidental,0.27334153469098543
15206,2025-11-29 11:48:00,desconhecida,oriente_medio,0.5659150889737691
15208,2025-11-29 11:55:00,desconhecida,europa_oriental,0.21403146255047023
15210,2025-11-29 12:01:00,desconhecida,europa_oriental,0.25889330780660225
15212,2025-11-29 12:20:00,desconhecida,europa_oriental,0.2505457464543975
15213,2025-11-29 12:21:00,desconhecida,europa_ocidental,0.2651898102889761
15215,2025-11-29 12:23:00,desconhecida,europa_ocidental,0.3347077229057943
15217,2025-11-29 12:29:00,desconhecida,europa_ocidental,0.37810223365738754
15220,2025-11-29 12:40:00,desconhecida,europa_ocidental,0.3666665669488737
15221,2025-11-29 12:51:00,desconhecida,europa_oriental,0.2703662728522614
15224,2025-11-29 13:01:00,desconhecida,europa_ocidental,0.3220503201118552
15225,2025-11-29 13:02:00,desconhecida,europa_ocidental,0.29363095881488693
15226,2025-11-29 13:06:00,desconhecida,europa_ocidental,0.37208622203998337
15229,2025-11-29 13:14:00,desconhecida,europa_oriental,0.6724443358295303
15232,2025-11-29 13:35:00,desconhecida,europa_ocidental,0.24718488875537328
15233,2025-11-29 13:37:00,desconhecida,oriente_medio,0.4255797530589744
15234,2025-11-29 13:38:00,desconhecida,europa_oriental,0.4046210164024047
15235,2025-11-29 13:39:00,desconhecida,oriente_medio,0.6820937075288818
15236,2025-11-29 13:44:00,desconhecida,europa_ocidental,0.28355235609663615
15237,2025-11-29 13:53:00,desconhecida,europa_ocidental,0.3050420560013368
15239,2025-11-29 14:02:00,desconhecida,europa_oriental,0.4678813357679507
15240,2025-11-29 14:04:00,desconhecida,europa_ocidental,0.3828402332854524
15243,2025-11-29 14:13:00,desconhecida,europa_ocidental,0.2533808936564377
15249,2025-11-29 14:39:00,desconhecida,europa_ocidental,0.2240768056123088
15250,2025-11-29 15:08:00,desconhecida,europa_ocidental,0.32582589141475177
15252,2025-11-29 15:30:00,desconhecida,europa_oriental,0.20623009548647714
15254,2025-11-29 15:49:00,desconhecida,europa_ocidental,0.238052396480164
15257,2025-11-29 16:04:00,europa_ocidental,europa_ocidental,0.4017887687723543
15262,2025-11-29 16:28:00,desconhecida,oriente_medio,0.507353190106236
15292,2025-11-29 17:26:00,desconhecida,europa_oriental,0.5203877225881364
15299,2025-11-29 17:44:00,desconhecida,europa_ocidental,0.27524105575313546
15320,2025-11-29 18:13:00,desconhecida,america_sul,0.26470422545492506
15323,2025-11-29 18:22:00,desconhecida,america_sul,0.4454508495207156
15324,2025-11-29 18:24:00,desconhecida,europa_ocidental,0.19343868417096868
15326,2025-11-29 18:32:00,desconhecida,america_sul,0.3438609648907791
15327,2025-11-29 18:39:00,desconhecida,europa_ocidental,0.23306288043927884
15329,2025-11-29 18:47:00,desconhecida,europa_ocidental,0.38095674007236624
15333,2025-11-29 19:15:00,desconhecida,oriente_medio,0.44491945978819264
15334,2025-11-29 19:17:00,desconhecida,america_sul,0.18972402726824733
15336,2025-11-29 19:43:00,desconhecida,america_central,0.32055416868353226
15337,2025-11-29 19:54:00,desconhecida,asia,0.2996683897156454
15338,2025-11-29 20:32:00,desconhecida,america_sul,0.23847025796217278
15339,2025-11-29 20:41:00,desconhecida,europa_ocidental,0.18007943425274758
15341,2025-11-29 21:24:00,desconhecida,europa_ocidental,0.16431920411947698
15344,2025-11-29 22:06:00,desconhecida,europa_oriental,0.3362653511217679
15345,2025-11-29 22:08:00,desconhecida,europa_oriental,0.23788664332239007
15346,2025-11-29 22:13:00,desconhecida,europa_oriental,0.33764576912194577
15347,2025-11-29 22:29:00,desconhecida,europa_oriental,0.34545946938790123
15351,2025-11-29 23:00:00,desconhecida,europa_oriental,0.18604954193764583
15353,2025-11-29 23:12:00,desconhecida,america_sul,0.2593035696498114
15354,2025-11-29 23:17:00,desconhecida,europa_ocidental,0.1834879942362203
15357,2025-11-29 23:45:00,desconhecida,america_sul,0.2839177751950619
15358,2025-11-30 00:21:00,desconhecida,europa_ocidental,0.28056432352244015
15368,2025-11-30 01:44:00,desconhecida,europa_ocidental,0.23063508436466496
15371,2025-11-30 02:02:00,desconhecida,europa_ocidental,0.3436264319945919
15375,2025-11-30 02:35:00,desconhecida,europa_oriental,0.41181422021208036
15376,2025-11-30 02:59:00,desconhecida,asia,0.3290734965820421
15377,2025-11-30 03:29:00,desconhecida,asia,0.37870765400181666
15378,2025-11-30 03:41:00,desconhecida,america_norte,0.355584728515039
15380,2025-11-30 04:02:00,desconhecida,europa_ocidental,0.309403626169395
15381,2025-11-30 04:04:00,desconhecida,europa_ocidental,0.22690002113809737
15382,2025-11-30 04:05:00,desconhecida,europa_oriental,0.36331012754068803
15383,2025-11-30 04:06:00,desconhecida,europa_ocidental,0.31814830701061875
15384,2025-11-30 04:07:00,desconhecida,oriente_medio,0.38802884387713954
15386,2025-11-30 04:09:00,desconhecida,america_sul,0.37915529656931385
15387,2025-11-30 04:10:00,desconhecida,europa_ocidental,0.17168971203420402
15389,2025-11-30 04:11:00,america_sul,america_sul,0.515306581109844
15390,2025-11-30 04:13:00,desconhecida,oriente_medio,0.7037312080846965
15391,2025-11-30 04:14:00,desconhecida,asia,0.3090520874315901
15392,2025-11-30 04:20:00,desconhecida,asia,0.35677409076415173
15395,2025-11-30 04:25:00,desconhecida,europa_ocidental,0.24535616997630963
15396,2025-11-30 04:26:00,desconhecida,america_sul,0.41431092778686684
15401,2025-11-30 04:41:00,desconhecida,america_norte,0.21234955192759508
15402,2025-11-30 04:51:00,desconhecida,europa_oriental,0.6503646059006853
15403,2025-11-30 04:54:00,desconhecida,europa_ocidental,0.18937788514353032
15405,2025-11-30 05:01:00,desconhecida,europa_ocidental,0.2574646026630373
15406,2025-11-30 05:05:00,desconhecida,europa_ocidental,0.36257776635695166
15409,2025-11-30 05:10:00,desconhecida,europa_ocidental,0.22936934983596152
15411,2025-11-30 05:14:00,desconhecida,europa_ocidental,0.33888360963829267
15417,2025-11-30 05:33:00,desconhecida,america_sul,0.4633074230472148
15418,2025-11-30 05:38:00,desconhecida,america_central,0.29255677695710397
15420,2025-11-30 05:47:00,desconhecida,asia,0.471247402035901
15421,2025-11-30 06:03:00,desconhecida,asia,0.3636364084375605
15425,2025-11-30 06:13:00,desconhecida,america_sul,0.4543754519542414
15426,2025-11-30 06:18:00,desconhecida,oceania,0.44188464688750057
15430,2025-11-30 06:26:00,desconhecida,europa_oriental,0.3227858853671616
15434,2025-11-30 06:39:00,desconhecida,europa_ocidental,0.19695479015663084
15441,2025-11-30 07:05:00,desconhecida,europa_ocidental,0.22755811027612266
15442,2025-11-30 07:09:00,desconhecida,oriente_medio,0.5979090000215759
15445,2025-11-30 07:21:00,desconhecida,europa_oriental,0.18643724360348599
15446,2025-11-30 07:27:00,desconhecida,oriente_medio,0.6343948201618632
15448,2025-11-30 07:45:00,desconhecida,europa_ocidental,0.2590845965552567
15449,2025-11-30 07:46:00,desconhecida,oriente_medio,0.5825109938815558
15450,2025-11-30 07:47:00,desconhecida,europa_ocidental,0.368178947754696
15454,2025-11-30 08:04:00,desconhecida,oriente_medio,0.6655078881984479
15455,2025-11-30 08:06:00,desconhecida,europa_ocidental,0.22386001422324497
15456,2025-11-30 08:08:00,desconhecida,europa_oriental,0.28651013361308475
15457,2025-11-30 08:09:00,desconhecida,oriente_medio,0.4871136529430708
15462,2025-11-30 08:19:00,desconhecida,europa_ocidental,0.2909779751710718
15463,2025-11-30 08:27:00,desconhecida,europa_oriental,0.25518198210374987
15465,2025-11-30 08:30:00,desconhecida,europa_ocidental,0.22781120750224934
15468,2025-11-30 08:37:00,desconhecida,europa_ocidental,0.2544363387080425
15470,2025-11-30 08:42:00,desconhecida,america_sul,0.25180429672597504
15471,2025-11-30 08:45:00,desconhecida,europa_oriental,0.5215691139927767
15474,2025-11-30 08:55:00,desconhecida,america_sul,0.20253208163286124
15475,2025-11-30 09:01:00,desconhecida,europa_oriental,0.22086929269462677
15476,2025-11-30 09:06:00,desconhecida,europa_ocidental,0.2269834398822411
15481,2025-11-30 09:23:00,desconhecida,europa_oriental,0.36482065763970173
15482,2025-11-30 09:35:00,desconhecida,oriente_medio,0.4925877357605582
15485,2025-11-30 09:53:00,desconhecida,europa_ocidental,0.2726970396904395
15486,2025-11-30 09:56:00,desconhecida,america_sul,0.38527641517621414
15491,2025-11-30 10:02:00,desconhecida,oriente_medio,0.41212902966421233
15492,2025-11-30 10:04:00,desconhecida,oriente_medio,0.6448607683246907
15493,2025-11-30 10:06:00,desconhecida,europa_ocidental,0.3135657163370558
15494,2025-11-30 10:25:00,desconhecida,europa_ocidental,0.3497787465019082
15496,2025-11-30 10:42:00,desconhecida,europa_ocidental,0.2108594844423725
15499,2025-11-30 10:46:00,desconhecida,europa_oriental,0.34913012242212976
15500,2025-11-30 10:47:00,desconhecida,europa_oriental,0.4244657628152715
15503,2025-11-30 11:01:00,desconhecida,europa_ocidental,0.2053503210604102
15505,2025-11-30 11:05:00,desconhecida,europa_ocidental,0.2530646377626681
15507,2025-11-30 11:14:00,desconhecida,europa_ocidental,0.2948763665484223
15508,2025-11-30 11:20:00,desconhecida,asia,0.3857263579883713
15509,2025-11-30 11:31:00,desconhecida,europa_oriental,0.5282129346582952
15510,2025-11-30 11:45:00,desconhecida,europa_ocidental,0.26033395271124016
15511,2025-11-30 11:51:00,desconhecida,europa_oriental,0.2624704456282164
15512,2025-11-30 11:55:00,desconhecida,europa_oriental,0.43314074287634396
15514,2025-11-30 11:57:00,desconhecida,america_sul,0.4090601358741732
15521,2025-11-30 12:31:00,desconhecida,europa_oriental,0.5004305326216484
15522,2025-11-30 12:32:00,desconhecida,asia,0.17336136942542574
15523,2025-11-30 12:33:00,desconhecida,asia,0.5196504800164329
15525,2025-11-30 12:35:00,desconhecida,europa_ocidental,0.31446927046962947
15526,2025-11-30 12:41:00,desconhecida,europa_ocidental,0.22374871679973266
15531,2025-11-30 13:01:00,desconhecida,america_sul,0.18593239534570524
15532,2025-11-30 13:02:00,desconhecida,europa_ocidental,0.2540687252927591
15534,2025-11-30 13:05:00,desconhecida,europa_oriental,0.41018463250386966
15537,2025-11-30 13:10:00,desconhecida,europa_ocidental,0.31876993762564326
15538,2025-11-30 13:17:00,desconhecida,africa,0.19362449782993502
15540,2025-11-30 13:32:00,desconhecida,europa_ocidental,0.19613090437605926
15542,2025-11-30 14:03:00,desconhecida,america_sul,0.40223194023279796
15545,2025-11-30 14:36:00,desconhecida,europa_ocidental,0.22199103794512048
15547,2025-11-30 14:39:00,desconhecida,europa_ocidental,0.31677153288200655
15548,2025-11-30 14:40:00,desconhecida,europa_ocidental,0.2050481184717713
15549,2025-11-30 14:41:00,desconhecida,africa,0.4450595611708927
15551,2025-11-30 14:44:00,desconhecida,europa_ocidental,0.24616188808418454
15552,2025-11-30 14:45:00,desconhecida,africa,0.4450595611708927
15553,2025-11-30 14:47:00,desconhecida,europa_ocidental,0.24542208792815626
15554,2025-11-30 14:48:00,desconhecida,europa_ocidental,0.2929823958034573
15555,2025-11-30 14:49:00,desconhecida,europa_ocidental,0.2515001601065244
15557,2025-11-30 14:50:00,desconhecida,europa_ocidental,0.23399912255472968
15559,2025-11-30 14:51:00,desconhecida,europa_ocidental,0.2198761091824182
15565,2025-11-30 15:56:00,desconhecida,oriente_medio,0.48424166852591294
15570,2025-11-30 16:53:00,desconhecida,europa_ocidental,0.23086188440373998
15574,2025-11-30 18:09:00,desconhecida,europa_oriental,0.21943588791683444
15582,2025-11-30 19:27:00,desconhecida,europa_ocidental,0.28100014783468824
15586,2025-11-30 20:13:00,desconhecida,europa_ocidental,0.3412641715139642
15588,2025-11-30 21:09:00,desconhecida,america_central,0.4186116414019357
15595,2025-11-30 23:05:00,desconhecida,europa_ocidental,0.28561930234444544
15598,2025-12-01 04:04:00,desconhecida,europa_oriental,0.3864253576943361
15599,2025-12-01 04:07:00,desconhecida,europa_oriental,0.3264378445555316
15603,2025-12-01 09:56:00,desconhecida,oriente_medio,0.40981873653163525
15605,2025-12-01 10:22:00,desconhecida,europa_ocidental,0.289884373998071
15630,2025-12-01 16:23:00,desconhecida,europa_oriental,0.2678797229135094
15631,2025-12-01 16:24:00,desconhecida,europa_oriental,0.24033809484565824
15632,2025-12-01 16:26:00,desconhecida,europa_ocidental,0.23366463979484756
15636,2025-12-01 16:38:00,desconhecida,europa_oriental,0.426305218130976
15637,2025-12-01 16:41:00,desconhecida,europa_ocidental,0.19339625893168075
15639,2025-12-01 16:54:00,desconhecida,oriente_medio,0.44500199934777823
15640,2025-12-01 17:04:00,desconhecida,europa_ocidental,0.24617231743075652
15643,2025-12-01 17:42:00,desconhecida,america_sul,0.25757153988914255
15645,2025-12-01 17:56:00,desconhecida,america_sul,0.37849124082240027
15646,2025-12-01 18:04:00,desconhecida,america_norte,0.38142785461600365
15648,2025-12-01 19:02:00,desconhecida,africa,0.1884067073579312
15651,2025-12-01 19:36:00,desconhecida,europa_ocidental,0.22812737755069323
15652,2025-12-01 19:40:00,desconhecida,europa_ocidental,0.24634315007097002
15653,2025-12-01 19:43:00,desconhecida,europa_oriental,0.59428453749269
15654,2025-12-01 19:45:00,desconhecida,europa_ocidental,0.3123050388711786
15663,2025-12-02 01:59:00,desconhecida,europa_ocidental,0.21276131121702072
15665,2025-12-02 03:26:00,desconhecida,europa_ocidental,0.2720519294547613
15667,2025-12-02 03:56:00,america_sul,america_sul,0.4320010426249173
15668,2025-12-02 04:06:00,desconhecida,europa_ocidental,0.35046453174021036
15669,2025-12-02 04:07:00,desconhecida,america_sul,0.30086423130095796
15670,2025-12-02 04:08:00,desconhecida,america_norte,0.38316054436968255
15671,2025-12-02 04:09:00,desconhecida,europa_ocidental,0.20200181172369502
15672,2025-12-02 04:13:00,america_central,america_central,0.46429884282224015
15680,2025-12-02 05:13:00,desconhecida,america_sul,0.4547542822430655
15681,2025-12-02 05:17:00,america_sul,america_sul,0.5807065029137914
15682,2025-12-02 05:20:00,europa_ocidental,europa_ocidental,0.38844288441910124
15686,2025-12-02 05:40:00,desconhecida,oriente_medio,0.4044803929544455
15689,2025-12-02 06:14:00,desconhecida,europa_oriental,0.4942393511205087
15690,2025-12-02 06:30:00,europa_oriental,europa_oriental,0.48716847849305306
15693,2025-12-02 06:58:00,desconhecida,europa_ocidental,0.36111035799585967
15694,2025-12-02 07:42:00,desconhecida,europa_ocidental,0.40822917298806843
15695,2025-12-02 07:43:00,europa_ocidental,europa_ocidental,0.21584836784160627
15696,2025-12-02 07:59:00,desconhecida,europa_ocidental,0.40016403037933246
15697,2025-12-02 08:07:00,desconhecida,europa_ocidental,0.21480638391829723
15702,2025-12-02 09:17:00,desconhecida,america_sul,0.5755047891227678
15704,2025-12-02 09:41:00,desconhecida,america_sul,0.5649163528295464
15705,2025-12-02 09:48:00,desconhecida,europa_ocidental,0.2004716830266957
15707,2025-12-02 09:59:00,europa_ocidental,europa_ocidental,0.23757905720783412
15709,2025-12-02 10:09:00,desconhecida,europa_oriental,0.4677317467891057
15710,2025-12-02 10:14:00,desconhecida,europa_ocidental,0.28686514159921345
15713,2025-12-02 10:18:00,desconhecida,europa_oriental,0.23435757311842814
15714,2025-12-02 10:28:00,africa,africa,0.5973560103331939
15716,2025-12-02 10:41:00,desconhecida,europa_ocidental,0.19698408715969493
15721,2025-12-02 11:56:00,desconhecida,europa_oriental,0.2899631925366174
15722,2025-12-02 12:05:00,desconhecida,america_sul,0.20255156807642596
15723,2025-12-02 12:09:00,desconhecida,europa_ocidental,0.18768889395942703
15725,2025-12-02 12:37:00,desconhecida,europa_ocidental,0.304658854683503
15726,2025-12-02 12:45:00,europa_oriental,europa_oriental,0.41485288310851953
15729,2025-12-02 13:02:00,desconhecida,europa_oriental,0.4024590073473103
15737,2025-12-02 13:54:00,desconhecida,europa_ocidental,0.2703974428707013
15738,2025-12-02 14:16:00,desconhecida,america_sul,0.37372401595249455
15742,2025-12-02 14:43:00,desconhecida,america_central,0.2064361044297838
15745,2025-12-02 15:46:00,desconhecida,america_central,0.22956267136893685
15749,2025-12-02 16:20:00,desconhecida,europa_ocidental,0.3226524515098641
15750,2025-12-02 16:23:00,desconhecida,america_central,0.1903529705249016
15752,2025-12-02 16:47:00,desconhecida,europa_ocidental,0.22176498044181445
15754,2025-12-02 17:51:00,europa_ocidental,europa_ocidental,0.40101074357344346
15755,2025-12-02 17:52:00,desconhecida,europa_oriental,0.2746658841172696
15756,2025-12-02 17:59:00,desconhecida,europa_ocidental,0.3254054969634495
15757,2025-12-02 18:04:00,desconhecida,europa_ocidental,0.33114333585073347
15759,2025-12-02 18:09:00,desconhecida,europa_ocidental,0.38868419122093834
15760,2025-12-02 18:10:00,europa_oriental,europa_oriental,0.4206360629650147
15762,2025-12-02 18:39:00,desconhecida,europa_oriental,0.39079215165511644
15764,2025-12-02 19:02:00,desconhecida,europa_oriental,0.36406391480515043
15765,2025-12-02 19:13:00,europa_oriental,europa_oriental,0.4229265252836592
15767,2025-12-02 20:40:00,desconhecida,europa_ocidental,0.2612263819019322
15769,2025-12-02 21:37:00,desconhecida,america_central,0.251357490841363
15770,2025-12-02 21:55:00,desconhecida,america_central,0.251357490841363
15772,2025-12-02 22:13:00,oriente_medio,oriente_medio,0.6883246853434456
15775,2025-12-02 22:49:00,desconhecida,europa_ocidental,0.19982355330981758
15777,2025-12-02 23:02:00,desconhecida,america_sul,0.42673660267614083
15778,2025-12-02 23:08:00,desconhecida,america_central,0.41215726177416834
15780,2025-12-02 23:44:00,desconhecida,europa_ocidental,0.19695479015663084
15782,2025-12-02 23:50:00,desconhecida,europa_oriental,0.30903417388852994
15785,2025-12-03 00:18:00,desconhecida,asia,0.44771802642046576
15786,2025-12-03 00:19:00,desconhecida,america_norte,0.267808929378361
15788,2025-12-03 00:39:00,desconhecida,america_sul,0.26718578245678715
15789,2025-12-03 02:31:00,desconhecida,europa_oriental,0.33188208129887825
15790,2025-12-03 02:32:00,desconhecida,europa_oriental,0.7097298690901523
15792,2025-12-03 03:10:00,desconhecida,oceania,0.24893449863204267
15793,2025-12-03 03:18:00,desconhecida,oriente_medio,0.34576212792833005
15794,2025-12-03 03:25:00,desconhecida,oriente_medio,0.23256467787823398
15798,2025-12-03 04:03:00,desconhecida,oriente_medio,0.529306417370678
15799,2025-12-03 04:05:00,desconhecida,europa_ocidental,0.31850634670490074
15800,2025-12-03 04:06:00,desconhecida,europa_oriental,0.43604006087716846
15801,2025-12-03 04:07:00,desconhecida,europa_ocidental,0.18968918326796663
15802,2025-12-03 04:08:00,desconhecida,europa_oriental,0.3442199839815402
15803,2025-12-03 04:09:00,desconhecida,oriente_medio,0.29114024537981004
15807,2025-12-03 05:29:00,desconhecida,europa_oriental,0.5236457087605576
15808,2025-12-03 05:51:00,desconhecida,europa_ocidental,0.21050525135842763
15811,2025-12-03 06:04:00,desconhecida,europa_oriental,0.2550445802722418
15822,2025-12-03 07:30:00,desconhecida,europa_oriental,0.4212305166954999
15823,2025-12-03 07:43:00,desconhecida,europa_oriental,0.31575682682073136
15824,2025-12-03 07:54:00,desconhecida,europa_ocidental,0.3111749800227779
15828,2025-12-03 08:31:00,desconhecida,europa_ocidental,0.22475078067939802
15829,2025-12-03 08:33:00,desconhecida,europa_ocidental,0.21777916284484622
15830,2025-12-03 08:46:00,desconhecida,asia,0.21451635788837808
15831,2025-12-03 08:49:00,desconhecida,europa_ocidental,0.2772018660017823
15833,2025-12-03 09:03:00,desconhecida,europa_oriental,0.23132265993735693
15834,2025-12-03 09:12:00,desconhecida,europa_ocidental,0.23044113362954657
15835,2025-12-03 10:07:00,desconhecida,europa_ocidental,0.3303204232559671
15836,2025-12-03 10:11:00,desconhecida,europa_ocidental,0.3446796359068384
15837,2025-12-03 10:16:00,desconhecida,asia,0.31385924415592326
15838,2025-12-03 10:32:00,desconhecida,asia,0.2675885079275314
15843,2025-12-03 10:47:00,desconhecida,europa_oriental,0.36728791304597824
15844,2025-12-03 10:48:00,desconhecida,oriente_medio,0.6615204744124242
15845,2025-12-03 10:49:00,desconhecida,europa_oriental,0.3465921013394808
15847,2025-12-03 10:58:00,desconhecida,europa_oriental,0.5180607704788528
15848,2025-12-03 11:20:00,desconhecida,europa_oriental,0.5185365403075338
15849,2025-12-03 11:44:00,desconhecida,europa_oriental,0.2633922738048023
15850,2025-12-03 11:46:00,desconhecida,europa_ocidental,0.34500911438253434
15852,2025-12-03 12:04:00,desconhecida,europa_oriental,0.3198848288020353
15853,2025-12-03 12:29:00,desconhecida,europa_ocidental,0.36381020654090246
15855,2025-12-03 13:02:00,desconhecida,europa_oriental,0.40532931710446934
15856,2025-12-03 13:03:00,desconhecida,africa,0.19599840674999583
15857,2025-12-03 13:28:00,desconhecida,europa_ocidental,0.31155703758843867
15861,2025-12-03 14:41:00,desconhecida,oriente_medio,0.6722592128276167
15864,2025-12-03 15:09:00,desconhecida,europa_oriental,0.4548207388128366
15866,2025-12-03 15:45:00,desconhecida,oriente_medio,0.5895061084611326
15868,2025-12-03 15:47:00,desconhecida,europa_ocidental,0.19776641405208523
15870,2025-12-03 16:05:00,desconhecida,europa_ocidental,0.30168175271942166
15872,2025-12-03 16:32:00,desconhecida,oriente_medio,0.5888929897825859
15873,2025-12-03 16:34:00,desconhecida,europa_ocidental,0.24937174401379833
15882,2025-12-03 18:13:00,desconhecida,europa_ocidental,0.37917302781294737
15883,2025-12-03 18:40:00,desconhecida,europa_ocidental,0.31844751878886723
15884,2025-12-03 18:45:00,desconhecida,europa_ocidental,0.21754907195893217
15885,2025-12-03 18:47:00,desconhecida,europa_ocidental,0.24653733625380275
15887,2025-12-03 18:49:00,desconhecida,europa_ocidental,0.28483801693649125
15889,2025-12-03 18:53:00,desconhecida,europa_ocidental,0.25052524498798395
15891,2025-12-03 18:58:00,desconhecida,europa_ocidental,0.2777486281467297
15895,2025-12-03 19:20:00,desconhecida,europa_ocidental,0.29271709634241155
15900,2025-12-04 04:02:00,desconhecida,europa_oriental,0.3958661497485984
15901,2025-12-04 04:09:00,desconhecida,america_sul,0.3014040340485337
15908,2025-12-04 05:41:00,desconhecida,asia,0.4932791324628864
15909,2025-12-04 06:08:00,desconhecida,europa_oriental,0.36723207442439754
15910,2025-12-04 06:56:00,desconhecida,europa_oriental,0.30903417388852994
15918,2025-12-04 10:03:00,desconhecida,europa_ocidental,0.17204758785363156
15919,2025-12-04 10:11:00,desconhecida,europa_ocidental,0.4190573995891144
15923,2025-12-04 11:20:00,desconhecida,asia,0.25153455437045263
15924,2025-12-04 11:22:00,desconhecida,asia,0.2126238622478521
15929,2025-12-04 11:30:00,desconhecida,asia,0.2536113955050189
15931,2025-12-04 12:29:00,desconhecida,europa_oriental,0.5682757773532428
15932,2025-12-04 12:30:00,desconhecida,europa_ocidental,0.2974933617907452
15933,2025-12-04 12:33:00,desconhecida,europa_ocidental,0.2563517278435082
15934,2025-12-04 12:42:00,desconhecida,africa,0.463463545152846
15935,2025-12-04 12:52:00,desconhecida,oriente_medio,0.29454528488977966
15936,2025-12-04 13:05:00,desconhecida,oriente_medio,0.30903234684366077
15939,2025-12-04 14:30:00,desconhecida,europa_ocidental,0.37682068721640705
15951,2025-12-04 17:09:00,desconhecida,america_sul,0.2576442985526578
15952,2025-12-04 17:17:00,desconhecida,europa_ocidental,0.3358717293448024
15956,2025-12-04 17:36:00,desconhecida,america_norte,0.2361499121562602
15957,2025-12-04 17:37:00,desconhecida,europa_ocidental,0.2634725882972594
15958,2025-12-04 18:35:00,desconhecida,europa_oriental,0.5048514771856618
15959,2025-12-04 18:50:00,desconhecida,oriente_medio,0.6870050335573247
15960,2025-12-04 18:53:00,desconhecida,europa_ocidental,0.3797584625937906
15961,2025-12-04 19:07:00,desconhecida,america_sul,0.19392345735430763
15962,2025-12-04 19:23:00,desconhecida,europa_ocidental,0.35553487366396236
15963,2025-12-04 19:26:00,desconhecida,europa_ocidental,0.2725501114405151
15965,2025-12-04 19:42:00,desconhecida,europa_ocidental,0.3048206590954085
15972,2025-12-04 20:20:00,desconhecida,america_sul,0.44189145114115475
15974,2025-12-04 21:01:00,desconhecida,america_sul,0.3624429737854842
15978,2025-12-04 22:11:00,desconhecida,europa_oriental,0.48175735433982303
15985,2025-12-04 22:54:00,desconhecida,oriente_medio,0.18068898208452575
15986,2025-12-04 22:55:00,desconhecida,europa_ocidental,0.3405168304410324
15997,2025-12-05 01:13:00,desconhecida,oriente_medio,0.25373084989946826
15998,2025-12-05 01:15:00,desconhecida,oriente_medio,0.23674736874424213
16000,2025-12-05 01:46:00,desconhecida,europa_ocidental,0.276301608025027
16001,2025-12-05 02:18:00,desconhecida,oriente_medio,0.28069142787181983
16002,2025-12-05 02:35:00,desconhecida,europa_ocidental,0.2480113936657417
16003,2025-12-05 02:43:00,desconhecida,asia,0.27324642188289916
16004,2025-12-05 04:03:00,desconhecida,oriente_medio,0.3581299442017671
16005,2025-12-05 04:05:00,desconhecida,europa_ocidental,0.32039666861501703
16006,2025-12-05 04:07:00,america_central,america_central,0.6570679958779346
16008,2025-12-05 04:09:00,desconhecida,europa_oriental,0.279445602180237
16015,2025-12-05 04:15:00,desconhecida,europa_ocidental,0.33493571959201385
16017,2025-12-05 04:21:00,desconhecida,europa_ocidental,0.2875061861614042
16019,2025-12-05 04:33:00,desconhecida,oriente_medio,0.30171480570350223
16021,2025-12-05 04:45:00,desconhecida,europa_ocidental,0.33277051280610415
16023,2025-12-05 05:01:00,desconhecida,america_sul,0.2483927367781492
16031,2025-12-05 06:03:00,desconhecida,europa_ocidental,0.23550230931670268
16032,2025-12-05 06:04:00,desconhecida,europa_ocidental,0.19936273577105412
16033,2025-12-05 06:06:00,desconhecida,asia,0.22771237813100959
16034,2025-12-05 06:12:00,desconhecida,europa_ocidental,0.38061677457050114
16035,2025-12-05 06:14:00,desconhecida,europa_ocidental,0.40815528872548457
16036,2025-12-05 17:17:00,desconhecida,europa_ocidental,0.1873902289455436
16038,2025-12-05 17:19:00,desconhecida,europa_ocidental,0.2634123359382316
16039,2025-12-05 17:20:00,desconhecida,europa_oriental,0.38809984025672034
16043,2025-12-05 17:30:00,desconhecida,europa_ocidental,0.26771163482107496
16044,2025-12-05 17:37:00,desconhecida,oceania,0.2256509445394144
16045,2025-12-05 17:45:00,desconhecida,europa_ocidental,0.24411256492331185
16047,2025-12-05 17:54:00,desconhecida,europa_ocidental,0.25385045917989973
16050,2025-12-05 18:11:00,desconhecida,europa_ocidental,0.286787526805669
16055,2025-12-05 18:24:00,desconhecida,america_sul,0.3669246518319964
16057,2025-12-05 18:28:00,desconhecida,europa_ocidental,0.3274480130210822
16058,2025-12-05 18:33:00,desconhecida,europa_ocidental,0.2353209885114628
16060,2025-12-05 18:37:00,desconhecida,europa_ocidental,0.2924156276167682
16061,2025-12-05 18:48:00,desconhecida,europa_ocidental,0.3426593478200043
16065,2025-12-05 19:20:00,desconhecida,europa_ocidental,0.35011985976412124
16066,2025-12-05 19:24:00,desconhecida,asia,0.34105034629325026
16068,2025-12-05 19:43:00,desconhecida,europa_ocidental,0.2942732127803588
16071,2025-12-05 20:10:00,desconhecida,oriente_medio,0.669478013542842
16073,2025-12-05 20:35:00,desconhecida,america_central,0.19088016394584595
16075,2025-12-05 20:56:00,desconhecida,america_norte,0.36594357180050835
16076,2025-12-05 21:14:00,desconhecida,europa_oriental,0.6078549786437177
16080,2025-12-05 21:26:00,desconhecida,europa_ocidental,0.31977743754352267
16084,2025-12-05 22:15:00,desconhecida,america_sul,0.2920884740676151
16085,2025-12-05 22:25:00,desconhecida,europa_oriental,0.332179243088355
16091,2025-12-06 00:08:00,desconhecida,america_central,0.21590044920105156
16094,2025-12-06 00:21:00,desconhecida,europa_ocidental,0.22199532082276985
16095,2025-12-06 00:38:00,desconhecida,america_sul,0.20188503477346692
16096,2025-12-06 00:46:00,desconhecida,europa_ocidental,0.16615609811589954
16104,2025-12-06 00:55:00,desconhecida,oriente_medio,0.6929189253919777
16106,2025-12-06 01:13:00,desconhecida,europa_ocidental,0.3179053994794209
16108,2025-12-06 01:14:00,desconhecida,europa_ocidental,0.3044816291992549
16109,2025-12-06 01:15:00,desconhecida,europa_ocidental,0.3121748301364741
16110,2025-12-06 01:17:00,desconhecida,europa_ocidental,0.32477433224977403
16114,2025-12-06 02:24:00,desconhecida,europa_ocidental,0.1974582049032291
16115,2025-12-06 02:26:00,desconhecida,africa,0.32480479507881316
16123,2025-12-06 03:13:00,desconhecida,europa_ocidental,0.35383545641844155
16124,2025-12-06 04:00:00,desconhecida,europa_ocidental,0.32552212021698756
16125,2025-12-06 04:04:00,europa_ocidental,europa_ocidental,0.34149951496045927
16126,2025-12-06 04:06:00,europa_ocidental,europa_ocidental,0.381287253871104
16127,2025-12-06 04:07:00,desconhecida,europa_ocidental,0.27777450971789014
16129,2025-12-06 04:10:00,europa_ocidental,europa_ocidental,0.27752941997113656
16130,2025-12-06 04:11:00,desconhecida,europa_ocidental,0.31207250587957874
16131,2025-12-06 04:12:00,desconhecida,europa_ocidental,0.20322575069005716
16132,2025-12-06 04:14:00,desconhecida,oceania,0.6287013997019631
16133,2025-12-06 04:15:00,desconhecida,europa_ocidental,0.2118038325693449
16168,2025-12-06 04:40:00,desconhecida,europa_oriental,0.2755769177416311
16169,2025-12-06 04:41:00,desconhecida,europa_ocidental,0.31665449406001106
16170,2025-12-06 04:48:00,desconhecida,europa_ocidental,0.21407090638687723
16175,2025-12-06 05:08:00,desconhecida,europa_oriental,0.3801930200917799
16176,2025-12-06 05:17:00,desconhecida,europa_ocidental,0.19958753152507372
16177,2025-12-06 05:26:00,desconhecida,europa_ocidental,0.3460098770075518
16181,2025-12-06 05:37:00,desconhecida,europa_ocidental,0.36847254983862326
16184,2025-12-06 05:39:00,desconhecida,europa_ocidental,0.3396924396514717
16185,2025-12-06 05:48:00,desconhecida,europa_ocidental,0.24624206839741938
16186,2025-12-06 06:02:00,desconhecida,asia,0.6240321292648487
16190,2025-12-06 06:09:00,desconhecida,oceania,0.6770621621527485
16193,2025-12-06 06:14:00,desconhecida,europa_oriental,0.2006510481764226
16196,2025-12-06 06:28:00,desconhecida,oriente_medio,0.4289423133529792
16198,2025-12-06 06:36:00,desconhecida,america_central,0.31023181993673277
16199,2025-12-06 06:43:00,desconhecida,europa_ocidental,0.32924719746907105
16200,2025-12-06 06:48:00,desconhecida,europa_ocidental,0.22941732467025694
16201,2025-12-06 06:50:00,desconhecida,europa_ocidental,0.21575505053674848
16202,2025-12-06 06:54:00,desconhecida,europa_ocidental,0.35189086153886495
16203,2025-12-06 07:13:00,europa_ocidental,europa_ocidental,0.34408655136304633
16204,2025-12-06 07:15:00,desconhecida,europa_ocidental,0.28168277811999043
16205,2025-12-06 07:16:00,desconhecida,europa_ocidental,0.2504839579564971
16207,2025-12-06 07:20:00,desconhecida,europa_oriental,0.344570818186714
16212,2025-12-06 07:32:00,desconhecida,europa_ocidental,0.28731568784154954
16215,2025-12-06 07:37:00,desconhecida,oriente_medio,0.8157083903163304
16225,2025-12-06 08:05:00,desconhecida,europa_oriental,0.24406382177572353
16226,2025-12-06 08:07:00,desconhecida,america_sul,0.20189765710440782
16228,2025-12-06 08:18:00,desconhecida,europa_oriental,0.22847928052914754
16239,2025-12-06 08:36:00,desconhecida,europa_ocidental,0.24787880973927398
16245,2025-12-06 08:41:00,desconhecida,asia,0.40506956666780697
16251,2025-12-06 08:45:00,desconhecida,europa_oriental,0.2232662053334051
16273,2025-12-06 09:02:00,desconhecida,europa_oriental,0.25565929136617577
16274,2025-12-06 09:04:00,desconhecida,europa_oriental,0.5350354449428135
16283,2025-12-06 09:09:00,europa_ocidental,europa_ocidental,0.3561522173691476
16285,2025-12-06 09:12:00,desconhecida,oriente_medio,0.6399755258476663
16288,2025-12-06 09:14:00,desconhecida,europa_ocidental,0.42413954923593017
16306,2025-12-06 09:27:00,desconhecida,europa_ocidental,0.21125117131238355
16323,2025-12-06 09:39:00,europa_oriental,europa_oriental,0.5428706176283132
16328,2025-12-06 09:46:00,desconhecida,europa_oriental,0.5383634285004776
16331,2025-12-06 09:49:00,desconhecida,europa_oriental,0.5197046709585263
16338,2025-12-06 10:16:00,desconhecida,europa_ocidental,0.4504816343133236
16339,2025-12-06 10:17:00,desconhecida,europa_ocidental,0.25983626676972843
16340,2025-12-06 10:18:00,desconhecida,europa_ocidental,0.39488234412809514
16347,2025-12-06 10:25:00,desconhecida,europa_ocidental,0.29205410829686096
16354,2025-12-06 10:29:00,desconhecida,oriente_medio,0.38840141210691814
16393,2025-12-06 11:01:00,desconhecida,europa_oriental,0.4932743702774035
16396,2025-12-06 11:04:00,desconhecida,europa_oriental,0.27908757711624255
16401,2025-12-06 11:10:00,desconhecida,europa_ocidental,0.18865848617034192
16402,2025-12-06 11:11:00,desconhecida,europa_ocidental,0.29774023324285726
16404,2025-12-06 11:13:00,desconhecida,europa_ocidental,0.34561767427338175
16411,2025-12-06 11:19:00,desconhecida,europa_ocidental,0.31612405199193877
16412,2025-12-06 11:20:00,desconhecida,europa_ocidental,0.39549332075943094
16413,2025-12-06 11:21:00,desconhecida,europa_ocidental,0.32397563142489827
16418,2025-12-06 11:26:00,desconhecida,america_sul,0.4703637273563989
16420,2025-12-06 11:28:00,desconhecida,europa_ocidental,0.333570800552003
16421,2025-12-06 11:31:00,desconhecida,oceania,0.24893449863204267
16422,2025-12-06 11:32:00,desconhecida,europa_ocidental,0.25479568462094443
16425,2025-12-06 11:38:00,desconhecida,europa_ocidental,0.40379422727834524
16426,2025-12-06 11:40:00,desconhecida,europa_ocidental,0.2713409825194442
16431,2025-12-06 11:44:00,desconhecida,europa_ocidental,0.37125779962212935
16432,2025-12-06 11:45:00,desconhecida,europa_ocidental,0.4425953877132377
16439,2025-12-06 11:59:00,desconhecida,europa_oriental,0.3025181909593121
16455,2025-12-06 12:13:00,desconhecida,europa_ocidental,0.3259985609405012
16456,2025-12-06 12:15:00,desconhecida,europa_ocidental,0.3653136410428638
16459,2025-12-06 12:18:00,oriente_medio,oriente_medio,0.58594169835056
16469,2025-12-06 12:26:00,desconhecida,europa_ocidental,0.3229887239550187
16472,2025-12-06 12:35:00,desconhecida,europa_ocidental,0.24762181235763697
16474,2025-12-06 12:56:00,desconhecida,europa_ocidental,0.30137049125556725
16476,2025-12-06 13:00:00,desconhecida,europa_ocidental,0.38510809161869836
16478,2025-12-06 13:07:00,europa_oriental,europa_oriental,0.8107383991970644
16479,2025-12-06 13:09:00,desconhecida,europa_ocidental,0.3195243302442003
16481,2025-12-06 13:12:00,desconhecida,europa_ocidental,0.2197968274047538
16484,2025-12-06 13:23:00,desconhecida,europa_ocidental,0.2237926167152753
16485,2025-12-06 13:25:00,desconhecida,europa_ocidental,0.27993238328624015
16490,2025-12-06 13:31:00,desconhecida,europa_ocidental,0.2016762662225754
16492,2025-12-06 13:33:00,europa_oriental,europa_oriental,0.47143893035989215
16495,2025-12-06 13:49:00,desconhecida,europa_ocidental,0.30013939227508596
16498,2025-12-06 14:01:00,desconhecida,europa_ocidental,0.32861719105339005
16501,2025-12-06 14:06:00,desconhecida,europa_ocidental,0.34334614056008017
16502,2025-12-06 14:08:00,desconhecida,oriente_medio,0.22555028652903383
16503,2025-12-06 14:09:00,desconhecida,europa_ocidental,0.2208698609337258
16506,2025-12-06 14:12:00,desconhecida,europa_ocidental,0.35166915842924323
16516,2025-12-06 14:23:00,desconhecida,europa_ocidental,0.32586554205949536
16533,2025-12-06 14:34:00,desconhecida,europa_oriental,0.2753194619499158
16534,2025-12-06 14:35:00,desconhecida,europa_ocidental,0.34730452387392097
16535,2025-12-06 14:38:00,europa_ocidental,europa_ocidental,0.31276284548928845
16538,2025-12-06 14:41:00,desconhecida,europa_ocidental,0.2758659556406512
16548,2025-12-06 15:05:00,desconhecida,europa_ocidental,0.28660954642357783
16550,2025-12-06 15:27:00,desconhecida,africa,0.20817357494325409
16551,2025-12-06 15:32:00,desconhecida,america_norte,0.27871918180745436
16553,2025-12-06 15:34:00,desconhecida,europa_oriental,0.45883156603950975
16556,2025-12-06 15:40:00,desconhecida,america_sul,0.3362924295702227
16557,2025-12-06 15:43:00,desconhecida,europa_ocidental,0.2277153402430767
16558,2025-12-06 15:47:00,desconhecida,america_sul,0.46314990516714816
16563,2025-12-06 15:52:00,desconhecida,oriente_medio,0.4929012262034085
16567,2025-12-06 15:56:00,desconhecida,america_central,0.2908583283639275
16568,2025-12-06 16:02:00,desconhecida,america_sul,0.2552451553683822
16570,2025-12-06 16:12:00,desconhecida,oriente_medio,0.3456024493784399
16572,2025-12-06 16:41:00,desconhecida,europa_oriental,0.21690109617023262
16577,2025-12-06 16:42:00,desconhecida,oriente_medio,0.6287368364679781
16578,2025-12-06 16:46:00,desconhecida,america_central,0.20858748337166616
16579,2025-12-06 16:48:00,desconhecida,oceania,0.23326829284630113
16581,2025-12-06 16:49:00,desconhecida,europa_ocidental,0.3630801478754607
16585,2025-12-06 16:58:00,desconhecida,america_central,0.23885013008173267
16587,2025-12-06 17:00:00,desconhecida,europa_ocidental,0.2956169950211691
16592,2025-12-06 17:12:00,desconhecida,oriente_medio,0.46379339317670604
16594,2025-12-06 17:18:00,europa_ocidental,europa_ocidental,0.2895093028062249
16595,2025-12-06 17:20:00,desconhecida,asia,0.20413765168802933
16596,2025-12-06 17:26:00,desconhecida,america_sul,0.4219292707010233
16597,2025-12-06 17:27:00,desconhecida,europa_ocidental,0.28276994009504053
16598,2025-12-06 17:35:00,america_sul,america_sul,0.6890210031062785
16600,2025-12-06 17:49:00,desconhecida,europa_ocidental,0.21413092772278844
16616,2025-12-06 18:27:00,europa_ocidental,europa_ocidental,0.24922909894070103
16624,2025-12-06 19:51:00,desconhecida,europa_ocidental,0.30640736718002676
16629,2025-12-06 21:02:00,desconhecida,africa,0.2614710384486515
16630,2025-12-06 21:13:00,desconhecida,europa_oriental,0.2699543236800575
16632,2025-12-06 21:55:00,desconhecida,europa_oriental,0.4869337868726744
16633,2025-12-06 22:12:00,desconhecida,asia,0.30601981170174203
16634,2025-12-06 22:14:00,desconhecida,asia,0.4606865087854637
16635,2025-12-06 22:17:00,desconhecida,america_sul,0.2434242986251308
16636,2025-12-06 22:37:00,desconhecida,europa_ocidental,0.2696454868357488
16637,2025-12-06 22:57:00,desconhecida,europa_oriental,0.4931733119100191
16638,2025-12-06 23:06:00,america_central,america_central,0.7410151012755243
16639,2025-12-06 23:13:00,desconhecida,asia,0.2617412644615982
16640,2025-12-06 23:15:00,desconhecida,europa_ocidental,0.27234841814210115
16644,2025-12-07 00:27:00,desconhecida,oriente_medio,0.6421942371141799
16647,2025-12-07 00:46:00,desconhecida,europa_ocidental,0.25155878105003016
16648,2025-12-07 00:47:00,desconhecida,europa_ocidental,0.19302718989575013
16650,2025-12-07 00:50:00,desconhecida,europa_ocidental,0.2472011791623745
16651,2025-12-07 00:53:00,desconhecida,europa_ocidental,0.21956369541530787
16653,2025-12-07 01:14:00,desconhecida,europa_ocidental,0.3253626452631453
16655,2025-12-07 02:08:00,desconhecida,europa_ocidental,0.257685394233524
16656,2025-12-07 02:17:00,desconhecida,europa_ocidental,0.3446109221216402
16657,2025-12-07 02:18:00,desconhecida,europa_ocidental,0.30914297063618246
16661,2025-12-07 02:47:00,desconhecida,america_norte,0.25029767728053404
16662,2025-12-07 03:03:00,desconhecida,asia,0.23971748408325289
16663,2025-12-07 03:06:00,desconhecida,asia,0.22257264819560366
16666,2025-12-07 03:30:00,desconhecida,asia,0.31736462469031423
16667,2025-12-07 03:55:00,desconhecida,europa_oriental,0.4952922081272595
16670,2025-12-07 04:05:00,desconhecida,europa_ocidental,0.3015251582772803
16671,2025-12-07 04:07:00,desconhecida,europa_ocidental,0.17429776976596412
16673,2025-12-07 04:09:00,desconhecida,europa_ocidental,0.3184960806765391
16674,2025-12-07 04:10:00,desconhecida,europa_oriental,0.3841246451190745
16676,2025-12-07 04:11:00,desconhecida,america_central,0.21497551066709775
16677,2025-12-07 04:13:00,desconhecida,europa_ocidental,0.19988753243437404
16680,2025-12-07 04:16:00,desconhecida,asia,0.3130175468566179
16681,2025-12-07 04:18:00,desconhecida,europa_ocidental,0.3033730454848075
16682,2025-12-07 04:21:00,desconhecida,europa_oriental,0.3381013565566961
16683,2025-12-07 04:24:00,desconhecida,europa_ocidental,0.27231145371817694
16684,2025-12-07 04:25:00,desconhecida,europa_oriental,0.16734743490875195
16687,2025-12-07 04:32:00,desconhecida,europa_ocidental,0.2087984405819336
16689,2025-12-07 04:44:00,desconhecida,europa_ocidental,0.26393296474956474
16692,2025-12-07 04:47:00,desconhecida,america_sul,0.32315394225412886
16695,2025-12-07 05:07:00,desconhecida,europa_oriental,0.4616257402175177
16702,2025-12-07 05:33:00,desconhecida,america_central,0.23848015636803307
16705,2025-12-07 05:46:00,desconhecida,europa_ocidental,0.2285427003030272
16707,2025-12-07 06:14:00,desconhecida,europa_ocidental,0.20385727964846656
16713,2025-12-07 06:24:00,desconhecida,america_sul,0.4453163717050638
16714,2025-12-07 06:27:00,desconhecida,america_sul,0.6679716746231712
16715,2025-12-07 06:34:00,desconhecida,europa_oriental,0.35545709815710413
16716,2025-12-07 06:35:00,desconhecida,europa_ocidental,0.2218278925416158
16719,2025-12-07 07:11:00,desconhecida,america_norte,0.22947705059372653
16720,2025-12-07 07:15:00,desconhecida,america_sul,0.2113605816008727
16721,2025-12-07 07:16:00,desconhecida,asia,0.2936867291504663
16722,2025-12-07 07:22:00,desconhecida,europa_ocidental,0.25805857849126573
16723,2025-12-07 07:25:00,desconhecida,europa_ocidental,0.2022593851063308
16725,2025-12-07 08:03:00,desconhecida,europa_oriental,0.27562286554163207
16726,2025-12-07 08:05:00,europa_oriental,europa_oriental,0.43152364513464947
16727,2025-12-07 08:07:00,desconhecida,europa_ocidental,0.2995050595626812
16728,2025-12-07 08:12:00,desconhecida,europa_oriental,0.2959825798858642
16729,2025-12-07 08:14:00,desconhecida,america_sul,0.23371572114353906
16730,2025-12-07 08:15:00,desconhecida,europa_ocidental,0.2242796757241324
16732,2025-12-07 08:24:00,desconhecida,europa_ocidental,0.24609333153114443
16734,2025-12-07 08:36:00,desconhecida,europa_ocidental,0.30597761775460536
16737,2025-12-07 08:50:00,desconhecida,america_sul,0.2639705100733266
16738,2025-12-07 08:51:00,desconhecida,europa_ocidental,0.21854067569834898
16742,2025-12-07 09:03:00,desconhecida,america_central,0.2931472125031194
16743,2025-12-07 09:09:00,desconhecida,europa_ocidental,0.3014347924440595
16745,2025-12-07 09:15:00,desconhecida,europa_oriental,0.26110207075704917
16750,2025-12-07 09:41:00,desconhecida,america_sul,0.2901469508792476
16751,2025-12-07 09:46:00,desconhecida,oriente_medio,0.6295017766677429
16752,2025-12-07 09:48:00,desconhecida,oriente_medio,0.6554198966450901
16753,2025-12-07 09:51:00,desconhecida,oriente_medio,0.7078052724506686
16754,2025-12-07 10:03:00,desconhecida,europa_oriental,0.2335036375587605
16759,2025-12-07 10:41:00,desconhecida,asia,0.27361587542315424
16761,2025-12-07 10:44:00,desconhecida,asia,0.5767959394966035
16763,2025-12-07 10:46:00,desconhecida,oriente_medio,0.5740032777571288
16771,2025-12-07 11:17:00,desconhecida,america_central,0.5205549357422197
16774,2025-12-07 11:39:00,desconhecida,america_norte,0.24783652616177568
16778,2025-12-07 11:48:00,desconhecida,europa_ocidental,0.2019485613291457
16779,2025-12-07 12:07:00,desconhecida,europa_ocidental,0.1726432460059702
16781,2025-12-07 12:10:00,desconhecida,europa_oriental,0.23762961467618174
16782,2025-12-07 12:13:00,desconhecida,europa_ocidental,0.26363462053978926
16784,2025-12-07 12:46:00,desconhecida,europa_ocidental,0.36146083333311363
16788,2025-12-07 13:01:00,desconhecida,america_sul,0.3565793434896668
16789,2025-12-07 13:02:00,desconhecida,europa_ocidental,0.2685348032867704
16790,2025-12-07 13:03:00,desconhecida,europa_ocidental,0.24601898472690253
16792,2025-12-07 13:14:00,desconhecida,europa_ocidental,0.2609269238134416
16793,2025-12-07 13:18:00,desconhecida,europa_oriental,0.17117288616553417
16794,2025-12-07 13:18:00,desconhecida,asia,0.30874547305682776
16796,2025-12-07 13:24:00,europa_oriental,europa_oriental,0.6268104600979805
16797,2025-12-07 13:25:00,desconhecida,europa_ocidental,0.26004405006018416
16798,2025-12-07 13:25:00,desconhecida,europa_ocidental,0.19518633351785453
16799,2025-12-07 13:53:00,desconhecida,europa_ocidental,0.3504737801721123
16802,2025-12-07 13:59:00,desconhecida,europa_ocidental,0.24576872217724272
16808,2025-12-07 14:31:00,desconhecida,europa_oriental,0.23082379808412953
16810,2025-12-07 14:34:00,desconhecida,europa_ocidental,0.22367031130362872
16813,2025-12-07 15:17:00,desconhecida,europa_ocidental,0.21716554209822764
16814,2025-12-07 15:17:00,desconhecida,europa_ocidental,0.2115378284668993
16819,2025-12-07 15:44:00,desconhecida,europa_ocidental,0.1997236876727038
16827,2025-12-07 17:42:00,desconhecida,america_sul,0.3073299287130953
16829,2025-12-07 18:01:00,america_sul,america_sul,0.5152890618140533
16830,2025-12-07 18:27:00,desconhecida,america_sul,0.22988297582738076
16832,2025-12-07 18:50:00,desconhecida,america_central,0.29473970619698225
16833,2025-12-07 19:10:00,desconhecida,europa_ocidental,0.22792780269493826
16835,2025-12-07 19:34:00,desconhecida,asia,0.181550857478408
16836,2025-12-07 19:50:00,desconhecida,africa,0.49265150744031505
16838,2025-12-07 20:12:00,desconhecida,europa_ocidental,0.24782261519710896
16839,2025-12-07 21:28:00,desconhecida,america_sul,0.28132673074946213
16840,2025-12-07 21:55:00,america_sul,america_sul,0.6890210031062785
16844,2025-12-08 00:15:00,desconhecida,europa_ocidental,0.37498711835941606
16847,2025-12-08 04:03:00,desconhecida,europa_ocidental,0.3379692022354333
16848,2025-12-08 04:04:00,desconhecida,europa_oriental,0.5145106141766178
16849,2025-12-08 04:06:00,desconhecida,europa_ocidental,0.18471400050009318
16850,2025-12-08 04:15:00,desconhecida,europa_oriental,0.31356308688929085
16851,2025-12-08 05:03:00,desconhecida,europa_ocidental,0.19088428114565462
16852,2025-12-08 05:13:00,desconhecida,oriente_medio,0.5376399986076005
16853,2025-12-08 07:11:00,desconhecida,europa_ocidental,0.37217619495801585
16857,2025-12-08 08:16:00,desconhecida,europa_oriental,0.38409618641685805
16859,2025-12-08 09:08:00,desconhecida,africa,0.19335442205823145
16860,2025-12-08 09:58:00,desconhecida,europa_ocidental,0.2719299555822928
16862,2025-12-08 10:15:00,desconhecida,oriente_medio,0.3019848873676125
16877,2025-12-08 10:42:00,desconhecida,europa_oriental,0.20800420074660417
16878,2025-12-08 10:46:00,desconhecida,europa_ocidental,0.2221046339893352
16880,2025-12-08 11:21:00,desconhecida,europa_ocidental,0.3240363598811684
16882,2025-12-08 11:42:00,desconhecida,europa_oriental,0.3139654150423868
16884,2025-12-08 12:33:00,desconhecida,europa_ocidental,0.21597426749236354
16885,2025-12-08 12:44:00,desconhecida,europa_ocidental,0.2009442713828049
16887,2025-12-08 13:54:00,desconhecida,europa_ocidental,0.2756105688276352
16890,2025-12-08 14:09:00,desconhecida,europa_ocidental,0.3767341741870359
16891,2025-12-08 14:22:00,desconhecida,oceania,0.28170459404585774
16895,2025-12-08 15:03:00,desconhecida,america_norte,0.2858336625030644
16896,2025-12-08 15:07:00,desconhecida,europa_oriental,0.2299210488333016
16898,2025-12-08 16:28:00,desconhecida,europa_oriental,0.34525442249387134
16901,2025-12-08 16:56:00,desconhecida,europa_ocidental,0.2540236561297325
16902,2025-12-08 17:06:00,desconhecida,europa_ocidental,0.37741085897029475
16915,2025-12-08 20:13:00,desconhecida,europa_ocidental,0.23381694940309636
16916,2025-12-08 20:14:00,desconhecida,america_norte,0.3464738933739139
16917,2025-12-08 20:14:00,desconhecida,europa_ocidental,0.3877142761093849
16919,2025-12-08 21:16:00,desconhecida,america_sul,0.4169576955898245
16922,2025-12-08 23:13:00,desconhecida,america_sul,0.32536652811207406
16923,2025-12-08 23:14:00,desconhecida,europa_ocidental,0.39225091995205513
16925,2025-12-09 00:39:00,desconhecida,oriente_medio,0.2330476086102271
16926,2025-12-09 01:24:00,desconhecida,america_sul,0.6174035467616404
16930,2025-12-09 03:02:00,america_sul,america_sul,0.5172504745403591
16931,2025-12-09 03:05:00,europa_ocidental,europa_ocidental,0.33207853643403884
16933,2025-12-09 03:17:00,desconhecida,oriente_medio,0.3989851167433685
16934,2025-12-09 03:44:00,desconhecida,europa_oriental,0.47143341560222074
16936,2025-12-09 04:06:00,desconhecida,europa_ocidental,0.40653071888245207
16937,2025-12-09 04:06:00,desconhecida,europa_ocidental,0.3860879686983253
16938,2025-12-09 04:07:00,desconhecida,europa_ocidental,0.3768445268332267
16939,2025-12-09 04:07:00,desconhecida,europa_ocidental,0.3197974815141161
16943,2025-12-09 06:01:00,desconhecida,europa_ocidental,0.3647569155860833
16944,2025-12-09 06:33:00,europa_ocidental,europa_ocidental,0.2891577366580756
16947,2025-12-09 07:02:00,desconhecida,europa_ocidental,0.21437038858334798
16948,2025-12-09 07:23:00,desconhecida,europa_ocidental,0.35975935818718535
16950,2025-12-09 07:40:00,desconhecida,europa_ocidental,0.3801632497658259
16951,2025-12-09 07:46:00,europa_ocidental,europa_ocidental,0.33481530899530515
16954,2025-12-09 08:45:00,oriente_medio,oriente_medio,0.4016676755878319
16956,2025-12-09 09:05:00,desconhecida,europa_ocidental,0.33517981314503903
16958,2025-12-09 09:28:00,desconhecida,europa_ocidental,0.411474873370162
16962,2025-12-09 11:17:00,europa_ocidental,europa_ocidental,0.35598264746137376
16964,2025-12-09 12:11:00,desconhecida,europa_ocidental,0.20566241060195548
16965,2025-12-09 12:14:00,desconhecida,europa_ocidental,0.44789280029817813
16966,2025-12-09 12:23:00,europa_ocidental,europa_ocidental,0.24459975923359567
16967,2025-12-09 12:34:00,desconhecida,europa_oriental,0.36238242105798657
16971,2025-12-09 13:11:00,desconhecida,europa_oriental,0.4053868457852906
16973,2025-12-09 13:22:00,europa_ocidental,europa_ocidental,0.32911184445316854
16974,2025-12-09 13:27:00,desconhecida,asia,0.3247726115110517
16975,2025-12-09 14:09:00,desconhecida,europa_ocidental,0.3961408241870626
16976,2025-12-09 14:46:00,desconhecida,europa_ocidental,0.33390494708663315
16981,2025-12-09 15:46:00,europa_ocidental,europa_ocidental,0.439624748340445
16983,2025-12-09 16:38:00,desconhecida,europa_ocidental,0.33283686463715056
16984,2025-12-09 16:50:00,europa_ocidental,europa_ocidental,0.2685416041095112
16985,2025-12-09 16:50:00,europa_ocidental,europa_ocidental,0.46286742391304775
16987,2025-12-09 17:48:00,desconhecida,europa_ocidental,0.2286641581395407
16988,2025-12-09 18:31:00,desconhecida,europa_ocidental,0.33087333997851287
16990,2025-12-09 18:34:00,desconhecida,europa_ocidental,0.26312239521042774
16992,2025-12-09 18:38:00,desconhecida,europa_ocidental,0.37730221791888785
16993,2025-12-09 18:43:00,desconhecida,europa_ocidental,0.3224779107202952
17001,2025-12-09 18:58:00,desconhecida,europa_ocidental,0.37289804820579286
17003,2025-12-09 19:07:00,desconhecida,europa_ocidental,0.2133287405600666
17006,2025-12-09 20:10:00,desconhecida,europa_oriental,0.5094293868636374
17007,2025-12-09 20:14:00,desconhecida,europa_ocidental,0.4486706652506277
17008,2025-12-09 21:59:00,desconhecida,europa_oriental,0.4746199499791587
17011,2025-12-09 22:07:00,europa_ocidental,europa_ocidental,0.4294012513856499
17020,2025-12-10 04:07:00,desconhecida,america_norte,0.20049613357440585
17021,2025-12-10 04:07:00,desconhecida,europa_ocidental,0.20885293939300628
17022,2025-12-10 04:08:00,desconhecida,europa_ocidental,0.31862332333942484
17114,2025-12-10 05:53:00,desconhecida,oriente_medio,0.33020434029614293
17135,2025-12-10 06:11:00,desconhecida,america_central,0.4483715369348124
17151,2025-12-10 06:23:00,desconhecida,europa_oriental,0.22009790430886045
17154,2025-12-10 06:47:00,desconhecida,oriente_medio,0.42758504923393115
17155,2025-12-10 07:22:00,desconhecida,asia,0.48687038073431144
17156,2025-12-10 07:31:00,desconhecida,america_sul,0.5152700260374496
17158,2025-12-10 07:40:00,desconhecida,europa_ocidental,0.18677023125604936
17159,2025-12-10 07:54:00,desconhecida,europa_ocidental,0.18947329115861805
17162,2025-12-10 08:12:00,desconhecida,europa_ocidental,0.211228258307849
17163,2025-12-10 08:14:00,desconhecida,europa_ocidental,0.30872652002164835
17164,2025-12-10 08:20:00,desconhecida,asia,0.3794109799701863
17165,2025-12-10 09:19:00,desconhecida,europa_ocidental,0.24951324576223802
17166,2025-12-10 09:29:00,desconhecida,europa_ocidental,0.18932904176910623
17168,2025-12-10 09:34:00,desconhecida,europa_ocidental,0.23709145928516503
17173,2025-12-10 09:44:00,desconhecida,europa_ocidental,0.4175936111562669
17176,2025-12-10 10:33:00,asia,asia,0.5232819308714597
17179,2025-12-10 10:55:00,europa_ocidental,europa_ocidental,0.31727315550328594
17183,2025-12-10 11:17:00,europa_ocidental,europa_ocidental,0.28448687616814117
17188,2025-12-10 14:15:00,europa_ocidental,europa_ocidental,0.514369009711872
17192,2025-12-10 15:20:00,europa_ocidental,europa_ocidental,0.3054555632104407
17193,2025-12-10 15:29:00,europa_oriental,europa_oriental,0.3618900571008326
17194,2025-12-10 15:33:00,europa_ocidental,europa_ocidental,0.3908941432441478
17307,2025-12-11 15:03:00,desconhecida,america_sul,0.43520815276536134
17309,2025-12-11 15:14:00,desconhecida,america_sul,0.3550028912677968
17310,2025-12-11 15:19:00,desconhecida,europa_ocidental,0.16832580706681305
17311,2025-12-11 15:35:00,desconhecida,america_central,0.1502006808949275
17312,2025-12-11 15:53:00,desconhecida,europa_ocidental,0.21645108025434184
17313,2025-12-11 16:16:00,desconhecida,america_sul,0.25678110115148833
17314,2025-12-11 16:19:00,desconhecida,africa,0.25985262651395064
17316,2025-12-11 16:32:00,desconhecida,europa_ocidental,0.2874751659061562
17320,2025-12-11 17:33:00,desconhecida,europa_ocidental,0.4476296875241872
17321,2025-12-11 18:02:00,desconhecida,oriente_medio,0.7001414295815903
17322,2025-12-11 18:08:00,desconhecida,asia,0.1879837831582257
17327,2025-12-11 19:20:00,desconhecida,europa_ocidental,0.299409910327528
17333,2025-12-11 20:13:00,desconhecida,oriente_medio,0.5546868447142631
17336,2025-12-11 20:43:00,desconhecida,europa_ocidental,0.3613719132524375
17339,2025-12-11 21:21:00,desconhecida,europa_ocidental,0.35640277369227913
17340,2025-12-11 21:23:00,desconhecida,europa_oriental,0.5654240108444961
17341,2025-12-11 21:24:00,desconhecida,europa_ocidental,0.23245288116332358
17344,2025-12-11 21:28:00,desconhecida,oriente_medio,0.6955035418735698
17347,2025-12-11 21:57:00,desconhecida,europa_ocidental,0.3385164560158437
17348,2025-12-11 22:36:00,desconhecida,europa_ocidental,0.33200921367200126
17350,2025-12-11 22:38:00,desconhecida,asia,0.2877446504060873
17352,2025-12-11 23:03:00,desconhecida,europa_ocidental,0.2928490035026717
17353,2025-12-11 23:34:00,desconhecida,europa_ocidental,0.17662698405938929
17354,2025-12-11 23:35:00,desconhecida,oriente_medio,0.2107097576319434
17355,2025-12-12 00:31:00,desconhecida,europa_ocidental,0.3181375867041938
17356,2025-12-12 00:32:00,desconhecida,europa_ocidental,0.3415916946031964
17358,2025-12-12 01:13:00,desconhecida,europa_ocidental,0.19604299691379892
17359,2025-12-12 01:14:00,desconhecida,oriente_medio,0.2524978913973183
17365,2025-12-12 01:44:00,desconhecida,europa_ocidental,0.26700548525624346
17366,2025-12-12 01:59:00,desconhecida,europa_ocidental,0.2687648723363913
17368,2025-12-12 03:50:00,desconhecida,america_central,0.2347248231856746
17373,2025-12-12 04:05:00,desconhecida,oriente_medio,0.4158400779199695
17375,2025-12-12 04:07:00,desconhecida,america_central,0.20123881148738934
17378,2025-12-12 04:17:00,desconhecida,asia,0.33106768508809203
17379,2025-12-12 04:18:00,desconhecida,europa_ocidental,0.22919320804162918
17381,2025-12-12 04:28:00,desconhecida,europa_oriental,0.3353077528829082
17387,2025-12-12 05:10:00,europa_ocidental,europa_ocidental,0.265285571165342
17388,2025-12-12 05:15:00,desconhecida,oriente_medio,0.565562883978527
17389,2025-12-12 05:17:00,desconhecida,oriente_medio,0.5859027000429337
17391,2025-12-12 05:23:00,desconhecida,europa_ocidental,0.2541598579506683
17395,2025-12-12 06:18:00,desconhecida,europa_ocidental,0.37319178065196473
17396,2025-12-12 06:41:00,desconhecida,oriente_medio,0.5854747934767484
17399,2025-12-12 07:08:00,desconhecida,oriente_medio,0.5000138712366121
17400,2025-12-12 07:13:00,desconhecida,asia,0.23640242260858785
17401,2025-12-12 07:18:00,desconhecida,europa_ocidental,0.21509147095414077
17403,2025-12-12 07:20:00,desconhecida,europa_ocidental,0.3183748712085952
17405,2025-12-12 11:05:00,desconhecida,europa_oriental,0.28359525314565465
17406,2025-12-12 11:06:00,desconhecida,europa_ocidental,0.2670455934933749
17407,2025-12-12 11:06:00,desconhecida,europa_ocidental,0.39974086153322375
17408,2025-12-12 11:17:00,desconhecida,africa,0.2268413885171063
17410,2025-12-12 11:20:00,europa_ocidental,europa_ocidental,0.37597606824001983
17414,2025-12-12 11:34:00,desconhecida,europa_ocidental,0.2343589549069144
17415,2025-12-12 11:37:00,desconhecida,europa_ocidental,0.1835407734901925
17416,2025-12-12 11:45:00,desconhecida,europa_ocidental,0.36345126636151576
17417,2025-12-12 11:52:00,desconhecida,europa_ocidental,0.325471384387192
17419,2025-12-12 12:15:00,desconhecida,oriente_medio,0.48233658304136573
17420,2025-12-12 12:24:00,desconhecida,europa_ocidental,0.2577998925025958
17421,2025-12-12 12:34:00,desconhecida,europa_ocidental,0.452102582480922
17422,2025-12-12 12:37:00,desconhecida,europa_ocidental,0.3542536067434054
17423,2025-12-12 12:47:00,desconhecida,europa_ocidental,0.2613569441969268
17424,2025-12-12 12:49:00,desconhecida,europa_ocidental,0.20657377120852768
17427,2025-12-12 12:55:00,desconhecida,europa_ocidental,0.3129059255502148
17429,2025-12-12 13:14:00,desconhecida,europa_ocidental,0.2420147560223497
17433,2025-12-12 13:24:00,desconhecida,europa_ocidental,0.2886532236445891
17434,2025-12-12 13:36:00,desconhecida,europa_ocidental,0.3906698814975289
17436,2025-12-12 13:43:00,desconhecida,oriente_medio,0.6065132109573337
17439,2025-12-12 13:52:00,desconhecida,oriente_medio,0.2138657377137883
17445,2025-12-12 15:14:00,desconhecida,asia,0.25857376389724335
17446,2025-12-12 15:16:00,desconhecida,europa_ocidental,0.2539598946471121
17448,2025-12-12 15:25:00,desconhecida,europa_oriental,0.22727162758817207
17449,2025-12-12 15:35:00,desconhecida,america_sul,0.4521966858109346
17450,2025-12-12 15:50:00,desconhecida,europa_oriental,0.261353514916747
17453,2025-12-12 16:01:00,desconhecida,europa_ocidental,0.26700548525624346
17454,2025-12-12 16:05:00,desconhecida,europa_ocidental,0.27478008774116064
17455,2025-12-12 16:17:00,desconhecida,europa_ocidental,0.30755283478066026
17457,2025-12-12 17:23:00,desconhecida,europa_ocidental,0.3574177592819795
17459,2025-12-12 17:50:00,desconhecida,europa_oriental,0.27536505892034085
17460,2025-12-12 18:02:00,desconhecida,europa_ocidental,0.2483622576592395
17462,2025-12-12 18:05:00,desconhecida,europa_ocidental,0.2809678029165427
17466,2025-12-12 18:24:00,desconhecida,europa_ocidental,0.3326004903415353
17467,2025-12-12 18:29:00,desconhecida,america_sul,0.3267328808266809
17470,2025-12-12 18:39:00,desconhecida,europa_ocidental,0.20562945339000438
17475,2025-12-12 19:40:00,desconhecida,europa_ocidental,0.3591015187037109
17482,2025-12-12 20:04:00,desconhecida,europa_ocidental,0.2903719587596327
17495,2025-12-12 20:59:00,desconhecida,america_sul,0.35012944318467065
17496,2025-12-12 21:09:00,desconhecida,europa_ocidental,0.36674003050135
17498,2025-12-12 21:17:00,desconhecida,oriente_medio,0.6817221682884159
17516,2025-12-13 01:01:00,desconhecida,europa_ocidental,0.3456606462586369
17518,2025-12-13 01:05:00,desconhecida,europa_ocidental,0.3855577232376711
17544,2025-12-13 02:16:00,desconhecida,europa_ocidental,0.351307931355495
17545,2025-12-13 02:36:00,desconhecida,europa_ocidental,0.2019549267380991
17546,2025-12-13 02:45:00,desconhecida,europa_ocidental,0.33557705928511355
17551,2025-12-13 03:09:00,desconhecida,europa_ocidental,0.32365864416025303
17553,2025-12-13 04:03:00,desconhecida,europa_ocidental,0.4665536450415006
17554,2025-12-13 04:05:00,europa_ocidental,europa_ocidental,0.2585124957989922
17555,2025-12-13 04:06:00,europa_ocidental,europa_ocidental,0.3187191157532169
17556,2025-12-13 04:06:00,europa_oriental,europa_oriental,0.5968237656026663
17557,2025-12-13 04:07:00,europa_oriental,europa_oriental,0.48754903744636413
17558,2025-12-13 04:08:00,desconhecida,europa_ocidental,0.3810603534847642
17559,2025-12-13 04:08:00,europa_ocidental,europa_ocidental,0.3486145925872941
17560,2025-12-13 04:09:00,europa_ocidental,europa_ocidental,0.4029784768048547
17561,2025-12-13 04:10:00,europa_oriental,europa_oriental,0.5397288273076056
17562,2025-12-13 04:10:00,europa_ocidental,europa_ocidental,0.32937200330989697
17563,2025-12-13 04:11:00,europa_ocidental,europa_ocidental,0.286002173907821
17564,2025-12-13 04:12:00,desconhecida,europa_oriental,0.5625208042421608
17565,2025-12-13 04:12:00,desconhecida,europa_ocidental,0.3212530174160528
17566,2025-12-13 04:13:00,europa_ocidental,europa_ocidental,0.27765864353503605
17567,2025-12-13 04:13:00,europa_ocidental,europa_ocidental,0.30169733769188933
17568,2025-12-13 04:14:00,europa_ocidental,europa_ocidental,0.3718562774492038
17569,2025-12-13 04:15:00,desconhecida,europa_ocidental,0.2966607456362431
17570,2025-12-13 04:16:00,europa_ocidental,europa_ocidental,0.4200210858567078
17571,2025-12-13 04:16:00,desconhecida,europa_ocidental,0.21582258524823242
17572,2025-12-13 04:17:00,desconhecida,europa_ocidental,0.3650021345773907
17573,2025-12-13 04:18:00,desconhecida,europa_ocidental,0.3739781812667286
17574,2025-12-13 04:19:00,desconhecida,america_norte,0.2287830126301493
17575,2025-12-13 04:21:00,europa_ocidental,europa_ocidental,0.3243492292477257
17576,2025-12-13 04:23:00,desconhecida,europa_ocidental,0.32005887549818596
17577,2025-12-13 04:23:00,desconhecida,europa_ocidental,0.3140601660050389
17578,2025-12-13 04:24:00,europa_ocidental,europa_ocidental,0.39729126280741417
17580,2025-12-13 04:25:00,desconhecida,america_norte,0.2244806751944187
17581,2025-12-13 04:34:00,desconhecida,europa_ocidental,0.21853752828335896
17583,2025-12-13 04:43:00,desconhecida,america_central,0.25833301875342074
17584,2025-12-13 04:43:00,desconhecida,america_sul,0.1941810180030601
17585,2025-12-13 04:44:00,europa_ocidental,europa_ocidental,0.27527865652410466
17586,2025-12-13 04:44:00,desconhecida,america_sul,0.21607162699542212
17588,2025-12-13 04:45:00,desconhecida,europa_ocidental,0.20667140045964305
17607,2025-12-13 05:03:00,desconhecida,oriente_medio,0.20322142103339605
17615,2025-12-13 05:21:00,desconhecida,europa_ocidental,0.25207983367349585
17616,2025-12-13 05:22:00,europa_ocidental,europa_ocidental,0.22208905402417026
17617,2025-12-13 05:28:00,europa_ocidental,europa_ocidental,0.3805236614037751
17624,2025-12-13 06:04:00,desconhecida,europa_ocidental,0.32780347733514204
17629,2025-12-13 06:30:00,desconhecida,europa_ocidental,0.30686144554411793
17630,2025-12-13 06:31:00,desconhecida,europa_ocidental,0.34980687724924087
17635,2025-12-13 06:44:00,desconhecida,europa_ocidental,0.325471384387192
17637,2025-12-13 06:54:00,desconhecida,europa_oriental,0.42157662786610994
17638,2025-12-13 06:54:00,desconhecida,europa_oriental,0.18279337837573933
17640,2025-12-13 07:49:00,desconhecida,america_norte,0.47197757874899615
17642,2025-12-13 08:00:00,desconhecida,europa_ocidental,0.1754575542973498
17644,2025-12-13 08:11:00,desconhecida,europa_ocidental,0.20497799715655116
17650,2025-12-13 08:23:00,desconhecida,europa_oriental,0.3075661569609594
17654,2025-12-13 09:00:00,desconhecida,europa_oriental,0.5917783456362385
17655,2025-12-13 09:07:00,desconhecida,europa_ocidental,0.2130574883768985
17661,2025-12-13 09:21:00,desconhecida,oriente_medio,0.4776172260573199
17665,2025-12-13 09:33:00,desconhecida,europa_oriental,0.27563520820723564
17669,2025-12-13 10:02:00,desconhecida,europa_ocidental,0.435781754946718
17671,2025-12-13 10:08:00,desconhecida,europa_oriental,0.38208038523279664
17672,2025-12-13 10:09:00,desconhecida,europa_ocidental,0.32356564802203136
17673,2025-12-13 10:24:00,desconhecida,europa_ocidental,0.2878106143567194
17674,2025-12-13 10:35:00,oceania,oceania,0.6614281728427129
17676,2025-12-13 10:44:00,desconhecida,oriente_medio,0.6689599347690122
17677,2025-12-13 10:45:00,desconhecida,asia,0.2648420184517268
17678,2025-12-13 10:45:00,desconhecida,oriente_medio,0.7203141037361483
17679,2025-12-13 10:56:00,desconhecida,europa_ocidental,0.2862668175243237
17683,2025-12-13 11:06:00,desconhecida,europa_ocidental,0.22935775132747988
17685,2025-12-13 11:25:00,desconhecida,europa_ocidental,0.3092254605194715
17687,2025-12-13 11:31:00,desconhecida,oriente_medio,0.6853426888231222
17689,2025-12-13 11:35:00,desconhecida,europa_oriental,0.2842578873560533
17690,2025-12-13 11:37:00,desconhecida,europa_ocidental,0.22444739741867706
17691,2025-12-13 11:43:00,desconhecida,europa_ocidental,0.30443682420371493
17692,2025-12-13 11:47:00,desconhecida,america_sul,0.36862548186857674
17693,2025-12-13 11:49:00,desconhecida,europa_ocidental,0.22378177539263416
17695,2025-12-13 11:50:00,desconhecida,oriente_medio,0.5690679397834759
17697,2025-12-13 11:52:00,desconhecida,europa_oriental,0.5799795021009702
17698,2025-12-13 11:53:00,desconhecida,asia,0.31187289429651127
17699,2025-12-13 11:56:00,desconhecida,europa_ocidental,0.2530377592867883
17701,2025-12-13 12:06:00,desconhecida,europa_ocidental,0.2758114067130026
17702,2025-12-13 12:08:00,desconhecida,america_norte,0.21234955192759508
17704,2025-12-13 12:30:00,desconhecida,europa_ocidental,0.2543829670750949
17705,2025-12-13 12:30:00,desconhecida,europa_ocidental,0.2543829670750949
17708,2025-12-13 12:41:00,desconhecida,asia,0.32218031975091826
17711,2025-12-13 12:46:00,desconhecida,europa_ocidental,0.33685912818828617
17714,2025-12-13 12:49:00,europa_ocidental,europa_ocidental,0.3818745961823821
17715,2025-12-13 12:50:00,desconhecida,europa_ocidental,0.24890566879837858
17717,2025-12-13 12:54:00,desconhecida,europa_ocidental,0.26331451908354436
17718,2025-12-13 13:05:00,desconhecida,europa_ocidental,0.2641041592403513
17723,2025-12-13 13:25:00,desconhecida,europa_ocidental,0.4092642143859947
17724,2025-12-13 13:26:00,desconhecida,europa_ocidental,0.23428989949982096
17725,2025-12-13 13:38:00,desconhecida,oriente_medio,0.39096113596960774
17735,2025-12-13 13:51:00,desconhecida,europa_ocidental,0.25949991959899915
17737,2025-12-13 14:05:00,desconhecida,america_sul,0.39040877205676294
17738,2025-12-13 14:09:00,desconhecida,america_sul,0.27629414817031067
17739,2025-12-13 14:10:00,desconhecida,europa_ocidental,0.3060181418819314
17740,2025-12-13 14:14:00,desconhecida,africa,0.2983108526130071
17743,2025-12-13 14:37:00,desconhecida,europa_ocidental,0.21822243326794558
17749,2025-12-13 15:07:00,desconhecida,america_sul,0.35498612319041223
17750,2025-12-13 15:07:00,desconhecida,america_sul,0.29035570048529175
17752,2025-12-13 15:08:00,desconhecida,europa_ocidental,0.24466441084963572
17753,2025-12-13 15:09:00,desconhecida,europa_oriental,0.2712657926346789
17754,2025-12-13 15:09:00,desconhecida,europa_ocidental,0.23790974804119985
17756,2025-12-13 15:15:00,desconhecida,oriente_medio,0.25707273522044144
17758,2025-12-13 15:20:00,desconhecida,asia,0.26195373989854
17772,2025-12-13 15:30:00,europa_oriental,europa_oriental,0.40095145212837285
17778,2025-12-13 16:00:00,desconhecida,europa_oriental,0.31203789857326053
17780,2025-12-13 16:02:00,desconhecida,europa_oriental,0.3544279511393719
17785,2025-12-13 16:26:00,desconhecida,europa_ocidental,0.22413419943870652
17788,2025-12-13 16:33:00,desconhecida,america_norte,0.21352671055836897
17794,2025-12-13 17:27:00,desconhecida,europa_ocidental,0.22602425234440882
17796,2025-12-13 17:29:00,desconhecida,europa_ocidental,0.21594346344460605
17813,2025-12-13 18:24:00,desconhecida,america_sul,0.33693536746938285
17814,2025-12-13 18:40:00,desconhecida,europa_ocidental,0.32400893495875555
17817,2025-12-13 18:56:00,desconhecida,asia,0.3365687062121769
17818,2025-12-13 19:31:00,europa_ocidental,europa_ocidental,0.2636840901469147
17825,2025-12-13 20:53:00,desconhecida,america_central,0.3198641733109257
17826,2025-12-13 21:14:00,desconhecida,europa_oriental,0.2079882180108252
17834,2025-12-14 00:43:00,desconhecida,america_central,0.22690701457259843
17835,2025-12-14 00:59:00,desconhecida,america_sul,0.20919486516626945
17836,2025-12-14 01:12:00,desconhecida,america_sul,0.29126750664165846
17838,2025-12-14 01:13:00,desconhecida,europa_ocidental,0.31227090956883297
17841,2025-12-14 01:21:00,europa_oriental,europa_oriental,0.6651958102489172
17843,2025-12-14 01:37:00,desconhecida,europa_oriental,0.5231343249928425
17845,2025-12-14 01:45:00,desconhecida,europa_ocidental,0.27658522925773427
17846,2025-12-14 01:45:00,desconhecida,europa_ocidental,0.2780051263790217
17847,2025-12-14 01:47:00,desconhecida,europa_ocidental,0.2900806238840257
17850,2025-12-14 02:19:00,desconhecida,europa_oriental,0.46476433976572534
17852,2025-12-14 02:43:00,desconhecida,europa_ocidental,0.2475287524098845
17853,2025-12-14 02:44:00,desconhecida,europa_ocidental,0.24211012903737275
17854,2025-12-14 02:44:00,desconhecida,europa_ocidental,0.20671286597935765
17855,2025-12-14 02:44:00,desconhecida,europa_ocidental,0.37190977837487327
17859,2025-12-14 04:03:00,desconhecida,oriente_medio,0.5869087959636731
17860,2025-12-14 04:03:00,desconhecida,europa_ocidental,0.23063769240147866
17861,2025-12-14 04:04:00,desconhecida,europa_oriental,0.19530271483559186
17862,2025-12-14 04:05:00,desconhecida,oriente_medio,0.45699024308832403
17863,2025-12-14 04:06:00,desconhecida,europa_ocidental,0.24272201915294972
17864,2025-12-14 04:06:00,desconhecida,europa_oriental,0.3688640056595374
17866,2025-12-14 04:06:00,desconhecida,europa_ocidental,0.2789446330066061
17867,2025-12-14 04:08:00,desconhecida,europa_oriental,0.4586928315427085
17868,2025-12-14 04:09:00,desconhecida,europa_ocidental,0.22021018640833973
17874,2025-12-14 04:23:00,desconhecida,europa_ocidental,0.28430329258096276
17875,2025-12-14 04:30:00,desconhecida,america_sul,0.40983965855020066
17876,2025-12-14 04:31:00,desconhecida,oriente_medio,0.4401024822630498
17877,2025-12-14 04:44:00,desconhecida,america_sul,0.2152826789586292
17879,2025-12-14 04:48:00,desconhecida,america_sul,0.19997532086670736
17881,2025-12-14 04:58:00,desconhecida,africa,0.3099142204626587
17882,2025-12-14 05:14:00,desconhecida,america_central,0.3783628975318699
17884,2025-12-14 05:27:00,desconhecida,europa_ocidental,0.21002062115738518
17885,2025-12-14 05:53:00,desconhecida,america_sul,0.2550055991452991
17887,2025-12-14 06:02:00,desconhecida,europa_oriental,0.2880112829973328
17888,2025-12-14 06:03:00,desconhecida,europa_ocidental,0.2741714032593069
17889,2025-12-14 06:11:00,desconhecida,europa_oriental,0.40894586747987427
17891,2025-12-14 06:35:00,desconhecida,america_norte,0.28278064412110393
17892,2025-12-14 06:35:00,desconhecida,europa_ocidental,0.3306439692178846
17893,2025-12-14 06:44:00,desconhecida,europa_ocidental,0.2541598579506683
17894,2025-12-14 06:48:00,desconhecida,asia,0.2694673361640423
17898,2025-12-14 07:14:00,desconhecida,america_sul,0.2300188934687917
17899,2025-12-14 07:16:00,desconhecida,america_sul,0.5431289031039406
17904,2025-12-14 07:46:00,desconhecida,europa_ocidental,0.20256513919134203
17906,2025-12-14 07:51:00,desconhecida,africa,0.18383374385209492
17907,2025-12-14 07:53:00,desconhecida,europa_ocidental,0.3281710886329877
17908,2025-12-14 07:56:00,desconhecida,oriente_medio,0.610963065419303
17909,2025-12-14 08:05:00,desconhecida,europa_ocidental,0.22056917287097663
17910,2025-12-14 08:11:00,desconhecida,europa_ocidental,0.21052938687556766
17913,2025-12-14 08:28:00,desconhecida,america_sul,0.2740854320378027
17916,2025-12-14 08:35:00,desconhecida,europa_ocidental,0.24292405379508392
17919,2025-12-14 08:40:00,desconhecida,europa_ocidental,0.2221309622266609
17920,2025-12-14 08:43:00,desconhecida,america_sul,0.43949660551325653
17923,2025-12-14 09:03:00,desconhecida,europa_ocidental,0.20556812261109014
17924,2025-12-14 09:04:00,desconhecida,oceania,0.20724334721797077
17925,2025-12-14 09:11:00,desconhecida,europa_ocidental,0.3371291532851065
17927,2025-12-14 09:36:00,desconhecida,europa_ocidental,0.27340134411223155
17930,2025-12-14 09:48:00,desconhecida,america_sul,0.240923171687899
17931,2025-12-14 09:49:00,desconhecida,america_sul,0.4118769114375863
17933,2025-12-14 09:54:00,desconhecida,europa_ocidental,0.2587055687621167
17934,2025-12-14 09:54:00,desconhecida,america_sul,0.22155793053694933
17935,2025-12-14 09:55:00,desconhecida,europa_ocidental,0.20703723036374624
17936,2025-12-14 09:57:00,desconhecida,america_sul,0.23771956827549182
17938,2025-12-14 10:06:00,desconhecida,europa_oriental,0.23376878751752822
17939,2025-12-14 10:07:00,desconhecida,europa_ocidental,0.22787776454212422
17940,2025-12-14 10:09:00,desconhecida,europa_oriental,0.31832862285734487
17941,2025-12-14 10:34:00,desconhecida,europa_ocidental,0.22590998542316393
17942,2025-12-14 10:44:00,desconhecida,america_sul,0.29753767716531304
17943,2025-12-14 10:45:00,desconhecida,europa_ocidental,0.23262106526024806
17944,2025-12-14 11:03:00,desconhecida,europa_ocidental,0.20264574241571978
17946,2025-12-14 11:06:00,desconhecida,america_sul,0.3125178652137952
17947,2025-12-14 11:10:00,desconhecida,europa_ocidental,0.17437562392736825
17948,2025-12-14 11:13:00,desconhecida,europa_ocidental,0.22308324648537708
17949,2025-12-14 11:16:00,desconhecida,america_sul,0.6203632593616312
17950,2025-12-14 11:19:00,desconhecida,europa_ocidental,0.22639552406529467
17954,2025-12-14 11:37:00,desconhecida,europa_ocidental,0.24997517605553907
17956,2025-12-14 11:46:00,desconhecida,europa_oriental,0.24191181661599073
17959,2025-12-14 12:03:00,desconhecida,europa_ocidental,0.27547708666501736
17964,2025-12-14 12:29:00,desconhecida,europa_ocidental,0.20632860024057553
17965,2025-12-14 12:38:00,desconhecida,europa_ocidental,0.1790801106762323
17967,2025-12-14 12:47:00,desconhecida,europa_ocidental,0.30157235636490864
17970,2025-12-14 12:56:00,desconhecida,america_sul,0.343407607372205
17971,2025-12-14 12:57:00,desconhecida,oriente_medio,0.6103331378715648
17972,2025-12-14 13:26:00,desconhecida,america_sul,0.40143099495347667
17974,2025-12-14 13:32:00,desconhecida,europa_ocidental,0.31118490646516955
17977,2025-12-14 13:47:00,desconhecida,europa_oriental,0.2659117212107196
17978,2025-12-14 13:48:00,desconhecida,europa_ocidental,0.23987184370811016
17979,2025-12-14 14:06:00,desconhecida,europa_ocidental,0.26775366952908314
17980,2025-12-14 14:17:00,desconhecida,america_sul,0.2837204392218042
17981,2025-12-14 14:20:00,desconhecida,oriente_medio,0.23868059718212642
17982,2025-12-14 14:27:00,desconhecida,asia,0.2303266310422437
17985,2025-12-14 14:38:00,desconhecida,america_sul,0.23655568469456656
17986,2025-12-14 14:40:00,desconhecida,america_sul,0.37914228193723504
17987,2025-12-14 14:45:00,desconhecida,america_central,0.5833989166978092
17988,2025-12-14 14:47:00,desconhecida,europa_oriental,0.32962539869130497
17989,2025-12-14 14:48:00,desconhecida,europa_ocidental,0.30658671059706405
17991,2025-12-14 14:54:00,desconhecida,america_sul,0.27674132984323574
17992,2025-12-14 14:59:00,desconhecida,europa_ocidental,0.17046659585128485
17993,2025-12-14 15:06:00,desconhecida,america_sul,0.4336139505138965
17997,2025-12-14 15:22:00,desconhecida,europa_ocidental,0.3182250945913882
17998,2025-12-14 16:45:00,desconhecida,europa_ocidental,0.29288114116082437
18007,2025-12-14 19:28:00,desconhecida,europa_ocidental,0.29384355448085847
18010,2025-12-14 19:30:00,desconhecida,america_sul,0.38481903436360204
18014,2025-12-14 20:35:00,desconhecida,europa_ocidental,0.19875583080006043
18015,2025-12-14 21:44:00,desconhecida,europa_ocidental,0.26775716187485443
18023,2025-12-15 02:43:00,desconhecida,asia,0.22877500379284751
18025,2025-12-15 03:33:00,desconhecida,europa_oriental,0.5232855508581479
18026,2025-12-15 04:36:00,desconhecida,europa_ocidental,0.2998577955567289
18028,2025-12-15 05:43:00,desconhecida,america_sul,0.20402957655206766
18029,2025-12-15 05:57:00,desconhecida,oriente_medio,0.2628829560976122
18030,2025-12-15 06:02:00,desconhecida,oriente_medio,0.25658614522909495
18032,2025-12-15 07:49:00,desconhecida,europa_ocidental,0.23259411578909928
18033,2025-12-15 08:18:00,desconhecida,europa_ocidental,0.35225905341385766
18035,2025-12-15 08:32:00,desconhecida,oriente_medio,0.1912521535321799
18037,2025-12-15 09:21:00,desconhecida,europa_ocidental,0.27736702750467
18038,2025-12-15 09:39:00,desconhecida,oriente_medio,0.1795889059026401
18695,2025-12-16 10:41:00,desconhecida,europa_ocidental,0.24344421691282667
18696,2025-12-16 10:42:00,desconhecida,europa_ocidental,0.32285252242057166
18704,2025-12-16 10:55:00,desconhecida,oriente_medio,0.6776111581753752
18705,2025-12-16 10:56:00,desconhecida,asia,0.212745194058102
18714,2025-12-16 11:17:00,europa_ocidental,europa_ocidental,0.29107853224288627
18732,2025-12-16 11:32:00,europa_ocidental,europa_ocidental,0.22700203505506072
18750,2025-12-16 12:22:00,desconhecida,europa_ocidental,0.226491250095216
18751,2025-12-16 12:38:00,desconhecida,africa,0.33861504983792023
18754,2025-12-16 13:09:00,desconhecida,europa_ocidental,0.25236013458204704
18757,2025-12-16 14:16:00,desconhecida,america_sul,0.3773755603920897
18759,2025-12-16 14:24:00,europa_ocidental,europa_ocidental,0.30807809798736413
18760,2025-12-16 14:44:00,europa_ocidental,europa_ocidental,0.45057818275578576
18763,2025-12-16 14:48:00,desconhecida,europa_ocidental,0.37797194666242484
18764,2025-12-16 14:57:00,desconhecida,oriente_medio,0.683857252901595
18767,2025-12-16 15:02:00,desconhecida,europa_ocidental,0.28694439653709586
18768,2025-12-16 15:07:00,europa_oriental,europa_oriental,0.6134363225790207
18775,2025-12-16 15:14:00,desconhecida,europa_oriental,0.5595482204219387
18777,2025-12-16 15:36:00,desconhecida,oriente_medio,0.45286191766999
18778,2025-12-16 15:47:00,desconhecida,oriente_medio,0.7111820198012322
18779,2025-12-16 15:50:00,desconhecida,europa_ocidental,0.31472290280339804
18780,2025-12-16 16:24:00,desconhecida,europa_ocidental,0.2791730443388861
18781,2025-12-16 16:44:00,america_central,america_central,0.5003175789498572
18799,2025-12-16 19:31:00,desconhecida,europa_ocidental,0.39585560151554205
18800,2025-12-16 19:33:00,desconhecida,europa_ocidental,0.35663769292030073
18808,2025-12-16 20:03:00,asia,asia,0.5339315583301855
18823,2025-12-16 22:43:00,desconhecida,africa,0.3261850494973311
18829,2025-12-16 23:27:00,desconhecida,europa_ocidental,0.22665774971746347
18830,2025-12-16 23:29:00,desconhecida,europa_oriental,0.2071461358371265
18832,2025-12-16 23:47:00,desconhecida,oriente_medio,0.2621516070803294
18834,2025-12-17 01:25:00,desconhecida,oriente_medio,0.5533829566041877
18838,2025-12-17 02:45:00,oriente_medio,oriente_medio,0.5292931422718554
18839,2025-12-17 03:26:00,oriente_medio,oriente_medio,0.5037094665024273
18841,2025-12-17 04:04:00,desconhecida,asia,0.2135046869498137
18845,2025-12-17 04:14:00,oriente_medio,oriente_medio,0.5977366254004193
18847,2025-12-17 04:42:00,europa_ocidental,europa_ocidental,0.27527865652410466
18849,2025-12-17 05:25:00,europa_ocidental,europa_ocidental,0.28031164739717723
18852,2025-12-17 06:00:00,america_sul,america_sul,0.68047186495198
18856,2025-12-17 06:49:00,europa_oriental,europa_oriental,0.35296930996882636
18859,2025-12-17 07:09:00,desconhecida,asia,0.4082394380721807
18861,2025-12-17 07:37:00,desconhecida,europa_ocidental,0.22502875837797293
18862,2025-12-17 08:12:00,america_sul,america_sul,0.3832963976558661
18865,2025-12-17 08:25:00,asia,asia,0.37438270647181204
18869,2025-12-17 09:04:00,desconhecida,europa_ocidental,0.250934887459008
18870,2025-12-17 09:06:00,desconhecida,asia,0.4646460931496489
18871,2025-12-17 09:40:00,oriente_medio,oriente_medio,0.450356310680206
18872,2025-12-17 09:42:00,oriente_medio,oriente_medio,0.6639378224665723
18878,2025-12-17 10:36:00,europa_ocidental,europa_ocidental,0.3664512842435996
18880,2025-12-17 10:40:00,europa_ocidental,europa_ocidental,0.29652032380104987
18884,2025-12-17 11:06:00,desconhecida,oriente_medio,0.4116782533071932
18885,2025-12-17 11:11:00,oriente_medio,oriente_medio,0.5456161921360771
18888,2025-12-17 11:51:00,desconhecida,europa_oriental,0.25826603898700606
18891,2025-12-17 12:41:00,asia,asia,0.42159556288694994
18895,2025-12-17 13:13:00,desconhecida,oriente_medio,0.19733873126335474
18898,2025-12-17 14:14:00,america_central,america_central,0.6617086334417528
18945,2025-12-17 17:42:00,europa_ocidental,europa_oriental,0.2698192893556137
18946,2025-12-17 17:43:00,desconhecida,america_sul,0.258482200535246
18979,2025-12-17 22:30:00,america_central,america_central,0.7125793944304748
18990,2025-12-17 22:53:00,america_sul,america_sul,0.42076329949410446
18991,2025-12-17 22:56:00,america_central,america_central,0.44434812433616283
19017,2025-12-17 23:48:00,europa_ocidental,europa_ocidental,0.26985648139694146
19120,2025-12-18 15:01:00,desconhecida,europa_ocidental,0.34560886669448265
19121,2025-12-18 15:02:00,desconhecida,europa_ocidental,0.3824797529522709
19122,2025-12-18 15:02:00,desconhecida,europa_ocidental,0.2663265599792842
19123,2025-12-18 15:02:00,desconhecida,europa_ocidental,0.24342682966900883
19190,2025-12-18 17:39:00,desconhecida,europa_oriental,0.22258577882288197
19191,2025-12-18 17:40:00,desconhecida,europa_ocidental,0.4092172634922184
19192,2025-12-18 17:42:00,desconhecida,america_sul,0.27693602688387337
19194,2025-12-18 17:51:00,desconhecida,europa_ocidental,0.3524334310210911
19195,2025-12-18 17:53:00,desconhecida,europa_ocidental,0.3479414552621563
19196,2025-12-18 18:00:00,desconhecida,europa_ocidental,0.2447060426474996
19200,2025-12-18 18:20:00,desconhecida,oriente_medio,0.5402558963818668
19202,2025-12-18 18:41:00,desconhecida,oceania,0.25136753019041835
19203,2025-12-18 18:44:00,desconhecida,europa_ocidental,0.20702622863751213
19204,2025-12-18 18:53:00,desconhecida,asia,0.19842652661759344
19207,2025-12-18 19:30:00,desconhecida,europa_ocidental,0.2283500488365315
19208,2025-12-18 19:32:00,desconhecida,europa_ocidental,0.2608748275298729
19210,2025-12-18 19:44:00,desconhecida,oriente_medio,0.5349639071409048
19217,2025-12-18 21:14:00,desconhecida,europa_ocidental,0.30650591837811125
19222,2025-12-18 22:25:00,desconhecida,europa_ocidental,0.25708758284315963
19223,2025-12-18 22:34:00,desconhecida,asia,0.5173311456247394
19224,2025-12-18 22:40:00,desconhecida,africa,0.2852766771699627
19225,2025-12-18 22:45:00,desconhecida,america_sul,0.4550213991003563
19227,2025-12-18 23:14:00,desconhecida,oriente_medio,0.5213961915679233
19228,2025-12-18 23:55:00,desconhecida,oriente_medio,0.3384290539667158
19269,2025-12-19 01:15:00,desconhecida,oriente_medio,0.5587745368556915
19289,2025-12-19 01:51:00,desconhecida,america_central,0.17649503588635523
19292,2025-12-19 02:22:00,desconhecida,europa_ocidental,0.21797418902183618
19293,2025-12-19 02:31:00,desconhecida,oriente_medio,0.2563672194257958
19294,2025-12-19 02:32:00,desconhecida,europa_ocidental,0.26805444997417294
19296,2025-12-19 03:03:00,desconhecida,europa_ocidental,0.33493571959201385
19300,2025-12-19 03:31:00,desconhecida,europa_oriental,0.16641789112140204
19303,2025-12-19 03:51:00,desconhecida,oriente_medio,0.41062672420271207
19306,2025-12-19 04:01:00,desconhecida,oriente_medio,0.17255093391369564
19307,2025-12-19 04:03:00,desconhecida,oriente_medio,0.4378891020474917
19308,2025-12-19 04:04:00,desconhecida,europa_ocidental,0.191358704168771
19309,2025-12-19 04:06:00,desconhecida,europa_oriental,0.24139523645892064
19310,2025-12-19 04:06:00,desconhecida,europa_ocidental,0.2662183877768491
19311,2025-12-19 04:07:00,desconhecida,europa_ocidental,0.33714891868283886
19312,2025-12-19 04:08:00,desconhecida,europa_ocidental,0.2196985537411365
19313,2025-12-19 04:15:00,desconhecida,oriente_medio,0.18986741576817528
19316,2025-12-19 04:38:00,desconhecida,asia,0.18945254313772117
19317,2025-12-19 04:38:00,desconhecida,oriente_medio,0.6100727323784952
19318,2025-12-19 04:39:00,desconhecida,oriente_medio,0.5418380497822298
19320,2025-12-19 05:13:00,desconhecida,africa,0.19772230131426344
19321,2025-12-19 05:19:00,desconhecida,europa_ocidental,0.29529221749667434
19323,2025-12-19 05:41:00,desconhecida,europa_ocidental,0.3353420730546026
19324,2025-12-19 05:44:00,desconhecida,europa_ocidental,0.36991897733811036
19325,2025-12-19 05:45:00,desconhecida,europa_ocidental,0.32572036095808005
19326,2025-12-19 05:45:00,desconhecida,europa_ocidental,0.3226525079018672
19328,2025-12-19 05:56:00,desconhecida,europa_ocidental,0.37079642832482834
19329,2025-12-19 06:01:00,desconhecida,europa_ocidental,0.26719358561981144
19330,2025-12-19 06:05:00,desconhecida,europa_oriental,0.4241462900271181
19331,2025-12-19 06:15:00,desconhecida,europa_ocidental,0.3504916385899216
19332,2025-12-19 06:37:00,desconhecida,asia,0.35452243215198825
19333,2025-12-19 07:19:00,desconhecida,europa_ocidental,0.19408910070282542
19334,2025-12-19 07:27:00,desconhecida,asia,0.23341266536142188
19335,2025-12-19 07:34:00,desconhecida,europa_ocidental,0.4388325006784074
19336,2025-12-19 07:35:00,desconhecida,asia,0.194041432437496
19338,2025-12-19 08:00:00,desconhecida,europa_ocidental,0.27397491453079015
19339,2025-12-19 08:03:00,desconhecida,europa_ocidental,0.2316457797673189
19340,2025-12-19 08:03:00,desconhecida,america_central,0.31173882173347855
19342,2025-12-19 08:08:00,desconhecida,asia,0.19245965711833576
19346,2025-12-19 09:06:00,desconhecida,europa_ocidental,0.34231064358885505
19349,2025-12-19 09:22:00,desconhecida,europa_ocidental,0.4077997827660247
19351,2025-12-19 09:34:00,desconhecida,europa_ocidental,0.18583131182172763
19352,2025-12-19 09:35:00,desconhecida,oriente_medio,0.21201179465403264
19353,2025-12-19 09:35:00,desconhecida,oriente_medio,0.3845328580546411
19354,2025-12-19 09:39:00,desconhecida,europa_ocidental,0.35957228175538114
19355,2025-12-19 09:42:00,desconhecida,europa_ocidental,0.1840720692371242
19357,2025-12-19 10:09:00,desconhecida,europa_oriental,0.4563065048207119
19358,2025-12-19 10:09:00,desconhecida,asia,0.3016608032187303
19360,2025-12-19 10:23:00,desconhecida,oriente_medio,0.724727198287485
19361,2025-12-19 10:24:00,desconhecida,oriente_medio,0.3568626209053185
19386,2025-12-19 11:31:00,desconhecida,asia,0.31121098140623904
19387,2025-12-19 11:39:00,desconhecida,oriente_medio,0.24872603089000125
19390,2025-12-19 11:54:00,desconhecida,europa_ocidental,0.2718809560582579
19391,2025-12-19 12:04:00,desconhecida,europa_ocidental,0.2832129937006661
19393,2025-12-19 12:06:00,desconhecida,europa_ocidental,0.29212307071480414
19395,2025-12-19 12:10:00,desconhecida,europa_ocidental,0.26427049700876293
19397,2025-12-19 12:14:00,desconhecida,europa_ocidental,0.3765407741667193
19398,2025-12-19 12:15:00,desconhecida,europa_ocidental,0.32647762206296593
19400,2025-12-19 12:20:00,desconhecida,europa_ocidental,0.36780464036854665
19404,2025-12-19 12:34:00,desconhecida,europa_oriental,0.23952213492835703
19413,2025-12-19 12:43:00,desconhecida,oriente_medio,0.2621516070803294
19420,2025-12-19 12:47:00,desconhecida,america_sul,0.20901443996106994
19424,2025-12-19 12:51:00,desconhecida,oriente_medio,0.17034862269478673
19444,2025-12-19 13:09:00,desconhecida,europa_ocidental,0.23441115925654102
19451,2025-12-19 13:20:00,desconhecida,europa_ocidental,0.2267091208313876
19452,2025-12-19 13:25:00,desconhecida,europa_ocidental,0.2720519294547613
19454,2025-12-19 13:41:00,desconhecida,asia,0.1959690877096204
19463,2025-12-19 15:14:00,desconhecida,europa_ocidental,0.3167853754384519
19464,2025-12-19 15:15:00,desconhecida,europa_ocidental,0.42024947446828664
19466,2025-12-19 15:15:00,desconhecida,europa_ocidental,0.2805342538460802
19467,2025-12-19 15:18:00,europa_ocidental,europa_ocidental,0.31732580922980924
19468,2025-12-19 15:21:00,desconhecida,europa_ocidental,0.2689053233981919
19469,2025-12-19 15:35:00,desconhecida,europa_ocidental,0.2690513249957304
19475,2025-12-19 16:13:00,desconhecida,europa_ocidental,0.35005018358239925
19477,2025-12-19 16:23:00,desconhecida,europa_ocidental,0.3613135654500366
19480,2025-12-19 16:34:00,desconhecida,europa_ocidental,0.3002988729422788
19484,2025-12-19 17:00:00,europa_ocidental,europa_ocidental,0.3449730666197457
19486,2025-12-19 17:14:00,desconhecida,europa_ocidental,0.23108022019501148
19492,2025-12-19 17:49:00,desconhecida,europa_ocidental,0.3366981186619211
19493,2025-12-19 18:04:00,desconhecida,europa_ocidental,0.35592713171770124
19495,2025-12-19 18:05:00,desconhecida,europa_ocidental,0.319729901129799
19497,2025-12-19 18:11:00,desconhecida,europa_ocidental,0.3885126900716215
19500,2025-12-19 18:20:00,desconhecida,europa_ocidental,0.25760663974969383
19502,2025-12-19 18:22:00,desconhecida,europa_ocidental,0.38828493262296115
19503,2025-12-19 18:24:00,desconhecida,europa_ocidental,0.3040247552294206
19505,2025-12-19 18:38:00,desconhecida,america_sul,0.36634621797582356
19509,2025-12-19 18:59:00,europa_ocidental,america_sul,0.24274754123784592
19512,2025-12-19 19:42:00,desconhecida,europa_ocidental,0.31458905158148215
19534,2025-12-19 20:47:00,europa_ocidental,europa_ocidental,0.29430251043531647
19616,2025-12-19 21:50:00,desconhecida,europa_ocidental,0.2569281811022432
19676,2025-12-19 22:35:00,desconhecida,europa_ocidental,0.23150100111162716
19718,2025-12-19 23:54:00,desconhecida,oriente_medio,0.3203488943439465
19720,2025-12-20 00:04:00,desconhecida,oriente_medio,0.5205448523705131
19721,2025-12-20 00:11:00,desconhecida,europa_oriental,0.5521057008001505
19731,2025-12-20 01:13:00,desconhecida,europa_oriental,0.32075102239821607
19732,2025-12-20 01:34:00,europa_ocidental,europa_ocidental,0.2785566813809154
19735,2025-12-20 02:16:00,desconhecida,america_norte,0.2494471417930556
19756,2025-12-21 15:41:00,desconhecida,europa_ocidental,0.2255166940994416
19759,2025-12-21 15:43:00,desconhecida,europa_ocidental,0.28380010974505965
19782,2025-12-21 15:59:00,desconhecida,oriente_medio,0.6138759121344349
19790,2025-12-21 16:04:00,desconhecida,oriente_medio,0.452131892825
19793,2025-12-21 16:06:00,desconhecida,europa_ocidental,0.2676006216629307
19798,2025-12-21 16:09:00,desconhecida,europa_ocidental,0.22817778793256338
19804,2025-12-21 16:14:00,desconhecida,europa_ocidental,0.2596835476947773
19805,2025-12-21 16:14:00,desconhecida,europa_ocidental,0.3307117923394647
19810,2025-12-21 16:18:00,desconhecida,europa_ocidental,0.29503945169228707
19813,2025-12-21 16:20:00,desconhecida,america_central,0.22799307913081754
19814,2025-12-21 16:20:00,desconhecida,europa_oriental,0.24852573310827472
19835,2025-12-21 16:34:00,desconhecida,europa_ocidental,0.2986940722963504
19843,2025-12-21 16:40:00,desconhecida,europa_ocidental,0.28912225437723255
19877,2025-12-21 17:06:00,desconhecida,europa_ocidental,0.22250027525959984
19880,2025-12-21 17:08:00,desconhecida,europa_ocidental,0.2612263819019322
19883,2025-12-21 17:10:00,desconhecida,america_sul,0.23149248580858545
19916,2025-12-21 17:35:00,desconhecida,europa_ocidental,0.24075128273931531
19924,2025-12-21 17:42:00,desconhecida,europa_ocidental,0.2509114447986184
19938,2025-12-22 22:11:00,desconhecida,oriente_medio,0.4940029986119367
19940,2025-12-22 22:51:00,desconhecida,oriente_medio,0.7349722626213665
19941,2025-12-22 23:05:00,desconhecida,europa_oriental,0.22516013308265403
19942,2025-12-22 23:37:00,desconhecida,asia,0.20962077497383427
19944,2025-12-23 08:41:00,desconhecida,oriente_medio,0.32954374559044475
19945,2025-12-23 08:44:00,desconhecida,asia,0.47745750724063635
19946,2025-12-23 09:33:00,desconhecida,africa,0.22558406286162197
19950,2025-12-23 11:01:00,desconhecida,asia,0.5108599892672037
19951,2025-12-23 11:02:00,desconhecida,europa_oriental,0.22566205806497708
19952,2025-12-23 11:02:00,desconhecida,oriente_medio,0.6717522176154782
19955,2025-12-23 11:14:00,desconhecida,europa_oriental,0.3770167802228817
19956,2025-12-23 11:30:00,desconhecida,asia,0.5385918219152962
19957,2025-12-23 11:34:00,desconhecida,oriente_medio,0.3087034415653997
19958,2025-12-23 11:47:00,desconhecida,europa_ocidental,0.24203426313086743
19959,2025-12-23 11:51:00,asia,asia,0.4767023919345479
19961,2025-12-23 11:53:00,desconhecida,oriente_medio,0.5535120305594312
19962,2025-12-23 12:03:00,asia,asia,0.42263699189418674
19965,2025-12-23 12:10:00,desconhecida,asia,0.213242379938847
19975,2025-12-23 12:56:00,oriente_medio,oriente_medio,0.7249560660560621
19976,2025-12-23 13:02:00,desconhecida,oriente_medio,0.7747936747518888
19978,2025-12-23 13:14:00,desconhecida,europa_ocidental,0.2081457101166261
19981,2025-12-23 13:40:00,asia,asia,0.3452787082997605
19982,2025-12-23 13:54:00,desconhecida,oriente_medio,0.6432381306110815
19983,2025-12-23 13:56:00,desconhecida,europa_ocidental,0.21171902258157618
19984,2025-12-23 14:54:00,desconhecida,europa_ocidental,0.34823192219097693
19987,2025-12-23 15:21:00,desconhecida,europa_ocidental,0.22441406476573822
19994,2025-12-23 16:16:00,desconhecida,europa_ocidental,0.32124608819189115
19996,2025-12-23 16:18:00,desconhecida,europa_ocidental,0.4155710460829962
20013,2025-12-23 19:07:00,africa,africa,0.6814643021308854
20015,2025-12-23 21:37:00,africa,africa,0.6938905275099329
20019,2025-12-23 23:42:00,desconhecida,europa_ocidental,0.20999192363729055
20020,2025-12-23 23:59:00,desconhecida,africa,0.18013456764626076
20025,2025-12-24 08:02:00,desconhecida,asia,0.30529802344732115
20027,2025-12-24 08:40:00,desconhecida,europa_ocidental,0.21392933873978703
20031,2025-12-24 12:29:00,desconhecida,oriente_medio,0.3760338153174088
20032,2025-12-24 12:35:00,desconhecida,america_norte,0.2906514701833106
20033,2025-12-24 12:58:00,desconhecida,europa_ocidental,0.1888386548302728
20034,2025-12-24 13:13:00,europa_ocidental,europa_ocidental,0.40621568264460406
20036,2025-12-24 14:09:00,desconhecida,europa_ocidental,0.3373250493442514
20038,2025-12-24 14:14:00,desconhecida,oriente_medio,0.41852009501940635
20039,2025-12-24 14:35:00,desconhecida,europa_ocidental,0.186544236620483
20040,2025-12-24 15:00:00,desconhecida,europa_ocidental,0.3524382769912994
20047,2025-12-24 15:05:00,desconhecida,europa_ocidental,0.37903070741166356
20049,2025-12-24 15:25:00,desconhecida,europa_ocidental,0.3805661627693129
20050,2025-12-24 15:26:00,desconhecida,europa_ocidental,0.3293205410207039
20051,2025-12-24 15:26:00,desconhecida,europa_ocidental,0.3810465975492076
20052,2025-12-24 15:27:00,europa_ocidental,europa_ocidental,0.39247545988851673
20053,2025-12-24 16:00:00,desconhecida,europa_ocidental,0.4625463318745379
20054,2025-12-24 16:00:00,desconhecida,europa_ocidental,0.3553133123051649
20055,2025-12-24 16:29:00,europa_ocidental,europa_ocidental,0.24894466212090424
20057,2025-12-24 16:50:00,desconhecida,oceania,0.27751946854381865
20059,2025-12-24 18:03:00,desconhecida,europa_ocidental,0.28653924901301925
20060,2025-12-24 19:55:00,desconhecida,europa_ocidental,0.31064062062574543
20063,2025-12-25 03:04:00,desconhecida,europa_ocidental,0.3033166123095514
20065,2025-12-25 06:07:00,desconhecida,europa_ocidental,0.296575449216702
20066,2025-12-25 06:43:00,desconhecida,europa_ocidental,0.3562187393009805
20067,2025-12-25 08:34:00,desconhecida,europa_ocidental,0.2345650680337729
20068,2025-12-25 08:35:00,desconhecida,europa_ocidental,0.3281427513324934
20070,2025-12-25 10:58:00,desconhecida,europa_ocidental,0.32853036403280844
20072,2025-12-25 12:05:00,desconhecida,oriente_medio,0.7451910671936878
20073,2025-12-25 13:00:00,desconhecida,oriente_medio,0.6644031016686214
20075,2025-12-25 13:31:00,desconhecida,oriente_medio,0.5010790772732601
20092,2025-12-25 15:01:00,desconhecida,europa_ocidental,0.27923975592916256
20110,2025-12-25 16:01:00,desconhecida,europa_ocidental,0.2807434724590606
20114,2025-12-25 16:11:00,desconhecida,europa_ocidental,0.3877192674703346
20115,2025-12-25 16:55:00,desconhecida,europa_ocidental,0.4079256815736877
20116,2025-12-25 17:38:00,desconhecida,europa_ocidental,0.24361779881047624
20158,2025-12-25 18:26:00,desconhecida,europa_ocidental,0.25264688989565487
20344,2025-12-25 20:55:00,desconhecida,europa_ocidental,0.2703434580233694
20347,2025-12-25 20:57:00,desconhecida,america_norte,0.477756684297519
20349,2025-12-25 23:01:00,desconhecida,europa_ocidental,0.24259890567170495
20351,2025-12-25 23:35:00,desconhecida,europa_ocidental,0.2538192397338543
20352,2025-12-26 00:16:00,europa_ocidental,europa_ocidental,0.44788382103666124
20354,2025-12-26 01:26:00,desconhecida,europa_ocidental,0.21263189140629196
20356,2025-12-26 02:02:00,desconhecida,europa_ocidental,0.22339626811404875
20357,2025-12-26 03:30:00,desconhecida,europa_ocidental,0.37112074976717396
20359,2025-12-26 04:01:00,desconhecida,europa_ocidental,0.22665772795620537
20362,2025-12-26 05:09:00,desconhecida,europa_ocidental,0.3144250146841897
20368,2025-12-26 06:20:00,desconhecida,europa_ocidental,0.32206294967993976
20369,2025-12-26 07:21:00,desconhecida,europa_ocidental,0.23138122882654147
20372,2025-12-26 07:52:00,europa_ocidental,europa_ocidental,0.33634640997636484
20373,2025-12-26 07:54:00,europa_ocidental,europa_ocidental,0.32123778030923783
20374,2025-12-26 08:03:00,desconhecida,europa_ocidental,0.3478053296209525
20376,2025-12-26 08:22:00,desconhecida,europa_ocidental,0.2647707628213277
20377,2025-12-26 08:30:00,desconhecida,europa_ocidental,0.28922623019811367
20381,2025-12-26 09:01:00,desconhecida,europa_ocidental,0.2686948225998264
20383,2025-12-26 09:18:00,desconhecida,europa_ocidental,0.31749625101322815
20384,2025-12-26 10:29:00,desconhecida,europa_ocidental,0.33641912466191715
20385,2025-12-26 10:30:00,desconhecida,oriente_medio,0.6189634400242043
20386,2025-12-26 10:58:00,desconhecida,europa_ocidental,0.28118073564553375
20388,2025-12-26 13:43:00,desconhecida,europa_ocidental,0.3151600880355042
20394,2025-12-26 14:08:00,desconhecida,europa_ocidental,0.4089842124764944
20400,2025-12-26 14:18:00,desconhecida,europa_ocidental,0.44778914284586935
20402,2025-12-26 14:31:00,desconhecida,europa_ocidental,0.34962239969915004
20403,2025-12-26 14:45:00,europa_ocidental,europa_ocidental,0.2975989945587701
20404,2025-12-26 14:49:00,desconhecida,europa_ocidental,0.2835199493575993
20408,2025-12-26 15:11:00,desconhecida,europa_ocidental,0.1976204381913457
20409,2025-12-26 15:13:00,europa_ocidental,europa_ocidental,0.2383916908755574
20410,2025-12-26 15:40:00,oceania,oceania,0.8537770470390278
20413,2025-12-26 16:20:00,africa,africa,0.6769926082131956
20421,2025-12-27 00:04:00,desconhecida,europa_ocidental,0.3372003500210614
20434,2025-12-27 03:22:00,desconhecida,oceania,0.7078947999426681
20471,2025-12-27 04:47:00,europa_ocidental,europa_ocidental,0.33107397287230966
20473,2025-12-27 05:07:00,desconhecida,europa_ocidental,0.2542484305317304
20475,2025-12-27 06:26:00,desconhecida,asia,0.38619485375800466
20476,2025-12-27 06:39:00,desconhecida,europa_ocidental,0.3607137831552696
20477,2025-12-27 07:06:00,desconhecida,europa_ocidental,0.31349433849234326
20478,2025-12-27 07:19:00,desconhecida,europa_ocidental,0.23428123310586624
20479,2025-12-27 08:26:00,desconhecida,europa_ocidental,0.25610536568720416
20480,2025-12-27 08:39:00,desconhecida,asia,0.44494216012118754
20482,2025-12-27 09:49:00,desconhecida,europa_ocidental,0.38119671189549975
20491,2025-12-27 12:38:00,desconhecida,europa_ocidental,0.2822549823732116
20494,2025-12-27 14:30:00,desconhecida,oriente_medio,0.8233186427497865
20496,2025-12-27 14:45:00,desconhecida,europa_ocidental,0.391260910281589
20498,2025-12-27 15:30:00,desconhecida,asia,0.33691789182787407
20522,2025-12-28 05:58:00,desconhecida,oriente_medio,0.6579070675823018
20524,2025-12-28 08:40:00,desconhecida,asia,0.48283752171413974
20525,2025-12-28 11:16:00,desconhecida,africa,0.4959805500006351
20526,2025-12-28 11:51:00,desconhecida,europa_ocidental,0.22331228819791435
20529,2025-12-28 16:19:00,desconhecida,america_sul,0.23728194568196298
20533,2025-12-29 15:57:00,desconhecida,europa_ocidental,0.3730532202760385
20543,2025-12-30 09:57:00,oriente_medio,oriente_medio,0.7440631368878116
20548,2025-12-30 10:32:00,desconhecida,asia,0.18067295001979553
20550,2025-12-30 10:53:00,desconhecida,oriente_medio,0.5667731637355228
20562,2025-12-30 11:35:00,desconhecida,europa_ocidental,0.24196932330209112
20610,2025-12-30 12:21:00,europa_ocidental,europa_ocidental,0.32010645461602494
20615,2025-12-30 12:29:00,desconhecida,europa_ocidental,0.2688537781282705
20617,2025-12-30 12:32:00,oriente_medio,oriente_medio,0.5999518889835158
20631,2025-12-30 12:54:00,desconhecida,europa_ocidental,0.22258126903217848
20637,2025-12-30 13:21:00,desconhecida,oriente_medio,0.7066456407440058
20644,2025-12-30 14:18:00,desconhecida,oriente_medio,0.6193029188423337
20647,2025-12-30 14:32:00,desconhecida,america_norte,0.22879056746513796
20648,2025-12-30 14:45:00,desconhecida,oriente_medio,0.28925237352852967
20653,2025-12-30 15:08:00,desconhecida,europa_ocidental,0.1943353442183083
20656,2025-12-30 15:23:00,desconhecida,europa_ocidental,0.3350778419456932
20657,2025-12-30 15:34:00,desconhecida,europa_ocidental,0.41912378764762603
20662,2025-12-30 15:51:00,europa_ocidental,europa_ocidental,0.3652089141679487
20666,2025-12-30 17:02:00,desconhecida,europa_ocidental,0.38179026962957396
20679,2025-12-30 17:47:00,desconhecida,europa_ocidental,0.43006247234299255
20687,2025-12-30 18:41:00,oriente_medio,oriente_medio,0.5337058099467765
20690,2025-12-30 18:52:00,europa_ocidental,europa_ocidental,0.26069282579336334
20691,2025-12-30 20:17:00,europa_ocidental,europa_ocidental,0.4169366687826678
20694,2025-12-30 22:27:00,europa_ocidental,europa_ocidental,0.38420863408619493
20697,2025-12-30 22:42:00,desconhecida,europa_ocidental,0.39226899985945785
20701,2025-12-31 09:15:00,desconhecida,europa_ocidental,0.3163207978165582
20702,2025-12-31 10:18:00,desconhecida,oriente_medio,0.6032871504178496
20706,2025-12-31 12:32:00,desconhecida,oriente_medio,0.6763548038609599
20721,2025-12-31 23:02:00,desconhecida,europa_ocidental,0.3730499475861221
20765,2026-01-01 12:44:00,desconhecida,europa_ocidental,0.24682353023125608
20766,2026-01-01 12:44:00,desconhecida,europa_ocidental,0.2921971367744876
20770,2026-01-01 14:18:00,desconhecida,europa_ocidental,0.2494497750894383
20775,2026-01-02 00:58:00,desconhecida,oriente_medio,0.6521079043787569
20778,2026-01-02 05:35:00,desconhecida,europa_ocidental,0.2970642373777552
20781,2026-01-02 09:58:00,desconhecida,europa_ocidental,0.32231347056887866
20782,2026-01-02 11:40:00,desconhecida,europa_ocidental,0.3001781929428275
20784,2026-01-02 13:42:00,desconhecida,europa_ocidental,0.32713106521210294
20785,2026-01-02 14:02:00,desconhecida,europa_oriental,0.23865741573722982
20788,2026-01-02 15:00:00,desconhecida,europa_ocidental,0.2807233685449513
20789,2026-01-02 15:01:00,desconhecida,europa_ocidental,0.19958511585585678
20790,2026-01-02 15:01:00,desconhecida,europa_ocidental,0.21730410645955078
20799,2026-01-02 18:47:00,desconhecida,europa_ocidental,0.3749942316878926
20807,2026-01-03 01:29:00,desconhecida,america_sul,0.3447051385726851
20810,2026-01-03 04:47:00,desconhecida,europa_ocidental,0.2627414099224851
20811,2026-01-03 05:08:00,desconhecida,europa_ocidental,0.255800159628249
20812,2026-01-03 05:50:00,desconhecida,europa_ocidental,0.21398509489162
20817,2026-01-03 08:29:00,europa_ocidental,america_central,0.26510130247303215
20818,2026-01-03 08:31:00,desconhecida,europa_ocidental,0.31407134624254573
20819,2026-01-03 08:36:00,desconhecida,asia,0.3488742985981503
20821,2026-01-03 09:18:00,desconhecida,asia,0.5551812167070251
20825,2026-01-03 10:37:00,desconhecida,europa_ocidental,0.1840528829580222
20860,2026-01-03 12:50:00,desconhecida,europa_ocidental,0.25547168277197907
20975,2026-01-03 14:36:00,desconhecida,europa_ocidental,0.2622745283537079
20994,2026-01-03 22:42:00,desconhecida,america_sul,0.2162078043043458
20998,2026-01-04 14:01:00,desconhecida,europa_ocidental,0.22474603618632294
21001,2026-01-04 20:00:00,desconhecida,europa_ocidental,0.3095754101077288
21004,2026-01-05 05:09:00,desconhecida,asia,0.3123833137002306
21005,2026-01-05 19:47:00,europa_ocidental,europa_ocidental,0.22477275526867818
21006,2026-01-05 19:48:00,europa_ocidental,europa_ocidental,0.35906417476323266
21007,2026-01-06 07:15:00,oriente_medio,oriente_medio,0.7745570444297484
21008,2026-01-06 07:16:00,europa_ocidental,america_sul,0.21489433117329432
21009,2026-01-06 07:17:00,desconhecida,oriente_medio,0.689496561594213
21013,2026-01-06 07:19:00,desconhecida,europa_ocidental,0.1635861841253707
21014,2026-01-06 07:20:00,desconhecida,oriente_medio,0.2513947914452459
21016,2026-01-06 07:20:00,europa_ocidental,europa_ocidental,0.36874735900116823
21017,2026-01-06 07:21:00,desconhecida,europa_ocidental,0.23862076564182622
21018,2026-01-06 07:21:00,desconhecida,europa_ocidental,0.34729154663313855
21019,2026-01-06 07:23:00,desconhecida,europa_ocidental,0.2666070623621342
21023,2026-01-06 07:28:00,desconhecida,oriente_medio,0.46299962254795024
21024,2026-01-06 07:31:00,europa_ocidental,europa_ocidental,0.24878249621729379
21025,2026-01-06 07:32:00,desconhecida,oriente_medio,0.681632603932202
21026,2026-01-06 07:47:00,desconhecida,europa_ocidental,0.37800486933871336
21031,2026-01-06 08:00:00,desconhecida,oriente_medio,0.41606335302826747
21032,2026-01-06 08:09:00,desconhecida,oriente_medio,0.4026394304223293
21035,2026-01-06 08:14:00,europa_ocidental,europa_ocidental,0.3011412368022481
21039,2026-01-06 08:28:00,europa_ocidental,europa_ocidental,0.27839272790970016
21040,2026-01-06 08:34:00,oriente_medio,oriente_medio,0.36960944052550027
21041,2026-01-06 08:39:00,desconhecida,europa_ocidental,0.40301963716955486
21044,2026-01-06 08:50:00,desconhecida,oriente_medio,0.5460137883550935
21045,2026-01-06 08:54:00,desconhecida,oriente_medio,0.24375661895248799
21049,2026-01-06 09:11:00,europa_ocidental,europa_ocidental,0.3780903866860019
21050,2026-01-06 09:16:00,desconhecida,europa_ocidental,0.3207616782014287
21052,2026-01-06 09:24:00,desconhecida,oriente_medio,0.3785081051905179
21055,2026-01-06 09:33:00,desconhecida,africa,0.17248274489830082
21056,2026-01-06 09:35:00,desconhecida,europa_ocidental,0.3675770004263723
21060,2026-01-06 09:52:00,desconhecida,europa_ocidental,0.2058643557369541
21066,2026-01-06 10:21:00,desconhecida,oriente_medio,0.4027489898613919
21072,2026-01-06 10:44:00,desconhecida,oriente_medio,0.518370410844278
21073,2026-01-06 10:57:00,europa_oriental,europa_oriental,0.664959822666022
21078,2026-01-06 11:09:00,desconhecida,europa_ocidental,0.1788154666815756
21079,2026-01-06 11:16:00,desconhecida,europa_ocidental,0.3306439692178846
21080,2026-01-06 11:33:00,desconhecida,europa_ocidental,0.31248574357363784
21081,2026-01-06 11:35:00,desconhecida,europa_oriental,0.6178007832790341
21082,2026-01-06 11:37:00,desconhecida,oriente_medio,0.42094322041676085
21083,2026-01-06 11:41:00,desconhecida,oriente_medio,0.39460354990243035
21089,2026-01-06 12:28:00,desconhecida,europa_ocidental,0.2733225508267766
21090,2026-01-06 12:46:00,desconhecida,europa_ocidental,0.3815330242652116
21091,2026-01-06 12:49:00,desconhecida,europa_ocidental,0.2619647914640567
21092,2026-01-06 12:50:00,desconhecida,europa_oriental,0.3492816628725777
21093,2026-01-06 12:50:00,desconhecida,oriente_medio,0.5234395495670895
21095,2026-01-06 12:56:00,desconhecida,europa_ocidental,0.29653267322032434
21096,2026-01-06 13:10:00,desconhecida,europa_ocidental,0.23487238916190728
21097,2026-01-06 13:19:00,oriente_medio,oriente_medio,0.528363650125768
21098,2026-01-06 13:22:00,desconhecida,europa_ocidental,0.2795879922928605
21099,2026-01-06 13:22:00,desconhecida,oriente_medio,0.5902020337296294
21106,2026-01-06 14:15:00,oriente_medio,oriente_medio,0.301043225175264
21132,2026-01-06 15:14:00,america_sul,america_sul,0.4475744372002175
21136,2026-01-06 15:17:00,desconhecida,oriente_medio,0.26189469636398377
21158,2026-01-06 15:35:00,desconhecida,europa_ocidental,0.21658937444935847
21173,2026-01-06 17:24:00,desconhecida,oriente_medio,0.21422853194678085
21194,2026-01-06 19:55:00,america_sul,america_sul,0.47809097007181345
21221,2026-01-06 23:19:00,desconhecida,oriente_medio,0.2708579001493169
21225,2026-01-06 23:57:00,desconhecida,oriente_medio,0.29502497426918267
21236,2026-01-07 01:33:00,desconhecida,oriente_medio,0.6770457974421388
21245,2026-01-07 06:30:00,desconhecida,europa_ocidental,0.1813449557759767
21247,2026-01-07 07:01:00,desconhecida,europa_ocidental,0.2308737502941529
21248,2026-01-07 07:06:00,desconhecida,europa_ocidental,0.26218183019358615
21256,2026-01-07 08:44:00,desconhecida,america_sul,0.40483538219339077
21267,2026-01-07 11:17:00,desconhecida,europa_ocidental,0.3815292163814555
21277,2026-01-07 11:22:00,europa_ocidental,europa_ocidental,0.3488361806830706
21279,2026-01-07 12:09:00,desconhecida,europa_ocidental,0.18997198545619112
21280,2026-01-07 12:42:00,europa_ocidental,europa_ocidental,0.24751363954956304
21285,2026-01-07 14:52:00,desconhecida,oriente_medio,0.46486295823056784
21302,2026-01-07 18:09:00,desconhecida,europa_ocidental,0.3909361258607894
21324,2026-01-07 21:06:00,desconhecida,europa_ocidental,0.30830404984408083
21325,2026-01-07 21:06:00,desconhecida,africa,0.5673394907100264
21332,2026-01-07 22:32:00,desconhecida,europa_ocidental,0.2557849274444767
21336,2026-01-08 01:00:00,desconhecida,america_central,0.3454066535734644
21337,2026-01-08 01:00:00,desconhecida,america_central,0.1864501581656563
21339,2026-01-08 04:09:00,desconhecida,oriente_medio,0.7097458796789808
21343,2026-01-08 07:33:00,desconhecida,europa_ocidental,0.2625625415015729
21344,2026-01-08 07:41:00,desconhecida,asia,0.33973464711856605
21345,2026-01-08 07:54:00,desconhecida,europa_ocidental,0.2492401731426901
21346,2026-01-08 08:01:00,desconhecida,europa_ocidental,0.21355496654464276
21355,2026-01-08 11:30:00,desconhecida,asia,0.2407775770438394
21364,2026-01-08 13:38:00,desconhecida,europa_ocidental,0.34145414881566527
21365,2026-01-08 13:38:00,desconhecida,oriente_medio,0.6302617981681929
21368,2026-01-08 14:01:00,desconhecida,america_norte,0.23203065179396848
21375,2026-01-09 00:12:00,europa_ocidental,europa_ocidental,0.37245721764510703
21376,2026-01-09 00:13:00,desconhecida,europa_ocidental,0.34108808265429186
21377,2026-01-09 00:13:00,desconhecida,europa_ocidental,0.30079363330602327
21378,2026-01-09 00:14:00,desconhecida,europa_ocidental,0.2934594950901031
21379,2026-01-09 00:14:00,desconhecida,europa_ocidental,0.25054701048342093
21380,2026-01-09 00:15:00,desconhecida,america_sul,0.23065024654051297
21382,2026-01-09 00:15:00,desconhecida,europa_ocidental,0.35550803794649144
21384,2026-01-09 00:15:00,desconhecida,europa_ocidental,0.32131110900672477
21385,2026-01-09 00:16:00,desconhecida,europa_ocidental,0.26046318452056716
21386,2026-01-09 00:16:00,desconhecida,europa_ocidental,0.4673511400718806
21387,2026-01-09 00:16:00,desconhecida,america_central,0.2344105691935412
21388,2026-01-09 00:17:00,europa_oriental,europa_oriental,0.6302362663694829
21391,2026-01-09 00:17:00,desconhecida,oriente_medio,0.5181367390714768
21393,2026-01-09 00:18:00,desconhecida,europa_ocidental,0.19709978634235706
21394,2026-01-09 00:18:00,desconhecida,europa_ocidental,0.38118188632741473
21396,2026-01-09 00:19:00,desconhecida,europa_ocidental,0.24464604356358186
21397,2026-01-09 00:19:00,desconhecida,europa_ocidental,0.24276453942617207
21398,2026-01-09 00:19:00,desconhecida,europa_ocidental,0.30476000956087024
21400,2026-01-09 00:20:00,desconhecida,europa_ocidental,0.3434547377649592
21401,2026-01-09 00:20:00,desconhecida,europa_ocidental,0.43937558883493555
21402,2026-01-09 00:20:00,desconhecida,europa_ocidental,0.3795727719008014
21403,2026-01-09 00:23:00,desconhecida,europa_ocidental,0.2332513947470065
21406,2026-01-09 01:19:00,desconhecida,europa_ocidental,0.33056359310905026
21407,2026-01-09 01:20:00,desconhecida,america_central,0.7286607564739009
21409,2026-01-09 02:02:00,desconhecida,europa_ocidental,0.27072898029264525
21412,2026-01-09 02:03:00,desconhecida,europa_ocidental,0.27376635406812266
21413,2026-01-09 02:03:00,desconhecida,europa_ocidental,0.2427356809279121
21421,2026-01-09 05:02:00,desconhecida,asia,0.36022951858045454
21422,2026-01-09 05:35:00,desconhecida,america_central,0.6312883010619819
21423,2026-01-09 06:08:00,desconhecida,europa_ocidental,0.2648695729949513
21425,2026-01-09 08:17:00,desconhecida,europa_ocidental,0.3293114490107502
21427,2026-01-09 08:38:00,desconhecida,oceania,0.5396880296686668
21428,2026-01-09 08:57:00,desconhecida,oriente_medio,0.4518429417176813
21431,2026-01-09 09:13:00,desconhecida,europa_ocidental,0.361090280800548
21432,2026-01-09 09:15:00,desconhecida,europa_ocidental,0.3930832874723984
21433,2026-01-09 09:15:00,desconhecida,oceania,0.3255172234695445
21434,2026-01-09 09:18:00,desconhecida,europa_ocidental,0.44951935583140085
21435,2026-01-09 09:22:00,desconhecida,america_sul,0.36315350562729926
21436,2026-01-09 09:23:00,desconhecida,europa_ocidental,0.2398943677637078
21437,2026-01-09 09:55:00,desconhecida,america_sul,0.24942069750152893
21439,2026-01-09 10:13:00,desconhecida,europa_ocidental,0.24631377872651253
21442,2026-01-09 11:00:00,desconhecida,america_sul,0.2339316106242231
21443,2026-01-09 11:00:00,desconhecida,oceania,0.23734984295922779
21445,2026-01-09 11:51:00,desconhecida,europa_ocidental,0.29391746662788165
21446,2026-01-09 12:30:00,desconhecida,europa_ocidental,0.22382103054944846
21447,2026-01-09 12:35:00,desconhecida,europa_ocidental,0.31592247884581104
21448,2026-01-09 13:16:00,desconhecida,america_sul,0.306019535491069
21456,2026-01-09 14:18:00,desconhecida,america_sul,0.40373383003406527
21457,2026-01-09 14:26:00,desconhecida,europa_ocidental,0.24075798797121964
21458,2026-01-09 14:30:00,desconhecida,europa_ocidental,0.2976359651328259
21459,2026-01-09 14:45:00,desconhecida,europa_ocidental,0.2455102625778381
21460,2026-01-09 15:01:00,desconhecida,europa_ocidental,0.2697797698461002
21461,2026-01-09 15:01:00,desconhecida,europa_ocidental,0.3236858596375852
21462,2026-01-09 15:15:00,desconhecida,europa_ocidental,0.2807781124535444
21463,2026-01-09 15:25:00,desconhecida,europa_ocidental,0.30486077925472144
21464,2026-01-09 15:52:00,desconhecida,europa_ocidental,0.3554521773272061
21465,2026-01-09 15:54:00,desconhecida,europa_ocidental,0.3187328215525943
21468,2026-01-09 16:36:00,desconhecida,europa_ocidental,0.3219899973659751
21473,2026-01-09 17:13:00,desconhecida,oriente_medio,0.6380381404994309
21475,2026-01-09 17:27:00,desconhecida,europa_ocidental,0.2030574956222238
21476,2026-01-09 17:30:00,desconhecida,europa_oriental,0.48716368575297075
21477,2026-01-09 17:31:00,desconhecida,europa_ocidental,0.22996841855207079
21478,2026-01-09 17:32:00,desconhecida,europa_ocidental,0.336917467543261
21481,2026-01-09 18:15:00,desconhecida,europa_ocidental,0.3116711646356431
21482,2026-01-09 18:17:00,desconhecida,europa_ocidental,0.27475818614494274
21484,2026-01-09 19:00:00,desconhecida,europa_oriental,0.4226382350144339
21485,2026-01-09 19:02:00,europa_ocidental,europa_ocidental,0.3634531500479443
21486,2026-01-09 19:13:00,desconhecida,oriente_medio,0.2107473914315677
21487,2026-01-09 19:19:00,desconhecida,america_norte,0.29007115616011847
21490,2026-01-10 00:21:00,desconhecida,america_sul,0.48204184472994954
21491,2026-01-10 00:50:00,desconhecida,europa_ocidental,0.3265686852318793
21492,2026-01-10 01:13:00,desconhecida,europa_oriental,0.1995767653907132
21494,2026-01-10 02:15:00,desconhecida,america_sul,0.3796279755649473
21499,2026-01-10 04:29:00,desconhecida,europa_ocidental,0.3660931130867411
21501,2026-01-10 05:05:00,desconhecida,europa_ocidental,0.34483459724135557
21504,2026-01-10 05:47:00,desconhecida,europa_ocidental,0.3973710451431701
21505,2026-01-10 06:05:00,desconhecida,europa_ocidental,0.22771318905703755
21507,2026-01-10 07:20:00,desconhecida,europa_ocidental,0.30321397764617625
21509,2026-01-10 07:50:00,desconhecida,europa_ocidental,0.2190155478719828
21513,2026-01-10 10:08:00,desconhecida,europa_ocidental,0.3906608570181446
21514,2026-01-10 11:26:00,desconhecida,europa_oriental,0.2315631476856527
21515,2026-01-10 11:27:00,desconhecida,europa_ocidental,0.2915576921388711
21516,2026-01-10 12:05:00,desconhecida,asia,0.2660903066048707
21517,2026-01-10 12:12:00,desconhecida,europa_ocidental,0.23049424777875713
21519,2026-01-10 12:30:00,desconhecida,europa_ocidental,0.30385899390813037
21520,2026-01-10 12:34:00,desconhecida,oriente_medio,0.5976465226042605
21521,2026-01-10 13:08:00,desconhecida,europa_ocidental,0.19924613709856534
21522,2026-01-10 13:29:00,desconhecida,europa_ocidental,0.307324541037119
21523,2026-01-10 13:49:00,desconhecida,europa_ocidental,0.5205082751106371
21525,2026-01-10 14:33:00,desconhecida,europa_ocidental,0.3639534768290414
21526,2026-01-10 14:41:00,desconhecida,america_central,0.3656837266406121
21529,2026-01-10 15:23:00,desconhecida,europa_ocidental,0.2526497328487281
21531,2026-01-10 15:23:00,desconhecida,europa_ocidental,0.3483846273731009
21532,2026-01-10 15:24:00,desconhecida,europa_ocidental,0.35835370921983556
21533,2026-01-10 15:24:00,desconhecida,america_sul,0.2396318851280941
21535,2026-01-10 15:24:00,desconhecida,europa_ocidental,0.27127845942364337
21537,2026-01-10 16:46:00,desconhecida,america_central,0.2305122748529571
21538,2026-01-10 17:02:00,desconhecida,europa_ocidental,0.40170598531389595
21539,2026-01-10 17:14:00,desconhecida,europa_ocidental,0.3209323946466464
21541,2026-01-10 19:38:00,desconhecida,europa_ocidental,0.3142020153992959
21542,2026-01-10 20:31:00,desconhecida,europa_ocidental,0.27310998637963907
21543,2026-01-10 21:12:00,desconhecida,europa_ocidental,0.20956611231453368
21545,2026-01-10 21:25:00,desconhecida,america_central,0.20330949309464108
21551,2026-01-11 04:56:00,desconhecida,america_sul,0.3922937298439633
21552,2026-01-11 05:12:00,desconhecida,europa_ocidental,0.2535668169561884
21554,2026-01-11 08:35:00,desconhecida,europa_ocidental,0.23812552428790992
21556,2026-01-11 09:34:00,desconhecida,europa_ocidental,0.35141589102459897
21558,2026-01-11 13:05:00,desconhecida,america_central,0.24792001693505802
21559,2026-01-11 13:48:00,desconhecida,america_norte,0.2578866427505196
21560,2026-01-11 19:30:00,desconhecida,europa_ocidental,0.36226296692024706
21563,2026-01-12 07:24:00,asia,asia,0.5287130467870944
21565,2026-01-12 12:42:00,desconhecida,europa_oriental,0.2528161841306764
21570,2026-01-12 15:04:00,desconhecida,europa_ocidental,0.2652143821996509
21573,2026-01-12 20:49:00,europa_ocidental,europa_ocidental,0.44252883597969406
21576,2026-01-12 23:55:00,europa_ocidental,europa_ocidental,0.3502001046470005
21577,2026-01-13 04:22:00,europa_ocidental,europa_ocidental,0.265285571165342
21578,2026-01-13 05:55:00,desconhecida,europa_ocidental,0.26347965919943117
21580,2026-01-13 05:55:00,desconhecida,america_norte,0.293179346421917
21581,2026-01-13 05:56:00,oriente_medio,oriente_medio,0.6222414899172144
21582,2026-01-13 05:56:00,europa_ocidental,europa_ocidental,0.32922722734059046
21583,2026-01-13 05:56:00,desconhecida,america_sul,0.48032813256571155
21584,2026-01-13 05:57:00,desconhecida,oriente_medio,0.3084010306671443
21585,2026-01-13 05:57:00,desconhecida,europa_ocidental,0.2178624072619088
21586,2026-01-13 05:58:00,europa_ocidental,europa_ocidental,0.272916000940369
21587,2026-01-13 05:58:00,desconhecida,europa_ocidental,0.35849965025529607
21588,2026-01-13 05:59:00,desconhecida,europa_ocidental,0.2930250817692046
21589,2026-01-13 06:00:00,desconhecida,asia,0.44306835798892263
21590,2026-01-13 06:00:00,desconhecida,europa_ocidental,0.29477074570520484
21591,2026-01-13 06:01:00,desconhecida,africa,0.3093573781070312
21594,2026-01-13 06:01:00,desconhecida,europa_ocidental,0.4577157402168937
21595,2026-01-13 06:02:00,desconhecida,europa_ocidental,0.30373873320004413
21596,2026-01-13 06:02:00,desconhecida,europa_oriental,0.5438681382748553
21599,2026-01-13 06:10:00,desconhecida,oriente_medio,0.6080360000095829
21602,2026-01-13 06:35:00,desconhecida,europa_ocidental,0.2272409215373082
21603,2026-01-13 06:45:00,desconhecida,america_sul,0.2666204374220994
21606,2026-01-13 06:53:00,desconhecida,oriente_medio,0.5194361546114143
21609,2026-01-13 07:02:00,desconhecida,oriente_medio,0.62616558958981
21610,2026-01-13 07:04:00,desconhecida,europa_ocidental,0.41020725916879724
21612,2026-01-13 07:06:00,desconhecida,europa_ocidental,0.1623054292963095
21613,2026-01-13 07:10:00,desconhecida,europa_ocidental,0.20143891689351465
21616,2026-01-13 07:22:00,desconhecida,america_sul,0.20103931743829762
21620,2026-01-13 07:46:00,desconhecida,europa_ocidental,0.40092821093167114
21621,2026-01-13 07:47:00,desconhecida,europa_ocidental,0.325489967753514
21623,2026-01-13 07:50:00,desconhecida,europa_ocidental,0.2619647914640567
21627,2026-01-13 08:02:00,desconhecida,oceania,0.2443157213118784
21628,2026-01-13 08:02:00,desconhecida,oceania,0.2443157213118784
21629,2026-01-13 08:03:00,desconhecida,america_central,0.375984643686131
21631,2026-01-13 08:10:00,desconhecida,asia,0.20842786249235223
21632,2026-01-13 08:11:00,desconhecida,europa_ocidental,0.4055549776163003
21633,2026-01-13 08:13:00,desconhecida,europa_ocidental,0.38554728623088835
21634,2026-01-13 08:15:00,desconhecida,europa_ocidental,0.2593806179589068
21635,2026-01-13 08:17:00,desconhecida,europa_ocidental,0.19335459338865563
21636,2026-01-13 08:25:00,desconhecida,europa_ocidental,0.23806939864001045
21638,2026-01-13 08:27:00,desconhecida,africa,0.35684509033925627
21639,2026-01-13 08:33:00,europa_ocidental,europa_ocidental,0.36874735900116823
21640,2026-01-13 08:33:00,desconhecida,europa_ocidental,0.283022376314198
21641,2026-01-13 08:34:00,desconhecida,oriente_medio,0.47326831081889564
21642,2026-01-13 08:36:00,desconhecida,europa_ocidental,0.2732494641433579
21643,2026-01-13 08:37:00,desconhecida,africa,0.24507302441887716
21644,2026-01-13 08:38:00,desconhecida,europa_ocidental,0.27170310959071203
21648,2026-01-13 09:07:00,desconhecida,america_central,0.6199682172438794
21650,2026-01-13 09:19:00,desconhecida,asia,0.21442247567836137
21653,2026-01-13 09:33:00,desconhecida,europa_ocidental,0.3279415829546475
21654,2026-01-13 09:34:00,desconhecida,oriente_medio,0.5407564853638006
21657,2026-01-13 09:52:00,desconhecida,america_sul,0.4100500272567099
21659,2026-01-13 09:59:00,europa_ocidental,europa_ocidental,0.33996694491811436
21660,2026-01-13 10:02:00,europa_ocidental,europa_ocidental,0.4819821411554963
21664,2026-01-13 10:13:00,europa_ocidental,europa_ocidental,0.31316027121992995
21665,2026-01-13 10:14:00,desconhecida,oriente_medio,0.4119253415179851
21667,2026-01-13 10:16:00,desconhecida,america_central,0.35916975905408
21668,2026-01-13 10:16:00,desconhecida,europa_ocidental,0.29773314126014805
21669,2026-01-13 10:17:00,desconhecida,europa_ocidental,0.40742052589815647
21673,2026-01-13 10:29:00,desconhecida,oriente_medio,0.6023347926583281
21674,2026-01-13 10:37:00,desconhecida,oriente_medio,0.5812218793390577
21675,2026-01-13 10:40:00,desconhecida,europa_ocidental,0.29774149269855443
21682,2026-01-13 11:25:00,desconhecida,america_sul,0.4218165735752921
21684,2026-01-13 11:29:00,desconhecida,asia,0.41028990619689204
21685,2026-01-13 11:30:00,desconhecida,europa_ocidental,0.2500997359641847
21686,2026-01-13 11:32:00,desconhecida,europa_ocidental,0.395068731698763
21687,2026-01-13 11:38:00,desconhecida,oriente_medio,0.5215568769879938
21688,2026-01-13 11:38:00,desconhecida,europa_oriental,0.2640044853701291
21689,2026-01-13 11:48:00,desconhecida,europa_ocidental,0.2955833582407515
21694,2026-01-13 12:00:00,desconhecida,europa_ocidental,0.3892048673902059
21698,2026-01-13 12:09:00,desconhecida,america_sul,0.5012407375154853
21700,2026-01-13 12:21:00,desconhecida,america_sul,0.2258004364790951
21707,2026-01-13 12:49:00,desconhecida,oriente_medio,0.36578646281385074
21708,2026-01-13 12:52:00,desconhecida,america_sul,0.2358971969685636
21711,2026-01-13 12:58:00,desconhecida,europa_ocidental,0.3298408063049878
21712,2026-01-13 13:08:00,desconhecida,europa_ocidental,0.21520119095766344
21713,2026-01-13 13:10:00,desconhecida,america_sul,0.4324802428775144
21714,2026-01-13 13:11:00,desconhecida,america_sul,0.2487208953753648
21717,2026-01-13 13:22:00,desconhecida,america_central,0.29201588841656734
21721,2026-01-13 13:46:00,desconhecida,europa_ocidental,0.23830962875088996
21723,2026-01-13 13:49:00,desconhecida,europa_ocidental,0.2942900826253352
21724,2026-01-13 13:59:00,desconhecida,oriente_medio,0.39478264302801525
21727,2026-01-13 14:35:00,desconhecida,america_central,0.24298165818666217
21737,2026-01-13 16:38:00,desconhecida,america_central,0.4139090641654194
21740,2026-01-13 17:01:00,desconhecida,europa_ocidental,0.34124823370978785
21741,2026-01-13 17:05:00,america_sul,america_sul,0.4815428494835112
21742,2026-01-13 17:13:00,desconhecida,oriente_medio,0.7091157298678864
21750,2026-01-13 18:11:00,desconhecida,europa_ocidental,0.21051947388650366
21754,2026-01-13 18:27:00,desconhecida,europa_ocidental,0.3027202250698279
21757,2026-01-13 18:42:00,desconhecida,america_sul,0.33754133956497523
21759,2026-01-13 18:49:00,desconhecida,europa_ocidental,0.3209226465821619
21761,2026-01-13 19:12:00,desconhecida,america_central,0.4139090641654194
21762,2026-01-13 19:24:00,desconhecida,europa_ocidental,0.24653450228638263
21766,2026-01-13 20:23:00,europa_ocidental,europa_ocidental,0.36731771399438584
21770,2026-01-13 20:53:00,desconhecida,europa_ocidental,0.24216736868512975
21784,2026-01-14 00:36:00,desconhecida,america_sul,0.4725710837538974
21785,2026-01-14 01:05:00,desconhecida,america_sul,0.7165074974874855
21790,2026-01-14 03:04:00,desconhecida,oriente_medio,0.6270028053788658
21792,2026-01-14 04:11:00,desconhecida,europa_ocidental,0.2612263819019322
21797,2026-01-14 05:34:00,desconhecida,europa_ocidental,0.38033449541443565
21800,2026-01-14 06:31:00,desconhecida,europa_ocidental,0.2941569659033273
21801,2026-01-14 08:12:00,desconhecida,europa_ocidental,0.22839481535998363
21802,2026-01-14 08:24:00,desconhecida,europa_ocidental,0.2598872208104311
21803,2026-01-14 08:58:00,desconhecida,america_sul,0.2637578067148765
21806,2026-01-14 09:55:00,desconhecida,asia,0.3049905574141911
21808,2026-01-14 10:07:00,desconhecida,oriente_medio,0.6985104404064002
21814,2026-01-14 10:52:00,desconhecida,america_sul,0.41914983813800194
21816,2026-01-14 11:40:00,desconhecida,europa_ocidental,0.26782045500240004
21817,2026-01-14 11:40:00,europa_ocidental,europa_ocidental,0.32706007827987826
21821,2026-01-14 13:12:00,america_central,america_central,0.49072137026465446
21824,2026-01-14 14:30:00,europa_oriental,europa_oriental,0.5947452432525773
21829,2026-01-14 15:25:00,america_sul,america_sul,0.3837628122602112
21834,2026-01-14 17:51:00,europa_ocidental,europa_ocidental,0.2631640994934724
21836,2026-01-14 18:15:00,desconhecida,europa_ocidental,0.32169821734336224
21838,2026-01-14 18:30:00,desconhecida,europa_ocidental,0.24668733077322783
21839,2026-01-14 18:43:00,desconhecida,europa_ocidental,0.2655473412152653
21840,2026-01-14 19:00:00,desconhecida,europa_ocidental,0.3272412562959506
21841,2026-01-14 19:01:00,desconhecida,europa_ocidental,0.25187880522289335
21842,2026-01-14 19:30:00,desconhecida,europa_ocidental,0.26753444950771854
21843,2026-01-14 19:32:00,desconhecida,america_sul,0.28074380268261423
21844,2026-01-14 19:42:00,desconhecida,europa_ocidental,0.2480953425475077
21845,2026-01-14 19:45:00,desconhecida,europa_ocidental,0.2014798638859503
21846,2026-01-14 19:52:00,desconhecida,europa_ocidental,0.2732166158841085
21848,2026-01-14 20:15:00,europa_ocidental,europa_ocidental,0.24603454718871184
21852,2026-01-14 21:45:00,desconhecida,europa_ocidental,0.36708711994195764
21853,2026-01-14 21:55:00,desconhecida,europa_ocidental,0.2382194677146709
21854,2026-01-14 22:30:00,desconhecida,europa_ocidental,0.25974021850544127
21855,2026-01-14 22:52:00,desconhecida,europa_ocidental,0.3746111570881115
21856,2026-01-14 23:11:00,desconhecida,europa_ocidental,0.2779306266086283
21858,2026-01-14 23:46:00,desconhecida,america_central,0.41256732788149464
21859,2026-01-15 02:38:00,desconhecida,america_sul,0.37936539339573455
21860,2026-01-15 03:04:00,desconhecida,america_sul,0.40759058008053284
21861,2026-01-15 04:00:00,desconhecida,america_sul,0.3032088162596809
21862,2026-01-15 04:09:00,desconhecida,europa_ocidental,0.33105226214467476
21865,2026-01-15 07:00:00,desconhecida,europa_ocidental,0.17131499030176472
21867,2026-01-15 09:04:00,desconhecida,europa_ocidental,0.29582488553138936
21868,2026-01-15 09:18:00,desconhecida,europa_ocidental,0.3124073456069767
21869,2026-01-15 09:50:00,desconhecida,america_sul,0.25964385938320544
21876,2026-01-15 11:00:00,desconhecida,europa_ocidental,0.2171044459816287
21896,2026-01-15 12:36:00,desconhecida,europa_ocidental,0.39206048506766783
21897,2026-01-15 12:37:00,desconhecida,europa_ocidental,0.39728726801967146
21900,2026-01-15 12:37:00,desconhecida,america_sul,0.5299951485463477
21903,2026-01-15 13:00:00,desconhecida,europa_ocidental,0.2944543824485905
21909,2026-01-15 14:00:00,desconhecida,america_norte,0.20938668189153625
21910,2026-01-15 14:01:00,desconhecida,europa_ocidental,0.18607316208611796
21911,2026-01-15 14:01:00,desconhecida,europa_ocidental,0.30007502226670146
21912,2026-01-15 14:30:00,desconhecida,europa_ocidental,0.26889403112304044
21914,2026-01-15 14:42:00,desconhecida,europa_ocidental,0.30036805978079073
21915,2026-01-15 14:44:00,desconhecida,oriente_medio,0.4966007860500739
21917,2026-01-15 14:47:00,desconhecida,europa_ocidental,0.21120346754920927
21918,2026-01-15 15:00:00,desconhecida,europa_ocidental,0.37805161472458987
21919,2026-01-15 15:00:00,desconhecida,europa_ocidental,0.29734453598950716
21920,2026-01-15 15:00:00,desconhecida,america_norte,0.22440849217060413
21921,2026-01-15 15:01:00,desconhecida,europa_ocidental,0.32383281880489223
21923,2026-01-15 15:01:00,desconhecida,europa_ocidental,0.28243348553524633
22164,2026-01-15 18:20:00,desconhecida,europa_ocidental,0.24987118724231447
22165,2026-01-15 18:20:00,desconhecida,europa_ocidental,0.31464784499694565
22166,2026-01-15 18:20:00,desconhecida,europa_ocidental,0.3637903493378569
22167,2026-01-15 18:20:00,desconhecida,europa_ocidental,0.3801656648990711
22168,2026-01-15 18:21:00,desconhecida,europa_ocidental,0.31963907299053673
22169,2026-01-15 18:21:00,desconhecida,oriente_medio,0.49162185854510343
22170,2026-01-15 18:21:00,desconhecida,europa_ocidental,0.3578263465820323
22171,2026-01-15 18:22:00,desconhecida,europa_ocidental,0.25551150608140794
22172,2026-01-15 18:22:00,desconhecida,europa_ocidental,0.25551150608140794
22173,2026-01-15 18:22:00,desconhecida,europa_oriental,0.3518731415542775
22174,2026-01-15 18:23:00,desconhecida,europa_ocidental,0.32945314275739457
22175,2026-01-15 18:23:00,desconhecida,europa_ocidental,0.32945314275739457
22176,2026-01-15 18:23:00,desconhecida,europa_oriental,0.4111330919384032
22177,2026-01-15 18:24:00,desconhecida,europa_ocidental,0.37644111719571743
22178,2026-01-15 18:24:00,desconhecida,europa_ocidental,0.3463880313308294
22180,2026-01-15 18:24:00,desconhecida,europa_ocidental,0.20131207242409252
22181,2026-01-15 18:24:00,desconhecida,europa_ocidental,0.23340014312310922
22183,2026-01-15 18:30:00,desconhecida,europa_ocidental,0.2603398050201363
22184,2026-01-15 18:58:00,desconhecida,europa_ocidental,0.25248592652322854
22185,2026-01-15 19:00:00,desconhecida,europa_ocidental,0.20782709504289207
22187,2026-01-15 19:00:00,desconhecida,europa_ocidental,0.25380508966770693
22188,2026-01-15 19:01:00,desconhecida,europa_ocidental,0.30548142094329866
22189,2026-01-15 19:25:00,desconhecida,europa_ocidental,0.26221425566600276
22191,2026-01-15 19:25:00,desconhecida,europa_ocidental,0.2636801813426057
22192,2026-01-15 19:30:00,desconhecida,europa_ocidental,0.31234414793018805
22193,2026-01-15 19:49:00,desconhecida,europa_ocidental,0.47307942329910446
22194,2026-01-15 20:00:00,desconhecida,america_sul,0.28497842599102924
22195,2026-01-15 20:15:00,desconhecida,europa_ocidental,0.3546523918276753
22196,2026-01-15 20:30:00,desconhecida,europa_ocidental,0.21134555433220853
22197,2026-01-15 20:36:00,desconhecida,europa_ocidental,0.2909716325915793
22199,2026-01-15 20:37:00,desconhecida,europa_ocidental,0.2580978090942139
22200,2026-01-15 20:38:00,desconhecida,europa_ocidental,0.30449926680138983
22203,2026-01-15 21:50:00,desconhecida,europa_ocidental,0.31432120496316374
22204,2026-01-15 21:52:00,desconhecida,america_norte,0.4195975883844358
22205,2026-01-15 23:20:00,desconhecida,america_sul,0.34354822724875683
22206,2026-01-16 00:26:00,desconhecida,europa_ocidental,0.37307380860704753
22209,2026-01-16 16:11:00,desconhecida,europa_ocidental,0.2755712573046591
22210,2026-01-16 16:11:00,desconhecida,europa_ocidental,0.2755712573046591
22211,2026-01-16 16:12:00,desconhecida,europa_ocidental,0.37316975031192934
22216,2026-01-16 16:13:00,desconhecida,europa_ocidental,0.2466226879404132
22217,2026-01-16 16:13:00,desconhecida,europa_ocidental,0.2818445763690642
22218,2026-01-16 16:13:00,desconhecida,europa_ocidental,0.2417045705855001
22219,2026-01-16 16:14:00,desconhecida,europa_ocidental,0.2881500602363301
22220,2026-01-16 16:14:00,desconhecida,asia,0.20744938371240498
22221,2026-01-16 16:14:00,desconhecida,europa_ocidental,0.3921169325768741
22223,2026-01-16 16:16:00,desconhecida,europa_ocidental,0.36111035799585967
22224,2026-01-16 16:16:00,desconhecida,europa_ocidental,0.3526327056451903
22225,2026-01-16 16:18:00,desconhecida,europa_ocidental,0.280248113424343
22226,2026-01-16 16:18:00,desconhecida,america_central,0.19785827981392173
22227,2026-01-16 16:18:00,europa_ocidental,europa_ocidental,0.3276176192781968
22228,2026-01-16 16:18:00,desconhecida,europa_ocidental,0.22056677574399194
22229,2026-01-16 16:19:00,desconhecida,europa_ocidental,0.25185573571901787
22230,2026-01-16 16:19:00,desconhecida,europa_ocidental,0.2827264588096651
22231,2026-01-16 16:19:00,desconhecida,europa_oriental,0.27071692840409745
22233,2026-01-16 16:21:00,desconhecida,europa_ocidental,0.22076753682360076
22234,2026-01-16 16:22:00,desconhecida,america_norte,0.20420835126300554
22235,2026-01-16 16:22:00,desconhecida,europa_ocidental,0.2792974377862438
22236,2026-01-16 16:22:00,desconhecida,oriente_medio,0.5735195399158655
22237,2026-01-16 16:23:00,desconhecida,europa_ocidental,0.183638474939339
22238,2026-01-16 16:23:00,desconhecida,america_norte,0.3520623273427603
22242,2026-01-16 16:25:00,desconhecida,europa_ocidental,0.301541499597133
22243,2026-01-16 16:26:00,desconhecida,europa_ocidental,0.2690981460813663
22247,2026-01-16 16:27:00,desconhecida,europa_ocidental,0.3089554781809069
22250,2026-01-16 16:27:00,europa_ocidental,europa_ocidental,0.3790085555098067
22251,2026-01-16 16:30:00,desconhecida,oriente_medio,0.6515168248010984
22252,2026-01-16 16:37:00,desconhecida,america_central,0.29296390026162195
22253,2026-01-16 16:39:00,desconhecida,oriente_medio,0.5080532535236983
22256,2026-01-16 16:55:00,desconhecida,europa_ocidental,0.303275842332517
22257,2026-01-16 16:55:00,desconhecida,europa_ocidental,0.2656203652000627
22259,2026-01-16 17:30:00,desconhecida,europa_ocidental,0.3185719469753891
22260,2026-01-16 17:30:00,desconhecida,europa_ocidental,0.3669051980614806
22261,2026-01-16 17:48:00,desconhecida,europa_ocidental,0.23517140696927533
22262,2026-01-16 17:48:00,desconhecida,europa_oriental,0.5485589727785134
22263,2026-01-16 17:50:00,desconhecida,europa_ocidental,0.29098838030049484
22264,2026-01-16 17:50:00,desconhecida,europa_ocidental,0.18087441830997036
22266,2026-01-16 18:15:00,desconhecida,europa_ocidental,0.3273599406144608
22267,2026-01-16 18:30:00,desconhecida,europa_oriental,0.4715625763753799
22268,2026-01-16 18:30:00,desconhecida,europa_ocidental,0.3745242359442763
22270,2026-01-16 19:00:00,desconhecida,europa_oriental,0.32501904875515675
22271,2026-01-16 19:08:00,desconhecida,america_central,0.5326597786238109
22273,2026-01-16 19:14:00,desconhecida,europa_ocidental,0.40880975463157926
22274,2026-01-16 19:23:00,desconhecida,europa_ocidental,0.40080934140281094
22276,2026-01-16 20:02:00,desconhecida,europa_ocidental,0.2697057193219088
22278,2026-01-16 20:30:00,desconhecida,europa_ocidental,0.2893513225273712
22280,2026-01-16 20:45:00,desconhecida,oceania,0.8562940931507793
22288,2026-01-17 11:35:00,desconhecida,europa_ocidental,0.3024415404900806
22290,2026-01-17 11:36:00,desconhecida,europa_ocidental,0.2583442887111608
22291,2026-01-17 11:36:00,desconhecida,europa_ocidental,0.28294611219454646
22296,2026-01-17 11:37:00,desconhecida,europa_ocidental,0.34332738412804015
22299,2026-01-17 11:37:00,desconhecida,europa_ocidental,0.2923826494070572
22301,2026-01-17 11:38:00,desconhecida,europa_ocidental,0.2997041948614939
22302,2026-01-17 11:40:00,desconhecida,europa_ocidental,0.36886364367758884
22303,2026-01-17 11:40:00,desconhecida,europa_ocidental,0.3878067910006636
22306,2026-01-17 11:40:00,desconhecida,america_sul,0.190069430443267
22307,2026-01-17 11:41:00,desconhecida,europa_ocidental,0.29026253818678094
22312,2026-01-17 11:51:00,desconhecida,europa_ocidental,0.41287585073632455
22313,2026-01-17 11:56:00,desconhecida,oriente_medio,0.7506095427546946
22314,2026-01-17 12:00:00,desconhecida,europa_ocidental,0.28937159484313696
22316,2026-01-17 12:30:00,desconhecida,oriente_medio,0.24839833363133
22317,2026-01-17 12:40:00,desconhecida,europa_ocidental,0.26963669971207666
22321,2026-01-17 13:05:00,desconhecida,europa_ocidental,0.2745346740198092
22539,2026-01-17 17:41:00,desconhecida,oriente_medio,0.7422196845678691
22540,2026-01-17 18:00:00,desconhecida,europa_ocidental,0.250406130759479
22542,2026-01-17 18:47:00,desconhecida,europa_ocidental,0.2765137052773131
22543,2026-01-17 19:00:00,desconhecida,europa_ocidental,0.29256572110585327
22545,2026-01-17 19:00:00,desconhecida,europa_ocidental,0.32298414716745294
22546,2026-01-17 19:05:00,desconhecida,america_sul,0.21982615658098995
22547,2026-01-17 19:30:00,desconhecida,europa_ocidental,0.319108154557665
22549,2026-01-17 21:00:00,desconhecida,america_sul,0.21170321407581777
22550,2026-01-17 21:00:00,desconhecida,america_sul,0.4347021286110997
22551,2026-01-17 22:19:00,desconhecida,europa_oriental,0.35030904378936234
22554,2026-01-18 00:32:00,desconhecida,oriente_medio,0.6044434397331336
22557,2026-01-18 04:57:00,desconhecida,america_sul,0.20948295489518984
22559,2026-01-18 05:06:00,desconhecida,europa_ocidental,0.3380094403064159
22564,2026-01-18 09:05:00,desconhecida,europa_ocidental,0.21467248606054629
22566,2026-01-18 09:27:00,desconhecida,oriente_medio,0.7130078122729213
22567,2026-01-18 10:47:00,desconhecida,asia,0.3395719581850446
22568,2026-01-18 11:09:00,desconhecida,europa_ocidental,0.32660680462093694
22569,2026-01-18 17:26:00,desconhecida,oriente_medio,0.5033575860813545
22570,2026-01-18 18:45:00,desconhecida,europa_ocidental,0.34762776943371965
22571,2026-01-18 19:10:00,desconhecida,europa_ocidental,0.23457692261301233
22572,2026-01-18 20:22:00,desconhecida,america_sul,0.24816986474688604
22573,2026-01-18 20:49:00,desconhecida,europa_ocidental,0.25359010930474585
22575,2026-01-18 21:00:00,desconhecida,europa_ocidental,0.2964368073559744
22656,2026-01-19 11:58:00,desconhecida,europa_ocidental,0.2467854704731625
22657,2026-01-19 11:58:00,desconhecida,oriente_medio,0.48121380721880763
22658,2026-01-19 13:53:00,desconhecida,europa_ocidental,0.22667046295366616
22660,2026-01-19 16:02:00,desconhecida,europa_oriental,0.21548456753964335
22661,2026-01-19 16:26:00,desconhecida,america_sul,0.24230260445111165
22662,2026-01-19 17:01:00,desconhecida,europa_ocidental,0.28143734450530733
22665,2026-01-19 19:37:00,desconhecida,america_sul,0.3189469658217162
22666,2026-01-19 19:37:00,desconhecida,europa_ocidental,0.3233827238984834
22667,2026-01-19 19:38:00,desconhecida,america_sul,0.43395415912081853
22668,2026-01-19 19:38:00,desconhecida,europa_ocidental,0.2843394831693015
22669,2026-01-19 19:38:00,desconhecida,america_sul,0.4256228342725135
22670,2026-01-19 19:39:00,desconhecida,america_sul,0.36157148819633705
22672,2026-01-19 19:41:00,desconhecida,america_central,0.35720442477062514
22673,2026-01-19 19:42:00,desconhecida,oriente_medio,0.19713915618595523
22674,2026-01-19 19:43:00,desconhecida,africa,0.19007678135410178
22675,2026-01-19 20:00:00,desconhecida,europa_ocidental,0.23864235586239743
22676,2026-01-19 20:03:00,desconhecida,america_sul,0.453344167969533
22677,2026-01-19 20:08:00,desconhecida,europa_ocidental,0.23479057023861127
22679,2026-01-19 20:16:00,desconhecida,europa_ocidental,0.26312239521042774
22680,2026-01-19 20:48:00,desconhecida,europa_ocidental,0.31442449404243383
22682,2026-01-19 21:08:00,desconhecida,america_sul,0.3555372232174283
22683,2026-01-19 21:32:00,desconhecida,oriente_medio,0.5338740564517432
22684,2026-01-19 21:45:00,desconhecida,europa_ocidental,0.3956741789165692
22689,2026-01-19 22:22:00,desconhecida,europa_ocidental,0.41240995288912746
22693,2026-01-19 22:46:00,desconhecida,europa_ocidental,0.23581127194699814
22696,2026-01-20 03:51:00,desconhecida,oriente_medio,0.6182295964333048
22697,2026-01-20 03:51:00,desconhecida,america_sul,0.3946740122353459
22698,2026-01-20 03:51:00,desconhecida,oriente_medio,0.38078476061003136
22703,2026-01-20 04:02:00,desconhecida,oriente_medio,0.7254210235943856
22704,2026-01-20 04:04:00,desconhecida,oriente_medio,0.5620763477711502
22705,2026-01-20 04:05:00,desconhecida,europa_ocidental,0.26711102943843723
22706,2026-01-20 04:10:00,desconhecida,oriente_medio,0.24837016193258662
22707,2026-01-20 04:11:00,desconhecida,europa_ocidental,0.4425750963996515
22709,2026-01-20 04:11:00,desconhecida,europa_ocidental,0.23576829983505646
22710,2026-01-20 04:11:00,desconhecida,america_sul,0.3276468439724601
22711,2026-01-20 04:21:00,desconhecida,oriente_medio,0.6431432033703781
22712,2026-01-20 04:22:00,desconhecida,europa_ocidental,0.2627747051134937
22713,2026-01-20 04:28:00,desconhecida,europa_ocidental,0.4677918492063479
22714,2026-01-20 04:29:00,desconhecida,europa_ocidental,0.3703683929659071
22721,2026-01-20 04:45:00,desconhecida,europa_ocidental,0.2666070623621342
22723,2026-01-20 04:53:00,desconhecida,europa_ocidental,0.3090730957084525
22724,2026-01-20 05:02:00,desconhecida,america_central,0.6640759413771118
22725,2026-01-20 05:06:00,desconhecida,oriente_medio,0.35721255642340094
22728,2026-01-20 05:17:00,desconhecida,asia,0.33910235469226313
22729,2026-01-20 05:33:00,desconhecida,america_sul,0.17714918480559907
22730,2026-01-20 05:34:00,desconhecida,europa_ocidental,0.30850203323445585
22732,2026-01-20 05:40:00,europa_ocidental,europa_ocidental,0.44589857902082336
22735,2026-01-20 06:02:00,desconhecida,europa_ocidental,0.3005132912879311
22737,2026-01-20 06:18:00,desconhecida,oceania,0.2936803688211372
22744,2026-01-20 07:03:00,desconhecida,europa_ocidental,0.2508641224217165
22745,2026-01-20 07:06:00,desconhecida,europa_ocidental,0.19055886550420895
22746,2026-01-20 07:13:00,desconhecida,europa_ocidental,0.29117929537419873
22748,2026-01-20 07:32:00,desconhecida,europa_oriental,0.30137288079433056
22750,2026-01-20 07:43:00,desconhecida,europa_ocidental,0.3950372857119776
22751,2026-01-20 07:45:00,desconhecida,oriente_medio,0.3727722771729288
22757,2026-01-20 08:25:00,desconhecida,america_sul,0.3182039561345401
22770,2026-01-20 09:00:00,desconhecida,europa_ocidental,0.27170310959071203
22772,2026-01-20 09:19:00,desconhecida,europa_ocidental,0.3023631111851223
22776,2026-01-20 09:29:00,desconhecida,europa_oriental,0.4958961946173243
22777,2026-01-20 09:31:00,desconhecida,oriente_medio,0.2448260452364425
