ID Aposta,BIA_ApostaUTC,week,score_v1_cls_logit_wf12,score_v1_cls_hgb_wf12
0,2025-08-16 22:03:00,2025-08-11/2025-08-17,,
1,2025-08-17 10:28:00,2025-08-11/2025-08-17,,
3,2025-08-18 09:55:00,2025-08-18/2025-08-24,,
4,2025-08-18 11:22:00,2025-08-18/2025-08-24,,
5,2025-08-18 11:24:00,2025-08-18/2025-08-24,,
6,2025-08-19 20:16:00,2025-08-18/2025-08-24,,
7,2025-08-19 21:02:00,2025-08-18/2025-08-24,,
8,2025-08-19 21:22:00,2025-08-18/2025-08-24,,
9,2025-08-19 21:24:00,2025-08-18/2025-08-24,,
10,2025-08-19 21:35:00,2025-08-18/2025-08-24,,
11,2025-08-19 23:47:00,2025-08-18/2025-08-24,,
12,2025-08-20 00:23:00,2025-08-18/2025-08-24,,
13,2025-08-20 01:29:00,2025-08-18/2025-08-24,,
14,2025-08-20 02:06:00,2025-08-18/2025-08-24,,
15,2025-08-20 09:47:00,2025-08-18/2025-08-24,,
16,2025-08-20 09:48:00,2025-08-18/2025-08-24,,
17,2025-08-20 09:50:00,2025-08-18/2025-08-24,,
18,2025-08-20 09:52:00,2025-08-18/2025-08-24,,
19,2025-08-20 10:58:00,2025-08-18/2025-08-24,,
20,2025-08-20 11:44:00,2025-08-18/2025-08-24,,
21,2025-08-20 13:46:00,2025-08-18/2025-08-24,,
22,2025-08-20 14:19:00,2025-08-18/2025-08-24,,
23,2025-08-20 16:09:00,2025-08-18/2025-08-24,,
24,2025-08-20 16:31:00,2025-08-18/2025-08-24,,
25,2025-08-20 16:58:00,2025-08-18/2025-08-24,,
26,2025-08-20 19:55:00,2025-08-18/2025-08-24,,
27,2025-08-21 00:58:00,2025-08-18/2025-08-24,,
28,2025-08-21 01:39:00,2025-08-18/2025-08-24,,
29,2025-08-21 14:18:00,2025-08-18/2025-08-24,,
30,2025-08-21 14:19:00,2025-08-18/2025-08-24,,
31,2025-08-21 14:21:00,2025-08-18/2025-08-24,,
32,2025-08-21 15:13:00,2025-08-18/2025-08-24,,
33,2025-08-21 15:20:00,2025-08-18/2025-08-24,,
34,2025-08-21 15:22:00,2025-08-18/2025-08-24,,
35,2025-08-21 16:20:00,2025-08-18/2025-08-24,,
36,2025-08-21 17:01:00,2025-08-18/2025-08-24,,
37,2025-08-21 17:49:00,2025-08-18/2025-08-24,,
38,2025-08-22 10:20:00,2025-08-18/2025-08-24,,
39,2025-08-22 10:24:00,2025-08-18/2025-08-24,,
40,2025-08-22 10:30:00,2025-08-18/2025-08-24,,
41,2025-08-22 10:32:00,2025-08-18/2025-08-24,,
42,2025-08-22 10:48:00,2025-08-18/2025-08-24,,
43,2025-08-22 11:15:00,2025-08-18/2025-08-24,,
44,2025-08-22 11:42:00,2025-08-18/2025-08-24,,
45,2025-08-22 12:19:00,2025-08-18/2025-08-24,,
46,2025-08-22 12:20:00,2025-08-18/2025-08-24,,
47,2025-08-22 12:22:00,2025-08-18/2025-08-24,,
48,2025-08-22 13:07:00,2025-08-18/2025-08-24,,
49,2025-08-22 13:13:00,2025-08-18/2025-08-24,,
50,2025-08-22 13:30:00,2025-08-18/2025-08-24,,
51,2025-08-22 13:48:00,2025-08-18/2025-08-24,,
52,2025-08-22 13:48:00,2025-08-18/2025-08-24,,
53,2025-08-22 13:56:00,2025-08-18/2025-08-24,,
54,2025-08-22 13:58:00,2025-08-18/2025-08-24,,
55,2025-08-22 14:00:00,2025-08-18/2025-08-24,,
56,2025-08-22 14:15:00,2025-08-18/2025-08-24,,
57,2025-08-22 14:16:00,2025-08-18/2025-08-24,,
58,2025-08-22 14:18:00,2025-08-18/2025-08-24,,
59,2025-08-23 21:47:00,2025-08-18/2025-08-24,,
60,2025-08-23 21:49:00,2025-08-18/2025-08-24,,
62,2025-08-26 17:38:00,2025-08-25/2025-08-31,,
63,2025-08-26 18:21:00,2025-08-25/2025-08-31,,
64,2025-08-26 22:39:00,2025-08-25/2025-08-31,,
65,2025-08-26 22:41:00,2025-08-25/2025-08-31,,
66,2025-08-27 00:07:00,2025-08-25/2025-08-31,,
67,2025-08-27 09:21:00,2025-08-25/2025-08-31,,
68,2025-08-27 09:28:00,2025-08-25/2025-08-31,,
69,2025-08-27 09:38:00,2025-08-25/2025-08-31,,
70,2025-08-27 09:39:00,2025-08-25/2025-08-31,,
71,2025-08-27 09:55:00,2025-08-25/2025-08-31,,
72,2025-08-27 10:26:00,2025-08-25/2025-08-31,,
73,2025-08-27 11:08:00,2025-08-25/2025-08-31,,
74,2025-08-28 09:49:00,2025-08-25/2025-08-31,,
75,2025-08-28 09:54:00,2025-08-25/2025-08-31,,
76,2025-08-28 11:30:00,2025-08-25/2025-08-31,,
77,2025-08-28 11:32:00,2025-08-25/2025-08-31,,
78,2025-08-28 11:39:00,2025-08-25/2025-08-31,,
79,2025-08-28 11:58:00,2025-08-25/2025-08-31,,
80,2025-08-28 12:00:00,2025-08-25/2025-08-31,,
81,2025-08-28 16:15:00,2025-08-25/2025-08-31,,
82,2025-08-28 16:31:00,2025-08-25/2025-08-31,,
83,2025-08-28 16:33:00,2025-08-25/2025-08-31,,
84,2025-08-28 16:35:00,2025-08-25/2025-08-31,,
85,2025-08-28 18:33:00,2025-08-25/2025-08-31,,
86,2025-08-28 21:36:00,2025-08-25/2025-08-31,,
87,2025-08-28 21:39:00,2025-08-25/2025-08-31,,
88,2025-08-28 21:46:00,2025-08-25/2025-08-31,,
89,2025-08-29 09:30:00,2025-08-25/2025-08-31,,
90,2025-08-29 09:34:00,2025-08-25/2025-08-31,,
91,2025-08-29 09:35:00,2025-08-25/2025-08-31,,
92,2025-08-29 09:39:00,2025-08-25/2025-08-31,,
93,2025-08-29 09:40:00,2025-08-25/2025-08-31,,
94,2025-08-29 10:21:00,2025-08-25/2025-08-31,,
95,2025-08-29 10:22:00,2025-08-25/2025-08-31,,
96,2025-08-29 10:24:00,2025-08-25/2025-08-31,,
97,2025-08-29 10:25:00,2025-08-25/2025-08-31,,
98,2025-08-29 10:26:00,2025-08-25/2025-08-31,,
99,2025-08-29 10:28:00,2025-08-25/2025-08-31,,
100,2025-08-29 10:30:00,2025-08-25/2025-08-31,,
101,2025-08-29 10:31:00,2025-08-25/2025-08-31,,
102,2025-08-29 10:31:00,2025-08-25/2025-08-31,,
103,2025-08-29 10:47:00,2025-08-25/2025-08-31,,
104,2025-08-29 10:53:00,2025-08-25/2025-08-31,,
105,2025-08-29 10:55:00,2025-08-25/2025-08-31,,
106,2025-08-29 11:04:00,2025-08-25/2025-08-31,,
107,2025-08-29 11:04:00,2025-08-25/2025-08-31,,
108,2025-08-30 10:26:00,2025-08-25/2025-08-31,,
109,2025-08-30 10:31:00,2025-08-25/2025-08-31,,
110,2025-08-30 10:33:00,2025-08-25/2025-08-31,,
111,2025-08-30 10:33:00,2025-08-25/2025-08-31,,
112,2025-08-30 10:34:00,2025-08-25/2025-08-31,,
113,2025-08-30 10:36:00,2025-08-25/2025-08-31,,
114,2025-08-30 10:37:00,2025-08-25/2025-08-31,,
115,2025-08-30 10:45:00,2025-08-25/2025-08-31,,
116,2025-08-30 11:21:00,2025-08-25/2025-08-31,,
117,2025-08-30 11:24:00,2025-08-25/2025-08-31,,
118,2025-08-30 11:31:00,2025-08-25/2025-08-31,,
119,2025-08-30 11:31:00,2025-08-25/2025-08-31,,
120,2025-08-30 11:42:00,2025-08-25/2025-08-31,,
121,2025-08-30 11:43:00,2025-08-25/2025-08-31,,
122,2025-01-09 17:47:00,2025-01-06/2025-01-12,,
123,2025-01-09 17:54:00,2025-01-06/2025-01-12,,
124,2025-03-09 12:09:00,2025-03-03/2025-03-09,,
125,2025-03-09 12:12:00,2025-03-03/2025-03-09,,
126,2025-03-09 13:06:00,2025-03-03/2025-03-09,,
127,2025-03-09 13:16:00,2025-03-03/2025-03-09,,
128,2025-03-09 13:18:00,2025-03-03/2025-03-09,,
129,2025-03-09 13:22:00,2025-03-03/2025-03-09,,
130,2025-03-09 13:34:00,2025-03-03/2025-03-09,,
131,2025-03-09 13:48:00,2025-03-03/2025-03-09,,
132,2025-04-09 09:09:00,2025-04-07/2025-04-13,,
133,2025-04-09 09:10:00,2025-04-07/2025-04-13,,
134,2025-04-09 09:21:00,2025-04-07/2025-04-13,,
135,2025-04-09 09:37:00,2025-04-07/2025-04-13,,
136,2025-04-09 09:47:00,2025-04-07/2025-04-13,,
137,2025-04-09 09:54:00,2025-04-07/2025-04-13,,
138,2025-04-09 09:59:00,2025-04-07/2025-04-13,,
139,2025-04-09 10:06:00,2025-04-07/2025-04-13,,
140,2025-04-09 10:08:00,2025-04-07/2025-04-13,,
141,2025-04-09 10:21:00,2025-04-07/2025-04-13,,
142,2025-04-09 10:30:00,2025-04-07/2025-04-13,,
143,2025-04-09 10:35:00,2025-04-07/2025-04-13,,
144,2025-04-09 10:43:00,2025-04-07/2025-04-13,,
145,2025-04-09 10:44:00,2025-04-07/2025-04-13,,
146,2025-04-09 10:46:00,2025-04-07/2025-04-13,,
147,2025-04-09 10:50:00,2025-04-07/2025-04-13,,
148,2025-04-09 10:55:00,2025-04-07/2025-04-13,,
149,2025-04-09 10:58:00,2025-04-07/2025-04-13,,
150,2025-04-09 11:40:00,2025-04-07/2025-04-13,,
151,2025-04-09 11:42:00,2025-04-07/2025-04-13,,
153,2025-04-09 11:48:00,2025-04-07/2025-04-13,,
154,2025-04-09 11:52:00,2025-04-07/2025-04-13,,
155,2025-04-09 12:37:00,2025-04-07/2025-04-13,,
156,2025-04-09 12:45:00,2025-04-07/2025-04-13,,
157,2025-04-09 12:46:00,2025-04-07/2025-04-13,,
158,2025-04-09 15:23:00,2025-04-07/2025-04-13,,
159,2025-04-09 15:39:00,2025-04-07/2025-04-13,,
160,2025-04-09 16:07:00,2025-04-07/2025-04-13,,
161,2025-04-09 16:55:00,2025-04-07/2025-04-13,,
162,2025-04-09 17:12:00,2025-04-07/2025-04-13,,
163,2025-04-09 18:36:00,2025-04-07/2025-04-13,,
164,2025-04-09 18:36:00,2025-04-07/2025-04-13,,
165,2025-09-04 18:48:00,2025-09-01/2025-09-07,,
166,2025-09-04 18:55:00,2025-09-01/2025-09-07,,
167,2025-09-04 19:11:00,2025-09-01/2025-09-07,,
168,2025-09-04 19:21:00,2025-09-01/2025-09-07,,
169,2025-09-04 21:48:00,2025-09-01/2025-09-07,,
170,2025-09-04 22:23:00,2025-09-01/2025-09-07,,
171,2025-09-04 22:59:00,2025-09-01/2025-09-07,,
172,2025-09-05 09:24:00,2025-09-01/2025-09-07,,
173,2025-09-05 09:30:00,2025-09-01/2025-09-07,,
174,2025-09-05 09:41:00,2025-09-01/2025-09-07,,
175,2025-09-05 09:44:00,2025-09-01/2025-09-07,,
176,2025-09-05 10:00:00,2025-09-01/2025-09-07,,
177,2025-09-05 10:02:00,2025-09-01/2025-09-07,,
178,2025-09-05 10:04:00,2025-09-01/2025-09-07,,
179,2025-09-05 10:05:00,2025-09-01/2025-09-07,,
180,2025-09-05 10:06:00,2025-09-01/2025-09-07,,
181,2025-09-05 10:46:00,2025-09-01/2025-09-07,,
182,2025-09-05 10:47:00,2025-09-01/2025-09-07,,
183,2025-09-05 11:31:00,2025-09-01/2025-09-07,,
184,2025-09-05 11:56:00,2025-09-01/2025-09-07,,
185,2025-09-05 11:58:00,2025-09-01/2025-09-07,,
186,2025-09-05 12:09:00,2025-09-01/2025-09-07,,
187,2025-09-05 12:22:00,2025-09-01/2025-09-07,,
188,2025-09-05 12:25:00,2025-09-01/2025-09-07,,
189,2025-09-05 12:34:00,2025-09-01/2025-09-07,,
190,2025-09-05 12:35:00,2025-09-01/2025-09-07,,
191,2025-09-05 12:47:00,2025-09-01/2025-09-07,,
192,2025-09-05 12:48:00,2025-09-01/2025-09-07,,
193,2025-09-05 12:59:00,2025-09-01/2025-09-07,,
194,2025-09-05 13:13:00,2025-09-01/2025-09-07,,
195,2025-09-05 13:27:00,2025-09-01/2025-09-07,,
196,2025-09-05 13:34:00,2025-09-01/2025-09-07,,
197,2025-09-05 13:44:00,2025-09-01/2025-09-07,,
198,2025-09-05 14:07:00,2025-09-01/2025-09-07,,
199,2025-09-05 14:20:00,2025-09-01/2025-09-07,,
200,2025-09-05 14:23:00,2025-09-01/2025-09-07,,
201,2025-09-05 14:48:00,2025-09-01/2025-09-07,,
202,2025-09-05 14:57:00,2025-09-01/2025-09-07,,
203,2025-09-05 17:16:00,2025-09-01/2025-09-07,,
204,2025-09-05 17:32:00,2025-09-01/2025-09-07,,
205,2025-09-05 17:37:00,2025-09-01/2025-09-07,,
206,2025-09-05 17:48:00,2025-09-01/2025-09-07,,
207,2025-09-05 17:52:00,2025-09-01/2025-09-07,,
208,2025-09-05 18:15:00,2025-09-01/2025-09-07,,
209,2025-09-06 08:57:00,2025-09-01/2025-09-07,,
210,2025-09-06 08:57:00,2025-09-01/2025-09-07,,
211,2025-09-06 09:01:00,2025-09-01/2025-09-07,,
212,2025-09-06 09:04:00,2025-09-01/2025-09-07,,
213,2025-09-06 09:20:00,2025-09-01/2025-09-07,,
214,2025-09-06 09:33:00,2025-09-01/2025-09-07,,
215,2025-09-06 09:39:00,2025-09-01/2025-09-07,,
216,2025-09-06 10:02:00,2025-09-01/2025-09-07,,
217,2025-09-06 10:07:00,2025-09-01/2025-09-07,,
218,2025-09-06 10:21:00,2025-09-01/2025-09-07,,
219,2025-09-06 10:22:00,2025-09-01/2025-09-07,,
220,2025-09-06 10:24:00,2025-09-01/2025-09-07,,
222,2025-09-06 10:59:00,2025-09-01/2025-09-07,,
223,2025-09-06 11:53:00,2025-09-01/2025-09-07,,
224,2025-09-06 11:56:00,2025-09-01/2025-09-07,,
225,2025-09-07 10:58:00,2025-09-01/2025-09-07,,
226,2025-09-07 11:02:00,2025-09-01/2025-09-07,,
227,2025-09-07 11:04:00,2025-09-01/2025-09-07,,
228,2025-09-07 11:05:00,2025-09-01/2025-09-07,,
229,2025-09-07 11:38:00,2025-09-01/2025-09-07,,
230,2025-09-07 20:27:00,2025-09-01/2025-09-07,,
231,2025-09-07 20:28:00,2025-09-01/2025-09-07,,
232,2025-09-07 20:39:00,2025-09-01/2025-09-07,,
233,2025-09-07 20:40:00,2025-09-01/2025-09-07,,
234,2025-09-11 12:14:00,2025-09-08/2025-09-14,,
235,2025-09-11 12:38:00,2025-09-08/2025-09-14,,
236,2025-09-11 12:43:00,2025-09-08/2025-09-14,,
237,2025-09-11 12:54:00,2025-09-08/2025-09-14,,
238,2025-09-11 13:16:00,2025-09-08/2025-09-14,,
239,2025-09-11 13:17:00,2025-09-08/2025-09-14,,
240,2025-09-11 13:22:00,2025-09-08/2025-09-14,,
241,2025-09-11 13:27:00,2025-09-08/2025-09-14,,
242,2025-09-11 13:44:00,2025-09-08/2025-09-14,,
243,2025-09-11 14:02:00,2025-09-08/2025-09-14,,
244,2025-09-11 14:02:00,2025-09-08/2025-09-14,,
245,2025-09-11 14:03:00,2025-09-08/2025-09-14,,
246,2025-09-11 14:08:00,2025-09-08/2025-09-14,,
247,2025-09-11 14:25:00,2025-09-08/2025-09-14,,
248,2025-09-11 14:45:00,2025-09-08/2025-09-14,,
249,2025-09-11 14:45:00,2025-09-08/2025-09-14,,
250,2025-09-11 14:55:00,2025-09-08/2025-09-14,,
251,2025-09-11 15:04:00,2025-09-08/2025-09-14,,
252,2025-09-11 15:15:00,2025-09-08/2025-09-14,,
253,2025-09-11 15:25:00,2025-09-08/2025-09-14,,
254,2025-09-11 15:30:00,2025-09-08/2025-09-14,,
255,2025-09-11 15:37:00,2025-09-08/2025-09-14,,
256,2025-09-11 15:48:00,2025-09-08/2025-09-14,,
257,2025-09-11 15:51:00,2025-09-08/2025-09-14,,
258,2025-09-11 15:53:00,2025-09-08/2025-09-14,,
259,2025-09-11 16:02:00,2025-09-08/2025-09-14,,
260,2025-09-11 16:04:00,2025-09-08/2025-09-14,,
261,2025-09-11 16:42:00,2025-09-08/2025-09-14,,
263,2025-09-11 18:07:00,2025-09-08/2025-09-14,,
266,2025-09-11 18:10:00,2025-09-08/2025-09-14,,
269,2025-09-11 18:31:00,2025-09-08/2025-09-14,,
277,2025-09-11 18:53:00,2025-09-08/2025-09-14,,
279,2025-09-11 19:00:00,2025-09-08/2025-09-14,,
280,2025-09-11 19:00:00,2025-09-08/2025-09-14,,
282,2025-09-11 19:11:00,2025-09-08/2025-09-14,,
288,2025-09-12 09:30:00,2025-09-08/2025-09-14,,
294,2025-09-12 09:58:00,2025-09-08/2025-09-14,,
299,2025-09-12 10:27:00,2025-09-08/2025-09-14,,
301,2025-09-12 10:28:00,2025-09-08/2025-09-14,,
303,2025-09-12 10:32:00,2025-09-08/2025-09-14,,
304,2025-09-12 10:35:00,2025-09-08/2025-09-14,,
306,2025-09-12 10:35:00,2025-09-08/2025-09-14,,
307,2025-09-12 10:38:00,2025-09-08/2025-09-14,,
313,2025-09-12 10:58:00,2025-09-08/2025-09-14,,
314,2025-09-12 10:58:00,2025-09-08/2025-09-14,,
316,2025-09-12 11:03:00,2025-09-08/2025-09-14,,
329,2025-09-12 13:03:00,2025-09-08/2025-09-14,,
331,2025-09-12 13:07:00,2025-09-08/2025-09-14,,
334,2025-09-12 13:08:00,2025-09-08/2025-09-14,,
338,2025-09-12 13:09:00,2025-09-08/2025-09-14,,
339,2025-09-12 13:10:00,2025-09-08/2025-09-14,,
340,2025-09-12 13:12:00,2025-09-08/2025-09-14,,
341,2025-09-12 13:13:00,2025-09-08/2025-09-14,,
342,2025-09-12 13:13:00,2025-09-08/2025-09-14,,
350,2025-09-12 20:09:00,2025-09-08/2025-09-14,,
352,2025-09-12 20:10:00,2025-09-08/2025-09-14,,
353,2025-09-12 20:10:00,2025-09-08/2025-09-14,,
363,2025-09-12 20:25:00,2025-09-08/2025-09-14,,
382,2025-09-13 00:39:00,2025-09-08/2025-09-14,,
473,2025-09-19 10:32:00,2025-09-15/2025-09-21,,
475,2025-09-19 10:33:00,2025-09-15/2025-09-21,,
486,2025-09-19 10:59:00,2025-09-15/2025-09-21,,
492,2025-09-19 11:32:00,2025-09-15/2025-09-21,,
493,2025-09-19 11:33:00,2025-09-15/2025-09-21,,
496,2025-09-19 11:34:00,2025-09-15/2025-09-21,,
497,2025-09-19 11:35:00,2025-09-15/2025-09-21,,
502,2025-09-19 11:46:00,2025-09-15/2025-09-21,,
513,2025-09-19 12:45:00,2025-09-15/2025-09-21,,
518,2025-09-19 13:10:00,2025-09-15/2025-09-21,,
520,2025-09-19 13:53:00,2025-09-15/2025-09-21,,
530,2025-09-19 14:17:00,2025-09-15/2025-09-21,,
535,2025-09-19 14:23:00,2025-09-15/2025-09-21,,
548,2025-09-19 16:08:00,2025-09-15/2025-09-21,,
550,2025-09-19 16:14:00,2025-09-15/2025-09-21,,
554,2025-09-19 16:24:00,2025-09-15/2025-09-21,,
555,2025-09-19 16:25:00,2025-09-15/2025-09-21,,
560,2025-09-19 16:31:00,2025-09-15/2025-09-21,,
561,2025-09-19 16:58:00,2025-09-15/2025-09-21,,
574,2025-09-19 17:23:00,2025-09-15/2025-09-21,,
581,2025-09-19 17:55:00,2025-09-15/2025-09-21,,
582,2025-09-19 17:56:00,2025-09-15/2025-09-21,,
589,2025-09-19 18:09:00,2025-09-15/2025-09-21,,
590,2025-09-19 18:10:00,2025-09-15/2025-09-21,,
597,2025-09-20 11:01:00,2025-09-15/2025-09-21,,
600,2025-09-20 11:03:00,2025-09-15/2025-09-21,,
603,2025-09-20 11:12:00,2025-09-15/2025-09-21,,
604,2025-09-20 11:13:00,2025-09-15/2025-09-21,,
605,2025-09-20 11:13:00,2025-09-15/2025-09-21,,
608,2025-09-20 11:16:00,2025-09-15/2025-09-21,,
611,2025-09-20 11:17:00,2025-09-15/2025-09-21,,
616,2025-09-20 11:22:00,2025-09-15/2025-09-21,,
618,2025-09-20 11:24:00,2025-09-15/2025-09-21,,
620,2025-09-20 11:38:00,2025-09-15/2025-09-21,,
621,2025-09-20 11:38:00,2025-09-15/2025-09-21,,
623,2025-09-20 11:41:00,2025-09-15/2025-09-21,,
625,2025-09-20 11:48:00,2025-09-15/2025-09-21,,
627,2025-09-20 11:49:00,2025-09-15/2025-09-21,,
628,2025-09-20 11:50:00,2025-09-15/2025-09-21,,
629,2025-09-20 11:53:00,2025-09-15/2025-09-21,,
631,2025-09-20 11:55:00,2025-09-15/2025-09-21,,
633,2025-09-20 11:58:00,2025-09-15/2025-09-21,,
639,2025-09-20 12:04:00,2025-09-15/2025-09-21,,
642,2025-09-20 12:08:00,2025-09-15/2025-09-21,,
644,2025-09-20 12:08:00,2025-09-15/2025-09-21,,
645,2025-09-20 12:09:00,2025-09-15/2025-09-21,,
646,2025-09-20 12:15:00,2025-09-15/2025-09-21,,
647,2025-09-20 12:16:00,2025-09-15/2025-09-21,,
653,2025-09-20 12:19:00,2025-09-15/2025-09-21,,
657,2025-09-20 12:28:00,2025-09-15/2025-09-21,,
659,2025-09-20 12:30:00,2025-09-15/2025-09-21,,
664,2025-09-20 12:39:00,2025-09-15/2025-09-21,,
668,2025-09-20 12:46:00,2025-09-15/2025-09-21,,
670,2025-09-20 12:47:00,2025-09-15/2025-09-21,,
671,2025-09-20 12:47:00,2025-09-15/2025-09-21,,
674,2025-09-20 12:49:00,2025-09-15/2025-09-21,,
682,2025-09-20 12:57:00,2025-09-15/2025-09-21,,
687,2025-09-20 13:05:00,2025-09-15/2025-09-21,,
688,2025-09-20 13:06:00,2025-09-15/2025-09-21,,
692,2025-09-20 13:34:00,2025-09-15/2025-09-21,,
693,2025-09-20 13:35:00,2025-09-15/2025-09-21,,
694,2025-09-20 13:40:00,2025-09-15/2025-09-21,,
696,2025-09-20 13:53:00,2025-09-15/2025-09-21,,
707,2025-09-20 14:34:00,2025-09-15/2025-09-21,,
710,2025-09-20 14:56:00,2025-09-15/2025-09-21,,
711,2025-09-20 15:02:00,2025-09-15/2025-09-21,,
712,2025-09-20 15:03:00,2025-09-15/2025-09-21,,
720,2025-09-20 15:56:00,2025-09-15/2025-09-21,,
721,2025-09-20 15:58:00,2025-09-15/2025-09-21,,
722,2025-09-20 16:01:00,2025-09-15/2025-09-21,,
723,2025-09-20 16:02:00,2025-09-15/2025-09-21,,
727,2025-09-20 16:15:00,2025-09-15/2025-09-21,,
730,2025-09-20 16:21:00,2025-09-15/2025-09-21,,
731,2025-09-20 16:21:00,2025-09-15/2025-09-21,,
732,2025-09-20 16:22:00,2025-09-15/2025-09-21,,
733,2025-09-20 16:34:00,2025-09-15/2025-09-21,,
734,2025-09-20 16:37:00,2025-09-15/2025-09-21,,
738,2025-09-20 16:47:00,2025-09-15/2025-09-21,,
739,2025-09-20 17:00:00,2025-09-15/2025-09-21,,
740,2025-09-20 17:03:00,2025-09-15/2025-09-21,,
742,2025-09-20 17:10:00,2025-09-15/2025-09-21,,
749,2025-09-20 17:27:00,2025-09-15/2025-09-21,,
756,2025-09-20 17:57:00,2025-09-15/2025-09-21,,
764,2025-09-20 18:30:00,2025-09-15/2025-09-21,,
771,2025-09-20 18:45:00,2025-09-15/2025-09-21,,
775,2025-09-20 19:09:00,2025-09-15/2025-09-21,,
777,2025-09-20 19:18:00,2025-09-15/2025-09-21,,
780,2025-09-20 19:23:00,2025-09-15/2025-09-21,,
782,2025-09-20 19:48:00,2025-09-15/2025-09-21,,
783,2025-09-20 19:50:00,2025-09-15/2025-09-21,,
788,2025-09-20 20:30:00,2025-09-15/2025-09-21,,
790,2025-09-20 21:22:00,2025-09-15/2025-09-21,,
791,2025-09-20 21:27:00,2025-09-15/2025-09-21,,
798,2025-09-20 22:20:00,2025-09-15/2025-09-21,,
802,2025-09-20 22:54:00,2025-09-15/2025-09-21,,
807,2025-09-20 23:46:00,2025-09-15/2025-09-21,,
808,2025-09-21 01:48:00,2025-09-15/2025-09-21,,
818,2025-09-21 11:59:00,2025-09-15/2025-09-21,,
824,2025-09-21 12:03:00,2025-09-15/2025-09-21,,
828,2025-09-21 12:18:00,2025-09-15/2025-09-21,,
829,2025-09-21 12:19:00,2025-09-15/2025-09-21,,
830,2025-09-21 12:21:00,2025-09-15/2025-09-21,,
832,2025-09-21 12:28:00,2025-09-15/2025-09-21,,
835,2025-09-21 13:08:00,2025-09-15/2025-09-21,,
838,2025-09-21 13:14:00,2025-09-15/2025-09-21,,
840,2025-09-21 13:20:00,2025-09-15/2025-09-21,,
841,2025-09-21 13:23:00,2025-09-15/2025-09-21,,
851,2025-09-21 14:14:00,2025-09-15/2025-09-21,,
853,2025-09-21 14:17:00,2025-09-15/2025-09-21,,
856,2025-09-21 14:37:00,2025-09-15/2025-09-21,,
860,2025-09-21 14:50:00,2025-09-15/2025-09-21,,
864,2025-09-21 15:27:00,2025-09-15/2025-09-21,,
866,2025-09-21 15:33:00,2025-09-15/2025-09-21,,
872,2025-09-21 17:05:00,2025-09-15/2025-09-21,,
909,2025-09-21 17:41:00,2025-09-15/2025-09-21,,
942,2025-09-21 18:03:00,2025-09-15/2025-09-21,,
972,2025-09-21 18:31:00,2025-09-15/2025-09-21,,
973,2025-09-21 18:39:00,2025-09-15/2025-09-21,,
1001,2025-09-21 21:16:00,2025-09-15/2025-09-21,,
1003,2025-09-21 22:13:00,2025-09-15/2025-09-21,,
1006,2025-09-21 22:57:00,2025-09-15/2025-09-21,,
1031,2025-09-26 10:51:00,2025-09-22/2025-09-28,,
1036,2025-09-26 10:58:00,2025-09-22/2025-09-28,,
1037,2025-09-26 10:59:00,2025-09-22/2025-09-28,,
1039,2025-09-26 11:00:00,2025-09-22/2025-09-28,,
1044,2025-09-26 11:06:00,2025-09-22/2025-09-28,,
1045,2025-09-26 11:07:00,2025-09-22/2025-09-28,,
1048,2025-09-26 11:13:00,2025-09-22/2025-09-28,,
1050,2025-09-26 11:14:00,2025-09-22/2025-09-28,,
1051,2025-09-26 11:16:00,2025-09-22/2025-09-28,,
1055,2025-09-26 11:17:00,2025-09-22/2025-09-28,,
1074,2025-09-26 11:33:00,2025-09-22/2025-09-28,,
1075,2025-09-26 11:34:00,2025-09-22/2025-09-28,,
1077,2025-09-26 12:22:00,2025-09-22/2025-09-28,,
1079,2025-09-26 12:29:00,2025-09-22/2025-09-28,,
1082,2025-09-26 12:32:00,2025-09-22/2025-09-28,,
1084,2025-09-26 12:36:00,2025-09-22/2025-09-28,,
1085,2025-09-26 12:37:00,2025-09-22/2025-09-28,,
1089,2025-09-26 12:40:00,2025-09-22/2025-09-28,,
1092,2025-09-26 12:51:00,2025-09-22/2025-09-28,,
1096,2025-09-26 13:01:00,2025-09-22/2025-09-28,,
1107,2025-09-26 21:45:00,2025-09-22/2025-09-28,,
1110,2025-09-26 22:09:00,2025-09-22/2025-09-28,,
1114,2025-09-27 01:04:00,2025-09-22/2025-09-28,,
1122,2025-09-27 10:12:00,2025-09-22/2025-09-28,,
1125,2025-09-27 10:29:00,2025-09-22/2025-09-28,,
1129,2025-09-27 10:30:00,2025-09-22/2025-09-28,,
1131,2025-09-27 10:31:00,2025-09-22/2025-09-28,,
1132,2025-09-27 10:31:00,2025-09-22/2025-09-28,,
1134,2025-09-27 10:32:00,2025-09-22/2025-09-28,,
1135,2025-09-27 10:32:00,2025-09-22/2025-09-28,,
1136,2025-09-27 10:33:00,2025-09-22/2025-09-28,,
1138,2025-09-27 10:34:00,2025-09-22/2025-09-28,,
1141,2025-09-27 10:35:00,2025-09-22/2025-09-28,,
1143,2025-09-27 10:35:00,2025-09-22/2025-09-28,,
1144,2025-09-27 10:36:00,2025-09-22/2025-09-28,,
1145,2025-09-27 10:36:00,2025-09-22/2025-09-28,,
1147,2025-09-27 10:37:00,2025-09-22/2025-09-28,,
1148,2025-09-27 10:37:00,2025-09-22/2025-09-28,,
1149,2025-09-27 10:37:00,2025-09-22/2025-09-28,,
1151,2025-09-27 10:40:00,2025-09-22/2025-09-28,,
1156,2025-09-27 10:45:00,2025-09-22/2025-09-28,,
1158,2025-09-27 10:46:00,2025-09-22/2025-09-28,,
1159,2025-09-27 10:48:00,2025-09-22/2025-09-28,,
1162,2025-09-27 10:49:00,2025-09-22/2025-09-28,,
1167,2025-09-27 10:53:00,2025-09-22/2025-09-28,,
1169,2025-09-27 10:55:00,2025-09-22/2025-09-28,,
1173,2025-09-27 11:20:00,2025-09-22/2025-09-28,,
1176,2025-09-27 11:21:00,2025-09-22/2025-09-28,,
1178,2025-09-27 11:23:00,2025-09-22/2025-09-28,,
1179,2025-09-27 11:23:00,2025-09-22/2025-09-28,,
1180,2025-09-27 11:24:00,2025-09-22/2025-09-28,,
1181,2025-09-27 11:25:00,2025-09-22/2025-09-28,,
1182,2025-09-27 11:27:00,2025-09-22/2025-09-28,,
1184,2025-09-27 11:29:00,2025-09-22/2025-09-28,,
1186,2025-09-27 11:30:00,2025-09-22/2025-09-28,,
1188,2025-09-27 11:35:00,2025-09-22/2025-09-28,,
1189,2025-09-27 11:37:00,2025-09-22/2025-09-28,,
1192,2025-09-27 11:41:00,2025-09-22/2025-09-28,,
1193,2025-09-27 11:48:00,2025-09-22/2025-09-28,,
1194,2025-09-27 11:54:00,2025-09-22/2025-09-28,,
1195,2025-09-27 11:58:00,2025-09-22/2025-09-28,,
1196,2025-09-27 11:58:00,2025-09-22/2025-09-28,,
1198,2025-09-27 12:01:00,2025-09-22/2025-09-28,,
1200,2025-09-27 12:04:00,2025-09-22/2025-09-28,,
1201,2025-09-27 12:04:00,2025-09-22/2025-09-28,,
1204,2025-09-27 12:18:00,2025-09-22/2025-09-28,,
1205,2025-09-27 12:20:00,2025-09-22/2025-09-28,,
1206,2025-09-27 12:21:00,2025-09-22/2025-09-28,,
1208,2025-09-27 12:22:00,2025-09-22/2025-09-28,,
1209,2025-09-27 12:25:00,2025-09-22/2025-09-28,,
1211,2025-09-27 12:31:00,2025-09-22/2025-09-28,,
1213,2025-09-27 12:37:00,2025-09-22/2025-09-28,,
1214,2025-09-27 12:38:00,2025-09-22/2025-09-28,,
1215,2025-09-27 12:39:00,2025-09-22/2025-09-28,,
1220,2025-09-27 12:45:00,2025-09-22/2025-09-28,,
1223,2025-09-27 12:48:00,2025-09-22/2025-09-28,,
1232,2025-09-27 12:54:00,2025-09-22/2025-09-28,,
1239,2025-09-27 12:58:00,2025-09-22/2025-09-28,,
1249,2025-09-27 13:15:00,2025-09-22/2025-09-28,,
1251,2025-09-27 13:22:00,2025-09-22/2025-09-28,,
1253,2025-09-27 13:37:00,2025-09-22/2025-09-28,,
1257,2025-09-27 13:43:00,2025-09-22/2025-09-28,,
1260,2025-09-27 13:57:00,2025-09-22/2025-09-28,,
1266,2025-09-27 14:04:00,2025-09-22/2025-09-28,,
1278,2025-09-27 14:11:00,2025-09-22/2025-09-28,,
1285,2025-09-27 14:40:00,2025-09-22/2025-09-28,,
1286,2025-09-27 14:51:00,2025-09-22/2025-09-28,,
1288,2025-09-27 14:58:00,2025-09-22/2025-09-28,,
1289,2025-09-27 14:59:00,2025-09-22/2025-09-28,,
1304,2025-09-27 15:46:00,2025-09-22/2025-09-28,,
1305,2025-09-27 15:47:00,2025-09-22/2025-09-28,,
1307,2025-09-27 16:00:00,2025-09-22/2025-09-28,,
1308,2025-09-27 16:04:00,2025-09-22/2025-09-28,,
1312,2025-09-27 18:23:00,2025-09-22/2025-09-28,,
1315,2025-09-27 18:27:00,2025-09-22/2025-09-28,,
1318,2025-09-27 18:39:00,2025-09-22/2025-09-28,,
1320,2025-09-27 18:47:00,2025-09-22/2025-09-28,,
1321,2025-09-27 18:48:00,2025-09-22/2025-09-28,,
1322,2025-09-27 18:49:00,2025-09-22/2025-09-28,,
1324,2025-09-27 19:00:00,2025-09-22/2025-09-28,,
1326,2025-09-27 19:22:00,2025-09-22/2025-09-28,,
1327,2025-09-27 19:34:00,2025-09-22/2025-09-28,,
1328,2025-09-27 19:36:00,2025-09-22/2025-09-28,,
1334,2025-09-27 20:34:00,2025-09-22/2025-09-28,,
1339,2025-09-27 21:04:00,2025-09-22/2025-09-28,,
1340,2025-09-27 21:28:00,2025-09-22/2025-09-28,,
1345,2025-09-28 00:03:00,2025-09-22/2025-09-28,,
1347,2025-09-28 00:19:00,2025-09-22/2025-09-28,,
1349,2025-09-28 00:47:00,2025-09-22/2025-09-28,,
1351,2025-09-28 00:53:00,2025-09-22/2025-09-28,,
1356,2025-09-28 01:18:00,2025-09-22/2025-09-28,,
1358,2025-09-28 01:50:00,2025-09-22/2025-09-28,,
1361,2025-09-28 12:50:00,2025-09-22/2025-09-28,,
1363,2025-09-28 13:07:00,2025-09-22/2025-09-28,,
1364,2025-09-28 13:09:00,2025-09-22/2025-09-28,,
1366,2025-09-28 13:09:00,2025-09-22/2025-09-28,,
1367,2025-09-28 13:10:00,2025-09-22/2025-09-28,,
1370,2025-09-28 13:11:00,2025-09-22/2025-09-28,,
1371,2025-09-28 13:11:00,2025-09-22/2025-09-28,,
1372,2025-09-28 13:11:00,2025-09-22/2025-09-28,,
1373,2025-09-28 13:14:00,2025-09-22/2025-09-28,,
1375,2025-09-28 13:18:00,2025-09-22/2025-09-28,,
1376,2025-09-28 13:24:00,2025-09-22/2025-09-28,,
1377,2025-09-28 13:51:00,2025-09-22/2025-09-28,,
1378,2025-09-28 13:57:00,2025-09-22/2025-09-28,,
1379,2025-09-28 14:10:00,2025-09-22/2025-09-28,,
1381,2025-09-28 14:14:00,2025-09-22/2025-09-28,,
1382,2025-09-28 14:15:00,2025-09-22/2025-09-28,,
1383,2025-09-28 14:21:00,2025-09-22/2025-09-28,,
1393,2025-09-28 14:41:00,2025-09-22/2025-09-28,,
1399,2025-09-28 14:44:00,2025-09-22/2025-09-28,,
1402,2025-09-28 15:22:00,2025-09-22/2025-09-28,,
1405,2025-09-28 15:31:00,2025-09-22/2025-09-28,,
1406,2025-09-28 15:35:00,2025-09-22/2025-09-28,,
1408,2025-09-28 15:50:00,2025-09-22/2025-09-28,,
1410,2025-09-28 16:02:00,2025-09-22/2025-09-28,,
1414,2025-09-28 16:21:00,2025-09-22/2025-09-28,,
1417,2025-09-28 16:51:00,2025-09-22/2025-09-28,,
1419,2025-09-28 16:57:00,2025-09-22/2025-09-28,,
1424,2025-09-28 20:04:00,2025-09-22/2025-09-28,,
1432,2025-09-28 21:33:00,2025-09-22/2025-09-28,,
1434,2025-09-28 21:41:00,2025-09-22/2025-09-28,,
1439,2025-09-28 23:26:00,2025-09-22/2025-09-28,,
1441,2025-09-29 00:55:00,2025-09-29/2025-10-05,0.0,0.3694713266124323
1442,2025-09-30 00:41:00,2025-09-29/2025-10-05,0.0,0.3984659571747551
1443,2025-09-30 00:41:00,2025-09-29/2025-10-05,0.0,0.4480915751815895
1448,2025-09-30 09:26:00,2025-09-29/2025-10-05,1.0,0.09401646849540148
1450,2025-09-30 09:47:00,2025-09-29/2025-10-05,0.0,0.5361699468749679
1451,2025-09-30 09:51:00,2025-09-29/2025-10-05,0.0,0.39473212948059194
1452,2025-09-30 09:54:00,2025-09-29/2025-10-05,0.0,0.1335556690112399
1453,2025-09-30 09:56:00,2025-09-29/2025-10-05,0.0,0.5075528938960553
1454,2025-09-30 10:07:00,2025-09-29/2025-10-05,0.0,0.5249019199380726
1455,2025-09-30 10:10:00,2025-09-29/2025-10-05,1.0,0.24142829376222213
1457,2025-09-30 10:12:00,2025-09-29/2025-10-05,0.0,0.5695940427742291
1458,2025-09-30 10:18:00,2025-09-29/2025-10-05,0.0,0.19854309684132074
1460,2025-09-30 10:52:00,2025-09-29/2025-10-05,0.0,0.25425978170957225
1461,2025-09-30 10:53:00,2025-09-29/2025-10-05,1.0,0.4338480199364875
1462,2025-09-30 11:03:00,2025-09-29/2025-10-05,1.0,0.543881091668326
1468,2025-10-02 12:36:00,2025-09-29/2025-10-05,0.0,0.21453286516133568
1471,2025-10-02 12:38:00,2025-09-29/2025-10-05,0.0,0.22917131136727978
1482,2025-10-02 13:03:00,2025-09-29/2025-10-05,0.0,0.24272673459375232
1483,2025-10-02 13:04:00,2025-09-29/2025-10-05,0.0,0.3697704412367176
1495,2025-10-02 13:15:00,2025-09-29/2025-10-05,0.0,0.4988805622565403
1501,2025-10-02 13:19:00,2025-09-29/2025-10-05,0.0,0.405421874498664
1503,2025-10-02 13:30:00,2025-09-29/2025-10-05,0.0,0.5603890777042358
1504,2025-10-02 13:32:00,2025-09-29/2025-10-05,1.0,0.33305739860020056
1507,2025-10-02 13:55:00,2025-09-29/2025-10-05,0.0,0.488140763303681
1512,2025-10-02 14:02:00,2025-09-29/2025-10-05,0.0,0.3549300992919996
1518,2025-10-02 14:06:00,2025-09-29/2025-10-05,0.0,0.5097661019638391
1521,2025-10-02 14:07:00,2025-09-29/2025-10-05,0.0,0.3081756305709579
1554,2025-10-02 14:40:00,2025-09-29/2025-10-05,0.0,0.3122734216653703
1558,2025-10-02 14:51:00,2025-09-29/2025-10-05,0.0,0.31348000602927517
1561,2025-10-02 15:03:00,2025-09-29/2025-10-05,0.0,0.35118013271481274
1562,2025-10-02 15:04:00,2025-09-29/2025-10-05,0.0,0.22881239258326333
1563,2025-10-02 15:10:00,2025-09-29/2025-10-05,1.0,0.28133800577405443
1565,2025-10-02 16:22:00,2025-09-29/2025-10-05,0.0,0.5456751418632145
1566,2025-10-02 16:22:00,2025-09-29/2025-10-05,0.0,0.28691691563021465
1570,2025-10-02 16:23:00,2025-09-29/2025-10-05,0.0,0.26952863031792085
1584,2025-10-02 16:38:00,2025-09-29/2025-10-05,0.0,0.43889878049716463
1586,2025-10-02 16:39:00,2025-09-29/2025-10-05,0.0,0.44652006776317243
1599,2025-10-02 16:54:00,2025-09-29/2025-10-05,0.0,0.4028826016223424
1601,2025-10-02 16:56:00,2025-09-29/2025-10-05,0.0,0.28297587518327666
1602,2025-10-02 17:00:00,2025-09-29/2025-10-05,0.0,0.3677497123706355
1603,2025-10-02 17:23:00,2025-09-29/2025-10-05,0.0,0.21208761158361258
1605,2025-10-02 17:33:00,2025-09-29/2025-10-05,1.0,0.36900780738967603
1607,2025-10-02 18:04:00,2025-09-29/2025-10-05,0.0,0.3533696219342339
1608,2025-10-02 18:15:00,2025-09-29/2025-10-05,0.0,0.49931633749843307
1612,2025-10-02 18:42:00,2025-09-29/2025-10-05,0.0,0.226432102266102
1622,2025-10-02 19:00:00,2025-09-29/2025-10-05,0.0,0.46255775362375856
1637,2025-10-02 19:11:00,2025-09-29/2025-10-05,0.0,0.21941175261984572
1638,2025-10-02 19:17:00,2025-09-29/2025-10-05,0.0,0.4769316929349009
1639,2025-10-02 19:17:00,2025-09-29/2025-10-05,0.0,0.1353853683264089
1641,2025-10-02 19:18:00,2025-09-29/2025-10-05,0.0,0.526055557444665
1648,2025-10-02 20:08:00,2025-09-29/2025-10-05,0.0,0.44965422608906924
1650,2025-10-02 20:16:00,2025-09-29/2025-10-05,0.0,0.5062252390952644
1653,2025-10-02 20:30:00,2025-09-29/2025-10-05,0.0,0.22997664001635335
1654,2025-10-02 20:34:00,2025-09-29/2025-10-05,1.0,0.6356487879220335
1655,2025-10-02 20:34:00,2025-09-29/2025-10-05,0.0,0.5802195441727057
1660,2025-10-02 21:11:00,2025-09-29/2025-10-05,0.0,0.4943628186866816
1662,2025-10-02 21:14:00,2025-09-29/2025-10-05,0.0,0.708510520145556
1667,2025-10-02 21:27:00,2025-09-29/2025-10-05,0.0,0.34085412731036513
1675,2025-10-02 22:04:00,2025-09-29/2025-10-05,0.0,0.5024399418186011
1678,2025-10-02 22:29:00,2025-09-29/2025-10-05,0.0,0.7211575267571718
1680,2025-10-02 22:34:00,2025-09-29/2025-10-05,0.0,0.4531473014558066
1696,2025-10-02 22:51:00,2025-09-29/2025-10-05,0.0,0.49597920536491175
1707,2025-10-02 23:02:00,2025-09-29/2025-10-05,0.0,0.2820307802365126
1710,2025-10-02 23:21:00,2025-09-29/2025-10-05,0.0,0.4919414614636455
1713,2025-10-03 00:03:00,2025-09-29/2025-10-05,0.0,0.3023395083573419
1718,2025-10-03 01:15:00,2025-09-29/2025-10-05,0.0,0.2491243065001421
1737,2025-10-03 14:45:00,2025-09-29/2025-10-05,0.0,0.16315728101064506
1738,2025-10-03 14:46:00,2025-09-29/2025-10-05,0.0,0.25773989711825374
1739,2025-10-03 14:46:00,2025-09-29/2025-10-05,0.0,0.32528552851725034
1741,2025-10-03 14:54:00,2025-09-29/2025-10-05,1.0,0.3160777935611827
1743,2025-10-03 14:59:00,2025-09-29/2025-10-05,1.0,0.47345853864630233
1744,2025-10-03 15:01:00,2025-09-29/2025-10-05,0.0,0.21555253823505935
1746,2025-10-03 15:05:00,2025-09-29/2025-10-05,0.0,0.5263005222332885
1747,2025-10-03 15:08:00,2025-09-29/2025-10-05,0.0,0.3366880324293774
1748,2025-10-03 15:10:00,2025-09-29/2025-10-05,0.0,0.43158958492731303
1749,2025-10-03 15:16:00,2025-09-29/2025-10-05,1.0,0.40700203465669005
1754,2025-10-03 15:28:00,2025-09-29/2025-10-05,0.0,0.3033015286635556
1758,2025-10-03 15:47:00,2025-09-29/2025-10-05,1.0,0.2673544689499688
1759,2025-10-03 15:49:00,2025-09-29/2025-10-05,0.0,0.24129712926417202
1763,2025-10-03 16:06:00,2025-09-29/2025-10-05,0.0,0.2078295820090435
1765,2025-10-03 16:08:00,2025-09-29/2025-10-05,0.0,0.19450281628430896
1766,2025-10-03 16:12:00,2025-09-29/2025-10-05,0.0,0.46291965093867815
1905,2025-10-03 19:35:00,2025-09-29/2025-10-05,0.0,0.46335844845577695
1907,2025-10-03 19:37:00,2025-09-29/2025-10-05,0.0,0.6677455205162103
1908,2025-10-03 19:37:00,2025-09-29/2025-10-05,0.0,0.48841850515504204
1911,2025-10-03 19:38:00,2025-09-29/2025-10-05,0.0,0.31402417473786864
1913,2025-10-03 19:55:00,2025-09-29/2025-10-05,0.0,0.24893930564379493
1914,2025-10-03 20:00:00,2025-09-29/2025-10-05,0.0,0.3428741165979439
1918,2025-10-03 20:05:00,2025-09-29/2025-10-05,0.0,0.14589094335356367
1923,2025-10-03 20:15:00,2025-09-29/2025-10-05,0.0,0.404049038434875
1924,2025-10-03 20:17:00,2025-09-29/2025-10-05,0.0,0.5545746444776056
1930,2025-10-03 20:44:00,2025-09-29/2025-10-05,0.0,0.3686370142318104
1937,2025-10-03 20:54:00,2025-09-29/2025-10-05,0.0,0.3079472124153446
1938,2025-10-03 20:58:00,2025-09-29/2025-10-05,1.0,0.33099125976345667
1940,2025-10-03 20:59:00,2025-09-29/2025-10-05,0.0,0.1862925598410286
1941,2025-10-03 21:01:00,2025-09-29/2025-10-05,0.0,0.5035856968533767
1943,2025-10-03 21:05:00,2025-09-29/2025-10-05,0.0,0.3493137134327471
1950,2025-10-04 01:21:00,2025-09-29/2025-10-05,0.0,0.39726643520591853
1951,2025-10-04 01:21:00,2025-09-29/2025-10-05,0.0,0.41594538793101227
1955,2025-10-04 02:05:00,2025-09-29/2025-10-05,0.0,0.3746612861682821
1956,2025-10-04 02:09:00,2025-09-29/2025-10-05,0.0,0.1025289861142971
1957,2025-10-04 02:10:00,2025-09-29/2025-10-05,0.0,0.505603537785991
1960,2025-10-04 02:23:00,2025-09-29/2025-10-05,0.0,0.3298417970234655
1962,2025-10-04 02:34:00,2025-09-29/2025-10-05,0.0,0.5908862893927684
1964,2025-10-04 02:40:00,2025-09-29/2025-10-05,0.0,0.222561219646776
1970,2025-10-04 03:09:00,2025-09-29/2025-10-05,0.0,0.360056877166686
1972,2025-10-04 03:11:00,2025-09-29/2025-10-05,0.0,0.28842684046784506
1973,2025-10-04 03:13:00,2025-09-29/2025-10-05,0.0,0.32459354538570584
1974,2025-10-04 03:13:00,2025-09-29/2025-10-05,0.0,0.47230730050817027
1976,2025-10-04 03:23:00,2025-09-29/2025-10-05,0.0,0.37320177101972696
1977,2025-10-04 03:24:00,2025-09-29/2025-10-05,0.0,0.5222723430375572
1978,2025-10-04 03:44:00,2025-09-29/2025-10-05,0.0,0.4567203430099132
1979,2025-10-04 03:44:00,2025-09-29/2025-10-05,0.0,0.2843265542460031
1980,2025-10-04 03:45:00,2025-09-29/2025-10-05,0.0,0.23388687731647068
1981,2025-10-04 03:45:00,2025-09-29/2025-10-05,0.0,0.3656480762912199
1982,2025-10-04 03:52:00,2025-09-29/2025-10-05,0.0,0.44680086885026526
1985,2025-10-04 04:05:00,2025-09-29/2025-10-05,0.0,0.42766313107179327
1986,2025-10-04 04:06:00,2025-09-29/2025-10-05,0.0,0.4852656115396698
1987,2025-10-04 04:07:00,2025-09-29/2025-10-05,0.0,0.48176199540309345
1988,2025-10-04 04:07:00,2025-09-29/2025-10-05,0.0,0.45419470773439546
1989,2025-10-04 04:08:00,2025-09-29/2025-10-05,0.0,0.47250839122627464
1991,2025-10-04 04:08:00,2025-09-29/2025-10-05,0.0,0.44522640595010354
1992,2025-10-04 04:09:00,2025-09-29/2025-10-05,0.0,0.3740452634203044
1993,2025-10-04 04:09:00,2025-09-29/2025-10-05,0.0,0.3344136407449126
1995,2025-10-04 04:10:00,2025-09-29/2025-10-05,1.0,0.5099806623145497
1996,2025-10-04 04:11:00,2025-09-29/2025-10-05,0.0,0.5078581728279803
1997,2025-10-04 04:11:00,2025-09-29/2025-10-05,0.0,0.35325529162013497
1998,2025-10-04 04:12:00,2025-09-29/2025-10-05,0.0,0.28179246267687
1999,2025-10-04 04:12:00,2025-09-29/2025-10-05,0.0,0.39876107962937934
2000,2025-10-04 04:12:00,2025-09-29/2025-10-05,0.0,0.3308967349792759
2002,2025-10-04 04:14:00,2025-09-29/2025-10-05,0.0,0.2810156985196465
2003,2025-10-04 04:14:00,2025-09-29/2025-10-05,0.0,0.536412900796605
2004,2025-10-04 04:14:00,2025-09-29/2025-10-05,0.0,0.5341109965716329
2005,2025-10-04 04:15:00,2025-09-29/2025-10-05,0.0,0.550781875288199
2007,2025-10-04 04:15:00,2025-09-29/2025-10-05,0.0,0.33018583788237443
2008,2025-10-04 04:16:00,2025-09-29/2025-10-05,0.0,0.49581860182758936
2009,2025-10-04 04:16:00,2025-09-29/2025-10-05,0.0,0.4460736797208106
2010,2025-10-04 04:18:00,2025-09-29/2025-10-05,0.0,0.2472715808879702
2011,2025-10-04 04:18:00,2025-09-29/2025-10-05,0.0,0.5307092171631944
2012,2025-10-04 04:19:00,2025-09-29/2025-10-05,0.0,0.42923400085177177
2013,2025-10-04 04:20:00,2025-09-29/2025-10-05,0.0,0.40990896289422013
2015,2025-10-04 04:25:00,2025-09-29/2025-10-05,0.0,0.26513749072265563
2016,2025-10-04 04:27:00,2025-09-29/2025-10-05,0.0,0.5047314232129586
2017,2025-10-04 04:27:00,2025-09-29/2025-10-05,0.0,0.5151594582565393
2019,2025-10-04 04:28:00,2025-09-29/2025-10-05,0.0,0.29223096923802155
2020,2025-10-04 04:28:00,2025-09-29/2025-10-05,0.0,0.4759621525650347
2021,2025-10-04 04:31:00,2025-09-29/2025-10-05,0.0,0.6267564252989913
2023,2025-10-04 04:37:00,2025-09-29/2025-10-05,0.0,0.33034908344654856
2024,2025-10-04 04:47:00,2025-09-29/2025-10-05,1.0,0.43495757679241775
2027,2025-10-04 04:52:00,2025-09-29/2025-10-05,0.0,0.543799390763861
2028,2025-10-04 04:56:00,2025-09-29/2025-10-05,0.0,0.497094021034058
2030,2025-10-04 04:57:00,2025-09-29/2025-10-05,1.0,0.4806582820278975
2031,2025-10-04 05:00:00,2025-09-29/2025-10-05,0.0,0.29928959472824157
2032,2025-10-04 05:02:00,2025-09-29/2025-10-05,0.0,0.5929369386472075
2033,2025-10-04 05:04:00,2025-09-29/2025-10-05,0.0,0.2051350635785632
2036,2025-10-04 05:09:00,2025-09-29/2025-10-05,0.0,0.31853793265342517
2037,2025-10-04 05:10:00,2025-09-29/2025-10-05,0.0,0.46394052769471145
2040,2025-10-04 05:12:00,2025-09-29/2025-10-05,0.0,0.25062069166342865
2045,2025-10-04 05:19:00,2025-09-29/2025-10-05,1.0,0.4786261782050743
2049,2025-10-04 05:22:00,2025-09-29/2025-10-05,0.0,0.35268040170213305
2051,2025-10-04 05:26:00,2025-09-29/2025-10-05,1.0,0.5686378509316884
2054,2025-10-04 05:30:00,2025-09-29/2025-10-05,0.0,0.4683246117014161
2055,2025-10-04 05:42:00,2025-09-29/2025-10-05,0.0,0.6504693597647854
2056,2025-10-04 05:42:00,2025-09-29/2025-10-05,0.0,0.6617073375793042
2057,2025-10-04 05:44:00,2025-09-29/2025-10-05,1.0,0.31508080415054357
2058,2025-10-04 05:47:00,2025-09-29/2025-10-05,1.0,0.5722162291398817
2060,2025-10-04 05:51:00,2025-09-29/2025-10-05,0.0,0.41962993412853794
2062,2025-10-04 05:54:00,2025-09-29/2025-10-05,1.0,0.5756480048558461
2063,2025-10-04 05:57:00,2025-09-29/2025-10-05,0.0,0.5167133387235757
2064,2025-10-04 06:01:00,2025-09-29/2025-10-05,0.0,0.5206305629522916
2065,2025-10-04 06:04:00,2025-09-29/2025-10-05,1.0,0.43203090274936534
2066,2025-10-04 06:05:00,2025-09-29/2025-10-05,0.0,0.41596017714382283
2068,2025-10-04 06:06:00,2025-09-29/2025-10-05,0.0,0.23689792362019582
2070,2025-10-04 06:07:00,2025-09-29/2025-10-05,0.0,0.5400794071737842
2071,2025-10-04 06:08:00,2025-09-29/2025-10-05,0.0,0.5141182415811755
2072,2025-10-04 06:09:00,2025-09-29/2025-10-05,0.0,0.3325993102922665
2080,2025-10-04 06:18:00,2025-09-29/2025-10-05,0.0,0.49574411138295826
2081,2025-10-04 06:18:00,2025-09-29/2025-10-05,0.0,0.6979583152260488
2089,2025-10-04 14:10:00,2025-09-29/2025-10-05,0.0,0.2623299224433165
2096,2025-10-04 15:12:00,2025-09-29/2025-10-05,0.0,0.1929864290841196
2101,2025-10-04 15:19:00,2025-09-29/2025-10-05,0.0,0.5202447108888473
2107,2025-10-04 15:31:00,2025-09-29/2025-10-05,0.0,0.23897092163011738
2111,2025-10-04 15:36:00,2025-09-29/2025-10-05,0.0,0.3248191514625764
2113,2025-10-04 15:48:00,2025-09-29/2025-10-05,0.0,0.4065773124982201
2124,2025-10-04 16:10:00,2025-09-29/2025-10-05,0.0,0.4369413925309998
2139,2025-10-04 16:31:00,2025-09-29/2025-10-05,0.0,0.38880065933236035
2144,2025-10-04 16:39:00,2025-09-29/2025-10-05,0.0,0.4032993734042648
2145,2025-10-04 16:43:00,2025-09-29/2025-10-05,0.0,0.39136843083735423
2146,2025-10-04 16:44:00,2025-09-29/2025-10-05,0.0,0.531254498652758
2159,2025-10-04 17:09:00,2025-09-29/2025-10-05,0.0,0.31416575450038897
2196,2025-10-04 18:16:00,2025-09-29/2025-10-05,0.0,0.2723484735224017
2201,2025-10-04 18:43:00,2025-09-29/2025-10-05,1.0,0.5354438955380382
2205,2025-10-04 19:12:00,2025-09-29/2025-10-05,1.0,0.4645507732131142
2206,2025-10-04 19:15:00,2025-09-29/2025-10-05,0.0,0.3262878991835705
2208,2025-10-04 19:32:00,2025-09-29/2025-10-05,1.0,0.4216727268386095
2210,2025-10-04 19:39:00,2025-09-29/2025-10-05,0.0,0.20498667964391204
2213,2025-10-04 19:58:00,2025-09-29/2025-10-05,0.0,0.4260367096671314
2215,2025-10-04 20:14:00,2025-09-29/2025-10-05,0.0,0.26580209880632566
2216,2025-10-04 20:15:00,2025-09-29/2025-10-05,1.0,0.2977858818784958
2220,2025-10-04 20:29:00,2025-09-29/2025-10-05,0.0,0.2628258179157587
2222,2025-10-04 20:40:00,2025-09-29/2025-10-05,0.0,0.15112676791457874
2223,2025-10-04 20:43:00,2025-09-29/2025-10-05,0.0,0.29491322309107293
2229,2025-10-04 21:03:00,2025-09-29/2025-10-05,0.0,0.3927833118791696
2231,2025-10-04 21:07:00,2025-09-29/2025-10-05,0.0,0.5385918696139098
2232,2025-10-04 21:11:00,2025-09-29/2025-10-05,0.0,0.4099269444379649
2236,2025-10-04 22:53:00,2025-09-29/2025-10-05,0.0,0.4769749474253993
2237,2025-10-04 22:55:00,2025-09-29/2025-10-05,0.0,0.23966587726694422
2238,2025-10-04 23:01:00,2025-09-29/2025-10-05,1.0,0.2741994155777584
2239,2025-10-04 23:29:00,2025-09-29/2025-10-05,1.0,0.3334741370652285
2241,2025-10-05 00:16:00,2025-09-29/2025-10-05,0.0,0.3191260692190036
2243,2025-10-05 00:30:00,2025-09-29/2025-10-05,0.0,0.46615812413406515
2244,2025-10-05 00:47:00,2025-09-29/2025-10-05,0.0,0.36524666718045634
2246,2025-10-05 01:12:00,2025-09-29/2025-10-05,0.0,0.19716661083695808
2247,2025-10-05 01:14:00,2025-09-29/2025-10-05,0.0,0.6018415945778246
2249,2025-10-05 01:16:00,2025-09-29/2025-10-05,0.0,0.543958870646435
2253,2025-10-05 02:11:00,2025-09-29/2025-10-05,0.0,0.2542259051705352
2254,2025-10-05 02:12:00,2025-09-29/2025-10-05,0.0,0.14250949991508732
2255,2025-10-05 02:13:00,2025-09-29/2025-10-05,0.0,0.46420947136765744
2260,2025-10-05 02:42:00,2025-09-29/2025-10-05,1.0,0.2346071369800457
2262,2025-10-05 03:02:00,2025-09-29/2025-10-05,0.0,0.5676574282099408
2263,2025-10-05 03:03:00,2025-09-29/2025-10-05,0.0,0.5522516876943581
2264,2025-10-05 03:07:00,2025-09-29/2025-10-05,0.0,0.5156961711180903
2265,2025-10-05 03:16:00,2025-09-29/2025-10-05,0.0,0.4933577046543703
2266,2025-10-05 03:16:00,2025-09-29/2025-10-05,0.0,0.42674022487581403
2267,2025-10-05 03:23:00,2025-09-29/2025-10-05,0.0,0.3728405904409218
2268,2025-10-05 03:43:00,2025-09-29/2025-10-05,0.0,0.40520672653052353
2269,2025-10-05 03:46:00,2025-09-29/2025-10-05,0.0,0.18875659394023708
2270,2025-10-05 03:53:00,2025-09-29/2025-10-05,1.0,0.39980980385801845
2271,2025-10-05 03:53:00,2025-09-29/2025-10-05,0.0,0.4752905522399455
2274,2025-10-05 04:04:00,2025-09-29/2025-10-05,0.0,0.28737489948979894
2275,2025-10-05 04:04:00,2025-09-29/2025-10-05,0.0,0.3007044198282841
2278,2025-10-05 04:07:00,2025-09-29/2025-10-05,0.0,0.4353475623787656
2280,2025-10-05 04:08:00,2025-09-29/2025-10-05,0.0,0.2629421824551715
2281,2025-10-05 04:08:00,2025-09-29/2025-10-05,1.0,0.5926479241571294
2284,2025-10-05 04:10:00,2025-09-29/2025-10-05,0.0,0.5569167267417453
2285,2025-10-05 04:10:00,2025-09-29/2025-10-05,0.0,0.3710165773145889
2288,2025-10-05 04:12:00,2025-09-29/2025-10-05,0.0,0.4866606740669923
2290,2025-10-05 04:13:00,2025-09-29/2025-10-05,0.0,0.1634386760984187
2292,2025-10-05 04:14:00,2025-09-29/2025-10-05,0.0,0.42992999065312604
2299,2025-10-05 04:19:00,2025-09-29/2025-10-05,0.0,0.30027275586870544
2351,2025-10-05 11:54:00,2025-09-29/2025-10-05,0.0,0.43282946130799443
2352,2025-10-05 11:55:00,2025-09-29/2025-10-05,1.0,0.2960663470641698
2359,2025-10-05 12:03:00,2025-09-29/2025-10-05,1.0,0.41052401623655305
2363,2025-10-05 12:50:00,2025-09-29/2025-10-05,1.0,0.4963462965841595
2364,2025-10-05 13:00:00,2025-09-29/2025-10-05,1.0,0.3616186119586162
2367,2025-10-05 13:10:00,2025-09-29/2025-10-05,1.0,0.5160298669592768
2369,2025-10-05 13:19:00,2025-09-29/2025-10-05,1.0,0.3034626836661698
2372,2025-10-05 14:05:00,2025-09-29/2025-10-05,0.0,0.4804755176567364
2377,2025-10-05 14:35:00,2025-09-29/2025-10-05,0.0,0.36086137468822566
2378,2025-10-05 14:41:00,2025-09-29/2025-10-05,0.0,0.31052314819912347
2379,2025-10-05 14:54:00,2025-09-29/2025-10-05,1.0,0.318501467589159
2381,2025-10-05 15:10:00,2025-09-29/2025-10-05,0.0,0.35352380603067507
2383,2025-10-05 15:24:00,2025-09-29/2025-10-05,1.0,0.2767522358467168
2389,2025-10-05 16:27:00,2025-09-29/2025-10-05,0.0,0.2619068300939695
2390,2025-10-05 16:35:00,2025-09-29/2025-10-05,0.0,0.29621053541346637
2391,2025-10-05 16:37:00,2025-09-29/2025-10-05,0.0,0.3925514886419272
2392,2025-10-05 16:48:00,2025-09-29/2025-10-05,1.0,0.34975815338915484
2393,2025-10-05 16:53:00,2025-09-29/2025-10-05,1.0,0.3861122118577888
2394,2025-10-05 17:01:00,2025-09-29/2025-10-05,1.0,0.2949706213847611
2400,2025-10-05 17:34:00,2025-09-29/2025-10-05,0.0,0.34272389368513123
2401,2025-10-05 17:43:00,2025-09-29/2025-10-05,0.0,0.32046140343282226
2402,2025-10-05 17:53:00,2025-09-29/2025-10-05,0.0,0.30827951756070004
2443,2025-10-07 17:03:00,2025-10-06/2025-10-12,0.0,0.43158368058542435
2456,2025-10-08 09:46:00,2025-10-06/2025-10-12,0.0,0.45296479785103827
2459,2025-10-08 09:51:00,2025-10-06/2025-10-12,1.0,0.3970630111136019
2462,2025-10-08 09:57:00,2025-10-06/2025-10-12,0.0,0.4658399958896731
2465,2025-10-08 10:19:00,2025-10-06/2025-10-12,0.0,0.5070692656969966
2472,2025-10-08 10:31:00,2025-10-06/2025-10-12,1.0,0.46224020999828974
2475,2025-10-08 10:44:00,2025-10-06/2025-10-12,1.0,0.5934415622556436
2476,2025-10-08 10:50:00,2025-10-06/2025-10-12,1.0,0.5419396489776567
2477,2025-10-08 11:03:00,2025-10-06/2025-10-12,0.0,0.538374912414465
2479,2025-10-08 11:33:00,2025-10-06/2025-10-12,0.0,0.5381100839773879
2481,2025-10-08 13:03:00,2025-10-06/2025-10-12,0.0,0.3365516164617543
2482,2025-10-08 13:23:00,2025-10-06/2025-10-12,1.0,0.4586330031405942
2490,2025-10-08 13:35:00,2025-10-06/2025-10-12,0.0,0.5146960221847918
2491,2025-10-08 13:37:00,2025-10-06/2025-10-12,0.0,0.34517501751172697
2492,2025-10-08 13:37:00,2025-10-06/2025-10-12,0.0,0.3494355282069703
2493,2025-10-08 13:50:00,2025-10-06/2025-10-12,1.0,0.5972785075849086
2496,2025-10-08 14:19:00,2025-10-06/2025-10-12,1.0,0.5383130496736244
2501,2025-10-08 14:36:00,2025-10-06/2025-10-12,0.0,0.24462450910078934
2503,2025-10-08 14:45:00,2025-10-06/2025-10-12,1.0,0.4630723480960119
2506,2025-10-08 14:47:00,2025-10-06/2025-10-12,1.0,0.3522385718633737
2510,2025-10-08 15:03:00,2025-10-06/2025-10-12,0.0,0.29778615367785166
2511,2025-10-08 15:06:00,2025-10-06/2025-10-12,1.0,0.32612955513761527
2515,2025-10-08 15:48:00,2025-10-06/2025-10-12,0.0,0.30938186703967163
2517,2025-10-08 15:57:00,2025-10-06/2025-10-12,1.0,0.41667546312943754
2519,2025-10-08 16:07:00,2025-10-06/2025-10-12,0.0,0.4942365348969871
2520,2025-10-08 16:09:00,2025-10-06/2025-10-12,0.0,0.5973326274589563
2521,2025-10-08 16:10:00,2025-10-06/2025-10-12,0.0,0.2793655278163979
2522,2025-10-08 16:15:00,2025-10-06/2025-10-12,1.0,0.47690361337675774
2536,2025-10-08 16:30:00,2025-10-06/2025-10-12,1.0,0.3080572880608842
2541,2025-10-08 16:56:00,2025-10-06/2025-10-12,0.0,0.3158228353072809
2544,2025-10-08 17:12:00,2025-10-06/2025-10-12,0.0,0.18615346481998718
2548,2025-10-08 18:26:00,2025-10-06/2025-10-12,0.0,0.3511511447176978
2550,2025-10-08 18:29:00,2025-10-06/2025-10-12,0.0,0.33582004484967387
2552,2025-10-08 19:01:00,2025-10-06/2025-10-12,0.0,0.4929757534528958
2554,2025-10-08 19:37:00,2025-10-06/2025-10-12,0.0,0.33865091385939705
2557,2025-10-08 19:57:00,2025-10-06/2025-10-12,0.0,0.42172261795352617
2560,2025-10-08 20:07:00,2025-10-06/2025-10-12,0.0,0.44379184044010567
2561,2025-10-08 20:16:00,2025-10-06/2025-10-12,0.0,0.18536603937764984
2564,2025-10-08 22:02:00,2025-10-06/2025-10-12,0.0,0.4328059240509189
2565,2025-10-08 22:06:00,2025-10-06/2025-10-12,0.0,0.39501365982365705
2566,2025-10-08 22:08:00,2025-10-06/2025-10-12,0.0,0.3843341996799796
2572,2025-10-08 23:16:00,2025-10-06/2025-10-12,1.0,0.3917046591892039
2576,2025-10-09 00:42:00,2025-10-06/2025-10-12,0.0,0.2487355877618987
2580,2025-10-09 01:32:00,2025-10-06/2025-10-12,0.0,0.12298755468644275
2584,2025-10-09 03:45:00,2025-10-06/2025-10-12,0.0,0.43984584741754934
2586,2025-10-09 04:02:00,2025-10-06/2025-10-12,0.0,0.32510058556008337
2662,2025-10-09 09:39:00,2025-10-06/2025-10-12,0.0,0.5736840578281805
2665,2025-10-09 09:45:00,2025-10-06/2025-10-12,1.0,0.6237988814320182
2668,2025-10-09 10:40:00,2025-10-06/2025-10-12,0.0,0.46144060167060447
2669,2025-10-09 10:48:00,2025-10-06/2025-10-12,0.0,0.39227345821136816
2671,2025-10-09 10:58:00,2025-10-06/2025-10-12,0.0,0.41516649851423054
2673,2025-10-09 11:30:00,2025-10-06/2025-10-12,0.0,0.3620051621547653
2674,2025-10-09 11:31:00,2025-10-06/2025-10-12,0.0,0.4576393436900536
2679,2025-10-09 12:01:00,2025-10-06/2025-10-12,1.0,0.32206346636034644
2689,2025-10-09 12:36:00,2025-10-06/2025-10-12,0.0,0.5663249198975544
2691,2025-10-09 12:51:00,2025-10-06/2025-10-12,1.0,0.5323046691671416
2692,2025-10-09 12:56:00,2025-10-06/2025-10-12,0.0,0.4853736580129813
2695,2025-10-09 13:11:00,2025-10-06/2025-10-12,0.0,0.30167391673599564
2702,2025-10-09 14:08:00,2025-10-06/2025-10-12,0.0,0.49500146621968066
2703,2025-10-09 14:13:00,2025-10-06/2025-10-12,0.0,0.1659364979245582
2707,2025-10-09 14:47:00,2025-10-06/2025-10-12,0.0,0.2708228906523975
2711,2025-10-09 15:09:00,2025-10-06/2025-10-12,0.0,0.35110142112607035
2712,2025-10-09 15:32:00,2025-10-06/2025-10-12,1.0,0.3896631486856534
2716,2025-10-09 16:12:00,2025-10-06/2025-10-12,0.0,0.3149378661550108
2719,2025-10-09 16:39:00,2025-10-06/2025-10-12,0.0,0.0798546451572622
2721,2025-10-09 16:52:00,2025-10-06/2025-10-12,0.0,0.4961777613126028
2722,2025-10-09 17:15:00,2025-10-06/2025-10-12,0.0,0.20468454876536146
2723,2025-10-09 17:21:00,2025-10-06/2025-10-12,0.0,0.4605290407316172
2724,2025-10-09 17:37:00,2025-10-06/2025-10-12,0.0,0.3839211049424684
2725,2025-10-09 17:49:00,2025-10-06/2025-10-12,0.0,0.21095445119891884
2726,2025-10-09 17:51:00,2025-10-06/2025-10-12,0.0,0.472989723583314
2728,2025-10-09 18:27:00,2025-10-06/2025-10-12,0.0,0.35700363310548905
2730,2025-10-09 18:43:00,2025-10-06/2025-10-12,0.0,0.39976231606611246
2732,2025-10-09 20:31:00,2025-10-06/2025-10-12,0.0,0.44159935438811027
2734,2025-10-09 20:32:00,2025-10-06/2025-10-12,0.0,0.502689413044391
2735,2025-10-09 20:44:00,2025-10-06/2025-10-12,0.0,0.44397777221065476
2736,2025-10-09 20:44:00,2025-10-06/2025-10-12,0.0,0.36342027039532
2738,2025-10-09 21:20:00,2025-10-06/2025-10-12,0.0,0.23305683781338893
2739,2025-10-09 21:27:00,2025-10-06/2025-10-12,0.0,0.4340249806335894
2742,2025-10-09 21:49:00,2025-10-06/2025-10-12,1.0,0.44433011532052297
2743,2025-10-09 22:08:00,2025-10-06/2025-10-12,0.0,0.2644539667332112
2744,2025-10-09 22:22:00,2025-10-06/2025-10-12,0.0,0.3139536229090665
2748,2025-10-09 23:38:00,2025-10-06/2025-10-12,1.0,0.4752217424553317
2752,2025-10-10 00:25:00,2025-10-06/2025-10-12,0.0,0.4312652608089846
2755,2025-10-10 01:42:00,2025-10-06/2025-10-12,1.0,0.4880589418095338
2760,2025-10-10 03:19:00,2025-10-06/2025-10-12,0.0,0.3248474717089946
2762,2025-10-10 03:44:00,2025-10-06/2025-10-12,0.0,0.4148594521187639
2763,2025-10-10 03:55:00,2025-10-06/2025-10-12,0.0,0.629968456606531
2764,2025-10-10 04:02:00,2025-10-06/2025-10-12,0.0,0.3454100617342824
2766,2025-10-10 04:03:00,2025-10-06/2025-10-12,0.0,0.5526787787000618
2767,2025-10-10 04:04:00,2025-10-06/2025-10-12,0.0,0.3321195047610021
2768,2025-10-10 04:05:00,2025-10-06/2025-10-12,0.0,0.5024975585357361
2771,2025-10-10 04:06:00,2025-10-06/2025-10-12,0.0,0.2707037426783949
2772,2025-10-10 04:07:00,2025-10-06/2025-10-12,0.0,0.3404469311799941
2775,2025-10-10 04:08:00,2025-10-06/2025-10-12,0.0,0.21469567616575913
2776,2025-10-10 04:09:00,2025-10-06/2025-10-12,0.0,0.44975288505365957
2777,2025-10-10 04:10:00,2025-10-06/2025-10-12,0.0,0.4302972291363187
2778,2025-10-10 04:11:00,2025-10-06/2025-10-12,0.0,0.27959906179430905
2780,2025-10-10 04:22:00,2025-10-06/2025-10-12,1.0,0.4802249573873805
2783,2025-10-10 04:42:00,2025-10-06/2025-10-12,0.0,0.4091397570772723
2784,2025-10-10 04:47:00,2025-10-06/2025-10-12,0.0,0.3981951813115043
2785,2025-10-10 04:55:00,2025-10-06/2025-10-12,0.0,0.4275408079007108
2786,2025-10-10 05:06:00,2025-10-06/2025-10-12,0.0,0.7110943858430554
2787,2025-10-10 05:13:00,2025-10-06/2025-10-12,0.0,0.39795530371049137
2789,2025-10-10 05:43:00,2025-10-06/2025-10-12,0.0,0.28497891018297505
2792,2025-10-10 05:54:00,2025-10-06/2025-10-12,0.0,0.5020137716174022
2793,2025-10-10 06:01:00,2025-10-06/2025-10-12,0.0,0.4758947157006572
2795,2025-10-10 06:20:00,2025-10-06/2025-10-12,0.0,0.49841068078986217
2796,2025-10-10 06:21:00,2025-10-06/2025-10-12,0.0,0.410416892351894
2799,2025-10-10 06:34:00,2025-10-06/2025-10-12,0.0,0.3830912610506593
2800,2025-10-10 06:39:00,2025-10-06/2025-10-12,0.0,0.5758348842233112
2801,2025-10-10 06:46:00,2025-10-06/2025-10-12,0.0,0.6426983883567465
2803,2025-10-10 06:53:00,2025-10-06/2025-10-12,0.0,0.49672873497224246
2804,2025-10-10 06:58:00,2025-10-06/2025-10-12,0.0,0.3847531073440818
2805,2025-10-10 07:00:00,2025-10-06/2025-10-12,0.0,0.33806374631739966
2806,2025-10-10 07:01:00,2025-10-06/2025-10-12,0.0,0.5694600202129415
2810,2025-10-10 07:07:00,2025-10-06/2025-10-12,1.0,0.4212145285813421
2812,2025-10-10 07:24:00,2025-10-06/2025-10-12,0.0,0.567056839677579
2814,2025-10-10 07:26:00,2025-10-06/2025-10-12,0.0,0.6382384980523234
2815,2025-10-10 07:29:00,2025-10-06/2025-10-12,0.0,0.5601107594187371
2816,2025-10-10 07:33:00,2025-10-06/2025-10-12,0.0,0.547596166680137
2818,2025-10-10 07:38:00,2025-10-06/2025-10-12,0.0,0.3939223811697713
2819,2025-10-10 07:50:00,2025-10-06/2025-10-12,0.0,0.6586082951491832
2820,2025-10-10 07:52:00,2025-10-06/2025-10-12,0.0,0.39983812102920235
2822,2025-10-10 07:53:00,2025-10-06/2025-10-12,0.0,0.626917455073349
2823,2025-10-10 07:57:00,2025-10-06/2025-10-12,0.0,0.45078516459091683
2824,2025-10-10 07:59:00,2025-10-06/2025-10-12,0.0,0.45041775394882744
2825,2025-10-10 08:03:00,2025-10-06/2025-10-12,0.0,0.5472370066638845
2826,2025-10-10 08:13:00,2025-10-06/2025-10-12,0.0,0.3212138139603563
2828,2025-10-10 08:16:00,2025-10-06/2025-10-12,0.0,0.2696292132674897
2829,2025-10-10 08:24:00,2025-10-06/2025-10-12,0.0,0.45929589523587755
2831,2025-10-10 08:27:00,2025-10-06/2025-10-12,0.0,0.3719970196782925
2834,2025-10-10 08:31:00,2025-10-06/2025-10-12,0.0,0.5877359882447698
2835,2025-10-10 08:34:00,2025-10-06/2025-10-12,0.0,0.4953091292210643
2836,2025-10-10 08:35:00,2025-10-06/2025-10-12,1.0,0.46822170138872865
2837,2025-10-10 08:37:00,2025-10-06/2025-10-12,0.0,0.5130883046989209
2841,2025-10-10 09:07:00,2025-10-06/2025-10-12,0.0,0.4541770815494647
2843,2025-10-10 09:14:00,2025-10-06/2025-10-12,1.0,0.6672256191244098
2844,2025-10-10 09:17:00,2025-10-06/2025-10-12,0.0,0.42450600965637525
2846,2025-10-10 09:21:00,2025-10-06/2025-10-12,0.0,0.4627484793079
2847,2025-10-10 09:35:00,2025-10-06/2025-10-12,1.0,0.35010361866394774
2849,2025-10-10 09:55:00,2025-10-06/2025-10-12,0.0,0.48578343582545874
2852,2025-10-10 10:26:00,2025-10-06/2025-10-12,0.0,0.47947197634934385
2854,2025-10-10 10:37:00,2025-10-06/2025-10-12,0.0,0.3904195141247437
2855,2025-10-10 10:48:00,2025-10-06/2025-10-12,0.0,0.35837103428605427
2856,2025-10-10 10:50:00,2025-10-06/2025-10-12,0.0,0.4828898813039851
2858,2025-10-10 11:03:00,2025-10-06/2025-10-12,0.0,0.5176651069837482
2860,2025-10-10 11:19:00,2025-10-06/2025-10-12,1.0,0.45179293835901224
2862,2025-10-10 11:33:00,2025-10-06/2025-10-12,1.0,0.5363428320828373
2867,2025-10-10 12:02:00,2025-10-06/2025-10-12,0.0,0.18901357287247883
2869,2025-10-10 12:05:00,2025-10-06/2025-10-12,0.0,0.30306173242832224
2870,2025-10-10 12:14:00,2025-10-06/2025-10-12,0.0,0.4243244367201034
2872,2025-10-10 12:18:00,2025-10-06/2025-10-12,0.0,0.21280431701830124
2874,2025-10-10 12:30:00,2025-10-06/2025-10-12,0.0,0.41531763540380534
2876,2025-10-10 12:36:00,2025-10-06/2025-10-12,0.0,0.5062921932852711
2877,2025-10-10 12:38:00,2025-10-06/2025-10-12,0.0,0.524036713235657
2878,2025-10-10 12:46:00,2025-10-06/2025-10-12,0.0,0.30599535523081606
2879,2025-10-10 12:48:00,2025-10-06/2025-10-12,0.0,0.3227171789135416
2881,2025-10-10 13:01:00,2025-10-06/2025-10-12,0.0,0.4096471391371641
2883,2025-10-10 13:19:00,2025-10-06/2025-10-12,0.0,0.3253947406076327
2884,2025-10-10 13:20:00,2025-10-06/2025-10-12,0.0,0.22857206767276578
2885,2025-10-10 13:21:00,2025-10-06/2025-10-12,0.0,0.2578828894650708
2886,2025-10-10 13:22:00,2025-10-06/2025-10-12,0.0,0.25544349992928583
2887,2025-10-10 13:24:00,2025-10-06/2025-10-12,1.0,0.4809163436664126
2888,2025-10-10 13:32:00,2025-10-06/2025-10-12,0.0,0.52874308167093
2889,2025-10-10 14:02:00,2025-10-06/2025-10-12,0.0,0.4251665728133799
2893,2025-10-10 14:14:00,2025-10-06/2025-10-12,0.0,0.0882550791334124
2894,2025-10-10 14:17:00,2025-10-06/2025-10-12,0.0,0.5339265956131034
2896,2025-10-10 14:42:00,2025-10-06/2025-10-12,0.0,0.25423570079825236
2898,2025-10-10 14:46:00,2025-10-06/2025-10-12,0.0,0.17428416849603612
2899,2025-10-10 14:58:00,2025-10-06/2025-10-12,0.0,0.4167573213343389
2900,2025-10-10 14:59:00,2025-10-06/2025-10-12,0.0,0.45355098026751267
2903,2025-10-10 15:10:00,2025-10-06/2025-10-12,0.0,0.45743180784190146
2909,2025-10-10 16:09:00,2025-10-06/2025-10-12,0.0,0.24285654790059197
2911,2025-10-10 16:10:00,2025-10-06/2025-10-12,0.0,0.3308560832776757
2912,2025-10-10 16:18:00,2025-10-06/2025-10-12,0.0,0.34214632440545206
2913,2025-10-10 16:21:00,2025-10-06/2025-10-12,0.0,0.44802327219198257
2914,2025-10-10 16:29:00,2025-10-06/2025-10-12,0.0,0.5247008713642308
2916,2025-10-10 16:32:00,2025-10-06/2025-10-12,0.0,0.6032346506128893
2917,2025-10-10 16:33:00,2025-10-06/2025-10-12,0.0,0.19176620991225704
2918,2025-10-10 16:38:00,2025-10-06/2025-10-12,0.0,0.1638854034024898
2919,2025-10-10 16:52:00,2025-10-06/2025-10-12,0.0,0.2714431255691667
2921,2025-10-10 17:13:00,2025-10-06/2025-10-12,0.0,0.39204400547258594
2922,2025-10-10 17:19:00,2025-10-06/2025-10-12,0.0,0.3626697386688525
2924,2025-10-10 17:20:00,2025-10-06/2025-10-12,1.0,0.5906602882486287
2925,2025-10-10 17:21:00,2025-10-06/2025-10-12,0.0,0.30041655045276067
2933,2025-10-10 18:54:00,2025-10-06/2025-10-12,0.0,0.3575102270946118
2937,2025-10-10 19:01:00,2025-10-06/2025-10-12,0.0,0.11152965519021864
2939,2025-10-10 19:10:00,2025-10-06/2025-10-12,0.0,0.5060035139992648
2940,2025-10-10 19:25:00,2025-10-06/2025-10-12,0.0,0.33098811536846073
2943,2025-10-10 19:58:00,2025-10-06/2025-10-12,0.0,0.17275824772485693
2948,2025-10-10 20:23:00,2025-10-06/2025-10-12,0.0,0.462750368119312
3012,2025-10-10 21:21:00,2025-10-06/2025-10-12,0.0,0.42376089552477203
3014,2025-10-10 21:24:00,2025-10-06/2025-10-12,0.0,0.40415024548897915
3017,2025-10-10 21:50:00,2025-10-06/2025-10-12,0.0,0.2546021578049749
3024,2025-10-10 22:38:00,2025-10-06/2025-10-12,0.0,0.3070996353841539
3027,2025-10-10 22:48:00,2025-10-06/2025-10-12,0.0,0.4778895723090527
3029,2025-10-10 23:15:00,2025-10-06/2025-10-12,0.0,0.24051269899747263
3031,2025-10-10 23:30:00,2025-10-06/2025-10-12,1.0,0.32362399090205834
3033,2025-10-11 01:03:00,2025-10-06/2025-10-12,0.0,0.2283053468754717
3034,2025-10-11 01:06:00,2025-10-06/2025-10-12,0.0,0.22038867864450418
3035,2025-10-11 01:22:00,2025-10-06/2025-10-12,0.0,0.5116934074407397
3037,2025-10-11 01:34:00,2025-10-06/2025-10-12,0.0,0.623208608373004
3039,2025-10-11 01:44:00,2025-10-06/2025-10-12,0.0,0.5575636223435514
3040,2025-10-11 01:49:00,2025-10-06/2025-10-12,0.0,0.4175282264291163
3042,2025-10-11 01:51:00,2025-10-06/2025-10-12,0.0,0.2347372799468429
3043,2025-10-11 02:03:00,2025-10-06/2025-10-12,0.0,0.41530428644041295
3044,2025-10-11 02:03:00,2025-10-06/2025-10-12,0.0,0.6010286893132094
3045,2025-10-11 02:04:00,2025-10-06/2025-10-12,0.0,0.2740071067251776
3046,2025-10-11 02:05:00,2025-10-06/2025-10-12,0.0,0.4410480139784642
3047,2025-10-11 02:06:00,2025-10-06/2025-10-12,0.0,0.24330327937749696
3048,2025-10-11 02:07:00,2025-10-06/2025-10-12,0.0,0.21122441193944597
3049,2025-10-11 02:08:00,2025-10-06/2025-10-12,0.0,0.18600927536369402
3051,2025-10-11 02:09:00,2025-10-06/2025-10-12,0.0,0.5135962567441215
3052,2025-10-11 02:10:00,2025-10-06/2025-10-12,0.0,0.19944855709976325
3054,2025-10-11 02:23:00,2025-10-06/2025-10-12,0.0,0.3064896307281718
3055,2025-10-11 02:34:00,2025-10-06/2025-10-12,0.0,0.37254864194020376
3056,2025-10-11 02:35:00,2025-10-06/2025-10-12,0.0,0.16216123345486758
3057,2025-10-11 02:37:00,2025-10-06/2025-10-12,0.0,0.331095005110676
3058,2025-10-11 02:38:00,2025-10-06/2025-10-12,0.0,0.3937929826926221
3059,2025-10-11 02:42:00,2025-10-06/2025-10-12,0.0,0.4285360380634462
3060,2025-10-11 02:45:00,2025-10-06/2025-10-12,0.0,0.35441555901023736
3061,2025-10-11 02:46:00,2025-10-06/2025-10-12,0.0,0.5560947886304588
3063,2025-10-11 03:15:00,2025-10-06/2025-10-12,0.0,0.4596924490062592
3065,2025-10-11 03:18:00,2025-10-06/2025-10-12,0.0,0.6738787716690161
3066,2025-10-11 03:44:00,2025-10-06/2025-10-12,0.0,0.1948567375321061
3067,2025-10-11 03:45:00,2025-10-06/2025-10-12,0.0,0.20355202052490357
3068,2025-10-11 04:03:00,2025-10-06/2025-10-12,0.0,0.35529135398325407
3069,2025-10-11 04:05:00,2025-10-06/2025-10-12,0.0,0.3144151669438238
3070,2025-10-11 04:06:00,2025-10-06/2025-10-12,0.0,0.4211512496069217
3071,2025-10-11 04:06:00,2025-10-06/2025-10-12,0.0,0.3069294404227689
3073,2025-10-11 04:08:00,2025-10-06/2025-10-12,0.0,0.38383695980391086
3075,2025-10-11 04:09:00,2025-10-06/2025-10-12,0.0,0.12494643920053329
3076,2025-10-11 04:10:00,2025-10-06/2025-10-12,0.0,0.33228366851459823
3078,2025-10-11 04:11:00,2025-10-06/2025-10-12,0.0,0.2840887167492796
3080,2025-10-11 04:14:00,2025-10-06/2025-10-12,0.0,0.41202755533779284
3082,2025-10-11 04:15:00,2025-10-06/2025-10-12,0.0,0.16518908759303363
3083,2025-10-11 04:16:00,2025-10-06/2025-10-12,0.0,0.14954027042264564
3084,2025-10-11 04:17:00,2025-10-06/2025-10-12,0.0,0.30801461851927986
3085,2025-10-11 04:18:00,2025-10-06/2025-10-12,0.0,0.4736078318404539
3086,2025-10-11 04:22:00,2025-10-06/2025-10-12,0.0,0.48605158741220694
3087,2025-10-11 04:23:00,2025-10-06/2025-10-12,0.0,0.26572566107105233
3088,2025-10-11 04:25:00,2025-10-06/2025-10-12,0.0,0.17004998827435905
3089,2025-10-11 04:26:00,2025-10-06/2025-10-12,0.0,0.32693246793090636
3090,2025-10-11 04:28:00,2025-10-06/2025-10-12,0.0,0.17004998827435905
3091,2025-10-11 04:31:00,2025-10-06/2025-10-12,0.0,0.45157950650971235
3092,2025-10-11 04:41:00,2025-10-06/2025-10-12,1.0,0.7196670449239715
3093,2025-10-11 04:43:00,2025-10-06/2025-10-12,0.0,0.24718471282825014
3094,2025-10-11 04:46:00,2025-10-06/2025-10-12,0.0,0.2323987256239789
3095,2025-10-11 05:06:00,2025-10-06/2025-10-12,1.0,0.6464562237839132
3096,2025-10-11 05:08:00,2025-10-06/2025-10-12,0.0,0.4590887977468524
3097,2025-10-11 05:18:00,2025-10-06/2025-10-12,0.0,0.5989597214165602
3098,2025-10-11 05:20:00,2025-10-06/2025-10-12,0.0,0.628598373733732
3101,2025-10-11 05:44:00,2025-10-06/2025-10-12,0.0,0.6700984308032649
3102,2025-10-11 05:56:00,2025-10-06/2025-10-12,0.0,0.644094145518603
3103,2025-10-11 06:00:00,2025-10-06/2025-10-12,0.0,0.4546286827645551
3104,2025-10-11 06:01:00,2025-10-06/2025-10-12,0.0,0.6364198005253885
3108,2025-10-11 06:08:00,2025-10-06/2025-10-12,0.0,0.4787826295949245
3109,2025-10-11 06:13:00,2025-10-06/2025-10-12,0.0,0.3587990557096089
3112,2025-10-11 06:32:00,2025-10-06/2025-10-12,0.0,0.24861834932844418
3114,2025-10-11 06:48:00,2025-10-06/2025-10-12,0.0,0.2424264936057857
3115,2025-10-11 06:51:00,2025-10-06/2025-10-12,0.0,0.48973075971894775
3117,2025-10-11 06:59:00,2025-10-06/2025-10-12,0.0,0.26653617764191884
3118,2025-10-11 07:03:00,2025-10-06/2025-10-12,0.0,0.6683666125355048
3119,2025-10-11 07:04:00,2025-10-06/2025-10-12,0.0,0.6550891491491044
3120,2025-10-11 07:05:00,2025-10-06/2025-10-12,0.0,0.5027186121595155
3121,2025-10-11 07:08:00,2025-10-06/2025-10-12,0.0,0.7144485343242396
3124,2025-10-11 07:20:00,2025-10-06/2025-10-12,0.0,0.4977973049403268
3125,2025-10-11 07:20:00,2025-10-06/2025-10-12,0.0,0.7249479762438317
3126,2025-10-11 07:30:00,2025-10-06/2025-10-12,1.0,0.5997598690644576
3136,2025-10-11 07:44:00,2025-10-06/2025-10-12,0.0,0.3440737235499707
3137,2025-10-11 07:45:00,2025-10-06/2025-10-12,0.0,0.5482012902065718
3138,2025-10-11 07:46:00,2025-10-06/2025-10-12,0.0,0.36007235648768143
3139,2025-10-11 08:02:00,2025-10-06/2025-10-12,0.0,0.39317653989015505
3140,2025-10-11 08:03:00,2025-10-06/2025-10-12,0.0,0.5284158223340661
3141,2025-10-11 08:04:00,2025-10-06/2025-10-12,0.0,0.40852073609115513
3142,2025-10-11 08:04:00,2025-10-06/2025-10-12,0.0,0.3148716324803094
3143,2025-10-11 08:05:00,2025-10-06/2025-10-12,0.0,0.6058993869246909
3146,2025-10-11 08:07:00,2025-10-06/2025-10-12,0.0,0.5246715662706823
3148,2025-10-11 08:08:00,2025-10-06/2025-10-12,0.0,0.2017278070136064
3149,2025-10-11 08:09:00,2025-10-06/2025-10-12,0.0,0.31910401103460695
3150,2025-10-11 08:11:00,2025-10-06/2025-10-12,0.0,0.5173352355197821
3151,2025-10-11 08:13:00,2025-10-06/2025-10-12,0.0,0.4784285834552107
3152,2025-10-11 08:14:00,2025-10-06/2025-10-12,0.0,0.1867724226228991
3156,2025-10-11 08:22:00,2025-10-06/2025-10-12,0.0,0.5768116031844838
3157,2025-10-11 08:23:00,2025-10-06/2025-10-12,0.0,0.4507978801053094
3158,2025-10-11 08:26:00,2025-10-06/2025-10-12,0.0,0.5530065609931196
3161,2025-10-11 08:32:00,2025-10-06/2025-10-12,0.0,0.4760151510083398
3163,2025-10-11 08:37:00,2025-10-06/2025-10-12,0.0,0.5267963564927373
3165,2025-10-11 08:42:00,2025-10-06/2025-10-12,1.0,0.6111911505257968
3166,2025-10-11 08:51:00,2025-10-06/2025-10-12,0.0,0.311246163703035
3169,2025-10-11 09:06:00,2025-10-06/2025-10-12,0.0,0.24166185881582442
3175,2025-10-11 09:10:00,2025-10-06/2025-10-12,0.0,0.6504403069965223
3176,2025-10-11 09:11:00,2025-10-06/2025-10-12,0.0,0.41016018055823483
3183,2025-10-11 09:28:00,2025-10-06/2025-10-12,0.0,0.23107418911981076
3186,2025-10-11 09:30:00,2025-10-06/2025-10-12,0.0,0.3257668030899975
3188,2025-10-11 09:41:00,2025-10-06/2025-10-12,1.0,0.6602571242640938
3190,2025-10-11 09:51:00,2025-10-06/2025-10-12,0.0,0.5133805393913784
3193,2025-10-11 09:53:00,2025-10-06/2025-10-12,1.0,0.5549848440773598
3201,2025-10-11 10:09:00,2025-10-06/2025-10-12,0.0,0.4379567888098992
3202,2025-10-11 10:10:00,2025-10-06/2025-10-12,0.0,0.6063370946528814
3203,2025-10-11 10:11:00,2025-10-06/2025-10-12,0.0,0.4433484549460773
3204,2025-10-11 10:12:00,2025-10-06/2025-10-12,0.0,0.4909205068940694
3205,2025-10-11 10:33:00,2025-10-06/2025-10-12,0.0,0.3370548527963587
3209,2025-10-11 10:41:00,2025-10-06/2025-10-12,1.0,0.5134731743121344
3210,2025-10-11 10:45:00,2025-10-06/2025-10-12,4.29234623754955e-243,0.4160995923120124
3212,2025-10-11 10:46:00,2025-10-06/2025-10-12,0.0,0.5548263076816313
3215,2025-10-11 11:09:00,2025-10-06/2025-10-12,0.0,0.3680157677524294
3216,2025-10-11 11:17:00,2025-10-06/2025-10-12,0.0,0.3339356063346924
3217,2025-10-11 11:27:00,2025-10-06/2025-10-12,0.0,0.41610882218776757
3219,2025-10-11 11:31:00,2025-10-06/2025-10-12,0.0,0.28946460285210185
3231,2025-10-11 12:15:00,2025-10-06/2025-10-12,0.0,0.43662644380985016
3232,2025-10-11 12:16:00,2025-10-06/2025-10-12,0.0,0.36644035917037177
3234,2025-10-11 12:28:00,2025-10-06/2025-10-12,0.0,0.3034875558463397
3235,2025-10-11 12:41:00,2025-10-06/2025-10-12,0.0,0.23358383806873556
3236,2025-10-11 12:45:00,2025-10-06/2025-10-12,0.0,0.13020173955643077
3237,2025-10-11 13:01:00,2025-10-06/2025-10-12,0.0,0.28240797553823366
3242,2025-10-11 13:28:00,2025-10-06/2025-10-12,0.0,0.3536865012137166
3243,2025-10-11 13:34:00,2025-10-06/2025-10-12,0.0,0.16135621043854867
3247,2025-10-11 13:45:00,2025-10-06/2025-10-12,0.0,0.44782637575261824
3257,2025-10-11 14:19:00,2025-10-06/2025-10-12,0.0,0.36494798678933255
3261,2025-10-11 14:41:00,2025-10-06/2025-10-12,0.0,0.2702039641231404
3262,2025-10-11 14:52:00,2025-10-06/2025-10-12,0.0,0.5486966704944982
3271,2025-10-11 15:12:00,2025-10-06/2025-10-12,0.0,0.11902458398361039
3278,2025-10-11 15:31:00,2025-10-06/2025-10-12,0.0,0.21917223811647493
3279,2025-10-11 15:33:00,2025-10-06/2025-10-12,0.0,0.35995434884388017
3283,2025-10-11 16:02:00,2025-10-06/2025-10-12,0.0,0.5213634660717921
3285,2025-10-11 16:05:00,2025-10-06/2025-10-12,0.0,0.4815205750899183
3288,2025-10-11 16:25:00,2025-10-06/2025-10-12,0.0,0.39507356758345646
3290,2025-10-11 16:31:00,2025-10-06/2025-10-12,0.0,0.28728459502523956
3291,2025-10-11 16:36:00,2025-10-06/2025-10-12,1.0,0.3184010193721722
3292,2025-10-11 16:48:00,2025-10-06/2025-10-12,1.0,0.44760653727244
3293,2025-10-11 17:02:00,2025-10-06/2025-10-12,0.0,0.3374395516170506
3299,2025-10-11 17:34:00,2025-10-06/2025-10-12,0.0,0.4162174506431062
3307,2025-10-11 19:37:00,2025-10-06/2025-10-12,0.0,0.3131355594654139
3313,2025-10-11 20:16:00,2025-10-06/2025-10-12,0.0,0.16001985784663378
3317,2025-10-11 21:25:00,2025-10-06/2025-10-12,1.0,0.17386622890714665
3319,2025-10-12 01:13:00,2025-10-06/2025-10-12,0.0,0.30762740774001907
3320,2025-10-12 01:32:00,2025-10-06/2025-10-12,0.0,0.21779556006693054
3326,2025-10-12 03:05:00,2025-10-06/2025-10-12,1.0,0.35091723209251097
3327,2025-10-12 03:08:00,2025-10-06/2025-10-12,0.0,0.2646287280078714
3328,2025-10-12 03:12:00,2025-10-06/2025-10-12,0.0,0.20597574451279133
3330,2025-10-12 03:22:00,2025-10-06/2025-10-12,0.0,0.1899339703922374
3331,2025-10-12 03:29:00,2025-10-06/2025-10-12,0.0,0.3416348105510604
3333,2025-10-12 04:03:00,2025-10-06/2025-10-12,0.0,0.4379292522788821
3334,2025-10-12 04:05:00,2025-10-06/2025-10-12,0.0,0.3958354095546963
3335,2025-10-12 04:08:00,2025-10-06/2025-10-12,0.0,0.29302632090281006
3336,2025-10-12 04:08:00,2025-10-06/2025-10-12,0.0,0.176593043934561
3337,2025-10-12 04:10:00,2025-10-06/2025-10-12,1.0,0.3729033598669051
3338,2025-10-12 04:14:00,2025-10-06/2025-10-12,0.0,0.7099976885043523
3340,2025-10-12 04:27:00,2025-10-06/2025-10-12,1.0,0.17586289028734212
3342,2025-10-12 04:29:00,2025-10-06/2025-10-12,0.0,0.2757212783466687
3343,2025-10-12 04:33:00,2025-10-06/2025-10-12,0.0,0.25828483301790595
3344,2025-10-12 04:43:00,2025-10-06/2025-10-12,0.0,0.5190670372678489
3346,2025-10-12 04:51:00,2025-10-06/2025-10-12,0.0,0.45581697748090616
3351,2025-10-12 05:27:00,2025-10-06/2025-10-12,0.0,0.6734467466871881
3353,2025-10-12 05:33:00,2025-10-06/2025-10-12,0.0,0.36707857313270087
3354,2025-10-12 05:50:00,2025-10-06/2025-10-12,0.0,0.514477926101468
3358,2025-10-12 06:13:00,2025-10-06/2025-10-12,0.0,0.5442257741635393
3360,2025-10-12 06:41:00,2025-10-06/2025-10-12,0.0,0.2454841991781638
3361,2025-10-12 06:44:00,2025-10-06/2025-10-12,0.0,0.3903993365422434
3362,2025-10-12 07:01:00,2025-10-06/2025-10-12,0.0,0.6056661393162843
3365,2025-10-12 07:12:00,2025-10-06/2025-10-12,0.0,0.28081556323347595
3367,2025-10-12 07:24:00,2025-10-06/2025-10-12,0.0,0.2766589053835307
3368,2025-10-12 07:29:00,2025-10-06/2025-10-12,0.0,0.2707955822504592
3369,2025-10-12 07:34:00,2025-10-06/2025-10-12,0.0,0.47963019567784554
3370,2025-10-12 07:45:00,2025-10-06/2025-10-12,1.0,0.5712145323574978
3371,2025-10-12 07:52:00,2025-10-06/2025-10-12,0.0,0.3994878432414091
3372,2025-10-12 07:55:00,2025-10-06/2025-10-12,0.0,0.36846702025438377
3373,2025-10-12 07:59:00,2025-10-06/2025-10-12,0.0,0.2722211632603835
3374,2025-10-12 08:02:00,2025-10-06/2025-10-12,1.0,0.4333493551093306
3375,2025-10-12 08:06:00,2025-10-06/2025-10-12,0.0,0.20548706786725776
3376,2025-10-12 08:08:00,2025-10-06/2025-10-12,0.0,0.4206072555461298
3378,2025-10-12 08:11:00,2025-10-06/2025-10-12,0.0,0.1769877915283756
3380,2025-10-12 08:13:00,2025-10-06/2025-10-12,0.0,0.5187225878757308
3382,2025-10-12 08:19:00,2025-10-06/2025-10-12,0.0,0.15267934183706303
3384,2025-10-12 08:29:00,2025-10-06/2025-10-12,0.0,0.576340013077041
3401,2025-10-12 14:40:00,2025-10-06/2025-10-12,0.0,0.3196598309657045
3402,2025-10-12 14:41:00,2025-10-06/2025-10-12,0.0,0.4881401401571227
3403,2025-10-12 14:54:00,2025-10-06/2025-10-12,0.0,0.4579715301574665
3409,2025-10-12 15:57:00,2025-10-06/2025-10-12,0.0,0.21687156143217787
3410,2025-10-12 16:13:00,2025-10-06/2025-10-12,0.0,0.22232892960207898
3411,2025-10-12 16:18:00,2025-10-06/2025-10-12,0.0,0.4498180280035416
3418,2025-10-12 17:02:00,2025-10-06/2025-10-12,0.0,0.3585699322139473
3421,2025-10-12 17:59:00,2025-10-06/2025-10-12,0.0,0.3528562285847791
3423,2025-10-12 18:42:00,2025-10-06/2025-10-12,0.0,0.27878072588904534
3425,2025-10-12 19:13:00,2025-10-06/2025-10-12,0.0,0.07151343265414259
3433,2025-10-12 21:10:00,2025-10-06/2025-10-12,0.0,0.49299101729448
3434,2025-10-12 22:06:00,2025-10-06/2025-10-12,0.0,0.5244634474282044
3444,2025-10-13 03:57:00,2025-10-13/2025-10-19,1.0,0.3261078856866756
3448,2025-10-13 04:08:00,2025-10-13/2025-10-19,1.0,0.37882788001104
3449,2025-10-13 04:09:00,2025-10-13/2025-10-19,1.0,0.2983873480905593
3450,2025-10-13 04:10:00,2025-10-13/2025-10-19,1.0,0.3882869601808582
3451,2025-10-13 04:12:00,2025-10-13/2025-10-19,1.0,0.416704075634725
3452,2025-10-13 04:53:00,2025-10-13/2025-10-19,1.0,0.42531604098517184
3454,2025-10-13 05:44:00,2025-10-13/2025-10-19,1.0,0.4936550422766196
3459,2025-10-13 06:28:00,2025-10-13/2025-10-19,1.0,0.3872176358867867
3461,2025-10-13 06:42:00,2025-10-13/2025-10-19,1.0,0.4002890303299886
3462,2025-10-13 06:53:00,2025-10-13/2025-10-19,1.0,0.42849810013061207
3464,2025-10-13 07:03:00,2025-10-13/2025-10-19,1.0,0.4296535712315641
3466,2025-10-13 07:25:00,2025-10-13/2025-10-19,1.0,0.3538522177746973
3467,2025-10-13 07:43:00,2025-10-13/2025-10-19,1.0,0.4194715051896146
3468,2025-10-13 07:48:00,2025-10-13/2025-10-19,1.0,0.5137640461953783
3469,2025-10-13 08:14:00,2025-10-13/2025-10-19,1.0,0.4602993511179842
3470,2025-10-13 08:28:00,2025-10-13/2025-10-19,1.0,0.4090255072543442
3471,2025-10-13 08:35:00,2025-10-13/2025-10-19,1.0,0.39733147330139407
3472,2025-10-13 09:01:00,2025-10-13/2025-10-19,1.0,0.35865341820112623
3473,2025-10-13 09:04:00,2025-10-13/2025-10-19,1.0,0.4193629788547803
3475,2025-10-13 09:31:00,2025-10-13/2025-10-19,1.0,0.24607085335583903
3476,2025-10-13 09:32:00,2025-10-13/2025-10-19,1.0,0.5178994067717411
3479,2025-10-13 10:10:00,2025-10-13/2025-10-19,1.0,0.5219722380795698
3480,2025-10-13 10:11:00,2025-10-13/2025-10-19,1.0,0.5188794149255332
3482,2025-10-13 10:21:00,2025-10-13/2025-10-19,1.0,0.43492590894796684
3485,2025-10-13 10:58:00,2025-10-13/2025-10-19,1.0,0.36851646890049944
3488,2025-10-13 11:02:00,2025-10-13/2025-10-19,1.0,0.22979064525543197
3490,2025-10-13 11:08:00,2025-10-13/2025-10-19,1.0,0.3922526196331008
3492,2025-10-13 11:26:00,2025-10-13/2025-10-19,1.0,0.5376222437825497
3493,2025-10-13 11:26:00,2025-10-13/2025-10-19,1.0,0.3967255307558566
3498,2025-10-13 12:11:00,2025-10-13/2025-10-19,1.0,0.23996233187433683
3501,2025-10-13 12:58:00,2025-10-13/2025-10-19,1.0,0.4037408815421667
3502,2025-10-13 13:48:00,2025-10-13/2025-10-19,1.0,0.29140535407773427
3506,2025-10-13 15:27:00,2025-10-13/2025-10-19,1.0,0.2721668719351256
3507,2025-10-13 15:27:00,2025-10-13/2025-10-19,1.0,0.3453362960746882
3508,2025-10-13 15:33:00,2025-10-13/2025-10-19,1.0,0.3905205512317645
3509,2025-10-13 15:40:00,2025-10-13/2025-10-19,1.0,0.47327086104214655
3514,2025-10-13 16:19:00,2025-10-13/2025-10-19,1.0,0.34488972994903316
3515,2025-10-13 16:34:00,2025-10-13/2025-10-19,1.0,0.5029822715256196
3520,2025-10-13 18:02:00,2025-10-13/2025-10-19,1.0,0.5149049458595404
3523,2025-10-13 18:18:00,2025-10-13/2025-10-19,1.0,0.6423241190676997
3530,2025-10-13 19:17:00,2025-10-13/2025-10-19,1.0,0.49356435589142017
3533,2025-10-13 20:47:00,2025-10-13/2025-10-19,1.0,0.5369997690669288
3534,2025-10-13 21:20:00,2025-10-13/2025-10-19,1.0,0.3575405387899241
3536,2025-10-13 21:31:00,2025-10-13/2025-10-19,1.0,0.4891841889141918
3539,2025-10-13 22:46:00,2025-10-13/2025-10-19,1.0,0.33389642412874576
3540,2025-10-14 00:17:00,2025-10-13/2025-10-19,1.0,0.3449936192772598
3543,2025-10-14 02:02:00,2025-10-13/2025-10-19,1.0,0.3669680167039555
3547,2025-10-14 04:07:00,2025-10-13/2025-10-19,1.0,0.30515987522146865
3549,2025-10-14 05:02:00,2025-10-13/2025-10-19,1.0,0.5706936635638089
3552,2025-10-14 06:11:00,2025-10-13/2025-10-19,1.0,0.39376698289669254
3553,2025-10-14 06:13:00,2025-10-13/2025-10-19,1.0,0.633011437650163
3560,2025-10-14 07:35:00,2025-10-13/2025-10-19,1.0,0.39732502222713745
3562,2025-10-14 07:41:00,2025-10-13/2025-10-19,1.0,0.2597201234723396
3563,2025-10-14 07:50:00,2025-10-13/2025-10-19,1.0,0.3258403137103144
3565,2025-10-14 08:13:00,2025-10-13/2025-10-19,1.0,0.48473307060303333
3568,2025-10-14 08:29:00,2025-10-13/2025-10-19,1.0,0.45435687677634595
3569,2025-10-14 08:37:00,2025-10-13/2025-10-19,1.0,0.3080460085764375
3570,2025-10-14 08:39:00,2025-10-13/2025-10-19,1.0,0.3429438164746802
3571,2025-10-14 08:40:00,2025-10-13/2025-10-19,1.0,0.3945719784705411
3577,2025-10-14 10:49:00,2025-10-13/2025-10-19,1.0,0.5223976135819184
3580,2025-10-14 12:53:00,2025-10-13/2025-10-19,1.0,0.40579868595426233
3582,2025-10-14 13:23:00,2025-10-13/2025-10-19,1.0,0.5254899196448608
3584,2025-10-14 14:03:00,2025-10-13/2025-10-19,1.0,0.39022378609256025
3585,2025-10-14 14:27:00,2025-10-13/2025-10-19,1.0,0.6097316807453113
3586,2025-10-14 14:50:00,2025-10-13/2025-10-19,1.0,0.4653999439688809
3587,2025-10-14 14:51:00,2025-10-13/2025-10-19,1.0,0.3076072210224683
3616,2025-10-14 16:33:00,2025-10-13/2025-10-19,1.0,0.49905926179952664
3617,2025-10-14 16:34:00,2025-10-13/2025-10-19,1.0,0.5067105747492741
3624,2025-10-14 17:22:00,2025-10-13/2025-10-19,1.0,0.2925459103445479
3625,2025-10-14 17:53:00,2025-10-13/2025-10-19,1.0,0.6170941241763614
3626,2025-10-14 17:54:00,2025-10-13/2025-10-19,1.0,0.29874062970461224
3633,2025-10-14 20:06:00,2025-10-13/2025-10-19,1.0,0.3252062069300768
3634,2025-10-14 21:01:00,2025-10-13/2025-10-19,1.0,0.22008983933904624
3641,2025-10-15 04:03:00,2025-10-13/2025-10-19,1.0,0.17556508413595842
3648,2025-10-15 06:02:00,2025-10-13/2025-10-19,1.0,0.39883977865775316
3649,2025-10-15 06:06:00,2025-10-13/2025-10-19,1.0,0.46360929960269814
3651,2025-10-15 06:17:00,2025-10-13/2025-10-19,1.0,0.31847232227115313
3652,2025-10-15 06:20:00,2025-10-13/2025-10-19,1.0,0.31202383285717156
3653,2025-10-15 06:21:00,2025-10-13/2025-10-19,1.0,0.4398941538079388
3654,2025-10-15 07:07:00,2025-10-13/2025-10-19,1.0,0.4573681008393238
3659,2025-10-15 08:25:00,2025-10-13/2025-10-19,1.0,0.4935768083244355
3661,2025-10-15 08:29:00,2025-10-13/2025-10-19,1.0,0.4042843951407957
3662,2025-10-15 08:39:00,2025-10-13/2025-10-19,1.0,0.37729994006833417
3663,2025-10-15 09:06:00,2025-10-13/2025-10-19,1.0,0.28556374382236105
3665,2025-10-15 10:11:00,2025-10-13/2025-10-19,1.0,0.38145986066330634
3666,2025-10-15 10:14:00,2025-10-13/2025-10-19,1.0,0.4445093862905224
3669,2025-10-15 11:22:00,2025-10-13/2025-10-19,1.0,0.19876134432273201
3670,2025-10-15 11:24:00,2025-10-13/2025-10-19,1.0,0.4250196693673265
3671,2025-10-15 11:29:00,2025-10-13/2025-10-19,1.0,0.31165970459684994
3672,2025-10-15 11:31:00,2025-10-13/2025-10-19,1.0,0.6117067901631198
3674,2025-10-15 11:52:00,2025-10-13/2025-10-19,1.0,0.2891418694031625
3675,2025-10-15 12:18:00,2025-10-13/2025-10-19,1.0,0.4335957137022875
3677,2025-10-15 12:20:00,2025-10-13/2025-10-19,1.0,0.4000922307149247
3680,2025-10-15 12:33:00,2025-10-13/2025-10-19,1.0,0.2618038925548061
3681,2025-10-15 12:35:00,2025-10-13/2025-10-19,1.0,0.4992444570914372
3684,2025-10-15 13:06:00,2025-10-13/2025-10-19,1.0,0.46463216824055836
3694,2025-10-15 15:59:00,2025-10-13/2025-10-19,1.0,0.35821264152395693
3699,2025-10-15 16:14:00,2025-10-13/2025-10-19,1.0,0.4749084786115089
3700,2025-10-15 16:49:00,2025-10-13/2025-10-19,1.0,0.4598410062321401
3703,2025-10-15 17:14:00,2025-10-13/2025-10-19,1.0,0.3278406002037806
3718,2025-10-15 17:33:00,2025-10-13/2025-10-19,1.0,0.3784305337339275
3723,2025-10-15 17:42:00,2025-10-13/2025-10-19,1.0,0.32266097018567935
3725,2025-10-15 17:48:00,2025-10-13/2025-10-19,1.0,0.18314680744550418
3726,2025-10-15 17:51:00,2025-10-13/2025-10-19,1.0,0.4561282215503336
3730,2025-10-15 18:13:00,2025-10-13/2025-10-19,1.0,0.5233667281267935
3739,2025-10-15 18:39:00,2025-10-13/2025-10-19,1.0,0.3023748812982569
3744,2025-10-15 19:44:00,2025-10-13/2025-10-19,1.0,0.4780559083091141
3745,2025-10-15 19:56:00,2025-10-13/2025-10-19,1.0,0.38539202994579297
3750,2025-10-15 20:23:00,2025-10-13/2025-10-19,1.0,0.42044105258406417
3751,2025-10-15 21:05:00,2025-10-13/2025-10-19,1.0,0.5938091672273478
3753,2025-10-15 21:55:00,2025-10-13/2025-10-19,1.0,0.3492369688266201
3755,2025-10-15 22:26:00,2025-10-13/2025-10-19,1.0,0.3724297180509771
3757,2025-10-15 22:55:00,2025-10-13/2025-10-19,1.0,0.4148322553391567
3759,2025-10-15 22:59:00,2025-10-13/2025-10-19,1.0,0.36937282836287516
3761,2025-10-15 23:13:00,2025-10-13/2025-10-19,1.0,0.29951241859820715
3766,2025-10-16 01:30:00,2025-10-13/2025-10-19,1.0,0.4152641559896956
3770,2025-10-16 03:08:00,2025-10-13/2025-10-19,1.0,0.4964649691988404
3772,2025-10-16 04:06:00,2025-10-13/2025-10-19,1.0,0.2749037000873864
3774,2025-10-16 04:07:00,2025-10-13/2025-10-19,1.0,0.35336791738331613
3775,2025-10-16 04:59:00,2025-10-13/2025-10-19,1.0,0.44189737950553054
3777,2025-10-16 05:00:00,2025-10-13/2025-10-19,1.0,0.5052652068763015
3778,2025-10-16 05:05:00,2025-10-13/2025-10-19,1.0,0.4642106055751209
3782,2025-10-16 05:21:00,2025-10-13/2025-10-19,1.0,0.3688335953534787
3783,2025-10-16 05:32:00,2025-10-13/2025-10-19,1.0,0.24559510747583838
3784,2025-10-16 05:48:00,2025-10-13/2025-10-19,1.0,0.3188472083949867
3786,2025-10-16 06:05:00,2025-10-13/2025-10-19,1.0,0.4064319008306077
3788,2025-10-16 06:29:00,2025-10-13/2025-10-19,1.0,0.5230840593876794
3791,2025-10-16 07:18:00,2025-10-13/2025-10-19,1.0,0.33115578543713997
3792,2025-10-16 07:18:00,2025-10-13/2025-10-19,1.0,0.6375068006586413
3793,2025-10-16 07:19:00,2025-10-13/2025-10-19,1.0,0.3975809029322999
3797,2025-10-16 07:39:00,2025-10-13/2025-10-19,1.0,0.43312391877488754
3798,2025-10-16 07:47:00,2025-10-13/2025-10-19,1.0,0.5469330850110385
3800,2025-10-16 07:53:00,2025-10-13/2025-10-19,1.0,0.49381612690931465
3802,2025-10-16 08:09:00,2025-10-13/2025-10-19,1.0,0.33483918267072577
3803,2025-10-16 08:14:00,2025-10-13/2025-10-19,1.0,0.5079586274005166
3805,2025-10-16 08:49:00,2025-10-13/2025-10-19,1.0,0.3675878374748019
3806,2025-10-16 08:57:00,2025-10-13/2025-10-19,1.0,0.38648764161223337
3807,2025-10-16 09:02:00,2025-10-13/2025-10-19,1.0,0.45611638214560507
3809,2025-10-16 09:37:00,2025-10-13/2025-10-19,1.0,0.28950130097458
3810,2025-10-16 09:47:00,2025-10-13/2025-10-19,1.0,0.3262585393315714
3811,2025-10-16 09:50:00,2025-10-13/2025-10-19,1.0,0.42162541310198925
3814,2025-10-16 10:23:00,2025-10-13/2025-10-19,1.0,0.32514575640579385
3815,2025-10-16 10:50:00,2025-10-13/2025-10-19,1.0,0.23213875972727782
3817,2025-10-16 11:00:00,2025-10-13/2025-10-19,1.0,0.3418272616745471
3820,2025-10-16 11:23:00,2025-10-13/2025-10-19,1.0,0.3983464892213607
3821,2025-10-16 11:36:00,2025-10-13/2025-10-19,1.0,0.3846381360730038
3823,2025-10-16 12:00:00,2025-10-13/2025-10-19,1.0,0.43477181521820163
3827,2025-10-16 12:22:00,2025-10-13/2025-10-19,1.0,0.2962578724360144
3828,2025-10-16 12:38:00,2025-10-13/2025-10-19,1.0,0.6716079329842852
3829,2025-10-16 12:41:00,2025-10-13/2025-10-19,1.0,0.2735306036139845
3833,2025-10-16 13:00:00,2025-10-13/2025-10-19,1.0,0.3515723241418262
3835,2025-10-16 13:07:00,2025-10-13/2025-10-19,1.0,0.3748915102444952
3840,2025-10-16 13:32:00,2025-10-13/2025-10-19,1.0,0.592126939590415
3843,2025-10-16 13:41:00,2025-10-13/2025-10-19,1.0,0.38879510379822135
3849,2025-10-16 14:04:00,2025-10-13/2025-10-19,1.0,0.15803380148116064
3850,2025-10-16 14:16:00,2025-10-13/2025-10-19,1.0,0.4753148509203945
3851,2025-10-16 14:29:00,2025-10-13/2025-10-19,1.0,0.35582676983138156
3853,2025-10-16 14:37:00,2025-10-13/2025-10-19,1.0,0.28536177705265686
3856,2025-10-16 15:06:00,2025-10-13/2025-10-19,1.0,0.4810104153582201
3857,2025-10-16 15:07:00,2025-10-13/2025-10-19,1.0,0.40477888619591096
3858,2025-10-16 15:09:00,2025-10-13/2025-10-19,1.0,0.45020258733760465
3859,2025-10-16 15:14:00,2025-10-13/2025-10-19,1.0,0.3791774527466703
3861,2025-10-16 15:34:00,2025-10-13/2025-10-19,1.0,0.4362841690192402
3862,2025-10-16 15:53:00,2025-10-13/2025-10-19,1.0,0.37586163851987403
3864,2025-10-16 16:11:00,2025-10-13/2025-10-19,1.0,0.3991166289587255
3865,2025-10-16 16:12:00,2025-10-13/2025-10-19,1.0,0.5074579477522272
3866,2025-10-16 16:24:00,2025-10-13/2025-10-19,1.0,0.2129711395807564
3869,2025-10-16 16:53:00,2025-10-13/2025-10-19,1.0,0.4218314944048865
3871,2025-10-16 17:00:00,2025-10-13/2025-10-19,1.0,0.459811156720899
3878,2025-10-16 18:33:00,2025-10-13/2025-10-19,1.0,0.48891652461134727
3879,2025-10-16 18:43:00,2025-10-13/2025-10-19,1.0,0.35525915036303857
3881,2025-10-16 18:45:00,2025-10-13/2025-10-19,1.0,0.2988385415714054
3882,2025-10-16 19:13:00,2025-10-13/2025-10-19,1.0,0.25073761310197656
3883,2025-10-16 19:30:00,2025-10-13/2025-10-19,1.0,0.36796797054149755
3885,2025-10-16 19:39:00,2025-10-13/2025-10-19,1.0,0.36260561484348053
3886,2025-10-16 19:41:00,2025-10-13/2025-10-19,1.0,0.3306387276265641
3887,2025-10-16 19:48:00,2025-10-13/2025-10-19,1.0,0.4127490909493456
3894,2025-10-16 21:28:00,2025-10-13/2025-10-19,1.0,0.3133843745801457
3896,2025-10-16 21:41:00,2025-10-13/2025-10-19,1.0,0.4889744252218724
3897,2025-10-16 21:52:00,2025-10-13/2025-10-19,1.0,0.38156314871016245
3898,2025-10-16 22:03:00,2025-10-13/2025-10-19,1.0,0.43662628578338425
3902,2025-10-16 22:14:00,2025-10-13/2025-10-19,1.0,0.4135385055829675
3903,2025-10-16 22:24:00,2025-10-13/2025-10-19,1.0,0.4343619367491019
3904,2025-10-16 22:31:00,2025-10-13/2025-10-19,1.0,0.33178776773718494
3905,2025-10-16 23:17:00,2025-10-13/2025-10-19,1.0,0.3865157820874194
3908,2025-10-16 23:30:00,2025-10-13/2025-10-19,1.0,0.14567691878230604
3909,2025-10-16 23:33:00,2025-10-13/2025-10-19,1.0,0.4854309968083316
3912,2025-10-17 00:01:00,2025-10-13/2025-10-19,1.0,0.29352923293090444
3913,2025-10-17 00:03:00,2025-10-13/2025-10-19,1.0,0.3169721567287326
3916,2025-10-17 01:20:00,2025-10-13/2025-10-19,1.0,0.2904895577423016
3917,2025-10-17 01:27:00,2025-10-13/2025-10-19,1.0,0.2884880887659892
3920,2025-10-17 02:07:00,2025-10-13/2025-10-19,1.0,0.4221813723834216
3921,2025-10-17 02:08:00,2025-10-13/2025-10-19,1.0,0.23792152018434878
3924,2025-10-17 02:10:00,2025-10-13/2025-10-19,1.0,0.30199321307648774
3926,2025-10-17 02:20:00,2025-10-13/2025-10-19,1.0,0.13648087752774693
3927,2025-10-17 02:25:00,2025-10-13/2025-10-19,1.0,0.32396295222546256
3928,2025-10-17 02:26:00,2025-10-13/2025-10-19,1.0,0.36746815936995647
3929,2025-10-17 02:27:00,2025-10-13/2025-10-19,1.0,0.28663513976814553
3930,2025-10-17 02:28:00,2025-10-13/2025-10-19,1.0,0.23245399259773017
3931,2025-10-17 02:29:00,2025-10-13/2025-10-19,1.0,0.34466146641849615
3933,2025-10-17 02:35:00,2025-10-13/2025-10-19,1.0,0.33536885106290165
3935,2025-10-17 02:42:00,2025-10-13/2025-10-19,1.0,0.18476839035825007
3936,2025-10-17 02:44:00,2025-10-13/2025-10-19,1.0,0.3042694558963369
3939,2025-10-17 03:59:00,2025-10-13/2025-10-19,1.0,0.4955042988982739
3940,2025-10-17 04:05:00,2025-10-13/2025-10-19,1.0,0.4644132010285737
3941,2025-10-17 04:06:00,2025-10-13/2025-10-19,1.0,0.2975299599987541
3942,2025-10-17 04:07:00,2025-10-13/2025-10-19,1.0,0.27053579089041846
3943,2025-10-17 04:08:00,2025-10-13/2025-10-19,1.0,0.32158101048571164
3944,2025-10-17 04:08:00,2025-10-13/2025-10-19,1.0,0.330546856275231
3945,2025-10-17 04:09:00,2025-10-13/2025-10-19,1.0,0.4734653357044878
3946,2025-10-17 04:10:00,2025-10-13/2025-10-19,1.0,0.38453946435139946
3947,2025-10-17 04:11:00,2025-10-13/2025-10-19,1.0,0.4468775249961606
3948,2025-10-17 04:12:00,2025-10-13/2025-10-19,1.0,0.47291287948973826
3949,2025-10-17 04:13:00,2025-10-13/2025-10-19,1.0,0.3846670703314005
3950,2025-10-17 04:14:00,2025-10-13/2025-10-19,1.0,0.22875128191462588
3951,2025-10-17 04:14:00,2025-10-13/2025-10-19,1.0,0.46765911512535396
3955,2025-10-17 04:28:00,2025-10-13/2025-10-19,1.0,0.42740824386305726
3957,2025-10-17 04:41:00,2025-10-13/2025-10-19,1.0,0.44986297882429477
3960,2025-10-17 04:59:00,2025-10-13/2025-10-19,1.0,0.28488239236278134
3964,2025-10-17 05:06:00,2025-10-13/2025-10-19,1.0,0.6352611828398061
3965,2025-10-17 05:08:00,2025-10-13/2025-10-19,1.0,0.3536526709811167
3966,2025-10-17 05:15:00,2025-10-13/2025-10-19,1.0,0.33132041129888046
3967,2025-10-17 05:17:00,2025-10-13/2025-10-19,1.0,0.3278805582676794
3968,2025-10-17 05:18:00,2025-10-13/2025-10-19,1.0,0.4580037436993896
3969,2025-10-17 05:25:00,2025-10-13/2025-10-19,1.0,0.3580612245451269
3972,2025-10-17 05:40:00,2025-10-13/2025-10-19,1.0,0.42329598025255805
3974,2025-10-17 05:44:00,2025-10-13/2025-10-19,1.0,0.39122657047164344
3975,2025-10-17 06:01:00,2025-10-13/2025-10-19,1.0,0.24851291088262809
3976,2025-10-17 06:03:00,2025-10-13/2025-10-19,1.0,0.3411501667003969
3978,2025-10-17 06:07:00,2025-10-13/2025-10-19,1.0,0.3451791139938278
3980,2025-10-17 06:12:00,2025-10-13/2025-10-19,1.0,0.37416327519937714
3981,2025-10-17 06:13:00,2025-10-13/2025-10-19,1.0,0.5252475667716953
3982,2025-10-17 06:15:00,2025-10-13/2025-10-19,1.0,0.6192649171646663
3985,2025-10-17 06:23:00,2025-10-13/2025-10-19,1.0,0.5406464808749908
3986,2025-10-17 06:29:00,2025-10-13/2025-10-19,1.0,0.39132605204765963
3991,2025-10-17 07:15:00,2025-10-13/2025-10-19,1.0,0.36488157444031927
3997,2025-10-17 07:27:00,2025-10-13/2025-10-19,1.0,0.35114477232064684
3998,2025-10-17 07:35:00,2025-10-13/2025-10-19,1.0,0.3301981760998202
3999,2025-10-17 07:38:00,2025-10-13/2025-10-19,1.0,0.3536119595866447
4000,2025-10-17 07:45:00,2025-10-13/2025-10-19,1.0,0.28705059077165324
4003,2025-10-17 07:47:00,2025-10-13/2025-10-19,1.0,0.3052689961810677
4005,2025-10-17 07:53:00,2025-10-13/2025-10-19,1.0,0.2726703637433867
4008,2025-10-17 08:03:00,2025-10-13/2025-10-19,1.0,0.41762779214584517
4009,2025-10-17 08:07:00,2025-10-13/2025-10-19,1.0,0.44593649137732805
4010,2025-10-17 08:08:00,2025-10-13/2025-10-19,1.0,0.2849098653614419
4011,2025-10-17 08:08:00,2025-10-13/2025-10-19,1.0,0.356361052056438
4012,2025-10-17 08:09:00,2025-10-13/2025-10-19,1.0,0.39840866044711326
4013,2025-10-17 08:11:00,2025-10-13/2025-10-19,1.0,0.31585761393793305
4014,2025-10-17 08:18:00,2025-10-13/2025-10-19,1.0,0.4384050491252757
4015,2025-10-17 08:21:00,2025-10-13/2025-10-19,1.0,0.5013498062602447
4016,2025-10-17 08:23:00,2025-10-13/2025-10-19,1.0,0.41797133065727815
4017,2025-10-17 08:25:00,2025-10-13/2025-10-19,1.0,0.3623428552894057
4018,2025-10-17 08:30:00,2025-10-13/2025-10-19,1.0,0.3138152445838503
4020,2025-10-17 08:53:00,2025-10-13/2025-10-19,1.0,0.4244415579139979
4022,2025-10-17 08:55:00,2025-10-13/2025-10-19,1.0,0.4966627627206216
4025,2025-10-17 09:03:00,2025-10-13/2025-10-19,1.0,0.42466943380093714
4030,2025-10-17 09:06:00,2025-10-13/2025-10-19,1.0,0.2905084757053287
4033,2025-10-17 09:08:00,2025-10-13/2025-10-19,1.0,0.3636404094480257
4034,2025-10-17 09:14:00,2025-10-13/2025-10-19,1.0,0.4584378426886682
4035,2025-10-17 09:17:00,2025-10-13/2025-10-19,1.0,0.2926365398129738
4036,2025-10-17 09:18:00,2025-10-13/2025-10-19,1.0,0.4315305689975929
4038,2025-10-17 09:21:00,2025-10-13/2025-10-19,1.0,0.23308200300587215
4040,2025-10-17 09:31:00,2025-10-13/2025-10-19,1.0,0.4579689674391076
4045,2025-10-17 09:53:00,2025-10-13/2025-10-19,1.0,0.42963334298240774
4049,2025-10-17 10:04:00,2025-10-13/2025-10-19,1.0,0.22202803210746483
4051,2025-10-17 10:06:00,2025-10-13/2025-10-19,1.0,0.4159066735928423
4053,2025-10-17 10:14:00,2025-10-13/2025-10-19,1.0,0.45074912482187246
4054,2025-10-17 10:21:00,2025-10-13/2025-10-19,1.0,0.4161618139042185
4055,2025-10-17 10:22:00,2025-10-13/2025-10-19,1.0,0.3174921700452583
4056,2025-10-17 10:28:00,2025-10-13/2025-10-19,1.0,0.5264577186729288
4058,2025-10-17 10:45:00,2025-10-13/2025-10-19,1.0,0.38834523939163823
4060,2025-10-17 10:55:00,2025-10-13/2025-10-19,1.0,0.551662536838657
4061,2025-10-17 10:57:00,2025-10-13/2025-10-19,1.0,0.33376686989906734
4062,2025-10-17 11:02:00,2025-10-13/2025-10-19,1.0,0.3517020468462229
4063,2025-10-17 11:02:00,2025-10-13/2025-10-19,1.0,0.43341744731535736
4065,2025-10-17 11:04:00,2025-10-13/2025-10-19,1.0,0.5241000029004377
4066,2025-10-17 11:05:00,2025-10-13/2025-10-19,1.0,0.38861531400764354
4067,2025-10-17 11:08:00,2025-10-13/2025-10-19,1.0,0.4408473980800374
4069,2025-10-17 11:09:00,2025-10-13/2025-10-19,1.0,0.3401307061677797
4070,2025-10-17 11:12:00,2025-10-13/2025-10-19,1.0,0.33259497239523733
4071,2025-10-17 11:14:00,2025-10-13/2025-10-19,1.0,0.37796443785667283
4075,2025-10-17 11:24:00,2025-10-13/2025-10-19,1.0,0.39478094430454086
4076,2025-10-17 11:27:00,2025-10-13/2025-10-19,1.0,0.2456422457124918
4078,2025-10-17 11:33:00,2025-10-13/2025-10-19,1.0,0.5100915332435464
4080,2025-10-17 11:34:00,2025-10-13/2025-10-19,1.0,0.2121153574776497
4081,2025-10-17 11:35:00,2025-10-13/2025-10-19,1.0,0.29781012351493474
4086,2025-10-17 11:42:00,2025-10-13/2025-10-19,1.0,0.2766523408011434
4087,2025-10-17 11:43:00,2025-10-13/2025-10-19,1.0,0.43474401471055
4093,2025-10-17 11:50:00,2025-10-13/2025-10-19,1.0,0.11873499007497842
4096,2025-10-17 11:55:00,2025-10-13/2025-10-19,1.0,0.4074746729065537
4099,2025-10-17 12:04:00,2025-10-13/2025-10-19,1.0,0.4300874195761828
4101,2025-10-17 12:07:00,2025-10-13/2025-10-19,1.0,0.4531242173439409
4102,2025-10-17 12:07:00,2025-10-13/2025-10-19,1.0,0.40420331568934187
4103,2025-10-17 12:09:00,2025-10-13/2025-10-19,1.0,0.4234440066606135
4104,2025-10-17 12:09:00,2025-10-13/2025-10-19,1.0,0.4172693772605643
4106,2025-10-17 12:10:00,2025-10-13/2025-10-19,1.0,0.4030246373008275
4110,2025-10-17 12:28:00,2025-10-13/2025-10-19,1.0,0.4227753684275347
4111,2025-10-17 12:29:00,2025-10-13/2025-10-19,1.0,0.19198003837088023
4112,2025-10-17 12:30:00,2025-10-13/2025-10-19,1.0,0.4724632382444019
4113,2025-10-17 12:31:00,2025-10-13/2025-10-19,1.0,0.34448323388008184
4114,2025-10-17 12:38:00,2025-10-13/2025-10-19,1.0,0.3745354605607594
4115,2025-10-17 12:43:00,2025-10-13/2025-10-19,1.0,0.4483512359144932
4117,2025-10-17 12:47:00,2025-10-13/2025-10-19,1.0,0.19386119534028756
4119,2025-10-17 12:54:00,2025-10-13/2025-10-19,1.0,0.5023618556739843
4120,2025-10-17 13:00:00,2025-10-13/2025-10-19,1.0,0.44858539763176175
4122,2025-10-17 13:04:00,2025-10-13/2025-10-19,1.0,0.5900510142413853
4123,2025-10-17 13:08:00,2025-10-13/2025-10-19,1.0,0.4417982445591101
4124,2025-10-17 13:09:00,2025-10-13/2025-10-19,1.0,0.22923896660917303
4127,2025-10-17 13:19:00,2025-10-13/2025-10-19,1.0,0.23957204110166422
4128,2025-10-17 13:21:00,2025-10-13/2025-10-19,1.0,0.1646280860584329
4130,2025-10-17 13:30:00,2025-10-13/2025-10-19,1.0,0.39349368886805297
4131,2025-10-17 13:36:00,2025-10-13/2025-10-19,1.0,0.3247301483552001
4132,2025-10-17 13:50:00,2025-10-13/2025-10-19,1.0,0.46670138197611777
4135,2025-10-17 13:57:00,2025-10-13/2025-10-19,1.0,0.403447406650016
4137,2025-10-17 14:00:00,2025-10-13/2025-10-19,1.0,0.44003240480706457
4138,2025-10-17 14:03:00,2025-10-13/2025-10-19,1.0,0.3360329936426291
4140,2025-10-17 16:21:00,2025-10-13/2025-10-19,1.0,0.3453667417729759
4143,2025-10-17 16:30:00,2025-10-13/2025-10-19,1.0,0.2538143190758411
4145,2025-10-17 16:38:00,2025-10-13/2025-10-19,1.0,0.29860524739234207
4146,2025-10-17 16:40:00,2025-10-13/2025-10-19,1.0,0.5308750478856397
4147,2025-10-17 16:50:00,2025-10-13/2025-10-19,1.0,0.4091423204027843
4149,2025-10-17 16:52:00,2025-10-13/2025-10-19,1.0,0.2380620892527507
4150,2025-10-17 16:53:00,2025-10-13/2025-10-19,1.0,0.2284981367559201
4152,2025-10-17 16:54:00,2025-10-13/2025-10-19,1.0,0.39594896989901457
4163,2025-10-17 17:24:00,2025-10-13/2025-10-19,1.0,0.392631817954865
4164,2025-10-17 17:36:00,2025-10-13/2025-10-19,1.0,0.25039260258136076
4165,2025-10-17 18:01:00,2025-10-13/2025-10-19,1.0,0.29965964931863226
4166,2025-10-17 18:11:00,2025-10-13/2025-10-19,1.0,0.34171036232852325
4167,2025-10-17 18:12:00,2025-10-13/2025-10-19,1.0,0.3288695709100066
4168,2025-10-17 18:23:00,2025-10-13/2025-10-19,1.0,0.6978527085684597
4169,2025-10-17 18:31:00,2025-10-13/2025-10-19,1.0,0.25149589449529225
4171,2025-10-17 18:48:00,2025-10-13/2025-10-19,1.0,0.3721952333334807
4172,2025-10-17 18:51:00,2025-10-13/2025-10-19,1.0,0.46913419281319424
4174,2025-10-17 18:53:00,2025-10-13/2025-10-19,1.0,0.4278539452505491
4175,2025-10-17 19:03:00,2025-10-13/2025-10-19,1.0,0.4617836110075585
4176,2025-10-17 19:08:00,2025-10-13/2025-10-19,1.0,0.5385212801378026
4179,2025-10-17 19:20:00,2025-10-13/2025-10-19,1.0,0.5519035573836408
4180,2025-10-17 19:21:00,2025-10-13/2025-10-19,1.0,0.4174713889052994
4184,2025-10-17 19:28:00,2025-10-13/2025-10-19,1.0,0.36837849412500856
4187,2025-10-17 19:35:00,2025-10-13/2025-10-19,1.0,0.5542472582156122
4188,2025-10-17 19:37:00,2025-10-13/2025-10-19,1.0,0.44123694391089346
4189,2025-10-17 19:38:00,2025-10-13/2025-10-19,1.0,0.4830703677141328
4191,2025-10-17 19:46:00,2025-10-13/2025-10-19,1.0,0.5901006543362491
4193,2025-10-17 19:48:00,2025-10-13/2025-10-19,1.0,0.2695519104388666
4199,2025-10-17 20:09:00,2025-10-13/2025-10-19,1.0,0.4376824418147361
4201,2025-10-17 20:11:00,2025-10-13/2025-10-19,1.0,0.3377631618873129
4205,2025-10-17 20:25:00,2025-10-13/2025-10-19,1.0,0.5928106162289303
4210,2025-10-17 20:44:00,2025-10-13/2025-10-19,1.0,0.41279877252883534
4212,2025-10-17 20:47:00,2025-10-13/2025-10-19,1.0,0.4313346116222019
4214,2025-10-17 20:53:00,2025-10-13/2025-10-19,1.0,0.30916532685091414
4215,2025-10-17 20:55:00,2025-10-13/2025-10-19,1.0,0.45291657921021666
4217,2025-10-17 21:07:00,2025-10-13/2025-10-19,1.0,0.49519549040653144
4219,2025-10-17 21:11:00,2025-10-13/2025-10-19,1.0,0.48050624782378193
4221,2025-10-17 21:15:00,2025-10-13/2025-10-19,1.0,0.3633449536002039
4223,2025-10-17 21:17:00,2025-10-13/2025-10-19,1.0,0.5384080723358335
4224,2025-10-17 21:19:00,2025-10-13/2025-10-19,1.0,0.4114550896107621
4225,2025-10-17 21:24:00,2025-10-13/2025-10-19,1.0,0.45009216426485926
4229,2025-10-17 21:37:00,2025-10-13/2025-10-19,1.0,0.45249363198378817
4237,2025-10-17 22:01:00,2025-10-13/2025-10-19,1.0,0.2719545474736252
4238,2025-10-17 22:04:00,2025-10-13/2025-10-19,1.0,0.6287644774441101
4240,2025-10-17 22:05:00,2025-10-13/2025-10-19,1.0,0.30314498376453236
4242,2025-10-17 22:26:00,2025-10-13/2025-10-19,1.0,0.30879511968033996
4243,2025-10-17 22:30:00,2025-10-13/2025-10-19,1.0,0.3334816516481114
4251,2025-10-17 23:23:00,2025-10-13/2025-10-19,1.0,0.4586623896606478
4254,2025-10-17 23:37:00,2025-10-13/2025-10-19,1.0,0.49341208388314595
4256,2025-10-17 23:53:00,2025-10-13/2025-10-19,1.0,0.49104662707355207
4257,2025-10-18 00:03:00,2025-10-13/2025-10-19,1.0,0.4082898646803235
4260,2025-10-18 00:17:00,2025-10-13/2025-10-19,1.0,0.3313501797150403
4262,2025-10-18 00:46:00,2025-10-13/2025-10-19,1.0,0.340814599770051
4263,2025-10-18 00:54:00,2025-10-13/2025-10-19,1.0,0.4114987124641757
4268,2025-10-18 01:15:00,2025-10-13/2025-10-19,1.0,0.3085310712651201
4271,2025-10-18 02:16:00,2025-10-13/2025-10-19,1.0,0.35977688025245746
4272,2025-10-18 02:22:00,2025-10-13/2025-10-19,1.0,0.32256416165253243
4273,2025-10-18 02:25:00,2025-10-13/2025-10-19,1.0,0.354725617605917
4275,2025-10-18 02:28:00,2025-10-13/2025-10-19,1.0,0.45926410074994617
4277,2025-10-18 03:01:00,2025-10-13/2025-10-19,1.0,0.36444410497012264
4278,2025-10-18 03:16:00,2025-10-13/2025-10-19,1.0,0.4289383839696553
4280,2025-10-18 03:22:00,2025-10-13/2025-10-19,1.0,0.32578624217422664
4281,2025-10-18 03:34:00,2025-10-13/2025-10-19,1.0,0.35600499336125174
4282,2025-10-18 03:37:00,2025-10-13/2025-10-19,1.0,0.24932537265138477
4283,2025-10-18 03:43:00,2025-10-13/2025-10-19,1.0,0.19658943865609094
4285,2025-10-18 04:01:00,2025-10-13/2025-10-19,1.0,0.5065832013918444
4288,2025-10-18 04:05:00,2025-10-13/2025-10-19,1.0,0.2967361164800394
4290,2025-10-18 04:06:00,2025-10-13/2025-10-19,1.0,0.4339625178869346
4291,2025-10-18 04:08:00,2025-10-13/2025-10-19,1.0,0.3946015556484815
4293,2025-10-18 04:10:00,2025-10-13/2025-10-19,1.0,0.23267903642518936
4294,2025-10-18 04:11:00,2025-10-13/2025-10-19,1.0,0.46578386817725986
4295,2025-10-18 04:12:00,2025-10-13/2025-10-19,1.0,0.4733000864413125
4296,2025-10-18 04:14:00,2025-10-13/2025-10-19,1.0,0.4878319945267162
4298,2025-10-18 04:15:00,2025-10-13/2025-10-19,1.0,0.37728799703547977
4299,2025-10-18 04:17:00,2025-10-13/2025-10-19,1.0,0.40928799836886887
4300,2025-10-18 04:19:00,2025-10-13/2025-10-19,1.0,0.4435060765428427
4302,2025-10-18 04:21:00,2025-10-13/2025-10-19,1.0,0.2940233409773663
4304,2025-10-18 04:22:00,2025-10-13/2025-10-19,1.0,0.3181989163080602
4315,2025-10-18 04:28:00,2025-10-13/2025-10-19,1.0,0.3524940246174284
4317,2025-10-18 04:29:00,2025-10-13/2025-10-19,1.0,0.22928455038955184
4319,2025-10-18 04:31:00,2025-10-13/2025-10-19,1.0,0.3067399152583702
4326,2025-10-18 04:36:00,2025-10-13/2025-10-19,1.0,0.4610412947544421
4328,2025-10-18 04:37:00,2025-10-13/2025-10-19,1.0,0.5634536899052257
4332,2025-10-18 04:39:00,2025-10-13/2025-10-19,1.0,0.22067080095389355
4334,2025-10-18 04:41:00,2025-10-13/2025-10-19,1.0,0.35309660719173014
4336,2025-10-18 04:43:00,2025-10-13/2025-10-19,1.0,0.3517581199796659
4337,2025-10-18 04:45:00,2025-10-13/2025-10-19,1.0,0.4627605997645625
4343,2025-10-18 04:54:00,2025-10-13/2025-10-19,1.0,0.38947623240740753
4344,2025-10-18 04:55:00,2025-10-13/2025-10-19,1.0,0.28266181739292195
4345,2025-10-18 04:59:00,2025-10-13/2025-10-19,1.0,0.394278021347683
4348,2025-10-18 05:02:00,2025-10-13/2025-10-19,1.0,0.4617251074970698
4350,2025-10-18 05:04:00,2025-10-13/2025-10-19,1.0,0.31521215928844976
4351,2025-10-18 05:05:00,2025-10-13/2025-10-19,1.0,0.6163148888489902
4352,2025-10-18 05:13:00,2025-10-13/2025-10-19,1.0,0.43523734500043343
4355,2025-10-18 05:18:00,2025-10-13/2025-10-19,1.0,0.3434034998701282
4358,2025-10-18 05:23:00,2025-10-13/2025-10-19,1.0,0.3276778706781793
4360,2025-10-18 05:32:00,2025-10-13/2025-10-19,1.0,0.4263602189196894
4362,2025-10-18 05:38:00,2025-10-13/2025-10-19,1.0,0.4494666652467019
4363,2025-10-18 05:41:00,2025-10-13/2025-10-19,1.0,0.42278512247571526
4364,2025-10-18 05:43:00,2025-10-13/2025-10-19,1.0,0.286841730531975
4366,2025-10-18 05:47:00,2025-10-13/2025-10-19,1.0,0.3374232279245487
4367,2025-10-18 05:48:00,2025-10-13/2025-10-19,1.0,0.32751765901544727
4374,2025-10-18 05:56:00,2025-10-13/2025-10-19,1.0,0.2943238181940131
4375,2025-10-18 05:59:00,2025-10-13/2025-10-19,1.0,0.5327278422311603
4376,2025-10-18 06:06:00,2025-10-13/2025-10-19,1.0,0.35383711491056236
4379,2025-10-18 06:08:00,2025-10-13/2025-10-19,1.0,0.5262171905356999
4380,2025-10-18 06:13:00,2025-10-13/2025-10-19,1.0,0.5922439369232552
4381,2025-10-18 06:14:00,2025-10-13/2025-10-19,1.0,0.3514517201415861
4383,2025-10-18 06:17:00,2025-10-13/2025-10-19,1.0,0.41324217085812914
4384,2025-10-18 06:22:00,2025-10-13/2025-10-19,1.0,0.3486599357607593
4385,2025-10-18 06:24:00,2025-10-13/2025-10-19,1.0,0.29275526986300193
4387,2025-10-18 06:26:00,2025-10-13/2025-10-19,1.0,0.5212482346460616
4389,2025-10-18 06:27:00,2025-10-13/2025-10-19,1.0,0.4837301158158366
4392,2025-10-18 06:33:00,2025-10-13/2025-10-19,1.0,0.3365248487468811
4394,2025-10-18 06:34:00,2025-10-13/2025-10-19,1.0,0.31707793110965177
4395,2025-10-18 06:35:00,2025-10-13/2025-10-19,1.0,0.43896313446534024
4396,2025-10-18 06:37:00,2025-10-13/2025-10-19,1.0,0.4080873557339578
4397,2025-10-18 06:39:00,2025-10-13/2025-10-19,1.0,0.25546420250559554
4398,2025-10-18 06:40:00,2025-10-13/2025-10-19,1.0,0.3794067568399482
4400,2025-10-18 06:46:00,2025-10-13/2025-10-19,1.0,0.37001214355008333
4402,2025-10-18 06:49:00,2025-10-13/2025-10-19,1.0,0.45336434033415063
4403,2025-10-18 06:57:00,2025-10-13/2025-10-19,1.0,0.31764284853075325
4404,2025-10-18 06:58:00,2025-10-13/2025-10-19,1.0,0.6462879273127832
4407,2025-10-18 07:00:00,2025-10-13/2025-10-19,1.0,0.3174616620335016
4408,2025-10-18 07:02:00,2025-10-13/2025-10-19,1.0,0.530460062598338
4415,2025-10-18 07:05:00,2025-10-13/2025-10-19,1.0,0.29592220826970567
4416,2025-10-18 07:06:00,2025-10-13/2025-10-19,1.0,0.38992318871921977
4417,2025-10-18 07:12:00,2025-10-13/2025-10-19,1.0,0.5367018846665054
4419,2025-10-18 07:13:00,2025-10-13/2025-10-19,1.0,0.4231540515139886
4420,2025-10-18 07:14:00,2025-10-13/2025-10-19,1.0,0.37931681371137427
4422,2025-10-18 07:19:00,2025-10-13/2025-10-19,1.0,0.4474604953608702
4425,2025-10-18 07:25:00,2025-10-13/2025-10-19,1.0,0.27706918277094383
4427,2025-10-18 07:27:00,2025-10-13/2025-10-19,1.0,0.49862294011215
4428,2025-10-18 07:29:00,2025-10-13/2025-10-19,1.0,0.3170566893214374
4430,2025-10-18 07:34:00,2025-10-13/2025-10-19,1.0,0.41979450505771204
4434,2025-10-18 07:47:00,2025-10-13/2025-10-19,1.0,0.449322417892836
4440,2025-10-18 07:59:00,2025-10-13/2025-10-19,1.0,0.4831168975550774
4441,2025-10-18 08:07:00,2025-10-13/2025-10-19,1.0,0.5173653615231425
4442,2025-10-18 08:09:00,2025-10-13/2025-10-19,1.0,0.3274563538307668
4443,2025-10-18 08:10:00,2025-10-13/2025-10-19,1.0,0.2554714870075675
4444,2025-10-18 08:12:00,2025-10-13/2025-10-19,1.0,0.2957925823209289
4446,2025-10-18 08:13:00,2025-10-13/2025-10-19,1.0,0.48074288976564744
4447,2025-10-18 08:17:00,2025-10-13/2025-10-19,1.0,0.327658957795813
4449,2025-10-18 08:23:00,2025-10-13/2025-10-19,1.0,0.457863422539625
4454,2025-10-18 08:29:00,2025-10-13/2025-10-19,1.0,0.3240695727665486
4457,2025-10-18 08:32:00,2025-10-13/2025-10-19,1.0,0.2632154946157284
4460,2025-10-18 08:35:00,2025-10-13/2025-10-19,1.0,0.40830229775548205
4462,2025-10-18 08:36:00,2025-10-13/2025-10-19,1.0,0.3424642168509316
4463,2025-10-18 08:44:00,2025-10-13/2025-10-19,1.0,0.37577392966133344
4466,2025-10-18 08:53:00,2025-10-13/2025-10-19,1.0,0.4553304972063751
4467,2025-10-18 08:59:00,2025-10-13/2025-10-19,1.0,0.3058133067671909
4468,2025-10-18 09:01:00,2025-10-13/2025-10-19,1.0,0.3270762412456758
4471,2025-10-18 09:05:00,2025-10-13/2025-10-19,1.0,0.5200434448914415
4472,2025-10-18 09:07:00,2025-10-13/2025-10-19,1.0,0.4435718384492341
4474,2025-10-18 09:09:00,2025-10-13/2025-10-19,1.0,0.4043689483507248
4475,2025-10-18 09:12:00,2025-10-13/2025-10-19,1.0,0.346420230001773
4476,2025-10-18 09:18:00,2025-10-13/2025-10-19,1.0,0.46604529962360564
4480,2025-10-18 09:42:00,2025-10-13/2025-10-19,1.0,0.47568492328989276
4481,2025-10-18 09:44:00,2025-10-13/2025-10-19,1.0,0.37041109607440137
4483,2025-10-18 09:46:00,2025-10-13/2025-10-19,1.0,0.2585866163290075
4485,2025-10-18 09:50:00,2025-10-13/2025-10-19,1.0,0.41550187425163093
4488,2025-10-18 09:53:00,2025-10-13/2025-10-19,1.0,0.6032457297450811
4489,2025-10-18 09:55:00,2025-10-13/2025-10-19,1.0,0.48503148164093524
4490,2025-10-18 09:57:00,2025-10-13/2025-10-19,1.0,0.5054178982034673
4492,2025-10-18 10:03:00,2025-10-13/2025-10-19,1.0,0.28047506288015417
4494,2025-10-18 10:04:00,2025-10-13/2025-10-19,1.0,0.5306082929391628
4496,2025-10-18 10:06:00,2025-10-13/2025-10-19,1.0,0.4308045336923993
4501,2025-10-18 10:16:00,2025-10-13/2025-10-19,1.0,0.3656118410093761
4505,2025-10-18 10:20:00,2025-10-13/2025-10-19,1.0,0.48783883061114125
4514,2025-10-18 10:58:00,2025-10-13/2025-10-19,1.0,0.2720697794395232
4527,2025-10-18 11:23:00,2025-10-13/2025-10-19,1.0,0.46550666976754423
4544,2025-10-18 11:37:00,2025-10-13/2025-10-19,1.0,0.5442896419164347
4546,2025-10-18 11:39:00,2025-10-13/2025-10-19,1.0,0.4384924031748186
4556,2025-10-18 11:59:00,2025-10-13/2025-10-19,1.0,0.5034508668874299
4557,2025-10-18 12:02:00,2025-10-13/2025-10-19,1.0,0.447843139583339
4565,2025-10-18 12:13:00,2025-10-13/2025-10-19,1.0,0.2546475550469364
4570,2025-10-18 12:18:00,2025-10-13/2025-10-19,1.0,0.2602648248862619
4573,2025-10-18 12:21:00,2025-10-13/2025-10-19,1.0,0.29657356477926095
4574,2025-10-18 12:22:00,2025-10-13/2025-10-19,1.0,0.37230760767489274
4583,2025-10-18 12:36:00,2025-10-13/2025-10-19,1.0,0.3606346170795304
4589,2025-10-18 12:41:00,2025-10-13/2025-10-19,1.0,0.2728447473940814
4592,2025-10-18 12:43:00,2025-10-13/2025-10-19,1.0,0.6136665605384884
4599,2025-10-18 12:51:00,2025-10-13/2025-10-19,1.0,0.33100334691548605
4601,2025-10-18 13:01:00,2025-10-13/2025-10-19,1.0,0.45009963373762074
4603,2025-10-18 13:04:00,2025-10-13/2025-10-19,1.0,0.24997520867277664
4605,2025-10-18 13:07:00,2025-10-13/2025-10-19,1.0,0.2066089636802482
4607,2025-10-18 13:18:00,2025-10-13/2025-10-19,1.0,0.5871992668864062
4610,2025-10-18 13:26:00,2025-10-13/2025-10-19,1.0,0.21336982484000575
4613,2025-10-18 13:40:00,2025-10-13/2025-10-19,1.0,0.46368145716513254
4620,2025-10-18 14:05:00,2025-10-13/2025-10-19,1.0,0.4001990512214937
4621,2025-10-18 14:06:00,2025-10-13/2025-10-19,1.0,0.4541580062923443
4624,2025-10-18 14:24:00,2025-10-13/2025-10-19,1.0,0.20400942279013554
4625,2025-10-18 14:29:00,2025-10-13/2025-10-19,1.0,0.39524883919489656
4627,2025-10-18 14:48:00,2025-10-13/2025-10-19,1.0,0.30149511654670325
4628,2025-10-18 15:02:00,2025-10-13/2025-10-19,1.0,0.3776400870375263
4632,2025-10-18 15:05:00,2025-10-13/2025-10-19,1.0,0.3430984168839543
4634,2025-10-18 15:17:00,2025-10-13/2025-10-19,1.0,0.41594974242964183
4636,2025-10-18 15:30:00,2025-10-13/2025-10-19,1.0,0.6467651290055015
4637,2025-10-18 15:38:00,2025-10-13/2025-10-19,1.0,0.14918024867307011
4638,2025-10-18 15:40:00,2025-10-13/2025-10-19,1.0,0.36155420381155196
4639,2025-10-18 15:46:00,2025-10-13/2025-10-19,1.0,0.3213561532614507
4643,2025-10-18 15:55:00,2025-10-13/2025-10-19,1.0,0.7518242850162787
4645,2025-10-18 16:13:00,2025-10-13/2025-10-19,1.0,0.2485979931365866
4648,2025-10-18 16:22:00,2025-10-13/2025-10-19,1.0,0.43573034634794805
4653,2025-10-18 17:01:00,2025-10-13/2025-10-19,1.0,0.3816736959451967
4654,2025-10-18 17:03:00,2025-10-13/2025-10-19,1.0,0.6015829058605321
4656,2025-10-18 17:05:00,2025-10-13/2025-10-19,1.0,0.5493212184679557
4660,2025-10-18 17:18:00,2025-10-13/2025-10-19,1.0,0.4594334245567348
4663,2025-10-18 17:24:00,2025-10-13/2025-10-19,1.0,0.624544438970818
4672,2025-10-18 17:50:00,2025-10-13/2025-10-19,1.0,0.4297809073842289
4680,2025-10-18 22:05:00,2025-10-13/2025-10-19,1.0,0.5497941259524687
4685,2025-10-18 22:14:00,2025-10-13/2025-10-19,1.0,0.5068989369927193
4687,2025-10-18 22:29:00,2025-10-13/2025-10-19,1.0,0.27650746364415624
4688,2025-10-18 22:54:00,2025-10-13/2025-10-19,1.0,0.4711727735694621
4690,2025-10-18 23:02:00,2025-10-13/2025-10-19,1.0,0.5356068584488086
4693,2025-10-18 23:47:00,2025-10-13/2025-10-19,1.0,0.5838896867254524
4695,2025-10-18 23:52:00,2025-10-13/2025-10-19,1.0,0.2993591462555629
5309,2025-10-19 02:17:00,2025-10-13/2025-10-19,1.0,0.2611382038185494
5311,2025-10-19 02:20:00,2025-10-13/2025-10-19,1.0,0.25851145867351366
5312,2025-10-19 02:22:00,2025-10-13/2025-10-19,1.0,0.2559954576758825
5314,2025-10-19 02:27:00,2025-10-13/2025-10-19,1.0,0.4310779941449463
5353,2025-10-19 10:38:00,2025-10-13/2025-10-19,1.0,0.11947328550245925
5356,2025-10-19 10:41:00,2025-10-13/2025-10-19,1.0,0.4614783998256695
5357,2025-10-19 10:46:00,2025-10-13/2025-10-19,1.0,0.3790938207150243
5358,2025-10-19 10:48:00,2025-10-13/2025-10-19,1.0,0.3008281098453896
5365,2025-10-19 11:16:00,2025-10-13/2025-10-19,1.0,0.39294769947584796
5370,2025-10-19 11:26:00,2025-10-13/2025-10-19,1.0,0.48973742014943006
5373,2025-10-19 13:21:00,2025-10-13/2025-10-19,1.0,0.21557609663037833
5374,2025-10-19 13:38:00,2025-10-13/2025-10-19,1.0,0.21727060178475494
5375,2025-10-19 13:43:00,2025-10-13/2025-10-19,1.0,0.42483020798087995
5379,2025-10-19 14:01:00,2025-10-13/2025-10-19,1.0,0.30587634713115486
5381,2025-10-19 14:21:00,2025-10-13/2025-10-19,1.0,0.4037852926972969
5382,2025-10-19 14:27:00,2025-10-13/2025-10-19,1.0,0.26515900680247534
5383,2025-10-19 14:28:00,2025-10-13/2025-10-19,1.0,0.2045461944519234
5385,2025-10-19 14:44:00,2025-10-13/2025-10-19,1.0,0.3112634586336016
5387,2025-10-19 14:53:00,2025-10-13/2025-10-19,1.0,0.27618477168357336
5390,2025-10-19 15:01:00,2025-10-13/2025-10-19,1.0,0.41211112018433177
5393,2025-10-19 15:28:00,2025-10-13/2025-10-19,1.0,0.23427401695932135
5395,2025-10-19 15:34:00,2025-10-13/2025-10-19,1.0,0.5834341933170698
5397,2025-10-19 16:05:00,2025-10-13/2025-10-19,1.0,0.4201826561591888
5399,2025-10-19 16:53:00,2025-10-13/2025-10-19,1.0,0.7468470038336905
5401,2025-10-19 17:32:00,2025-10-13/2025-10-19,1.0,0.37752027699268087
5409,2025-10-19 18:28:00,2025-10-13/2025-10-19,1.0,0.42314084238716587
5414,2025-10-20 03:13:00,2025-10-20/2025-10-26,1.0,0.3550121055030079
5416,2025-10-20 03:25:00,2025-10-20/2025-10-26,1.0,0.4627627077402854
5418,2025-10-20 04:01:00,2025-10-20/2025-10-26,1.0,0.2988726270845609
5419,2025-10-20 04:05:00,2025-10-20/2025-10-26,1.0,0.4165435706220796
5420,2025-10-20 04:06:00,2025-10-20/2025-10-26,1.0,0.4782312127637879
5421,2025-10-20 04:07:00,2025-10-20/2025-10-26,1.0,0.37701223051912747
5422,2025-10-20 04:13:00,2025-10-20/2025-10-26,1.0,0.3727708683472369
5423,2025-10-20 04:16:00,2025-10-20/2025-10-26,1.0,0.6624947014317696
5424,2025-10-20 04:17:00,2025-10-20/2025-10-26,1.0,0.4613508821961896
5425,2025-10-20 04:21:00,2025-10-20/2025-10-26,1.0,0.42872035051402285
5428,2025-10-20 04:58:00,2025-10-20/2025-10-26,1.0,0.3101068574193021
5429,2025-10-20 05:30:00,2025-10-20/2025-10-26,1.0,0.5064044094823237
5430,2025-10-20 05:39:00,2025-10-20/2025-10-26,1.0,0.5150067282157113
5432,2025-10-20 06:03:00,2025-10-20/2025-10-26,1.0,0.3606073588462044
5437,2025-10-20 06:23:00,2025-10-20/2025-10-26,1.0,0.5411035673684218
5438,2025-10-20 06:56:00,2025-10-20/2025-10-26,1.0,0.6382469617839086
5442,2025-10-20 08:31:00,2025-10-20/2025-10-26,1.0,0.5829149921771251
5443,2025-10-20 08:32:00,2025-10-20/2025-10-26,1.0,0.501394208894389
5445,2025-10-20 08:59:00,2025-10-20/2025-10-26,1.0,0.41698745711668367
5447,2025-10-20 09:47:00,2025-10-20/2025-10-26,1.0,0.32224870591878
5448,2025-10-20 09:48:00,2025-10-20/2025-10-26,1.0,0.34680416734624425
5454,2025-10-20 10:27:00,2025-10-20/2025-10-26,1.0,0.27632168271546836
5458,2025-10-20 11:09:00,2025-10-20/2025-10-26,1.0,0.4869817510596562
5461,2025-10-20 11:29:00,2025-10-20/2025-10-26,1.0,0.26278626724509335
5462,2025-10-20 11:40:00,2025-10-20/2025-10-26,1.0,0.3122565392029698
5467,2025-10-20 12:15:00,2025-10-20/2025-10-26,1.0,0.4628959784679004
5472,2025-10-20 13:07:00,2025-10-20/2025-10-26,1.0,0.5383179259777247
5473,2025-10-20 13:07:00,2025-10-20/2025-10-26,1.0,0.5386381775182811
5475,2025-10-20 13:10:00,2025-10-20/2025-10-26,1.0,0.4533761884221695
5477,2025-10-20 13:39:00,2025-10-20/2025-10-26,1.0,0.4284470370582512
5478,2025-10-20 13:40:00,2025-10-20/2025-10-26,1.0,0.474219348564422
5480,2025-10-20 14:03:00,2025-10-20/2025-10-26,1.0,0.3958948787480666
5481,2025-10-20 14:32:00,2025-10-20/2025-10-26,1.0,0.4012658982840843
5486,2025-10-20 14:45:00,2025-10-20/2025-10-26,1.0,0.4485970669413453
5503,2025-10-20 15:51:00,2025-10-20/2025-10-26,1.0,0.527902781158812
5505,2025-10-20 15:53:00,2025-10-20/2025-10-26,1.0,0.5052731087841065
5506,2025-10-20 15:54:00,2025-10-20/2025-10-26,1.0,0.34720883980923306
5510,2025-10-20 16:00:00,2025-10-20/2025-10-26,1.0,0.3828296828160711
5511,2025-10-20 16:05:00,2025-10-20/2025-10-26,1.0,0.6567014632404887
5514,2025-10-20 17:04:00,2025-10-20/2025-10-26,1.0,0.5157332728796106
5515,2025-10-20 17:05:00,2025-10-20/2025-10-26,1.0,0.44382840198876156
5516,2025-10-20 17:09:00,2025-10-20/2025-10-26,1.0,0.5162143741764367
5517,2025-10-20 17:24:00,2025-10-20/2025-10-26,1.0,0.4309680226068614
5521,2025-10-20 19:16:00,2025-10-20/2025-10-26,1.0,0.360690087292948
5529,2025-10-20 20:35:00,2025-10-20/2025-10-26,1.0,0.4723332564339495
5530,2025-10-20 20:48:00,2025-10-20/2025-10-26,1.0,0.42373405709887524
5531,2025-10-20 20:49:00,2025-10-20/2025-10-26,1.0,0.5285301660197407
5534,2025-10-20 21:08:00,2025-10-20/2025-10-26,1.0,0.50662989388491
5535,2025-10-20 21:12:00,2025-10-20/2025-10-26,1.0,0.5333277514402414
5545,2025-10-21 00:16:00,2025-10-20/2025-10-26,1.0,0.2939096005235451
5557,2025-10-21 10:18:00,2025-10-20/2025-10-26,1.0,0.5957056574329009
5577,2025-10-21 10:54:00,2025-10-20/2025-10-26,1.0,0.447519900594871
5578,2025-10-21 10:56:00,2025-10-20/2025-10-26,1.0,0.4466171933030489
5588,2025-10-21 11:42:00,2025-10-20/2025-10-26,1.0,0.36351761185280485
5590,2025-10-21 11:55:00,2025-10-20/2025-10-26,1.0,0.4177772944060707
5593,2025-10-21 11:57:00,2025-10-20/2025-10-26,1.0,0.5199592342313291
5596,2025-10-21 12:06:00,2025-10-20/2025-10-26,1.0,0.3160591934339313
5598,2025-10-21 12:15:00,2025-10-20/2025-10-26,1.0,0.27993448402219967
5599,2025-10-21 12:20:00,2025-10-20/2025-10-26,1.0,0.46785985062252283
5600,2025-10-21 12:22:00,2025-10-20/2025-10-26,1.0,0.44797436067531876
5602,2025-10-21 12:39:00,2025-10-20/2025-10-26,1.0,0.4010163369247071
5671,2025-10-21 15:27:00,2025-10-20/2025-10-26,1.0,0.3771219928430226
5676,2025-10-21 16:03:00,2025-10-20/2025-10-26,1.0,0.31057032621840736
5678,2025-10-21 16:10:00,2025-10-20/2025-10-26,1.0,0.3652007747111241
5679,2025-10-21 16:14:00,2025-10-20/2025-10-26,1.0,0.3757026906482978
5680,2025-10-21 16:19:00,2025-10-20/2025-10-26,1.0,0.6060687348578259
5682,2025-10-21 16:29:00,2025-10-20/2025-10-26,1.0,0.4019050648728919
5844,2025-10-21 21:27:00,2025-10-20/2025-10-26,1.0,0.5453534975110204
5845,2025-10-21 21:28:00,2025-10-20/2025-10-26,1.0,0.38326420284823803
5848,2025-10-21 21:49:00,2025-10-20/2025-10-26,1.0,0.3953143517191652
5850,2025-10-21 22:01:00,2025-10-20/2025-10-26,1.0,0.6904784843499714
5852,2025-10-21 22:05:00,2025-10-20/2025-10-26,1.0,0.239575418271278
5854,2025-10-21 23:34:00,2025-10-20/2025-10-26,1.0,0.43924628252662556
5859,2025-10-22 00:02:00,2025-10-20/2025-10-26,1.0,0.4849371651623696
5861,2025-10-22 01:16:00,2025-10-20/2025-10-26,1.0,0.41816536762804346
5865,2025-10-22 01:47:00,2025-10-20/2025-10-26,1.0,0.4564878227774532
5866,2025-10-22 01:49:00,2025-10-20/2025-10-26,1.0,0.3040123476183492
5871,2025-10-22 03:14:00,2025-10-20/2025-10-26,1.0,0.4739208727970583
5872,2025-10-22 03:47:00,2025-10-20/2025-10-26,1.0,0.3487303411218646
5875,2025-10-22 04:04:00,2025-10-20/2025-10-26,1.0,0.2576964694881033
5876,2025-10-22 04:05:00,2025-10-20/2025-10-26,1.0,0.39245528083450654
5877,2025-10-22 04:06:00,2025-10-20/2025-10-26,1.0,0.494051366384635
5878,2025-10-22 04:07:00,2025-10-20/2025-10-26,1.0,0.4932760232761658
5879,2025-10-22 04:08:00,2025-10-20/2025-10-26,1.0,0.43845211754083796
5880,2025-10-22 04:09:00,2025-10-20/2025-10-26,1.0,0.34278475206606557
5881,2025-10-22 04:09:00,2025-10-20/2025-10-26,1.0,0.4650983881587582
5882,2025-10-22 04:10:00,2025-10-20/2025-10-26,1.0,0.497516983320818
5887,2025-10-22 04:14:00,2025-10-20/2025-10-26,1.0,0.3814589972366369
5888,2025-10-22 04:15:00,2025-10-20/2025-10-26,1.0,0.28898873176971274
5889,2025-10-22 04:16:00,2025-10-20/2025-10-26,1.0,0.4870776324275093
5893,2025-10-22 04:27:00,2025-10-20/2025-10-26,1.0,0.4993741195204218
5896,2025-10-22 04:32:00,2025-10-20/2025-10-26,1.0,0.5451036557906623
5901,2025-10-22 04:53:00,2025-10-20/2025-10-26,1.0,0.3441717957279177
5904,2025-10-22 06:01:00,2025-10-20/2025-10-26,1.0,0.5978871881784035
5909,2025-10-22 06:14:00,2025-10-20/2025-10-26,1.0,0.5141766062221308
5912,2025-10-22 06:34:00,2025-10-20/2025-10-26,1.0,0.5124172664415522
5913,2025-10-22 06:40:00,2025-10-20/2025-10-26,1.0,0.5551170439797022
5914,2025-10-22 06:43:00,2025-10-20/2025-10-26,1.0,0.5467062894832901
5918,2025-10-22 07:24:00,2025-10-20/2025-10-26,1.0,0.5260802888141468
5920,2025-10-22 07:27:00,2025-10-20/2025-10-26,1.0,0.3260901377480993
5921,2025-10-22 07:29:00,2025-10-20/2025-10-26,1.0,0.4493070596863865
5923,2025-10-22 08:22:00,2025-10-20/2025-10-26,1.0,0.5545378085615459
5931,2025-10-22 08:55:00,2025-10-20/2025-10-26,1.0,0.3459261734392164
5932,2025-10-22 08:56:00,2025-10-20/2025-10-26,1.0,0.450590451479941
5938,2025-10-22 09:29:00,2025-10-20/2025-10-26,1.0,0.4747183321854615
5939,2025-10-22 09:30:00,2025-10-20/2025-10-26,1.0,0.4593272686262867
5944,2025-10-22 10:23:00,2025-10-20/2025-10-26,1.0,0.4630650643902527
5945,2025-10-22 10:24:00,2025-10-20/2025-10-26,1.0,0.4843313798701673
5950,2025-10-22 11:10:00,2025-10-20/2025-10-26,1.0,0.42359433062448476
5955,2025-10-22 11:42:00,2025-10-20/2025-10-26,1.0,0.620013253119631
5958,2025-10-22 12:08:00,2025-10-20/2025-10-26,1.0,0.4493786770015337
5962,2025-10-22 12:55:00,2025-10-20/2025-10-26,1.0,0.33610149145871915
5964,2025-10-22 13:17:00,2025-10-20/2025-10-26,1.0,0.4466836532865633
5965,2025-10-22 13:18:00,2025-10-20/2025-10-26,1.0,0.35991508409136513
6006,2025-10-22 16:48:00,2025-10-20/2025-10-26,1.0,0.2988314167423498
6013,2025-10-22 18:31:00,2025-10-20/2025-10-26,1.0,0.40209707067833206
6019,2025-10-22 20:48:00,2025-10-20/2025-10-26,1.0,0.4324282026597696
6021,2025-10-22 21:15:00,2025-10-20/2025-10-26,1.0,0.6217261357407317
6022,2025-10-22 21:16:00,2025-10-20/2025-10-26,1.0,0.3717341602800379
6024,2025-10-22 21:53:00,2025-10-20/2025-10-26,1.0,0.19084949167069348
6029,2025-10-22 22:52:00,2025-10-20/2025-10-26,1.0,0.5445305365368185
6034,2025-10-23 00:07:00,2025-10-20/2025-10-26,1.0,0.5240346640354542
6035,2025-10-23 00:16:00,2025-10-20/2025-10-26,1.0,0.44060749406537775
6041,2025-10-23 02:10:00,2025-10-20/2025-10-26,1.0,0.3704033044267924
6044,2025-10-23 02:56:00,2025-10-20/2025-10-26,1.0,0.42795104655567806
6046,2025-10-23 03:28:00,2025-10-20/2025-10-26,1.0,0.3797588369566181
6049,2025-10-23 04:06:00,2025-10-20/2025-10-26,1.0,0.36237018043150615
6051,2025-10-23 04:09:00,2025-10-20/2025-10-26,1.0,0.44873011442794475
6052,2025-10-23 04:17:00,2025-10-20/2025-10-26,1.0,0.30334313563678605
6053,2025-10-23 05:00:00,2025-10-20/2025-10-26,1.0,0.41543355592621767
6054,2025-10-23 05:17:00,2025-10-20/2025-10-26,1.0,0.7467424058937004
6056,2025-10-23 05:30:00,2025-10-20/2025-10-26,1.0,0.3557284692748661
6057,2025-10-23 06:16:00,2025-10-20/2025-10-26,1.0,0.2624203618625435
6058,2025-10-23 06:25:00,2025-10-20/2025-10-26,1.0,0.4274568213251867
6059,2025-10-23 06:31:00,2025-10-20/2025-10-26,1.0,0.39570502591428414
6060,2025-10-23 06:38:00,2025-10-20/2025-10-26,1.0,0.3470245216538142
6063,2025-10-23 06:47:00,2025-10-20/2025-10-26,1.0,0.2688314107457109
6067,2025-10-23 07:06:00,2025-10-20/2025-10-26,1.0,0.25536856450190054
6070,2025-10-23 07:34:00,2025-10-20/2025-10-26,1.0,0.3685742569701506
6071,2025-10-23 07:35:00,2025-10-20/2025-10-26,1.0,0.3069962229659899
6074,2025-10-23 07:42:00,2025-10-20/2025-10-26,1.0,0.5137521016433617
6075,2025-10-23 07:47:00,2025-10-20/2025-10-26,1.0,0.3689274212206577
6076,2025-10-23 07:50:00,2025-10-20/2025-10-26,1.0,0.47265917387342593
6078,2025-10-23 08:25:00,2025-10-20/2025-10-26,1.0,0.39062544137430244
6079,2025-10-23 08:42:00,2025-10-20/2025-10-26,1.0,0.39024249691934293
6082,2025-10-23 08:59:00,2025-10-20/2025-10-26,1.0,0.27546933450981476
6083,2025-10-23 09:06:00,2025-10-20/2025-10-26,1.0,0.41245080271307694
6086,2025-10-23 09:23:00,2025-10-20/2025-10-26,1.0,0.5680245709447889
6087,2025-10-23 09:24:00,2025-10-20/2025-10-26,1.0,0.29465322109857384
6091,2025-10-23 09:46:00,2025-10-20/2025-10-26,1.0,0.49719830655853675
6093,2025-10-23 09:51:00,2025-10-20/2025-10-26,1.0,0.3974759919545027
6094,2025-10-23 09:54:00,2025-10-20/2025-10-26,1.0,0.30439260232425475
6098,2025-10-23 10:21:00,2025-10-20/2025-10-26,1.0,0.47442730277552414
6099,2025-10-23 10:23:00,2025-10-20/2025-10-26,1.0,0.36672404535602166
6101,2025-10-23 10:36:00,2025-10-20/2025-10-26,1.0,0.40634811510075325
6102,2025-10-23 10:43:00,2025-10-20/2025-10-26,1.0,0.3506375809233776
6104,2025-10-23 10:50:00,2025-10-20/2025-10-26,1.0,0.3326007254002809
6108,2025-10-23 11:04:00,2025-10-20/2025-10-26,1.0,0.5316135384922575
6110,2025-10-23 11:11:00,2025-10-20/2025-10-26,1.0,0.6555339924465649
6115,2025-10-23 11:48:00,2025-10-20/2025-10-26,1.0,0.390015345266299
6116,2025-10-23 12:01:00,2025-10-20/2025-10-26,1.0,0.4821879717422391
6118,2025-10-23 12:02:00,2025-10-20/2025-10-26,1.0,0.5496491066623539
6125,2025-10-23 12:14:00,2025-10-20/2025-10-26,1.0,0.4519250853667247
6127,2025-10-23 12:34:00,2025-10-20/2025-10-26,1.0,0.32671769791420613
6128,2025-10-23 12:38:00,2025-10-20/2025-10-26,1.0,0.4933160597083505
6137,2025-10-23 13:33:00,2025-10-20/2025-10-26,1.0,0.4347059187819441
6144,2025-10-23 14:29:00,2025-10-20/2025-10-26,1.0,0.561262771686385
6145,2025-10-23 14:31:00,2025-10-20/2025-10-26,1.0,0.7151720506993549
6146,2025-10-23 14:32:00,2025-10-20/2025-10-26,1.0,0.25867221157807224
6147,2025-10-23 14:59:00,2025-10-20/2025-10-26,1.0,0.4104892044182177
6148,2025-10-23 15:04:00,2025-10-20/2025-10-26,1.0,0.4104892044182177
6149,2025-10-23 15:13:00,2025-10-20/2025-10-26,1.0,0.37111896848786713
6150,2025-10-23 15:29:00,2025-10-20/2025-10-26,1.0,0.4506967135058868
6153,2025-10-23 15:36:00,2025-10-20/2025-10-26,1.0,0.34986667016770334
6154,2025-10-23 15:45:00,2025-10-20/2025-10-26,1.0,0.4306094295935353
6156,2025-10-23 16:14:00,2025-10-20/2025-10-26,1.0,0.28104034061450445
6157,2025-10-23 16:18:00,2025-10-20/2025-10-26,1.0,0.4099989755682914
6158,2025-10-23 16:24:00,2025-10-20/2025-10-26,1.0,0.23670248385266573
6159,2025-10-23 16:29:00,2025-10-20/2025-10-26,1.0,0.4825325922598024
6160,2025-10-23 16:31:00,2025-10-20/2025-10-26,1.0,0.47761165854664595
6166,2025-10-23 16:41:00,2025-10-20/2025-10-26,1.0,0.2870236020190827
6167,2025-10-23 17:01:00,2025-10-20/2025-10-26,1.0,0.4922161802575383
6168,2025-10-23 17:07:00,2025-10-20/2025-10-26,1.0,0.4554296713844421
6169,2025-10-23 17:15:00,2025-10-20/2025-10-26,1.0,0.3323559377575488
6170,2025-10-23 17:17:00,2025-10-20/2025-10-26,1.0,0.5429264036315746
6171,2025-10-23 17:38:00,2025-10-20/2025-10-26,1.0,0.6559396204860823
6178,2025-10-23 18:23:00,2025-10-20/2025-10-26,1.0,0.36476632743475423
6179,2025-10-23 18:45:00,2025-10-20/2025-10-26,1.0,0.2580872153838849
6181,2025-10-23 19:12:00,2025-10-20/2025-10-26,1.0,0.4370690814264584
6183,2025-10-23 19:29:00,2025-10-20/2025-10-26,1.0,0.3836534335666634
6185,2025-10-23 20:05:00,2025-10-20/2025-10-26,1.0,0.4803327161910039
6187,2025-10-23 20:39:00,2025-10-20/2025-10-26,1.0,0.3015282808976513
6189,2025-10-23 20:51:00,2025-10-20/2025-10-26,1.0,0.32602143127004063
6190,2025-10-23 20:54:00,2025-10-20/2025-10-26,1.0,0.24576586679562137
6192,2025-10-23 21:01:00,2025-10-20/2025-10-26,1.0,0.327890889661187
6193,2025-10-23 21:02:00,2025-10-20/2025-10-26,1.0,0.3408632538083786
6194,2025-10-23 21:04:00,2025-10-20/2025-10-26,1.0,0.3344167470139737
6195,2025-10-23 21:22:00,2025-10-20/2025-10-26,1.0,0.3758188304408085
6197,2025-10-23 21:26:00,2025-10-20/2025-10-26,1.0,0.5309791651986164
6198,2025-10-23 21:28:00,2025-10-20/2025-10-26,1.0,0.2899871737276368
6200,2025-10-23 21:47:00,2025-10-20/2025-10-26,1.0,0.5197524827244917
6202,2025-10-23 22:14:00,2025-10-20/2025-10-26,1.0,0.4633935600670361
6206,2025-10-23 22:51:00,2025-10-20/2025-10-26,1.0,0.3474254314181764
6207,2025-10-23 23:05:00,2025-10-20/2025-10-26,1.0,0.4518366674167873
6208,2025-10-23 23:30:00,2025-10-20/2025-10-26,1.0,0.3402380991946312
6210,2025-10-24 01:14:00,2025-10-20/2025-10-26,1.0,0.3046645968984384
6212,2025-10-24 01:15:00,2025-10-20/2025-10-26,1.0,0.37265995923401724
6215,2025-10-24 02:01:00,2025-10-20/2025-10-26,1.0,0.2003082658428123
6218,2025-10-24 02:51:00,2025-10-20/2025-10-26,1.0,0.2539071010384115
6219,2025-10-24 02:53:00,2025-10-20/2025-10-26,1.0,0.46586799803806195
6220,2025-10-24 03:29:00,2025-10-20/2025-10-26,1.0,0.32335336693844335
6221,2025-10-24 03:32:00,2025-10-20/2025-10-26,1.0,0.5791483213670137
6222,2025-10-24 03:51:00,2025-10-20/2025-10-26,1.0,0.3163280068146384
6223,2025-10-24 04:02:00,2025-10-20/2025-10-26,1.0,0.30738807772422905
6224,2025-10-24 04:05:00,2025-10-20/2025-10-26,1.0,0.6561813734200713
6227,2025-10-24 04:08:00,2025-10-20/2025-10-26,1.0,0.22845229401487507
6228,2025-10-24 04:09:00,2025-10-20/2025-10-26,1.0,0.42375214615462703
6229,2025-10-24 04:10:00,2025-10-20/2025-10-26,1.0,0.445616704388502
6231,2025-10-24 04:12:00,2025-10-20/2025-10-26,1.0,0.36153324517691604
6232,2025-10-24 04:13:00,2025-10-20/2025-10-26,1.0,0.4277329869703585
6236,2025-10-24 04:25:00,2025-10-20/2025-10-26,1.0,0.3738196055439093
6241,2025-10-24 04:36:00,2025-10-20/2025-10-26,1.0,0.2668797074173239
6242,2025-10-24 04:39:00,2025-10-20/2025-10-26,1.0,0.19991642559567924
6244,2025-10-24 04:47:00,2025-10-20/2025-10-26,1.0,0.40994845623110304
6248,2025-10-24 05:05:00,2025-10-20/2025-10-26,1.0,0.5596312139122918
6249,2025-10-24 05:06:00,2025-10-20/2025-10-26,1.0,0.44507470460753357
6252,2025-10-24 05:39:00,2025-10-20/2025-10-26,1.0,0.3421419113571908
6255,2025-10-24 05:55:00,2025-10-20/2025-10-26,1.0,0.45325465436260126
6258,2025-10-24 06:03:00,2025-10-20/2025-10-26,1.0,0.28876872612277643
6259,2025-10-24 06:20:00,2025-10-20/2025-10-26,1.0,0.31153550804410324
6261,2025-10-24 06:21:00,2025-10-20/2025-10-26,1.0,0.3071346574707405
6262,2025-10-24 06:22:00,2025-10-20/2025-10-26,1.0,0.2841117651303247
6263,2025-10-24 06:36:00,2025-10-20/2025-10-26,1.0,0.44501172418021046
6264,2025-10-24 06:39:00,2025-10-20/2025-10-26,1.0,0.456324946077675
6266,2025-10-24 06:53:00,2025-10-20/2025-10-26,1.0,0.4937115951380532
6271,2025-10-24 07:10:00,2025-10-20/2025-10-26,1.0,0.34747063790391536
6273,2025-10-24 07:11:00,2025-10-20/2025-10-26,1.0,0.5265332359114343
6274,2025-10-24 07:17:00,2025-10-20/2025-10-26,1.0,0.40499515706391126
6275,2025-10-24 07:20:00,2025-10-20/2025-10-26,1.0,0.3024520050641828
6276,2025-10-24 07:21:00,2025-10-20/2025-10-26,1.0,0.4025228496729819
6277,2025-10-24 07:24:00,2025-10-20/2025-10-26,1.0,0.3689606060095479
6278,2025-10-24 07:29:00,2025-10-20/2025-10-26,1.0,0.27877379634312477
6279,2025-10-24 07:30:00,2025-10-20/2025-10-26,1.0,0.277847525992764
6280,2025-10-24 07:31:00,2025-10-20/2025-10-26,1.0,0.2923203065619323
6281,2025-10-24 07:35:00,2025-10-20/2025-10-26,1.0,0.5248589506032508
6285,2025-10-24 07:45:00,2025-10-20/2025-10-26,1.0,0.34388407708644186
6286,2025-10-24 07:48:00,2025-10-20/2025-10-26,1.0,0.29042762449648435
6288,2025-10-24 07:51:00,2025-10-20/2025-10-26,1.0,0.2220219692908803
6290,2025-10-24 08:07:00,2025-10-20/2025-10-26,1.0,0.3739044751544837
6292,2025-10-24 08:13:00,2025-10-20/2025-10-26,1.0,0.4444399578642706
6293,2025-10-24 08:17:00,2025-10-20/2025-10-26,1.0,0.48638452207528055
6296,2025-10-24 08:22:00,2025-10-20/2025-10-26,1.0,0.30458056174952813
6297,2025-10-24 08:23:00,2025-10-20/2025-10-26,1.0,0.3056432815273559
6300,2025-10-24 08:38:00,2025-10-20/2025-10-26,1.0,0.26563960961358185
6302,2025-10-24 08:44:00,2025-10-20/2025-10-26,1.0,0.4271034596697447
6303,2025-10-24 08:47:00,2025-10-20/2025-10-26,1.0,0.25964896463394943
6304,2025-10-24 08:50:00,2025-10-20/2025-10-26,1.0,0.33648699188573883
6308,2025-10-24 09:01:00,2025-10-20/2025-10-26,1.0,0.5838501866154784
6311,2025-10-24 09:11:00,2025-10-20/2025-10-26,1.0,0.4628630796850229
6314,2025-10-24 09:29:00,2025-10-20/2025-10-26,1.0,0.3028388502752488
6315,2025-10-24 09:31:00,2025-10-20/2025-10-26,1.0,0.24652747547543444
6316,2025-10-24 09:33:00,2025-10-20/2025-10-26,1.0,0.4579681480718553
6319,2025-10-24 09:43:00,2025-10-20/2025-10-26,1.0,0.3634305442059002
6320,2025-10-24 09:45:00,2025-10-20/2025-10-26,1.0,0.46880345060270856
6322,2025-10-24 09:54:00,2025-10-20/2025-10-26,1.0,0.29551119526915887
6324,2025-10-24 09:57:00,2025-10-20/2025-10-26,1.0,0.46824332468347574
6326,2025-10-24 10:04:00,2025-10-20/2025-10-26,1.0,0.46374808346909474
6328,2025-10-24 10:31:00,2025-10-20/2025-10-26,1.0,0.3444147997817995
6331,2025-10-24 10:52:00,2025-10-20/2025-10-26,1.0,0.4228637166850732
6332,2025-10-24 10:55:00,2025-10-20/2025-10-26,1.0,0.38141234180456335
6333,2025-10-24 10:58:00,2025-10-20/2025-10-26,1.0,0.3500072952817982
6334,2025-10-24 11:06:00,2025-10-20/2025-10-26,1.0,0.18112761887752574
6338,2025-10-24 11:10:00,2025-10-20/2025-10-26,1.0,0.7973664911117104
6342,2025-10-24 11:32:00,2025-10-20/2025-10-26,1.0,0.34296715383517834
6344,2025-10-24 11:34:00,2025-10-20/2025-10-26,1.0,0.3984238230560009
6346,2025-10-24 11:36:00,2025-10-20/2025-10-26,1.0,0.44704742489542953
6350,2025-10-24 11:43:00,2025-10-20/2025-10-26,1.0,0.513397664010153
6351,2025-10-24 11:48:00,2025-10-20/2025-10-26,1.0,0.44600037657807834
6352,2025-10-24 11:52:00,2025-10-20/2025-10-26,1.0,0.4039648674330025
6353,2025-10-24 11:55:00,2025-10-20/2025-10-26,1.0,0.4498737711046311
6354,2025-10-24 11:57:00,2025-10-20/2025-10-26,1.0,0.26320692138857815
6390,2025-10-24 12:45:00,2025-10-20/2025-10-26,1.0,0.5144597828406893
6391,2025-10-24 12:46:00,2025-10-20/2025-10-26,1.0,0.4229232104473891
6392,2025-10-24 12:51:00,2025-10-20/2025-10-26,1.0,0.2768920660557942
6393,2025-10-24 12:55:00,2025-10-20/2025-10-26,1.0,0.20415770021998564
6394,2025-10-24 13:00:00,2025-10-20/2025-10-26,1.0,0.26279570921356094
6396,2025-10-24 13:02:00,2025-10-20/2025-10-26,1.0,0.23215030125130284
6397,2025-10-24 13:11:00,2025-10-20/2025-10-26,1.0,0.28551571319758096
6399,2025-10-24 13:42:00,2025-10-20/2025-10-26,1.0,0.32120027026291065
6402,2025-10-24 14:00:00,2025-10-20/2025-10-26,1.0,0.2745441467180225
6403,2025-10-24 14:02:00,2025-10-20/2025-10-26,1.0,0.3546495290468887
6408,2025-10-24 14:09:00,2025-10-20/2025-10-26,1.0,0.3461227948381346
6410,2025-10-24 14:15:00,2025-10-20/2025-10-26,1.0,0.3050900886478356
6413,2025-10-24 14:16:00,2025-10-20/2025-10-26,1.0,0.20524057021126585
6414,2025-10-24 14:19:00,2025-10-20/2025-10-26,1.0,0.5699375338842494
6422,2025-10-24 14:25:00,2025-10-20/2025-10-26,1.0,0.42321910980886984
6423,2025-10-24 14:26:00,2025-10-20/2025-10-26,1.0,0.43916406848601264
6429,2025-10-24 14:29:00,2025-10-20/2025-10-26,1.0,0.3306193900600941
6432,2025-10-24 14:31:00,2025-10-20/2025-10-26,1.0,0.40035700319245576
6434,2025-10-24 14:32:00,2025-10-20/2025-10-26,1.0,0.2985920457809919
6438,2025-10-24 14:39:00,2025-10-20/2025-10-26,1.0,0.27600679834800224
6439,2025-10-24 14:40:00,2025-10-20/2025-10-26,1.0,0.2997204913948539
6440,2025-10-24 14:45:00,2025-10-20/2025-10-26,1.0,0.35262994983884177
6441,2025-10-24 14:49:00,2025-10-20/2025-10-26,1.0,0.35745124507694964
6447,2025-10-24 14:53:00,2025-10-20/2025-10-26,1.0,0.30234142573203765
6448,2025-10-24 14:54:00,2025-10-20/2025-10-26,1.0,0.31457795905610514
6449,2025-10-24 15:01:00,2025-10-20/2025-10-26,1.0,0.516784860214212
6451,2025-10-24 15:05:00,2025-10-20/2025-10-26,1.0,0.23732166830496182
6454,2025-10-24 15:10:00,2025-10-20/2025-10-26,1.0,0.2869981444048036
6455,2025-10-24 15:11:00,2025-10-20/2025-10-26,1.0,0.3064629573838847
6456,2025-10-24 15:11:00,2025-10-20/2025-10-26,1.0,0.5322944007116618
6457,2025-10-24 15:13:00,2025-10-20/2025-10-26,1.0,0.3178964679971147
6459,2025-10-24 15:14:00,2025-10-20/2025-10-26,1.0,0.38988826784986425
6460,2025-10-24 15:18:00,2025-10-20/2025-10-26,1.0,0.5066925971193839
6462,2025-10-24 15:21:00,2025-10-20/2025-10-26,1.0,0.5056022520139716
6463,2025-10-24 15:22:00,2025-10-20/2025-10-26,1.0,0.3958793891795835
6464,2025-10-24 15:23:00,2025-10-20/2025-10-26,1.0,0.4765094664564561
6465,2025-10-24 15:24:00,2025-10-20/2025-10-26,1.0,0.4010545386608295
6469,2025-10-24 15:39:00,2025-10-20/2025-10-26,1.0,0.5368880706699121
6474,2025-10-24 15:53:00,2025-10-20/2025-10-26,1.0,0.6261631379599021
6483,2025-10-24 16:05:00,2025-10-20/2025-10-26,1.0,0.4593804205504998
6485,2025-10-24 16:07:00,2025-10-20/2025-10-26,1.0,0.4920497806014594
6488,2025-10-24 16:10:00,2025-10-20/2025-10-26,1.0,0.5724833943278952
6490,2025-10-24 16:15:00,2025-10-20/2025-10-26,1.0,0.26739357188379215
6495,2025-10-24 16:29:00,2025-10-20/2025-10-26,1.0,0.6146255765960318
6499,2025-10-24 16:41:00,2025-10-20/2025-10-26,1.0,0.2834153016397023
6500,2025-10-24 16:47:00,2025-10-20/2025-10-26,1.0,0.29792695364334576
6502,2025-10-24 16:54:00,2025-10-20/2025-10-26,1.0,0.34547999355629455
6503,2025-10-24 16:55:00,2025-10-20/2025-10-26,1.0,0.18124639167538392
6508,2025-10-24 17:16:00,2025-10-20/2025-10-26,1.0,0.4423163024939576
6509,2025-10-24 17:20:00,2025-10-20/2025-10-26,1.0,0.23480628817149368
6510,2025-10-24 17:23:00,2025-10-20/2025-10-26,1.0,0.3726686301305861
6511,2025-10-24 17:25:00,2025-10-20/2025-10-26,1.0,0.3353123309119471
6512,2025-10-24 17:30:00,2025-10-20/2025-10-26,1.0,0.4286227855996841
6515,2025-10-24 17:36:00,2025-10-20/2025-10-26,1.0,0.4160033686277532
6516,2025-10-24 18:00:00,2025-10-20/2025-10-26,1.0,0.4056215866487505
6518,2025-10-24 18:11:00,2025-10-20/2025-10-26,1.0,0.5443472601879955
6519,2025-10-24 18:13:00,2025-10-20/2025-10-26,1.0,0.3550139909599423
6520,2025-10-24 18:28:00,2025-10-20/2025-10-26,1.0,0.3084640151371659
6527,2025-10-24 19:09:00,2025-10-20/2025-10-26,1.0,0.5030499387604256
6528,2025-10-24 19:12:00,2025-10-20/2025-10-26,1.0,0.41886387142503345
6529,2025-10-24 19:13:00,2025-10-20/2025-10-26,1.0,0.3238927380924429
6530,2025-10-24 19:15:00,2025-10-20/2025-10-26,1.0,0.353816835518093
6532,2025-10-24 19:27:00,2025-10-20/2025-10-26,1.0,0.289417562382957
6533,2025-10-24 19:29:00,2025-10-20/2025-10-26,1.0,0.37490796785258335
6535,2025-10-24 19:43:00,2025-10-20/2025-10-26,1.0,0.4661655666996297
6538,2025-10-24 20:00:00,2025-10-20/2025-10-26,1.0,0.25295050627397103
6540,2025-10-24 20:05:00,2025-10-20/2025-10-26,1.0,0.3941479809194556
6541,2025-10-24 20:07:00,2025-10-20/2025-10-26,1.0,0.37816692871584195
6549,2025-10-24 20:19:00,2025-10-20/2025-10-26,1.0,0.4188028644776933
6565,2025-10-24 20:31:00,2025-10-20/2025-10-26,1.0,0.32806015493704865
6566,2025-10-24 20:31:00,2025-10-20/2025-10-26,1.0,0.3216298888062549
6584,2025-10-24 20:46:00,2025-10-20/2025-10-26,1.0,0.3880103750954995
6595,2025-10-24 20:54:00,2025-10-20/2025-10-26,1.0,0.3623501697739303
6617,2025-10-24 21:17:00,2025-10-20/2025-10-26,1.0,0.4090042313611555
6619,2025-10-24 21:20:00,2025-10-20/2025-10-26,1.0,0.3615611575186667
6620,2025-10-24 21:21:00,2025-10-20/2025-10-26,1.0,0.2761311413670378
6625,2025-10-24 21:26:00,2025-10-20/2025-10-26,1.0,0.3953591715346069
6626,2025-10-24 21:31:00,2025-10-20/2025-10-26,1.0,0.3707428494234898
6627,2025-10-24 21:33:00,2025-10-20/2025-10-26,1.0,0.3102475368382657
6628,2025-10-24 22:09:00,2025-10-20/2025-10-26,1.0,0.4191064945439256
6634,2025-10-24 22:28:00,2025-10-20/2025-10-26,1.0,0.4322963953597185
6639,2025-10-24 23:44:00,2025-10-20/2025-10-26,1.0,0.4446721396827606
6641,2025-10-25 00:15:00,2025-10-20/2025-10-26,1.0,0.5686779093483032
6643,2025-10-25 00:44:00,2025-10-20/2025-10-26,1.0,0.4005117620215868
6645,2025-10-25 01:02:00,2025-10-20/2025-10-26,1.0,0.2733811699301002
6646,2025-10-25 01:04:00,2025-10-20/2025-10-26,1.0,0.20327590247113417
6656,2025-10-25 02:09:00,2025-10-20/2025-10-26,1.0,0.36550962593026465
6657,2025-10-25 02:12:00,2025-10-20/2025-10-26,1.0,0.2479079975545621
6658,2025-10-25 02:18:00,2025-10-20/2025-10-26,1.0,0.40686988134471397
6659,2025-10-25 02:24:00,2025-10-20/2025-10-26,1.0,0.30868382486199264
6660,2025-10-25 02:25:00,2025-10-20/2025-10-26,1.0,0.3842289715706264
6661,2025-10-25 02:33:00,2025-10-20/2025-10-26,1.0,0.2915820577429577
6663,2025-10-25 02:51:00,2025-10-20/2025-10-26,1.0,0.2952003810549633
6666,2025-10-25 03:02:00,2025-10-20/2025-10-26,1.0,0.42866076673498604
6667,2025-10-25 03:03:00,2025-10-20/2025-10-26,1.0,0.3839503152539477
6670,2025-10-25 03:05:00,2025-10-20/2025-10-26,1.0,0.25621521716589263
6671,2025-10-25 03:08:00,2025-10-20/2025-10-26,1.0,0.6176669396179189
6672,2025-10-25 03:12:00,2025-10-20/2025-10-26,1.0,0.2006679937724648
6674,2025-10-25 03:29:00,2025-10-20/2025-10-26,1.0,0.5230690212027767
6675,2025-10-25 03:32:00,2025-10-20/2025-10-26,1.0,0.34565391957837843
6677,2025-10-25 03:43:00,2025-10-20/2025-10-26,1.0,0.2671487217451907
6678,2025-10-25 03:45:00,2025-10-20/2025-10-26,1.0,0.4348675356517253
6680,2025-10-25 03:47:00,2025-10-20/2025-10-26,1.0,0.4534376060919335
6681,2025-10-25 03:51:00,2025-10-20/2025-10-26,1.0,0.5845224186209643
6682,2025-10-25 03:54:00,2025-10-20/2025-10-26,1.0,0.3610376610460027
6683,2025-10-25 04:00:00,2025-10-20/2025-10-26,1.0,0.2932671977489894
6684,2025-10-25 04:01:00,2025-10-20/2025-10-26,1.0,0.3271390900349275
6686,2025-10-25 04:04:00,2025-10-20/2025-10-26,1.0,0.3113831847291771
6688,2025-10-25 04:06:00,2025-10-20/2025-10-26,1.0,0.27238337846025745
6690,2025-10-25 04:08:00,2025-10-20/2025-10-26,1.0,0.23693287709203503
6691,2025-10-25 04:09:00,2025-10-20/2025-10-26,1.0,0.2568312999242297
6692,2025-10-25 04:10:00,2025-10-20/2025-10-26,1.0,0.45852091711490395
6693,2025-10-25 04:11:00,2025-10-20/2025-10-26,1.0,0.2707658323949836
6694,2025-10-25 04:13:00,2025-10-20/2025-10-26,1.0,0.31388000275153055
6695,2025-10-25 04:15:00,2025-10-20/2025-10-26,1.0,0.2577624838294078
6696,2025-10-25 04:16:00,2025-10-20/2025-10-26,1.0,0.3913516055302365
6697,2025-10-25 04:17:00,2025-10-20/2025-10-26,1.0,0.313202318525902
6698,2025-10-25 04:18:00,2025-10-20/2025-10-26,1.0,0.5044833785243984
6700,2025-10-25 04:19:00,2025-10-20/2025-10-26,1.0,0.238972524658309
6701,2025-10-25 04:21:00,2025-10-20/2025-10-26,1.0,0.3224287379598948
6704,2025-10-25 04:22:00,2025-10-20/2025-10-26,1.0,0.40780462579182875
6705,2025-10-25 04:23:00,2025-10-20/2025-10-26,1.0,0.5102211872186992
6706,2025-10-25 04:24:00,2025-10-20/2025-10-26,1.0,0.39326344402329905
6707,2025-10-25 04:25:00,2025-10-20/2025-10-26,1.0,0.26198582809365767
6708,2025-10-25 04:26:00,2025-10-20/2025-10-26,1.0,0.3837222506927431
6710,2025-10-25 04:27:00,2025-10-20/2025-10-26,1.0,0.31512627153794176
6712,2025-10-25 04:28:00,2025-10-20/2025-10-26,1.0,0.296263666287909
6713,2025-10-25 04:29:00,2025-10-20/2025-10-26,1.0,0.39555618657801905
6715,2025-10-25 04:31:00,2025-10-20/2025-10-26,1.0,0.3539614522243371
6716,2025-10-25 04:32:00,2025-10-20/2025-10-26,1.0,0.4861793915904789
6718,2025-10-25 04:33:00,2025-10-20/2025-10-26,1.0,0.3195239581704569
6719,2025-10-25 04:35:00,2025-10-20/2025-10-26,1.0,0.23068407561917015
6720,2025-10-25 04:36:00,2025-10-20/2025-10-26,1.0,0.29427761094167604
6721,2025-10-25 04:37:00,2025-10-20/2025-10-26,1.0,0.32333866670679023
6722,2025-10-25 04:38:00,2025-10-20/2025-10-26,1.0,0.30745901806487314
6724,2025-10-25 04:40:00,2025-10-20/2025-10-26,1.0,0.2843157513233096
6725,2025-10-25 04:41:00,2025-10-20/2025-10-26,1.0,0.25415193984974854
6726,2025-10-25 04:42:00,2025-10-20/2025-10-26,1.0,0.24078805859251987
6727,2025-10-25 04:43:00,2025-10-20/2025-10-26,1.0,0.2867526642602897
6731,2025-10-25 04:54:00,2025-10-20/2025-10-26,1.0,0.30981338121083657
6732,2025-10-25 04:55:00,2025-10-20/2025-10-26,1.0,0.39452389487196565
6734,2025-10-25 05:00:00,2025-10-20/2025-10-26,1.0,0.40520431895429054
6736,2025-10-25 05:02:00,2025-10-20/2025-10-26,1.0,0.6080371947285921
6737,2025-10-25 05:03:00,2025-10-20/2025-10-26,1.0,0.4752587581228394
6738,2025-10-25 05:06:00,2025-10-20/2025-10-26,1.0,0.23338752111779457
6739,2025-10-25 05:06:00,2025-10-20/2025-10-26,1.0,0.5814020068962868
6740,2025-10-25 05:09:00,2025-10-20/2025-10-26,1.0,0.5815164141391342
6741,2025-10-25 05:11:00,2025-10-20/2025-10-26,1.0,0.5382236220510224
6744,2025-10-25 05:13:00,2025-10-20/2025-10-26,1.0,0.5798444857638257
6747,2025-10-25 05:22:00,2025-10-20/2025-10-26,1.0,0.3439951546302232
6749,2025-10-25 05:34:00,2025-10-20/2025-10-26,1.0,0.39088633606232914
6750,2025-10-25 05:36:00,2025-10-20/2025-10-26,1.0,0.35010644139811736
6752,2025-10-25 05:41:00,2025-10-20/2025-10-26,1.0,0.6108306308244326
6754,2025-10-25 05:43:00,2025-10-20/2025-10-26,1.0,0.358338474026469
6755,2025-10-25 05:48:00,2025-10-20/2025-10-26,1.0,0.2277530562011931
6756,2025-10-25 05:55:00,2025-10-20/2025-10-26,1.0,0.6011370786652779
6758,2025-10-25 06:00:00,2025-10-20/2025-10-26,1.0,0.3424184983981757
6763,2025-10-25 06:04:00,2025-10-20/2025-10-26,1.0,0.45262116621463727
6764,2025-10-25 06:05:00,2025-10-20/2025-10-26,1.0,0.6110243638359435
6765,2025-10-25 06:06:00,2025-10-20/2025-10-26,1.0,0.33225566324684525
6767,2025-10-25 06:09:00,2025-10-20/2025-10-26,1.0,0.414483117118124
6768,2025-10-25 06:12:00,2025-10-20/2025-10-26,1.0,0.5042054669979912
6769,2025-10-25 06:13:00,2025-10-20/2025-10-26,1.0,0.42092678860246735
6770,2025-10-25 06:14:00,2025-10-20/2025-10-26,1.0,0.304513536804663
6771,2025-10-25 06:18:00,2025-10-20/2025-10-26,1.0,0.6016132650165456
6772,2025-10-25 06:22:00,2025-10-20/2025-10-26,1.0,0.38734838566304497
6776,2025-10-25 06:34:00,2025-10-20/2025-10-26,1.0,0.4437630329997352
6779,2025-10-25 06:41:00,2025-10-20/2025-10-26,1.0,0.6398320300422043
6780,2025-10-25 06:42:00,2025-10-20/2025-10-26,1.0,0.4005423424618107
6783,2025-10-25 06:47:00,2025-10-20/2025-10-26,1.0,0.5780987881888694
6784,2025-10-25 06:49:00,2025-10-20/2025-10-26,1.0,0.4662944942767429
6785,2025-10-25 06:53:00,2025-10-20/2025-10-26,1.0,0.42265260825707424
6786,2025-10-25 06:55:00,2025-10-20/2025-10-26,1.0,0.3598421618345435
6787,2025-10-25 07:02:00,2025-10-20/2025-10-26,1.0,0.4069312625500436
6790,2025-10-25 07:12:00,2025-10-20/2025-10-26,1.0,0.316880040244138
6792,2025-10-25 07:15:00,2025-10-20/2025-10-26,1.0,0.26163341130462425
6793,2025-10-25 07:16:00,2025-10-20/2025-10-26,1.0,0.33105637332959326
6797,2025-10-25 07:27:00,2025-10-20/2025-10-26,1.0,0.4307700212501648
6803,2025-10-25 07:38:00,2025-10-20/2025-10-26,1.0,0.4693283140646971
6804,2025-10-25 07:39:00,2025-10-20/2025-10-26,1.0,0.12005714202614792
6808,2025-10-25 07:45:00,2025-10-20/2025-10-26,1.0,0.5914976645542039
6815,2025-10-25 08:00:00,2025-10-20/2025-10-26,1.0,0.34907970717877845
6820,2025-10-25 08:10:00,2025-10-20/2025-10-26,1.0,0.3450047259429713
6821,2025-10-25 08:11:00,2025-10-20/2025-10-26,1.0,0.45683446993547266
6823,2025-10-25 08:14:00,2025-10-20/2025-10-26,1.0,0.15236717598417507
6825,2025-10-25 08:17:00,2025-10-20/2025-10-26,1.0,0.21031680013882723
6827,2025-10-25 08:20:00,2025-10-20/2025-10-26,1.0,0.42340913560060395
6828,2025-10-25 08:23:00,2025-10-20/2025-10-26,1.0,0.13020886816936827
6829,2025-10-25 08:24:00,2025-10-20/2025-10-26,1.0,0.43941131405438094
6832,2025-10-25 08:33:00,2025-10-20/2025-10-26,1.0,0.4509574588836865
6833,2025-10-25 08:43:00,2025-10-20/2025-10-26,1.0,0.4402871570792782
6834,2025-10-25 08:46:00,2025-10-20/2025-10-26,1.0,0.42773930286640127
6836,2025-10-25 08:48:00,2025-10-20/2025-10-26,1.0,0.4972322193387097
6837,2025-10-25 08:53:00,2025-10-20/2025-10-26,1.0,0.48924752811439887
6839,2025-10-25 08:57:00,2025-10-20/2025-10-26,1.0,0.31783331698683537
6841,2025-10-25 08:59:00,2025-10-20/2025-10-26,1.0,0.43774070418576233
6843,2025-10-25 09:01:00,2025-10-20/2025-10-26,1.0,0.5256199393598363
6846,2025-10-25 09:05:00,2025-10-20/2025-10-26,1.0,0.2856477482883536
6849,2025-10-25 09:13:00,2025-10-20/2025-10-26,1.0,0.2078057466524331
6850,2025-10-25 09:14:00,2025-10-20/2025-10-26,1.0,0.4509574588836865
6854,2025-10-25 09:21:00,2025-10-20/2025-10-26,1.0,0.42988358859194514
6855,2025-10-25 09:25:00,2025-10-20/2025-10-26,1.0,0.23679975400810155
6857,2025-10-25 09:27:00,2025-10-20/2025-10-26,1.0,0.4151080304542085
6860,2025-10-25 09:34:00,2025-10-20/2025-10-26,1.0,0.33846319287432347
6861,2025-10-25 09:35:00,2025-10-20/2025-10-26,1.0,0.27070828416263
6863,2025-10-25 09:37:00,2025-10-20/2025-10-26,1.0,0.3809615620896203
6866,2025-10-25 09:40:00,2025-10-20/2025-10-26,1.0,0.24963600135437763
6868,2025-10-25 09:48:00,2025-10-20/2025-10-26,1.0,0.246739177052242
6871,2025-10-25 10:01:00,2025-10-20/2025-10-26,1.0,0.2497843399469337
6875,2025-10-25 10:10:00,2025-10-20/2025-10-26,1.0,0.2125616502458232
6876,2025-10-25 10:11:00,2025-10-20/2025-10-26,1.0,0.36987655039315037
6878,2025-10-25 10:15:00,2025-10-20/2025-10-26,1.0,0.5058506940548007
6879,2025-10-25 10:18:00,2025-10-20/2025-10-26,1.0,0.2087522621803307
6880,2025-10-25 10:19:00,2025-10-20/2025-10-26,1.0,0.3337538379961829
6881,2025-10-25 10:21:00,2025-10-20/2025-10-26,1.0,0.28765592866176004
6884,2025-10-25 10:30:00,2025-10-20/2025-10-26,1.0,0.49001984019842565
6887,2025-10-25 10:42:00,2025-10-20/2025-10-26,1.0,0.2349925404357697
6888,2025-10-25 10:47:00,2025-10-20/2025-10-26,1.0,0.43117066260712184
6889,2025-10-25 10:48:00,2025-10-20/2025-10-26,1.0,0.35412201415429945
6890,2025-10-25 10:50:00,2025-10-20/2025-10-26,1.0,0.21304841225806112
6892,2025-10-25 10:55:00,2025-10-20/2025-10-26,1.0,0.5862154080672856
6893,2025-10-25 10:58:00,2025-10-20/2025-10-26,1.0,0.29687037893985574
6895,2025-10-25 11:14:00,2025-10-20/2025-10-26,1.0,0.15905816948044765
6896,2025-10-25 11:15:00,2025-10-20/2025-10-26,1.0,0.23841963382131146
6897,2025-10-25 11:21:00,2025-10-20/2025-10-26,1.0,0.5220010903114826
6900,2025-10-25 11:36:00,2025-10-20/2025-10-26,1.0,0.6366512797898948
6901,2025-10-25 11:42:00,2025-10-20/2025-10-26,1.0,0.5036084263341961
6902,2025-10-25 11:45:00,2025-10-20/2025-10-26,1.0,0.32093250656760997
6903,2025-10-25 12:01:00,2025-10-20/2025-10-26,1.0,0.24461497164986537
6904,2025-10-25 12:06:00,2025-10-20/2025-10-26,1.0,0.4483254070737227
6907,2025-10-25 12:17:00,2025-10-20/2025-10-26,1.0,0.2495056933733783
6908,2025-10-25 12:21:00,2025-10-20/2025-10-26,1.0,0.6408358859233612
6909,2025-10-25 12:25:00,2025-10-20/2025-10-26,1.0,0.263529533863134
6910,2025-10-25 12:31:00,2025-10-20/2025-10-26,1.0,0.5870495375035729
6911,2025-10-25 12:36:00,2025-10-20/2025-10-26,1.0,0.21683661482310465
6912,2025-10-25 12:37:00,2025-10-20/2025-10-26,1.0,0.4111851164163967
6914,2025-10-25 12:45:00,2025-10-20/2025-10-26,1.0,0.38094437970278805
6915,2025-10-25 12:46:00,2025-10-20/2025-10-26,1.0,0.3640589062209785
6922,2025-10-25 13:20:00,2025-10-20/2025-10-26,1.0,0.41137488129918426
6923,2025-10-25 13:21:00,2025-10-20/2025-10-26,1.0,0.5141761155376144
6924,2025-10-25 13:22:00,2025-10-20/2025-10-26,1.0,0.3491439977572159
6925,2025-10-25 13:27:00,2025-10-20/2025-10-26,1.0,0.40633424337583784
6927,2025-10-25 13:36:00,2025-10-20/2025-10-26,1.0,0.5040448011174962
6930,2025-10-25 14:04:00,2025-10-20/2025-10-26,1.0,0.37289096607004263
6947,2025-10-25 15:29:00,2025-10-20/2025-10-26,1.0,0.4525627290881089
6948,2025-10-25 15:31:00,2025-10-20/2025-10-26,1.0,0.3200295189913724
6952,2025-10-25 15:51:00,2025-10-20/2025-10-26,1.0,0.16329722008569555
6953,2025-10-25 15:52:00,2025-10-20/2025-10-26,1.0,0.23866674384652795
6955,2025-10-25 16:00:00,2025-10-20/2025-10-26,1.0,0.373980718441209
6957,2025-10-25 16:08:00,2025-10-20/2025-10-26,1.0,0.2313384402121774
6959,2025-10-25 16:11:00,2025-10-20/2025-10-26,1.0,0.33027626815664074
6962,2025-10-25 16:16:00,2025-10-20/2025-10-26,1.0,0.2389925932843857
6964,2025-10-25 16:25:00,2025-10-20/2025-10-26,1.0,0.5012877797367179
6965,2025-10-25 16:26:00,2025-10-20/2025-10-26,1.0,0.332574654656757
6967,2025-10-25 16:36:00,2025-10-20/2025-10-26,1.0,0.3350728969399035
6968,2025-10-25 16:37:00,2025-10-20/2025-10-26,1.0,0.4786422930189841
6971,2025-10-25 17:14:00,2025-10-20/2025-10-26,1.0,0.27592620491385034
6972,2025-10-25 17:19:00,2025-10-20/2025-10-26,1.0,0.29937663534147807
6974,2025-10-25 17:25:00,2025-10-20/2025-10-26,1.0,0.3076559778564284
6975,2025-10-25 17:26:00,2025-10-20/2025-10-26,1.0,0.2244764342042858
6977,2025-10-25 17:40:00,2025-10-20/2025-10-26,1.0,0.47834517227464773
6978,2025-10-25 17:54:00,2025-10-20/2025-10-26,1.0,0.346684292188398
6982,2025-10-25 18:02:00,2025-10-20/2025-10-26,1.0,0.4795898445150076
6984,2025-10-25 18:09:00,2025-10-20/2025-10-26,1.0,0.3448731599333289
6985,2025-10-25 18:21:00,2025-10-20/2025-10-26,1.0,0.2963321220880769
6987,2025-10-25 18:33:00,2025-10-20/2025-10-26,1.0,0.4262674364121055
6992,2025-10-25 19:25:00,2025-10-20/2025-10-26,1.0,0.5473729055027003
6995,2025-10-25 19:55:00,2025-10-20/2025-10-26,1.0,0.2486493226534135
6996,2025-10-25 19:56:00,2025-10-20/2025-10-26,1.0,0.5381263904065469
6997,2025-10-25 20:02:00,2025-10-20/2025-10-26,1.0,0.3360137817655856
7002,2025-10-25 21:09:00,2025-10-20/2025-10-26,1.0,0.3280934767505726
7003,2025-10-25 21:13:00,2025-10-20/2025-10-26,1.0,0.6775802236029201
7005,2025-10-25 21:26:00,2025-10-20/2025-10-26,1.0,0.36832504050641923
7006,2025-10-25 21:43:00,2025-10-20/2025-10-26,1.0,0.6775802236029201
7007,2025-10-25 21:47:00,2025-10-20/2025-10-26,1.0,0.24946891435648583
7009,2025-10-25 21:50:00,2025-10-20/2025-10-26,1.0,0.4089288446784741
7010,2025-10-25 21:52:00,2025-10-20/2025-10-26,1.0,0.6796631384056367
7011,2025-10-25 22:00:00,2025-10-20/2025-10-26,1.0,0.4272502056044636
7013,2025-10-25 22:04:00,2025-10-20/2025-10-26,1.0,0.3765238572247089
7014,2025-10-25 22:05:00,2025-10-20/2025-10-26,1.0,0.2950789882527581
7016,2025-10-25 22:22:00,2025-10-20/2025-10-26,1.0,0.5042238337469312
7017,2025-10-25 22:27:00,2025-10-20/2025-10-26,1.0,0.3848256656294731
7018,2025-10-25 22:29:00,2025-10-20/2025-10-26,1.0,0.36576122589225935
7019,2025-10-25 22:30:00,2025-10-20/2025-10-26,1.0,0.2695818252630298
7022,2025-10-25 23:05:00,2025-10-20/2025-10-26,1.0,0.2399470947915711
7023,2025-10-25 23:24:00,2025-10-20/2025-10-26,1.0,0.4495862353522335
7024,2025-10-25 23:37:00,2025-10-20/2025-10-26,1.0,0.5134706550322716
7026,2025-10-26 00:02:00,2025-10-20/2025-10-26,1.0,0.39986077031833145
7029,2025-10-26 00:28:00,2025-10-20/2025-10-26,1.0,0.2256473112536272
7031,2025-10-26 00:42:00,2025-10-20/2025-10-26,1.0,0.390451617997088
7032,2025-10-26 00:45:00,2025-10-20/2025-10-26,1.0,0.23153711274341648
7035,2025-10-26 01:19:00,2025-10-20/2025-10-26,1.0,0.4288708333467622
7038,2025-10-26 01:38:00,2025-10-20/2025-10-26,1.0,0.2847551345328831
7039,2025-10-26 01:44:00,2025-10-20/2025-10-26,1.0,0.3014602271835754
7040,2025-10-26 01:45:00,2025-10-20/2025-10-26,1.0,0.2993655900564178
7043,2025-10-26 01:57:00,2025-10-20/2025-10-26,1.0,0.4633421862966069
7045,2025-10-26 02:04:00,2025-10-20/2025-10-26,1.0,0.22706510522397405
7046,2025-10-26 02:05:00,2025-10-20/2025-10-26,1.0,0.29882054649712436
7048,2025-10-26 02:14:00,2025-10-20/2025-10-26,1.0,0.42609912303975933
7049,2025-10-26 02:15:00,2025-10-20/2025-10-26,1.0,0.2559009761169555
7051,2025-10-26 02:31:00,2025-10-20/2025-10-26,1.0,0.3675212519230736
7052,2025-10-26 03:00:00,2025-10-20/2025-10-26,1.0,0.24041300011170638
7054,2025-10-26 03:02:00,2025-10-20/2025-10-26,1.0,0.21244008142654375
7055,2025-10-26 03:04:00,2025-10-20/2025-10-26,1.0,0.2152434627100514
7057,2025-10-26 03:08:00,2025-10-20/2025-10-26,1.0,0.2714452883904053
7058,2025-10-26 03:17:00,2025-10-20/2025-10-26,1.0,0.5268755312946365
7061,2025-10-26 04:03:00,2025-10-20/2025-10-26,1.0,0.1863358540714403
7063,2025-10-26 04:04:00,2025-10-20/2025-10-26,1.0,0.24540988437710523
7064,2025-10-26 04:05:00,2025-10-20/2025-10-26,1.0,0.4362458603826202
7065,2025-10-26 04:06:00,2025-10-20/2025-10-26,1.0,0.28401924272960555
7066,2025-10-26 04:07:00,2025-10-20/2025-10-26,1.0,0.4238453863278703
7067,2025-10-26 04:09:00,2025-10-20/2025-10-26,1.0,0.2852503560843911
7068,2025-10-26 04:09:00,2025-10-20/2025-10-26,1.0,0.36270341115412597
7069,2025-10-26 04:10:00,2025-10-20/2025-10-26,1.0,0.3012033018504694
7070,2025-10-26 04:11:00,2025-10-20/2025-10-26,1.0,0.31269531612610113
7071,2025-10-26 04:12:00,2025-10-20/2025-10-26,1.0,0.4088299061382616
7072,2025-10-26 04:13:00,2025-10-20/2025-10-26,1.0,0.3594001639300257
7073,2025-10-26 04:14:00,2025-10-20/2025-10-26,1.0,0.4285237985775585
7078,2025-10-26 04:42:00,2025-10-20/2025-10-26,1.0,0.27057541644848615
7080,2025-10-26 04:54:00,2025-10-20/2025-10-26,1.0,0.3266009289418052
7081,2025-10-26 05:03:00,2025-10-20/2025-10-26,1.0,0.2953976294936829
7082,2025-10-26 05:04:00,2025-10-20/2025-10-26,1.0,0.43564910734004164
7083,2025-10-26 05:05:00,2025-10-20/2025-10-26,1.0,0.3610058994622685
7085,2025-10-26 05:13:00,2025-10-20/2025-10-26,1.0,0.34532443912607574
7086,2025-10-26 05:14:00,2025-10-20/2025-10-26,1.0,0.31609780982008434
7088,2025-10-26 05:28:00,2025-10-20/2025-10-26,1.0,0.22650511369738766
7089,2025-10-26 05:43:00,2025-10-20/2025-10-26,1.0,0.41859387869388015
7095,2025-10-26 05:58:00,2025-10-20/2025-10-26,1.0,0.403721027176584
7096,2025-10-26 06:01:00,2025-10-20/2025-10-26,1.0,0.4543440585309334
7098,2025-10-26 06:07:00,2025-10-20/2025-10-26,1.0,0.400163369501781
7104,2025-10-26 06:23:00,2025-10-20/2025-10-26,1.0,0.29376494353629257
7105,2025-10-26 06:30:00,2025-10-20/2025-10-26,1.0,0.4183456684940157
7107,2025-10-26 06:34:00,2025-10-20/2025-10-26,1.0,0.39514880555759885
7108,2025-10-26 06:35:00,2025-10-20/2025-10-26,1.0,0.6043912078710675
7109,2025-10-26 06:43:00,2025-10-20/2025-10-26,1.0,0.29028679478766223
7115,2025-10-26 07:02:00,2025-10-20/2025-10-26,1.0,0.27048943323225044
7116,2025-10-26 07:04:00,2025-10-20/2025-10-26,1.0,0.48338936523037934
7123,2025-10-26 07:26:00,2025-10-20/2025-10-26,1.0,0.4308083538425249
7126,2025-10-26 07:31:00,2025-10-20/2025-10-26,1.0,0.26040174173059827
7128,2025-10-26 07:54:00,2025-10-20/2025-10-26,1.0,0.26702868056370804
7130,2025-10-26 08:00:00,2025-10-20/2025-10-26,1.0,0.20609508858344103
7132,2025-10-26 08:02:00,2025-10-20/2025-10-26,1.0,0.2545614339951428
7133,2025-10-26 08:07:00,2025-10-20/2025-10-26,1.0,0.3410954500918044
7134,2025-10-26 08:10:00,2025-10-20/2025-10-26,1.0,0.3128637889353726
7135,2025-10-26 08:16:00,2025-10-20/2025-10-26,1.0,0.2537243672678481
7136,2025-10-26 08:24:00,2025-10-20/2025-10-26,1.0,0.31367028611553327
7137,2025-10-26 08:28:00,2025-10-20/2025-10-26,1.0,0.5672145669722358
7139,2025-10-26 08:32:00,2025-10-20/2025-10-26,1.0,0.3343004336094116
7140,2025-10-26 08:34:00,2025-10-20/2025-10-26,1.0,0.4590068761293029
7141,2025-10-26 08:43:00,2025-10-20/2025-10-26,1.0,0.4567449185690652
7142,2025-10-26 08:44:00,2025-10-20/2025-10-26,1.0,0.3984765062951266
7143,2025-10-26 08:47:00,2025-10-20/2025-10-26,1.0,0.39745222506891886
7145,2025-10-26 08:49:00,2025-10-20/2025-10-26,1.0,0.5104133043095663
7150,2025-10-26 08:58:00,2025-10-20/2025-10-26,1.0,0.21407320653882003
7152,2025-10-26 09:02:00,2025-10-20/2025-10-26,1.0,0.44154968172689174
7154,2025-10-26 09:03:00,2025-10-20/2025-10-26,1.0,0.2724080309636737
7155,2025-10-26 09:06:00,2025-10-20/2025-10-26,1.0,0.47815497185200867
7163,2025-10-26 09:26:00,2025-10-20/2025-10-26,1.0,0.3312062674306924
7164,2025-10-26 09:27:00,2025-10-20/2025-10-26,1.0,0.239826466766192
7165,2025-10-26 09:30:00,2025-10-20/2025-10-26,1.0,0.39811156608406706
7167,2025-10-26 09:34:00,2025-10-20/2025-10-26,1.0,0.4275007484573992
7168,2025-10-26 09:38:00,2025-10-20/2025-10-26,1.0,0.22875300241780433
7169,2025-10-26 09:39:00,2025-10-20/2025-10-26,1.0,0.2378307870227672
7170,2025-10-26 09:40:00,2025-10-20/2025-10-26,1.0,0.44808774508299437
7171,2025-10-26 09:42:00,2025-10-20/2025-10-26,1.0,0.4108755001931082
7173,2025-10-26 09:47:00,2025-10-20/2025-10-26,1.0,0.4146441523368082
7174,2025-10-26 09:48:00,2025-10-20/2025-10-26,1.0,0.30459121790386123
7175,2025-10-26 09:49:00,2025-10-20/2025-10-26,1.0,0.41094349275194436
7176,2025-10-26 09:50:00,2025-10-20/2025-10-26,1.0,0.1911037785420084
7178,2025-10-26 09:52:00,2025-10-20/2025-10-26,1.0,0.5250341640644596
7179,2025-10-26 09:54:00,2025-10-20/2025-10-26,1.0,0.4008520649173653
7180,2025-10-26 09:58:00,2025-10-20/2025-10-26,1.0,0.28066664753559917
7188,2025-10-26 10:07:00,2025-10-20/2025-10-26,1.0,0.40801294634730034
7189,2025-10-26 10:11:00,2025-10-20/2025-10-26,1.0,0.21282431374821795
7195,2025-10-26 10:16:00,2025-10-20/2025-10-26,1.0,0.6305108630564651
7205,2025-10-26 10:27:00,2025-10-20/2025-10-26,1.0,0.18534467481390987
7208,2025-10-26 10:33:00,2025-10-20/2025-10-26,1.0,0.31012315642169347
7209,2025-10-26 10:34:00,2025-10-20/2025-10-26,1.0,0.38663549549445675
7213,2025-10-26 10:51:00,2025-10-20/2025-10-26,1.0,0.39851100248894117
7216,2025-10-26 10:59:00,2025-10-20/2025-10-26,1.0,0.45159550060543147
7224,2025-10-26 11:06:00,2025-10-20/2025-10-26,1.0,0.4236743480605194
7241,2025-10-26 11:18:00,2025-10-20/2025-10-26,1.0,0.43364056562236325
7264,2025-10-26 11:36:00,2025-10-20/2025-10-26,1.0,0.3395923579221046
7267,2025-10-26 11:37:00,2025-10-20/2025-10-26,1.0,0.2735703551756799
7269,2025-10-26 11:48:00,2025-10-20/2025-10-26,1.0,0.5108481106968005
7271,2025-10-26 12:02:00,2025-10-20/2025-10-26,1.0,0.2505069925001544
7273,2025-10-26 12:08:00,2025-10-20/2025-10-26,1.0,0.5972346881843574
7276,2025-10-26 12:33:00,2025-10-20/2025-10-26,1.0,0.35779899571113233
7284,2025-10-26 12:42:00,2025-10-20/2025-10-26,1.0,0.3729955931629559
7285,2025-10-26 12:55:00,2025-10-20/2025-10-26,1.0,0.2785155692675313
7286,2025-10-26 12:56:00,2025-10-20/2025-10-26,1.0,0.2625189821980421
7287,2025-10-26 12:57:00,2025-10-20/2025-10-26,1.0,0.2821910802903421
7289,2025-10-26 13:09:00,2025-10-20/2025-10-26,1.0,0.5948625706924592
7292,2025-10-26 13:35:00,2025-10-20/2025-10-26,1.0,0.6354952510627917
7313,2025-10-26 13:52:00,2025-10-20/2025-10-26,1.0,0.35339328145787235
7315,2025-10-26 13:55:00,2025-10-20/2025-10-26,1.0,0.39154586920131523
7318,2025-10-26 14:06:00,2025-10-20/2025-10-26,1.0,0.21729860735512962
7319,2025-10-26 14:10:00,2025-10-20/2025-10-26,1.0,0.2910881527824595
7320,2025-10-26 14:23:00,2025-10-20/2025-10-26,1.0,0.4716990369435324
7346,2025-10-26 14:49:00,2025-10-20/2025-10-26,1.0,0.3734674570342034
7347,2025-10-26 14:50:00,2025-10-20/2025-10-26,1.0,0.6607016688708578
7359,2025-10-26 15:00:00,2025-10-20/2025-10-26,1.0,0.40680119812026094
7361,2025-10-26 15:20:00,2025-10-20/2025-10-26,1.0,0.4083718636384217
7362,2025-10-26 15:21:00,2025-10-20/2025-10-26,1.0,0.49757421031220145
7363,2025-10-26 15:23:00,2025-10-20/2025-10-26,1.0,0.3209553190526265
7369,2025-10-26 15:38:00,2025-10-20/2025-10-26,1.0,0.456079112613165
7372,2025-10-26 16:13:00,2025-10-20/2025-10-26,1.0,0.37821180611114025
7373,2025-10-26 16:16:00,2025-10-20/2025-10-26,1.0,0.3824034595431893
7376,2025-10-26 16:35:00,2025-10-20/2025-10-26,1.0,0.5683185315645797
7378,2025-10-26 17:05:00,2025-10-20/2025-10-26,1.0,0.3568559316596499
7379,2025-10-26 17:09:00,2025-10-20/2025-10-26,1.0,0.3262706460153097
7382,2025-10-26 17:37:00,2025-10-20/2025-10-26,1.0,0.6460525830030953
7388,2025-10-26 19:40:00,2025-10-20/2025-10-26,1.0,0.5126305862477464
7389,2025-10-26 19:50:00,2025-10-20/2025-10-26,1.0,0.29973927594886507
7396,2025-10-26 20:43:00,2025-10-20/2025-10-26,1.0,0.4259592932119082
7399,2025-10-26 21:28:00,2025-10-20/2025-10-26,1.0,0.43090719812676453
7401,2025-10-26 21:30:00,2025-10-20/2025-10-26,1.0,0.6023941994328648
7402,2025-10-26 21:49:00,2025-10-20/2025-10-26,1.0,0.37239186136144
7406,2025-10-26 22:18:00,2025-10-20/2025-10-26,1.0,0.5854698492728322
7407,2025-10-26 22:56:00,2025-10-20/2025-10-26,1.0,0.4547683504003612
7409,2025-10-26 23:04:00,2025-10-20/2025-10-26,1.0,0.5232554310497604
7411,2025-10-27 03:03:00,2025-10-27/2025-11-02,1.0,0.29622736440010705
7413,2025-10-27 04:03:00,2025-10-27/2025-11-02,1.0,0.38789498968001157
7414,2025-10-27 04:04:00,2025-10-27/2025-11-02,1.0,0.5521219767963552
7415,2025-10-27 04:05:00,2025-10-27/2025-11-02,1.0,0.427556943097648
7416,2025-10-27 04:06:00,2025-10-27/2025-11-02,1.0,0.4223073156563502
7425,2025-10-27 04:14:00,2025-10-27/2025-11-02,1.0,0.44821352179385787
7426,2025-10-27 04:15:00,2025-10-27/2025-11-02,1.0,0.5376150849653731
7427,2025-10-27 04:15:00,2025-10-27/2025-11-02,1.0,0.3735979858677735
7428,2025-10-27 04:16:00,2025-10-27/2025-11-02,1.0,0.2410737377496109
7429,2025-10-27 04:29:00,2025-10-27/2025-11-02,1.0,0.39357939912299256
7430,2025-10-27 04:44:00,2025-10-27/2025-11-02,1.0,0.4156342631996052
7432,2025-10-27 05:16:00,2025-10-27/2025-11-02,1.0,0.40581257223925205
7452,2025-10-27 06:16:00,2025-10-27/2025-11-02,1.0,0.371205256946099
7455,2025-10-27 06:18:00,2025-10-27/2025-11-02,1.0,0.3111277421950045
7458,2025-10-27 07:08:00,2025-10-27/2025-11-02,1.0,0.499285497269129
7459,2025-10-27 07:11:00,2025-10-27/2025-11-02,1.0,0.386437540678838
7461,2025-10-27 07:27:00,2025-10-27/2025-11-02,1.0,0.3575386957942287
7462,2025-10-27 07:44:00,2025-10-27/2025-11-02,1.0,0.4145975230621432
7466,2025-10-27 08:13:00,2025-10-27/2025-11-02,1.0,0.5808013306227577
7467,2025-10-27 08:26:00,2025-10-27/2025-11-02,1.0,0.3488493673123768
7468,2025-10-27 08:42:00,2025-10-27/2025-11-02,1.0,0.4759812402395008
7469,2025-10-27 08:49:00,2025-10-27/2025-11-02,1.0,0.5727840954003368
7474,2025-10-27 10:46:00,2025-10-27/2025-11-02,1.0,0.346703217235348
7478,2025-10-27 11:38:00,2025-10-27/2025-11-02,1.0,0.24737303554729861
7483,2025-10-27 12:24:00,2025-10-27/2025-11-02,1.0,0.5119640677917792
7520,2025-10-27 14:17:00,2025-10-27/2025-11-02,1.0,0.3677685701840673
7521,2025-10-27 14:23:00,2025-10-27/2025-11-02,1.0,0.29377906088253
7522,2025-10-27 14:24:00,2025-10-27/2025-11-02,1.0,0.4592266374156603
7523,2025-10-27 14:55:00,2025-10-27/2025-11-02,1.0,0.27855387344248933
7526,2025-10-27 15:15:00,2025-10-27/2025-11-02,1.0,0.41706267634600264
7527,2025-10-27 15:15:00,2025-10-27/2025-11-02,1.0,0.39247309219883136
7528,2025-10-27 15:20:00,2025-10-27/2025-11-02,1.0,0.33806082763581047
7531,2025-10-27 15:42:00,2025-10-27/2025-11-02,1.0,0.662837548133794
7532,2025-10-27 15:51:00,2025-10-27/2025-11-02,1.0,0.48364353260925563
7533,2025-10-27 16:03:00,2025-10-27/2025-11-02,1.0,0.33318915473238064
7534,2025-10-27 16:15:00,2025-10-27/2025-11-02,1.0,0.44302882603282195
7535,2025-10-27 16:34:00,2025-10-27/2025-11-02,1.0,0.495441923955474
7539,2025-10-27 17:01:00,2025-10-27/2025-11-02,1.0,0.30491199222160453
7540,2025-10-27 17:11:00,2025-10-27/2025-11-02,1.0,0.5502090586380517
7541,2025-10-27 17:24:00,2025-10-27/2025-11-02,1.0,0.6299165705413915
7544,2025-10-27 17:49:00,2025-10-27/2025-11-02,1.0,0.6284533715400801
7552,2025-10-27 17:59:00,2025-10-27/2025-11-02,1.0,0.28657619805032625
7561,2025-10-27 18:33:00,2025-10-27/2025-11-02,1.0,0.2766217206440238
7570,2025-10-27 18:51:00,2025-10-27/2025-11-02,1.0,0.4381513630380295
7627,2025-10-27 19:54:00,2025-10-27/2025-11-02,1.0,0.32794498973146585
7632,2025-10-27 19:58:00,2025-10-27/2025-11-02,1.0,0.32865772413967503
7635,2025-10-27 20:01:00,2025-10-27/2025-11-02,1.0,0.4158266572542137
7636,2025-10-27 20:02:00,2025-10-27/2025-11-02,1.0,0.47428374338045215
7641,2025-10-27 20:05:00,2025-10-27/2025-11-02,1.0,0.33918011670602255
7666,2025-10-27 20:23:00,2025-10-27/2025-11-02,1.0,0.3321594643924916
7701,2025-10-27 20:55:00,2025-10-27/2025-11-02,1.0,0.3362280892699192
7702,2025-10-27 21:10:00,2025-10-27/2025-11-02,1.0,0.3728256630357367
7703,2025-10-27 21:25:00,2025-10-27/2025-11-02,1.0,0.4039431927388621
7707,2025-10-27 22:13:00,2025-10-27/2025-11-02,1.0,0.42960715939875005
7708,2025-10-27 22:29:00,2025-10-27/2025-11-02,1.0,0.7144270883585132
7711,2025-10-27 23:44:00,2025-10-27/2025-11-02,1.0,0.5280548928031487
7712,2025-10-27 23:51:00,2025-10-27/2025-11-02,1.0,0.2853274947060019
7716,2025-10-28 00:42:00,2025-10-27/2025-11-02,1.0,0.5316025604666627
7717,2025-10-28 02:18:00,2025-10-27/2025-11-02,1.0,0.2898060607548773
7720,2025-10-28 03:21:00,2025-10-27/2025-11-02,1.0,0.31101222521364846
7722,2025-10-28 04:03:00,2025-10-27/2025-11-02,1.0,0.3536423488812143
7723,2025-10-28 04:05:00,2025-10-27/2025-11-02,1.0,0.3868677173015088
7725,2025-10-28 04:06:00,2025-10-27/2025-11-02,1.0,0.40762267301551663
7726,2025-10-28 04:07:00,2025-10-27/2025-11-02,1.0,0.3746487244897389
7727,2025-10-28 04:08:00,2025-10-27/2025-11-02,1.0,0.3501545275319847
7728,2025-10-28 04:09:00,2025-10-27/2025-11-02,1.0,0.5094047054253483
7729,2025-10-28 04:11:00,2025-10-27/2025-11-02,1.0,0.3675480053265343
7732,2025-10-28 04:26:00,2025-10-27/2025-11-02,1.0,0.3768764831437349
7734,2025-10-28 04:46:00,2025-10-27/2025-11-02,1.0,0.35394858676389584
7735,2025-10-28 05:19:00,2025-10-27/2025-11-02,1.0,0.2771156074336026
7742,2025-10-28 06:44:00,2025-10-27/2025-11-02,1.0,0.36443611406029636
7744,2025-10-28 07:04:00,2025-10-27/2025-11-02,1.0,0.3411223517260663
7750,2025-10-28 08:14:00,2025-10-27/2025-11-02,1.0,0.35151782730408127
7751,2025-10-28 08:29:00,2025-10-27/2025-11-02,1.0,0.39842426754537097
7753,2025-10-28 08:37:00,2025-10-27/2025-11-02,1.0,0.35230214717379565
7755,2025-10-28 08:47:00,2025-10-27/2025-11-02,1.0,0.5892567929008166
7757,2025-10-28 08:56:00,2025-10-27/2025-11-02,1.0,0.5333819105007921
7758,2025-10-28 09:00:00,2025-10-27/2025-11-02,1.0,0.48904850767502417
7759,2025-10-28 09:24:00,2025-10-27/2025-11-02,1.0,0.5640524335033407
7765,2025-10-28 09:47:00,2025-10-27/2025-11-02,1.0,0.5767392518547537
7766,2025-10-28 09:48:00,2025-10-27/2025-11-02,1.0,0.3731579957013528
7767,2025-10-28 09:53:00,2025-10-27/2025-11-02,1.0,0.44770878829344163
7770,2025-10-28 10:01:00,2025-10-27/2025-11-02,1.0,0.6644008408398385
7771,2025-10-28 10:02:00,2025-10-27/2025-11-02,1.0,0.27684397427955587
7774,2025-10-28 10:05:00,2025-10-27/2025-11-02,1.0,0.3357302934740225
7779,2025-10-28 10:48:00,2025-10-27/2025-11-02,1.0,0.452969612866993
7781,2025-10-28 10:56:00,2025-10-27/2025-11-02,1.0,0.46071255920751925
7785,2025-10-28 11:17:00,2025-10-27/2025-11-02,1.0,0.4480219414558064
7813,2025-10-28 11:52:00,2025-10-27/2025-11-02,1.0,0.37215530090504556
7814,2025-10-28 11:53:00,2025-10-27/2025-11-02,1.0,0.41194983256971524
7815,2025-10-28 11:54:00,2025-10-27/2025-11-02,1.0,0.6068327882784554
7818,2025-10-28 12:05:00,2025-10-27/2025-11-02,1.0,0.5435546801601341
7835,2025-10-28 12:20:00,2025-10-27/2025-11-02,1.0,0.42815338954830745
7874,2025-10-28 12:59:00,2025-10-27/2025-11-02,1.0,0.4195552263087271
7878,2025-10-28 13:10:00,2025-10-27/2025-11-02,1.0,0.6486831938377121
7879,2025-10-28 13:17:00,2025-10-27/2025-11-02,1.0,0.41656411596694637
7884,2025-10-28 13:49:00,2025-10-27/2025-11-02,1.0,0.7407880100391938
7885,2025-10-28 14:11:00,2025-10-27/2025-11-02,1.0,0.4741621403605811
7886,2025-10-28 14:13:00,2025-10-27/2025-11-02,1.0,0.32736590165616636
7887,2025-10-28 14:16:00,2025-10-27/2025-11-02,1.0,0.3483020026153959
7892,2025-10-28 14:43:00,2025-10-27/2025-11-02,1.0,0.3287268901201604
7894,2025-10-28 14:57:00,2025-10-27/2025-11-02,1.0,0.5295328915973778
7895,2025-10-28 15:00:00,2025-10-27/2025-11-02,1.0,0.2787453603608023
7900,2025-10-28 15:32:00,2025-10-27/2025-11-02,1.0,0.467862863506007
7901,2025-10-28 15:34:00,2025-10-27/2025-11-02,1.0,0.3121710094206147
7904,2025-10-28 16:02:00,2025-10-27/2025-11-02,1.0,0.3029320683471894
7912,2025-10-28 16:23:00,2025-10-27/2025-11-02,1.0,0.45707372106870653
7921,2025-10-28 16:38:00,2025-10-27/2025-11-02,1.0,0.3049932714834509
7922,2025-10-28 16:39:00,2025-10-27/2025-11-02,1.0,0.43307482477782827
7925,2025-10-28 16:50:00,2025-10-27/2025-11-02,1.0,0.5374145970787045
7927,2025-10-28 16:53:00,2025-10-27/2025-11-02,1.0,0.4795581865850851
7933,2025-10-28 18:00:00,2025-10-27/2025-11-02,1.0,0.4956817695892324
7936,2025-10-28 18:03:00,2025-10-27/2025-11-02,1.0,0.6300115175891067
7941,2025-10-28 18:13:00,2025-10-27/2025-11-02,1.0,0.8191377440613632
7952,2025-10-28 18:23:00,2025-10-27/2025-11-02,1.0,0.558870277931294
7953,2025-10-28 18:24:00,2025-10-27/2025-11-02,1.0,0.7778140313996451
7957,2025-10-28 18:27:00,2025-10-27/2025-11-02,1.0,0.2826906135179273
7964,2025-10-28 18:33:00,2025-10-27/2025-11-02,1.0,0.5628473371615039
7966,2025-10-28 18:34:00,2025-10-27/2025-11-02,1.0,0.7963656679126223
7967,2025-10-28 18:35:00,2025-10-27/2025-11-02,1.0,0.5622561139803774
7968,2025-10-28 18:36:00,2025-10-27/2025-11-02,1.0,0.6853913606721188
7969,2025-10-28 18:37:00,2025-10-27/2025-11-02,1.0,0.47471114808972453
7970,2025-10-28 18:43:00,2025-10-27/2025-11-02,1.0,0.38559063467920324
7972,2025-10-28 18:45:00,2025-10-27/2025-11-02,1.0,0.4846253456536997
7979,2025-10-28 19:05:00,2025-10-27/2025-11-02,1.0,0.49702401094703047
7981,2025-10-28 19:41:00,2025-10-27/2025-11-02,1.0,0.5206509368606808
7983,2025-10-28 20:04:00,2025-10-27/2025-11-02,1.0,0.6164471279084438
7990,2025-10-28 21:53:00,2025-10-27/2025-11-02,1.0,0.361831567105327
7991,2025-10-28 22:02:00,2025-10-27/2025-11-02,1.0,0.4081602476818241
7992,2025-10-28 22:07:00,2025-10-27/2025-11-02,1.0,0.25072214043650215
7999,2025-10-29 01:14:00,2025-10-27/2025-11-02,1.0,0.2856918151316613
8000,2025-10-29 01:43:00,2025-10-27/2025-11-02,1.0,0.4761140167239991
8001,2025-10-29 01:49:00,2025-10-27/2025-11-02,1.0,0.492558064265657
8007,2025-10-29 04:01:00,2025-10-27/2025-11-02,1.0,0.46184446997237477
8008,2025-10-29 04:03:00,2025-10-27/2025-11-02,1.0,0.472004154869496
8009,2025-10-29 04:04:00,2025-10-27/2025-11-02,1.0,0.39162336489267235
8010,2025-10-29 04:04:00,2025-10-27/2025-11-02,1.0,0.3745070324765132
8015,2025-10-29 04:08:00,2025-10-27/2025-11-02,1.0,0.41426309397295435
8016,2025-10-29 04:09:00,2025-10-27/2025-11-02,1.0,0.41007893659488
8024,2025-10-29 04:14:00,2025-10-27/2025-11-02,1.0,0.37460358413522254
8025,2025-10-29 04:15:00,2025-10-27/2025-11-02,1.0,0.5689901503905388
8027,2025-10-29 04:20:00,2025-10-27/2025-11-02,1.0,0.43465831939104316
8034,2025-10-29 05:08:00,2025-10-27/2025-11-02,1.0,0.5316260200357763
8035,2025-10-29 05:13:00,2025-10-27/2025-11-02,1.0,0.44775388419169504
8037,2025-10-29 05:36:00,2025-10-27/2025-11-02,1.0,0.49512269794146224
8038,2025-10-29 05:46:00,2025-10-27/2025-11-02,1.0,0.4247170301259464
8039,2025-10-29 06:01:00,2025-10-27/2025-11-02,1.0,0.5286742054294273
8041,2025-10-29 06:03:00,2025-10-27/2025-11-02,1.0,0.3814137371135121
8044,2025-10-29 06:10:00,2025-10-27/2025-11-02,1.0,0.6644582879869012
8045,2025-10-29 06:13:00,2025-10-27/2025-11-02,1.0,0.4289271152626907
8048,2025-10-29 06:51:00,2025-10-27/2025-11-02,1.0,0.43445283418388464
8052,2025-10-29 07:11:00,2025-10-27/2025-11-02,1.0,0.4159630388708162
8053,2025-10-29 07:12:00,2025-10-27/2025-11-02,1.0,0.28642367273010294
8054,2025-10-29 07:14:00,2025-10-27/2025-11-02,1.0,0.33857991589600167
8073,2025-10-29 07:39:00,2025-10-27/2025-11-02,1.0,0.4074594612817321
8074,2025-10-29 07:40:00,2025-10-27/2025-11-02,1.0,0.297443398803205
8075,2025-10-29 07:41:00,2025-10-27/2025-11-02,1.0,0.46416134588547225
8076,2025-10-29 07:45:00,2025-10-27/2025-11-02,1.0,0.5446016604899032
8097,2025-10-29 08:07:00,2025-10-27/2025-11-02,1.0,0.3399808941002866
8113,2025-10-31 09:07:00,2025-10-27/2025-11-02,1.0,0.2116881961180026
8115,2025-10-31 09:09:00,2025-10-27/2025-11-02,1.0,0.2429310599280453
8116,2025-10-31 09:10:00,2025-10-27/2025-11-02,1.0,0.35532314279729327
8119,2025-10-31 09:12:00,2025-10-27/2025-11-02,1.0,0.38830046245916705
8123,2025-10-31 09:16:00,2025-10-27/2025-11-02,1.0,0.3657655520935915
8125,2025-10-31 09:19:00,2025-10-27/2025-11-02,1.0,0.3936621131494783
8128,2025-10-31 09:33:00,2025-10-27/2025-11-02,1.0,0.2501118808061559
8130,2025-10-31 09:34:00,2025-10-27/2025-11-02,1.0,0.24367019587914898
8133,2025-10-31 09:40:00,2025-10-27/2025-11-02,1.0,0.2923213987835027
8138,2025-10-31 09:44:00,2025-10-27/2025-11-02,1.0,0.2591270597871153
8139,2025-10-31 09:45:00,2025-10-27/2025-11-02,1.0,0.3764233378993671
8149,2025-10-31 09:53:00,2025-10-27/2025-11-02,1.0,0.3952683574150623
8155,2025-10-31 09:58:00,2025-10-27/2025-11-02,1.0,0.47545951629510785
8163,2025-10-31 10:03:00,2025-10-27/2025-11-02,1.0,0.2270031278910945
8175,2025-10-31 10:10:00,2025-10-27/2025-11-02,1.0,0.5561633538434424
8177,2025-10-31 10:12:00,2025-10-27/2025-11-02,1.0,0.38297480876166634
8181,2025-10-31 10:17:00,2025-10-27/2025-11-02,1.0,0.47608722672546167
8183,2025-10-31 10:18:00,2025-10-27/2025-11-02,1.0,0.3955862138607911
8186,2025-10-31 10:21:00,2025-10-27/2025-11-02,1.0,0.5205982198921163
8189,2025-10-31 10:25:00,2025-10-27/2025-11-02,1.0,0.2755998376566247
8197,2025-10-31 10:31:00,2025-10-27/2025-11-02,1.0,0.24733484325509866
8204,2025-10-31 10:39:00,2025-10-27/2025-11-02,1.0,0.40917332662258626
8208,2025-10-31 10:40:00,2025-10-27/2025-11-02,1.0,0.34213025584018647
8210,2025-10-31 10:45:00,2025-10-27/2025-11-02,1.0,0.3217544337365605
8211,2025-10-31 10:48:00,2025-10-27/2025-11-02,1.0,0.29294638083789964
8214,2025-10-31 10:52:00,2025-10-27/2025-11-02,1.0,0.2884772738629558
8220,2025-10-31 11:03:00,2025-10-27/2025-11-02,1.0,0.7292437400844574
8222,2025-10-31 11:08:00,2025-10-27/2025-11-02,1.0,0.5619661817938805
8223,2025-10-31 11:09:00,2025-10-27/2025-11-02,1.0,0.25258937114925756
8225,2025-10-31 11:13:00,2025-10-27/2025-11-02,1.0,0.24152663467668914
8228,2025-10-31 11:17:00,2025-10-27/2025-11-02,1.0,0.3696322210443437
8229,2025-10-31 11:18:00,2025-10-27/2025-11-02,1.0,0.683639281102232
8231,2025-10-31 11:20:00,2025-10-27/2025-11-02,1.0,0.37992414776881855
8232,2025-10-31 11:21:00,2025-10-27/2025-11-02,1.0,0.411728703402937
8234,2025-10-31 11:23:00,2025-10-27/2025-11-02,1.0,0.7095010616049703
8239,2025-10-31 11:26:00,2025-10-27/2025-11-02,1.0,0.505006556024685
8242,2025-10-31 11:28:00,2025-10-27/2025-11-02,1.0,0.4824522543279248
8245,2025-10-31 11:29:00,2025-10-27/2025-11-02,1.0,0.4216266703697204
8252,2025-10-31 11:34:00,2025-10-27/2025-11-02,1.0,0.44339014545402067
8253,2025-10-31 11:36:00,2025-10-27/2025-11-02,1.0,0.322336534497104
8255,2025-10-31 11:38:00,2025-10-27/2025-11-02,1.0,0.21645393896411763
8257,2025-10-31 11:39:00,2025-10-27/2025-11-02,1.0,0.3022292814264044
8259,2025-10-31 11:43:00,2025-10-27/2025-11-02,1.0,0.5256769932229453
8262,2025-10-31 11:52:00,2025-10-27/2025-11-02,1.0,0.4389468008009092
8264,2025-10-31 12:07:00,2025-10-27/2025-11-02,1.0,0.23494998809423284
8265,2025-10-31 12:13:00,2025-10-27/2025-11-02,1.0,0.26139283525069046
8266,2025-10-31 12:14:00,2025-10-27/2025-11-02,1.0,0.4487564487879699
8267,2025-10-31 12:17:00,2025-10-27/2025-11-02,1.0,0.40735857899210465
8268,2025-10-31 12:25:00,2025-10-27/2025-11-02,1.0,0.6616577339712424
8272,2025-10-31 12:29:00,2025-10-27/2025-11-02,1.0,0.320989935477803
8273,2025-10-31 12:33:00,2025-10-27/2025-11-02,1.0,0.31890106615181407
8277,2025-10-31 12:36:00,2025-10-27/2025-11-02,1.0,0.4494314363701796
8278,2025-10-31 12:37:00,2025-10-27/2025-11-02,1.0,0.4620071460727627
8280,2025-10-31 12:40:00,2025-10-27/2025-11-02,1.0,0.4207500019175152
8283,2025-10-31 12:54:00,2025-10-27/2025-11-02,1.0,0.48802192042918746
8285,2025-10-31 13:03:00,2025-10-27/2025-11-02,1.0,0.2897573181690587
8287,2025-10-31 13:04:00,2025-10-27/2025-11-02,1.0,0.397801249844647
8289,2025-10-31 13:13:00,2025-10-27/2025-11-02,1.0,0.39326867439380314
8290,2025-10-31 13:14:00,2025-10-27/2025-11-02,1.0,0.2386612853794952
8292,2025-10-31 13:15:00,2025-10-27/2025-11-02,1.0,0.4185387190383369
8294,2025-10-31 13:19:00,2025-10-27/2025-11-02,1.0,0.2779142295637803
8295,2025-10-31 13:23:00,2025-10-27/2025-11-02,1.0,0.22115570531963247
8300,2025-10-31 13:36:00,2025-10-27/2025-11-02,1.0,0.3920717705405073
8301,2025-10-31 13:38:00,2025-10-27/2025-11-02,1.0,0.4415942578604124
8303,2025-10-31 13:39:00,2025-10-27/2025-11-02,1.0,0.3933732616294564
8305,2025-10-31 13:47:00,2025-10-27/2025-11-02,1.0,0.4077569966410308
8309,2025-10-31 13:56:00,2025-10-27/2025-11-02,1.0,0.27384665523488066
8311,2025-10-31 14:13:00,2025-10-27/2025-11-02,1.0,0.32496729006538494
8314,2025-10-31 14:16:00,2025-10-27/2025-11-02,1.0,0.3580196187048011
8317,2025-10-31 14:24:00,2025-10-27/2025-11-02,1.0,0.2249737194267313
8319,2025-10-31 14:32:00,2025-10-27/2025-11-02,1.0,0.4861064013567146
8322,2025-10-31 14:45:00,2025-10-27/2025-11-02,1.0,0.2995147847650631
8323,2025-10-31 14:47:00,2025-10-27/2025-11-02,1.0,0.41469730859933934
8333,2025-10-31 15:12:00,2025-10-27/2025-11-02,1.0,0.3864363729403531
8335,2025-10-31 15:18:00,2025-10-27/2025-11-02,1.0,0.4847448772289846
8337,2025-10-31 15:21:00,2025-10-27/2025-11-02,1.0,0.2762657258219891
8339,2025-10-31 15:24:00,2025-10-27/2025-11-02,1.0,0.4089538914062208
8341,2025-10-31 15:33:00,2025-10-27/2025-11-02,1.0,0.5538480493217742
8342,2025-10-31 15:34:00,2025-10-27/2025-11-02,1.0,0.7338701412050467
8344,2025-10-31 15:35:00,2025-10-27/2025-11-02,1.0,0.7186768866561714
8345,2025-10-31 15:36:00,2025-10-27/2025-11-02,1.0,0.6993699039057508
8346,2025-10-31 15:37:00,2025-10-27/2025-11-02,1.0,0.6893003630211598
8348,2025-10-31 15:39:00,2025-10-27/2025-11-02,1.0,0.4121666195301863
8350,2025-10-31 15:41:00,2025-10-27/2025-11-02,1.0,0.4206974810596779
8352,2025-10-31 15:50:00,2025-10-27/2025-11-02,1.0,0.5469947564301604
8356,2025-10-31 16:01:00,2025-10-27/2025-11-02,1.0,0.4846717923906049
8357,2025-10-31 16:03:00,2025-10-27/2025-11-02,1.0,0.5085222020030118
8362,2025-10-31 16:09:00,2025-10-27/2025-11-02,1.0,0.2681048333437701
8364,2025-10-31 16:15:00,2025-10-27/2025-11-02,1.0,0.23866065415653093
8367,2025-10-31 16:18:00,2025-10-27/2025-11-02,1.0,0.36835014509704594
8525,2025-10-31 21:27:00,2025-10-27/2025-11-02,1.0,0.3780678343047561
8527,2025-10-31 21:27:00,2025-10-27/2025-11-02,1.0,0.31891665264391283
8528,2025-10-31 21:28:00,2025-10-27/2025-11-02,1.0,0.46620906961033737
8530,2025-10-31 22:30:00,2025-10-27/2025-11-02,1.0,0.33925994390664704
8534,2025-10-31 22:33:00,2025-10-27/2025-11-02,1.0,0.4749239660989024
8539,2025-10-31 22:36:00,2025-10-27/2025-11-02,1.0,0.3478990410060915
8546,2025-10-31 23:10:00,2025-10-27/2025-11-02,1.0,0.23094309028258786
8553,2025-10-31 23:27:00,2025-10-27/2025-11-02,1.0,0.6894327622758972
8554,2025-10-31 23:28:00,2025-10-27/2025-11-02,1.0,0.5584689730150355
8556,2025-10-31 23:46:00,2025-10-27/2025-11-02,1.0,0.37335497370796683
8561,2025-11-01 00:08:00,2025-10-27/2025-11-02,1.0,0.40268819389266824
8564,2025-11-01 00:19:00,2025-10-27/2025-11-02,1.0,0.21057365135463557
8567,2025-11-01 00:49:00,2025-10-27/2025-11-02,1.0,0.15388278039284184
8568,2025-11-01 00:52:00,2025-10-27/2025-11-02,1.0,0.2202669171914018
8569,2025-11-01 00:54:00,2025-10-27/2025-11-02,1.0,0.5786499800570375
8570,2025-11-01 00:55:00,2025-10-27/2025-11-02,1.0,0.5866070464437285
8571,2025-11-01 00:58:00,2025-10-27/2025-11-02,1.0,0.5545957402014774
8572,2025-11-01 01:00:00,2025-10-27/2025-11-02,1.0,0.1822014119431261
8573,2025-11-01 01:01:00,2025-10-27/2025-11-02,1.0,0.23213077516071667
8574,2025-11-01 01:03:00,2025-10-27/2025-11-02,1.0,0.2401543821498231
8576,2025-11-01 01:08:00,2025-10-27/2025-11-02,1.0,0.37058981080829506
8577,2025-11-01 01:17:00,2025-10-27/2025-11-02,1.0,0.6047357499470964
8578,2025-11-01 01:18:00,2025-10-27/2025-11-02,1.0,0.5998504786688884
8581,2025-11-01 01:55:00,2025-10-27/2025-11-02,1.0,0.5243818319890614
8583,2025-11-01 02:05:00,2025-10-27/2025-11-02,1.0,0.4372936786658975
8585,2025-11-01 02:17:00,2025-10-27/2025-11-02,1.0,0.1793397597117029
8588,2025-11-01 02:27:00,2025-10-27/2025-11-02,1.0,0.3566633709078106
8589,2025-11-01 02:39:00,2025-10-27/2025-11-02,1.0,0.31116065163407186
8591,2025-11-01 02:54:00,2025-10-27/2025-11-02,1.0,0.35465831139375154
8592,2025-11-01 02:58:00,2025-10-27/2025-11-02,1.0,0.2968244451707366
8593,2025-11-01 02:59:00,2025-10-27/2025-11-02,1.0,0.20489048889342995
8595,2025-11-01 03:05:00,2025-10-27/2025-11-02,1.0,0.2938450890675301
8596,2025-11-01 03:14:00,2025-10-27/2025-11-02,1.0,0.5451621969381844
8598,2025-11-01 03:17:00,2025-10-27/2025-11-02,1.0,0.18562849066006187
8599,2025-11-01 03:30:00,2025-10-27/2025-11-02,1.0,0.3632793683960252
8600,2025-11-01 03:32:00,2025-10-27/2025-11-02,1.0,0.5647746446603774
8601,2025-11-01 03:40:00,2025-10-27/2025-11-02,1.0,0.28259661068294467
8604,2025-11-01 04:06:00,2025-10-27/2025-11-02,1.0,0.19428989756626097
8605,2025-11-01 04:07:00,2025-10-27/2025-11-02,1.0,0.4177015546730628
8606,2025-11-01 04:08:00,2025-10-27/2025-11-02,1.0,0.42981137715954715
8607,2025-11-01 04:09:00,2025-10-27/2025-11-02,1.0,0.26277213321377524
8609,2025-11-01 04:11:00,2025-10-27/2025-11-02,1.0,0.25511371595021515
8610,2025-11-01 04:13:00,2025-10-27/2025-11-02,1.0,0.2541529871484662
8611,2025-11-01 04:14:00,2025-10-27/2025-11-02,1.0,0.38579025013127016
8613,2025-11-01 04:16:00,2025-10-27/2025-11-02,1.0,0.3148929170465552
8614,2025-11-01 04:18:00,2025-10-27/2025-11-02,1.0,0.35538748289017813
8615,2025-11-01 04:20:00,2025-10-27/2025-11-02,1.0,0.3388993635226128
8617,2025-11-01 04:21:00,2025-10-27/2025-11-02,1.0,0.40286295480524614
8618,2025-11-01 04:22:00,2025-10-27/2025-11-02,1.0,0.33995332490664376
8619,2025-11-01 04:23:00,2025-10-27/2025-11-02,1.0,0.4750330438782226
8621,2025-11-01 04:24:00,2025-10-27/2025-11-02,1.0,0.3990229924354702
8622,2025-11-01 04:25:00,2025-10-27/2025-11-02,1.0,0.34646265958468925
8623,2025-11-01 04:26:00,2025-10-27/2025-11-02,1.0,0.3424479198657336
8626,2025-11-01 04:27:00,2025-10-27/2025-11-02,1.0,0.34634443148581545
8627,2025-11-01 04:28:00,2025-10-27/2025-11-02,1.0,0.39551895851813923
8629,2025-11-01 04:29:00,2025-10-27/2025-11-02,1.0,0.40991475427412544
8631,2025-11-01 04:30:00,2025-10-27/2025-11-02,1.0,0.4121390499085356
8632,2025-11-01 04:31:00,2025-10-27/2025-11-02,1.0,0.393234759721999
8633,2025-11-01 04:32:00,2025-10-27/2025-11-02,1.0,0.4999023978135449
8634,2025-11-01 04:33:00,2025-10-27/2025-11-02,1.0,0.5048662774411949
8635,2025-11-01 04:35:00,2025-10-27/2025-11-02,1.0,0.4575800467443716
8637,2025-11-01 04:43:00,2025-10-27/2025-11-02,1.0,0.4347934024186849
8640,2025-11-01 04:45:00,2025-10-27/2025-11-02,1.0,0.41316832926967845
8643,2025-11-01 04:49:00,2025-10-27/2025-11-02,1.0,0.2816438544131702
8644,2025-11-01 04:56:00,2025-10-27/2025-11-02,1.0,0.536121881911525
8645,2025-11-01 04:57:00,2025-10-27/2025-11-02,1.0,0.32896642022574457
8648,2025-11-01 05:02:00,2025-10-27/2025-11-02,1.0,0.2581616417818099
8649,2025-11-01 05:05:00,2025-10-27/2025-11-02,1.0,0.3923337991551472
8651,2025-11-01 05:18:00,2025-10-27/2025-11-02,1.0,0.5903432298802417
8653,2025-11-01 05:25:00,2025-10-27/2025-11-02,1.0,0.1841634269076752
8655,2025-11-01 05:31:00,2025-10-27/2025-11-02,1.0,0.4276352908612396
8656,2025-11-01 05:32:00,2025-10-27/2025-11-02,1.0,0.23937889708722138
8657,2025-11-01 05:34:00,2025-10-27/2025-11-02,1.0,0.2293924953909422
8659,2025-11-01 05:36:00,2025-10-27/2025-11-02,1.0,0.5098925776408304
8662,2025-11-01 05:42:00,2025-10-27/2025-11-02,1.0,0.37586085127424806
8665,2025-11-01 05:43:00,2025-10-27/2025-11-02,1.0,0.444478199566866
8666,2025-11-01 05:44:00,2025-10-27/2025-11-02,1.0,0.40843928464888596
8668,2025-11-01 05:46:00,2025-10-27/2025-11-02,1.0,0.37486116648729484
8669,2025-11-01 05:49:00,2025-10-27/2025-11-02,1.0,0.526274200884834
8675,2025-11-01 06:06:00,2025-10-27/2025-11-02,1.0,0.36108314415188314
8676,2025-11-01 06:08:00,2025-10-27/2025-11-02,1.0,0.373032983823544
8677,2025-11-01 06:10:00,2025-10-27/2025-11-02,1.0,0.37516490166625877
8681,2025-11-01 06:13:00,2025-10-27/2025-11-02,1.0,0.5213585068436282
8682,2025-11-01 06:14:00,2025-10-27/2025-11-02,1.0,0.4637723993509949
8687,2025-11-01 06:20:00,2025-10-27/2025-11-02,1.0,0.3920040102635654
8690,2025-11-01 06:31:00,2025-10-27/2025-11-02,1.0,0.3505412750075277
8692,2025-11-01 06:35:00,2025-10-27/2025-11-02,1.0,0.39025247420576725
8696,2025-11-01 06:42:00,2025-10-27/2025-11-02,1.0,0.2783230553003261
8698,2025-11-01 06:46:00,2025-10-27/2025-11-02,1.0,0.3913403697932025
8699,2025-11-01 06:56:00,2025-10-27/2025-11-02,1.0,0.5146166551737511
8700,2025-11-01 07:01:00,2025-10-27/2025-11-02,1.0,0.367932063362373
8702,2025-11-01 07:03:00,2025-10-27/2025-11-02,1.0,0.24111095642711636
8703,2025-11-01 07:06:00,2025-10-27/2025-11-02,1.0,0.4186220562473471
8708,2025-11-01 07:12:00,2025-10-27/2025-11-02,1.0,0.3402455521543907
8710,2025-11-01 07:13:00,2025-10-27/2025-11-02,1.0,0.21207489904610607
8711,2025-11-01 07:13:00,2025-10-27/2025-11-02,1.0,0.4413493204361152
8712,2025-11-01 07:20:00,2025-10-27/2025-11-02,1.0,0.19662313790326788
8714,2025-11-01 07:22:00,2025-10-27/2025-11-02,1.0,0.2915137905352989
8717,2025-11-01 07:39:00,2025-10-27/2025-11-02,1.0,0.34051089383017225
8720,2025-11-01 07:45:00,2025-10-27/2025-11-02,1.0,0.32092462436415503
8726,2025-11-01 07:51:00,2025-10-27/2025-11-02,1.0,0.38797883832197705
8727,2025-11-01 07:53:00,2025-10-27/2025-11-02,1.0,0.47208788009910124
8728,2025-11-01 07:57:00,2025-10-27/2025-11-02,1.0,0.5080602409393606
8730,2025-11-01 07:58:00,2025-10-27/2025-11-02,1.0,0.26521551458691056
8733,2025-11-01 08:02:00,2025-10-27/2025-11-02,1.0,0.26512968369489875
8734,2025-11-01 08:04:00,2025-10-27/2025-11-02,1.0,0.3836016919660763
8739,2025-11-01 08:17:00,2025-10-27/2025-11-02,1.0,0.4144703656359019
8740,2025-11-01 08:19:00,2025-10-27/2025-11-02,1.0,0.4650472709144423
8741,2025-11-01 08:21:00,2025-10-27/2025-11-02,1.0,0.5406612512169935
8742,2025-11-01 08:22:00,2025-10-27/2025-11-02,1.0,0.4382515310621438
8743,2025-11-01 08:23:00,2025-10-27/2025-11-02,1.0,0.28580847149197686
8744,2025-11-01 08:24:00,2025-10-27/2025-11-02,1.0,0.4488737089421422
8747,2025-11-01 08:27:00,2025-10-27/2025-11-02,1.0,0.453003482789536
8748,2025-11-01 08:34:00,2025-10-27/2025-11-02,1.0,0.23023103097341888
8753,2025-11-01 08:41:00,2025-10-27/2025-11-02,1.0,0.32695562028838643
8754,2025-11-01 08:42:00,2025-10-27/2025-11-02,1.0,0.1827826760625082
8755,2025-11-01 08:43:00,2025-10-27/2025-11-02,1.0,0.4368820608892801
8757,2025-11-01 08:44:00,2025-10-27/2025-11-02,1.0,0.21426975447777225
8759,2025-11-01 08:46:00,2025-10-27/2025-11-02,1.0,0.36042850449648434
8760,2025-11-01 08:47:00,2025-10-27/2025-11-02,1.0,0.46062194953649366
8763,2025-11-01 08:55:00,2025-10-27/2025-11-02,1.0,0.4696241208609546
8764,2025-11-01 08:57:00,2025-10-27/2025-11-02,1.0,0.278691949714244
8765,2025-11-01 08:58:00,2025-10-27/2025-11-02,1.0,0.3388788757870268
8766,2025-11-01 08:59:00,2025-10-27/2025-11-02,1.0,0.49158110982291786
8769,2025-11-01 09:05:00,2025-10-27/2025-11-02,1.0,0.38318658574094483
8771,2025-11-01 09:07:00,2025-10-27/2025-11-02,1.0,0.4705712487876707
8775,2025-11-01 09:10:00,2025-10-27/2025-11-02,1.0,0.34429173781198297
8782,2025-11-01 09:20:00,2025-10-27/2025-11-02,1.0,0.4022221038020245
8790,2025-11-01 09:36:00,2025-10-27/2025-11-02,1.0,0.44430710877015317
8792,2025-11-01 09:43:00,2025-10-27/2025-11-02,1.0,0.36054771154728055
8793,2025-11-01 09:44:00,2025-10-27/2025-11-02,1.0,0.4621846694889205
8795,2025-11-01 09:47:00,2025-10-27/2025-11-02,1.0,0.6537283150736205
8796,2025-11-01 09:53:00,2025-10-27/2025-11-02,1.0,0.35742290728065573
8798,2025-11-01 09:55:00,2025-10-27/2025-11-02,1.0,0.3310381358255007
8810,2025-11-01 10:06:00,2025-10-27/2025-11-02,1.0,0.27565757221584614
8811,2025-11-01 10:13:00,2025-10-27/2025-11-02,1.0,0.2456767906339316
8812,2025-11-01 10:14:00,2025-10-27/2025-11-02,1.0,0.457986528199631
8815,2025-11-01 10:18:00,2025-10-27/2025-11-02,1.0,0.5122301261852631
8816,2025-11-01 10:19:00,2025-10-27/2025-11-02,1.0,0.35087236099411234
8817,2025-11-01 10:21:00,2025-10-27/2025-11-02,1.0,0.33431388954255514
8821,2025-11-01 10:24:00,2025-10-27/2025-11-02,1.0,0.27551702838116526
8823,2025-11-01 10:26:00,2025-10-27/2025-11-02,1.0,0.46608855797525095
8824,2025-11-01 10:29:00,2025-10-27/2025-11-02,1.0,0.5323346347787496
8846,2025-11-01 10:49:00,2025-10-27/2025-11-02,1.0,0.2591270597871153
8872,2025-11-01 11:09:00,2025-10-27/2025-11-02,1.0,0.1835635869407943
8875,2025-11-01 11:13:00,2025-10-27/2025-11-02,1.0,0.5798219861671424
8876,2025-11-01 11:15:00,2025-10-27/2025-11-02,1.0,0.3511237274584717
8877,2025-11-01 11:17:00,2025-10-27/2025-11-02,1.0,0.5117952318583274
8883,2025-11-01 11:27:00,2025-10-27/2025-11-02,1.0,0.6403313345193166
8885,2025-11-01 11:31:00,2025-10-27/2025-11-02,1.0,0.44195675708394216
8886,2025-11-01 11:33:00,2025-10-27/2025-11-02,1.0,0.69513884413704
8898,2025-11-01 11:44:00,2025-10-27/2025-11-02,1.0,0.5362339927710841
8899,2025-11-01 11:45:00,2025-10-27/2025-11-02,1.0,0.25421559249365416
8900,2025-11-01 11:46:00,2025-10-27/2025-11-02,1.0,0.45836967087215863
8901,2025-11-01 11:47:00,2025-10-27/2025-11-02,1.0,0.35422247377770855
8902,2025-11-01 11:48:00,2025-10-27/2025-11-02,1.0,0.4746664644291235
8909,2025-11-01 11:58:00,2025-10-27/2025-11-02,1.0,0.4792031974233231
8911,2025-11-01 12:04:00,2025-10-27/2025-11-02,1.0,0.18568151306313382
8912,2025-11-01 12:06:00,2025-10-27/2025-11-02,1.0,0.39919289127155605
8913,2025-11-01 12:08:00,2025-10-27/2025-11-02,1.0,0.23372398674223774
8915,2025-11-01 12:10:00,2025-10-27/2025-11-02,1.0,0.717732517537441
8921,2025-11-01 12:21:00,2025-10-27/2025-11-02,1.0,0.3808938462456656
8943,2025-11-01 12:37:00,2025-10-27/2025-11-02,1.0,0.3446685322749567
8947,2025-11-01 12:40:00,2025-10-27/2025-11-02,1.0,0.2729888665658496
8961,2025-11-01 12:51:00,2025-10-27/2025-11-02,1.0,0.3824519644278521
8967,2025-11-01 12:58:00,2025-10-27/2025-11-02,1.0,0.5080889277886137
8972,2025-11-01 13:01:00,2025-10-27/2025-11-02,1.0,0.2072721718037045
8979,2025-11-01 13:06:00,2025-10-27/2025-11-02,1.0,0.44601261419043525
8988,2025-11-01 13:12:00,2025-10-27/2025-11-02,1.0,0.3307927271628885
8994,2025-11-01 13:18:00,2025-10-27/2025-11-02,1.0,0.26343581777734876
9000,2025-11-01 13:22:00,2025-10-27/2025-11-02,1.0,0.318477099518978
9019,2025-11-01 13:37:00,2025-10-27/2025-11-02,1.0,0.3214720544714861
9023,2025-11-01 13:43:00,2025-10-27/2025-11-02,1.0,0.3051349360326687
9026,2025-11-01 13:48:00,2025-10-27/2025-11-02,1.0,0.4093789499198779
9029,2025-11-01 13:54:00,2025-10-27/2025-11-02,1.0,0.23313529343675038
9032,2025-11-01 14:01:00,2025-10-27/2025-11-02,1.0,0.565023716896976
9035,2025-11-01 14:09:00,2025-10-27/2025-11-02,1.0,0.7017111967267848
9036,2025-11-01 14:12:00,2025-10-27/2025-11-02,1.0,0.40024592307026574
9038,2025-11-01 14:14:00,2025-10-27/2025-11-02,1.0,0.35954640876875954
9040,2025-11-01 14:16:00,2025-10-27/2025-11-02,1.0,0.4168549253389173
9042,2025-11-01 14:20:00,2025-10-27/2025-11-02,1.0,0.46430281858913974
9043,2025-11-01 14:24:00,2025-10-27/2025-11-02,1.0,0.5333870762604913
9044,2025-11-01 14:25:00,2025-10-27/2025-11-02,1.0,0.6688034050226542
9045,2025-11-01 14:26:00,2025-10-27/2025-11-02,1.0,0.5590546832384121
9056,2025-11-01 14:52:00,2025-10-27/2025-11-02,1.0,0.3171856275096738
9058,2025-11-01 15:03:00,2025-10-27/2025-11-02,1.0,0.3750021369482549
9061,2025-11-01 15:15:00,2025-10-27/2025-11-02,1.0,0.41409228355058403
9062,2025-11-01 15:17:00,2025-10-27/2025-11-02,1.0,0.3626282186058407
9063,2025-11-01 15:18:00,2025-10-27/2025-11-02,1.0,0.39692779409497064
9065,2025-11-01 15:22:00,2025-10-27/2025-11-02,1.0,0.3090237597263698
9066,2025-11-01 15:33:00,2025-10-27/2025-11-02,1.0,0.29452040450358785
9067,2025-11-01 15:34:00,2025-10-27/2025-11-02,1.0,0.3243449356415875
9069,2025-11-01 15:36:00,2025-10-27/2025-11-02,1.0,0.3638377349666701
9070,2025-11-01 15:38:00,2025-10-27/2025-11-02,1.0,0.4143983126301703
9072,2025-11-01 15:47:00,2025-10-27/2025-11-02,1.0,0.46515447745754057
9073,2025-11-01 15:52:00,2025-10-27/2025-11-02,1.0,0.31670369772726364
9074,2025-11-01 15:54:00,2025-10-27/2025-11-02,1.0,0.31147905693824823
9080,2025-11-01 16:14:00,2025-10-27/2025-11-02,1.0,0.2638799186690354
9081,2025-11-01 16:17:00,2025-10-27/2025-11-02,1.0,0.46047511725701645
9086,2025-11-01 16:24:00,2025-10-27/2025-11-02,1.0,0.3380790236545835
9087,2025-11-01 16:26:00,2025-10-27/2025-11-02,1.0,0.47805535863349946
9089,2025-11-01 16:29:00,2025-10-27/2025-11-02,1.0,0.6906650654411951
9092,2025-11-01 16:35:00,2025-10-27/2025-11-02,1.0,0.41117742151400655
9093,2025-11-01 16:43:00,2025-10-27/2025-11-02,1.0,0.7260327643279388
9097,2025-11-01 16:50:00,2025-10-27/2025-11-02,1.0,0.3415588855362227
9098,2025-11-01 16:53:00,2025-10-27/2025-11-02,1.0,0.6133521517239066
9100,2025-11-01 16:55:00,2025-10-27/2025-11-02,1.0,0.3209023157573095
9104,2025-11-01 17:03:00,2025-10-27/2025-11-02,1.0,0.38264713042818177
9106,2025-11-01 17:08:00,2025-10-27/2025-11-02,1.0,0.3755808037108785
9107,2025-11-01 17:11:00,2025-10-27/2025-11-02,1.0,0.30767834814148887
9108,2025-11-01 17:15:00,2025-10-27/2025-11-02,1.0,0.24329403251479323
9109,2025-11-01 17:21:00,2025-10-27/2025-11-02,1.0,0.44921163986527124
9111,2025-11-01 17:26:00,2025-10-27/2025-11-02,1.0,0.2042886737331071
9112,2025-11-01 17:31:00,2025-10-27/2025-11-02,1.0,0.7264017428062167
9113,2025-11-01 17:34:00,2025-10-27/2025-11-02,1.0,0.6124703047647523
9115,2025-11-01 17:41:00,2025-10-27/2025-11-02,1.0,0.4477384261972855
9116,2025-11-01 17:45:00,2025-10-27/2025-11-02,1.0,0.2681564199487394
9117,2025-11-01 17:48:00,2025-10-27/2025-11-02,1.0,0.21840529251427038
9118,2025-11-01 17:49:00,2025-10-27/2025-11-02,1.0,0.22353368170980586
9125,2025-11-01 18:09:00,2025-10-27/2025-11-02,1.0,0.3272733250149407
9127,2025-11-01 18:34:00,2025-10-27/2025-11-02,1.0,0.2854288849303966
9132,2025-11-01 18:50:00,2025-10-27/2025-11-02,1.0,0.3707061368129035
9134,2025-11-01 19:08:00,2025-10-27/2025-11-02,1.0,0.4400177483348545
9136,2025-11-01 19:24:00,2025-10-27/2025-11-02,1.0,0.5070411324813637
9137,2025-11-01 19:43:00,2025-10-27/2025-11-02,1.0,0.35056505135087657
9138,2025-11-01 19:57:00,2025-10-27/2025-11-02,1.0,0.4772915428000934
9142,2025-11-01 20:03:00,2025-10-27/2025-11-02,1.0,0.4023527031062159
9144,2025-11-01 20:25:00,2025-10-27/2025-11-02,1.0,0.24754035110488581
9148,2025-11-01 20:42:00,2025-10-27/2025-11-02,1.0,0.4877932034392161
9149,2025-11-01 20:47:00,2025-10-27/2025-11-02,1.0,0.24708165139273489
9150,2025-11-01 20:49:00,2025-10-27/2025-11-02,1.0,0.3259653385590141
9153,2025-11-01 21:35:00,2025-10-27/2025-11-02,1.0,0.5022182559180294
9155,2025-11-01 21:50:00,2025-10-27/2025-11-02,1.0,0.29616338222550764
9158,2025-11-01 22:15:00,2025-10-27/2025-11-02,1.0,0.28738971746369824
9161,2025-11-01 22:32:00,2025-10-27/2025-11-02,1.0,0.48436672099188305
9162,2025-11-01 23:15:00,2025-10-27/2025-11-02,1.0,0.25477080230473104
9163,2025-11-01 23:33:00,2025-10-27/2025-11-02,1.0,0.6009322765865587
9167,2025-11-02 00:13:00,2025-10-27/2025-11-02,1.0,0.2821512551676879
9171,2025-11-02 00:43:00,2025-10-27/2025-11-02,1.0,0.2166017174507914
9172,2025-11-02 00:51:00,2025-10-27/2025-11-02,1.0,0.38314162402111973
9173,2025-11-02 00:54:00,2025-10-27/2025-11-02,1.0,0.3738121300449557
9175,2025-11-02 01:16:00,2025-10-27/2025-11-02,1.0,0.19590723796683546
9176,2025-11-02 01:17:00,2025-10-27/2025-11-02,1.0,0.6427052521116232
9177,2025-11-02 01:24:00,2025-10-27/2025-11-02,1.0,0.19309141535873503
9179,2025-11-02 01:50:00,2025-10-27/2025-11-02,1.0,0.4577112190657935
9180,2025-11-02 02:02:00,2025-10-27/2025-11-02,1.0,0.43914029015110434
9181,2025-11-02 02:10:00,2025-10-27/2025-11-02,1.0,0.2516286667841924
9184,2025-11-02 02:33:00,2025-10-27/2025-11-02,1.0,0.2694252730736747
9185,2025-11-02 02:37:00,2025-10-27/2025-11-02,1.0,0.43049655310709484
9193,2025-11-02 03:03:00,2025-10-27/2025-11-02,1.0,0.3686094596133996
9198,2025-11-02 03:32:00,2025-10-27/2025-11-02,1.0,0.40126471161375005
9200,2025-11-02 03:56:00,2025-10-27/2025-11-02,1.0,0.5086042023045081
9201,2025-11-02 03:57:00,2025-10-27/2025-11-02,1.0,0.32525161490151316
9202,2025-11-02 04:01:00,2025-10-27/2025-11-02,1.0,0.5190674278186733
9203,2025-11-02 04:04:00,2025-10-27/2025-11-02,1.0,0.2857889295299995
9205,2025-11-02 04:05:00,2025-10-27/2025-11-02,1.0,0.3656079899543848
9206,2025-11-02 04:06:00,2025-10-27/2025-11-02,1.0,0.440596614429172
9207,2025-11-02 04:07:00,2025-10-27/2025-11-02,1.0,0.2836244310145819
9208,2025-11-02 04:08:00,2025-10-27/2025-11-02,1.0,0.2261555178875712
9209,2025-11-02 04:09:00,2025-10-27/2025-11-02,1.0,0.27833135611128906
9210,2025-11-02 04:11:00,2025-10-27/2025-11-02,1.0,0.37622794235718454
9211,2025-11-02 04:12:00,2025-10-27/2025-11-02,1.0,0.33210631355573755
9212,2025-11-02 04:13:00,2025-10-27/2025-11-02,1.0,0.33233047638700847
9213,2025-11-02 04:16:00,2025-10-27/2025-11-02,1.0,0.3566798945636197
9215,2025-11-02 04:17:00,2025-10-27/2025-11-02,1.0,0.24089115483632648
9216,2025-11-02 04:18:00,2025-10-27/2025-11-02,1.0,0.24401233723767887
9217,2025-11-02 04:19:00,2025-10-27/2025-11-02,1.0,0.4110179856434931
9218,2025-11-02 04:20:00,2025-10-27/2025-11-02,1.0,0.2271893265271958
9220,2025-11-02 04:28:00,2025-10-27/2025-11-02,1.0,0.2409048234985756
9221,2025-11-02 04:30:00,2025-10-27/2025-11-02,1.0,0.5653768612613921
9222,2025-11-02 04:36:00,2025-10-27/2025-11-02,1.0,0.39764089339899317
9223,2025-11-02 04:40:00,2025-10-27/2025-11-02,1.0,0.26476845006607896
9224,2025-11-02 04:45:00,2025-10-27/2025-11-02,1.0,0.4069416039260588
9225,2025-11-02 04:47:00,2025-10-27/2025-11-02,1.0,0.41610575545599726
9226,2025-11-02 04:48:00,2025-10-27/2025-11-02,1.0,0.3594222411288983
9227,2025-11-02 04:50:00,2025-10-27/2025-11-02,1.0,0.33605957191476893
9228,2025-11-02 04:53:00,2025-10-27/2025-11-02,1.0,0.3819602830574218
9229,2025-11-02 05:07:00,2025-10-27/2025-11-02,1.0,0.44657467676637497
9232,2025-11-02 05:16:00,2025-10-27/2025-11-02,1.0,0.2632872603816194
9234,2025-11-02 05:17:00,2025-10-27/2025-11-02,1.0,0.38801747683146026
9236,2025-11-02 05:25:00,2025-10-27/2025-11-02,1.0,0.23392769391416599
9238,2025-11-02 05:42:00,2025-10-27/2025-11-02,1.0,0.19901676262206863
9239,2025-11-02 05:50:00,2025-10-27/2025-11-02,1.0,0.4879633896454398
9241,2025-11-02 06:04:00,2025-10-27/2025-11-02,1.0,0.32757704685371136
9242,2025-11-02 06:05:00,2025-10-27/2025-11-02,1.0,0.4367292006183104
9243,2025-11-02 06:07:00,2025-10-27/2025-11-02,1.0,0.3173045418907596
9248,2025-11-02 06:17:00,2025-10-27/2025-11-02,1.0,0.4834511504419137
9250,2025-11-02 06:44:00,2025-10-27/2025-11-02,1.0,0.40747763029842066
9251,2025-11-02 06:47:00,2025-10-27/2025-11-02,1.0,0.3171965713992828
9252,2025-11-02 06:53:00,2025-10-27/2025-11-02,1.0,0.1939800831621558
9255,2025-11-02 07:08:00,2025-10-27/2025-11-02,1.0,0.38191477843116894
9257,2025-11-02 07:19:00,2025-10-27/2025-11-02,1.0,0.4353408337523706
9258,2025-11-02 07:20:00,2025-10-27/2025-11-02,1.0,0.43559845673928954
9261,2025-11-02 07:27:00,2025-10-27/2025-11-02,1.0,0.2999896778011686
9265,2025-11-02 07:48:00,2025-10-27/2025-11-02,1.0,0.38072763517362396
9267,2025-11-02 07:50:00,2025-10-27/2025-11-02,1.0,0.40814254314640747
9268,2025-11-02 08:01:00,2025-10-27/2025-11-02,1.0,0.2705665296247667
9270,2025-11-02 08:04:00,2025-10-27/2025-11-02,1.0,0.39297161577901435
9271,2025-11-02 08:05:00,2025-10-27/2025-11-02,1.0,0.3290145208330179
9272,2025-11-02 08:08:00,2025-10-27/2025-11-02,1.0,0.4612171982583353
9273,2025-11-02 08:10:00,2025-10-27/2025-11-02,1.0,0.33907436699775445
9452,2025-11-04 15:49:00,2025-11-03/2025-11-09,0.0,0.40785508119053676
9454,2025-11-04 16:06:00,2025-11-03/2025-11-09,0.0,0.5161429566757139
9455,2025-11-04 16:13:00,2025-11-03/2025-11-09,0.0,0.42350751144760795
9458,2025-11-04 16:19:00,2025-11-03/2025-11-09,0.0,0.41175053282083407
9461,2025-11-04 16:23:00,2025-11-03/2025-11-09,0.0,0.562378913678018
9462,2025-11-04 16:28:00,2025-11-03/2025-11-09,0.0,0.2466034306859234
9464,2025-11-04 16:44:00,2025-11-03/2025-11-09,0.0,0.456299191847921
9465,2025-11-04 16:45:00,2025-11-03/2025-11-09,0.0,0.4334122680306688
9471,2025-11-04 17:20:00,2025-11-03/2025-11-09,0.0,0.41754704982239155
9475,2025-11-04 17:40:00,2025-11-03/2025-11-09,0.0,0.28599413331597834
9477,2025-11-04 18:00:00,2025-11-03/2025-11-09,0.0,0.4069400144906583
9478,2025-11-04 18:01:00,2025-11-03/2025-11-09,0.0,0.4518732150663672
9480,2025-11-04 18:16:00,2025-11-03/2025-11-09,0.0,0.5642762350693735
9481,2025-11-04 18:32:00,2025-11-03/2025-11-09,0.0,0.2638335030338991
9492,2025-11-04 18:45:00,2025-11-03/2025-11-09,0.0,0.5689315086209668
9494,2025-11-04 18:47:00,2025-11-03/2025-11-09,0.0,0.2771655256283831
9500,2025-11-04 19:00:00,2025-11-03/2025-11-09,0.0,0.5389185932569585
9506,2025-11-04 19:43:00,2025-11-03/2025-11-09,0.0,0.4750822816500028
9507,2025-11-04 19:46:00,2025-11-03/2025-11-09,0.0,0.5122083906417805
9510,2025-11-04 21:42:00,2025-11-03/2025-11-09,0.0,0.34037333974746475
9511,2025-11-04 21:51:00,2025-11-03/2025-11-09,0.0,0.1894532349322586
9512,2025-11-04 22:10:00,2025-11-03/2025-11-09,1.0,0.3373773354782648
9515,2025-11-04 22:40:00,2025-11-03/2025-11-09,0.0,0.2300081151197286
9525,2025-11-05 01:13:00,2025-11-03/2025-11-09,0.0,0.2208948758081993
9527,2025-11-05 03:02:00,2025-11-03/2025-11-09,0.0,0.38861670905053847
9530,2025-11-05 04:04:00,2025-11-03/2025-11-09,0.0,0.4314763919059412
9533,2025-11-05 04:06:00,2025-11-03/2025-11-09,0.0,0.3201379728447655
9534,2025-11-05 04:07:00,2025-11-03/2025-11-09,0.0,0.5441715221336657
9535,2025-11-05 04:07:00,2025-11-03/2025-11-09,0.0,0.3246254614925069
9536,2025-11-05 04:07:00,2025-11-03/2025-11-09,0.0,0.33782179409325036
9537,2025-11-05 04:08:00,2025-11-03/2025-11-09,0.0,0.4211138998990659
9538,2025-11-05 04:08:00,2025-11-03/2025-11-09,0.0,0.49768322356272143
9542,2025-11-05 04:09:00,2025-11-03/2025-11-09,0.0,0.34810052892976406
9543,2025-11-05 04:10:00,2025-11-03/2025-11-09,0.0,0.5026791504821664
9544,2025-11-05 04:10:00,2025-11-03/2025-11-09,0.0,0.3507944786567784
9545,2025-11-05 04:10:00,2025-11-03/2025-11-09,0.0,0.4158178090874974
9546,2025-11-05 04:11:00,2025-11-03/2025-11-09,0.0,0.5484298137237011
9547,2025-11-05 04:17:00,2025-11-03/2025-11-09,0.0,0.4202675095894359
9550,2025-11-05 04:38:00,2025-11-03/2025-11-09,0.0,0.46363167387177023
9551,2025-11-05 04:58:00,2025-11-03/2025-11-09,0.0,0.43251527272289947
9552,2025-11-05 05:08:00,2025-11-03/2025-11-09,0.0,0.440387287663938
9556,2025-11-05 05:40:00,2025-11-03/2025-11-09,0.0,0.596200350105579
9557,2025-11-05 05:50:00,2025-11-03/2025-11-09,0.0,0.2866253328589659
9558,2025-11-05 05:53:00,2025-11-03/2025-11-09,0.0,0.35570048648315633
9561,2025-11-05 06:45:00,2025-11-03/2025-11-09,0.0,0.3375656048228988
9562,2025-11-05 07:03:00,2025-11-03/2025-11-09,0.0,0.41903164326833153
9564,2025-11-05 07:09:00,2025-11-03/2025-11-09,0.0,0.46169294177828324
9566,2025-11-05 07:19:00,2025-11-03/2025-11-09,0.0,0.4782325640839951
9568,2025-11-05 07:20:00,2025-11-03/2025-11-09,0.0,0.43657404415420686
9570,2025-11-05 07:31:00,2025-11-03/2025-11-09,0.0,0.33584976472520633
9575,2025-11-05 08:17:00,2025-11-03/2025-11-09,0.0,0.22620267940530825
9577,2025-11-05 08:57:00,2025-11-03/2025-11-09,0.0,0.6191525189269534
9578,2025-11-05 09:02:00,2025-11-03/2025-11-09,0.0,0.5888779764115365
9580,2025-11-05 09:04:00,2025-11-03/2025-11-09,0.0,0.45772521070294103
9582,2025-11-05 09:16:00,2025-11-03/2025-11-09,0.0,0.4396274704659914
9584,2025-11-05 09:20:00,2025-11-03/2025-11-09,0.0,0.4432516460688462
9585,2025-11-05 09:25:00,2025-11-03/2025-11-09,0.0,0.2642923892173328
9587,2025-11-05 09:39:00,2025-11-03/2025-11-09,0.0,0.44435397049807557
9594,2025-11-05 11:11:00,2025-11-03/2025-11-09,0.0,0.49708772956803815
9596,2025-11-05 11:42:00,2025-11-03/2025-11-09,0.0,0.5387123633641323
9598,2025-11-05 11:44:00,2025-11-03/2025-11-09,0.0,0.48552598924464546
9601,2025-11-05 11:59:00,2025-11-03/2025-11-09,1.0,0.5434049297613727
9602,2025-11-05 12:01:00,2025-11-03/2025-11-09,0.0,0.4434271428001252
9604,2025-11-05 12:05:00,2025-11-03/2025-11-09,0.0,0.49615293740099686
9605,2025-11-05 12:16:00,2025-11-03/2025-11-09,0.0,0.3569893878019253
9608,2025-11-05 12:36:00,2025-11-03/2025-11-09,0.0,0.33336975636330723
9609,2025-11-05 13:12:00,2025-11-03/2025-11-09,0.0,0.46776139737404654
9613,2025-11-05 13:41:00,2025-11-03/2025-11-09,1.0,0.5214745315671344
9615,2025-11-05 13:59:00,2025-11-03/2025-11-09,0.0,0.6128498748239831
9616,2025-11-05 14:00:00,2025-11-03/2025-11-09,0.0,0.46816260829889916
9620,2025-11-05 15:33:00,2025-11-03/2025-11-09,0.0,0.38901272581229
9624,2025-11-05 15:59:00,2025-11-03/2025-11-09,0.0,0.25275197396564686
9625,2025-11-05 16:19:00,2025-11-03/2025-11-09,1.0,0.5325933256602331
9629,2025-11-05 16:38:00,2025-11-03/2025-11-09,0.0,0.30129381158410223
9630,2025-11-05 17:05:00,2025-11-03/2025-11-09,0.0,0.24295724966540577
9634,2025-11-05 19:16:00,2025-11-03/2025-11-09,0.0,0.2845657598385961
9636,2025-11-05 19:19:00,2025-11-03/2025-11-09,0.0,0.3503554553826699
9637,2025-11-05 19:22:00,2025-11-03/2025-11-09,0.0,0.3353050004350198
9641,2025-11-05 19:27:00,2025-11-03/2025-11-09,0.0,0.3986985643665694
9642,2025-11-05 19:35:00,2025-11-03/2025-11-09,0.0,0.3945051975480193
9643,2025-11-05 19:39:00,2025-11-03/2025-11-09,0.0,0.4513906133591851
9644,2025-11-05 19:42:00,2025-11-03/2025-11-09,0.0,0.3678261783863345
9645,2025-11-05 20:28:00,2025-11-03/2025-11-09,0.0,0.3533037001198877
9649,2025-11-05 21:48:00,2025-11-03/2025-11-09,0.0,0.38200649780177665
9650,2025-11-05 21:54:00,2025-11-03/2025-11-09,0.0,0.3037998165221124
9652,2025-11-05 22:06:00,2025-11-03/2025-11-09,0.0,0.36805039256909355
9653,2025-11-05 22:09:00,2025-11-03/2025-11-09,0.0,0.4952951557715977
9654,2025-11-05 22:30:00,2025-11-03/2025-11-09,0.0,0.32629048233858454
9657,2025-11-05 22:37:00,2025-11-03/2025-11-09,0.0,0.353591644950808
9660,2025-11-06 00:04:00,2025-11-03/2025-11-09,0.0,0.2578885060124969
9661,2025-11-06 00:07:00,2025-11-03/2025-11-09,0.0,0.374577399063276
9662,2025-11-06 00:14:00,2025-11-03/2025-11-09,0.0,0.30258439370481105
9664,2025-11-06 00:18:00,2025-11-03/2025-11-09,0.0,0.3801659615606266
9685,2025-11-06 04:06:00,2025-11-03/2025-11-09,0.0,0.3944204190155441
9686,2025-11-06 04:11:00,2025-11-03/2025-11-09,0.0,0.5303054040184229
9689,2025-11-06 04:43:00,2025-11-03/2025-11-09,0.0,0.41068820744979195
9691,2025-11-06 05:03:00,2025-11-03/2025-11-09,0.0,0.23706328290708809
9692,2025-11-06 05:12:00,2025-11-03/2025-11-09,0.0,0.40949035386305693
9693,2025-11-06 05:21:00,2025-11-03/2025-11-09,0.0,0.4473166798003121
9695,2025-11-06 05:36:00,2025-11-03/2025-11-09,0.0,0.45412517216684106
9696,2025-11-06 05:39:00,2025-11-03/2025-11-09,0.0,0.6430475651646789
9697,2025-11-06 05:50:00,2025-11-03/2025-11-09,0.0,0.4561561347724041
9698,2025-11-06 05:52:00,2025-11-03/2025-11-09,0.0,0.4842435723123109
9699,2025-11-06 06:02:00,2025-11-03/2025-11-09,0.0,0.22543922595718632
9701,2025-11-06 06:47:00,2025-11-03/2025-11-09,0.0,0.36637766644090897
9702,2025-11-06 06:49:00,2025-11-03/2025-11-09,0.0,0.42227130190058276
9703,2025-11-06 07:19:00,2025-11-03/2025-11-09,0.0,0.4777890869177076
9711,2025-11-06 09:48:00,2025-11-03/2025-11-09,0.0,0.3289312952607443
9721,2025-11-06 11:17:00,2025-11-03/2025-11-09,0.0,0.4277990869955057
9724,2025-11-06 11:36:00,2025-11-03/2025-11-09,0.0,0.31896076911928717
9726,2025-11-06 12:01:00,2025-11-03/2025-11-09,0.0,0.4930711954520694
9727,2025-11-06 12:22:00,2025-11-03/2025-11-09,0.0,0.5167278265117006
9731,2025-11-06 12:36:00,2025-11-03/2025-11-09,0.0,0.4368440404227604
9735,2025-11-06 12:40:00,2025-11-03/2025-11-09,0.0,0.5773086826371762
9741,2025-11-06 13:36:00,2025-11-03/2025-11-09,0.0,0.33556187588554
9746,2025-11-06 14:00:00,2025-11-03/2025-11-09,0.0,0.36151210708194187
9747,2025-11-06 14:08:00,2025-11-03/2025-11-09,0.0,0.4251046939574561
9753,2025-11-06 14:43:00,2025-11-03/2025-11-09,0.0,0.24227725125540875
9754,2025-11-06 14:47:00,2025-11-03/2025-11-09,0.0,0.3293529437352788
9755,2025-11-06 14:58:00,2025-11-03/2025-11-09,0.0,0.3504803660692272
9757,2025-11-06 15:01:00,2025-11-03/2025-11-09,0.0,0.3072403195454912
9760,2025-11-06 15:02:00,2025-11-03/2025-11-09,0.0,0.3914187803139914
9761,2025-11-06 15:03:00,2025-11-03/2025-11-09,0.0,0.44405149943202715
9763,2025-11-06 15:04:00,2025-11-03/2025-11-09,0.0,0.5347730854540725
9764,2025-11-06 15:08:00,2025-11-03/2025-11-09,0.0,0.29826829384103193
9768,2025-11-06 15:32:00,2025-11-03/2025-11-09,0.0,0.3488034803651285
9769,2025-11-06 15:47:00,2025-11-03/2025-11-09,0.0,0.40925838722435837
9770,2025-11-06 15:53:00,2025-11-03/2025-11-09,0.0,0.20118618176277855
9773,2025-11-06 16:29:00,2025-11-03/2025-11-09,1.0,0.45602624028859634
9775,2025-11-06 16:35:00,2025-11-03/2025-11-09,0.0,0.4590228725739396
9776,2025-11-06 16:36:00,2025-11-03/2025-11-09,0.0,0.2737632048849873
9778,2025-11-06 16:38:00,2025-11-03/2025-11-09,0.0,0.336835942540056
9779,2025-11-06 16:42:00,2025-11-03/2025-11-09,0.0,0.4985354013307114
9781,2025-11-06 16:49:00,2025-11-03/2025-11-09,0.0,0.3338606101791879
9783,2025-11-06 17:04:00,2025-11-03/2025-11-09,0.0,0.40824649172357025
9785,2025-11-06 17:27:00,2025-11-03/2025-11-09,0.0,0.2760863048954917
9793,2025-11-06 17:39:00,2025-11-03/2025-11-09,0.0,0.27710910667646843
9794,2025-11-06 17:40:00,2025-11-03/2025-11-09,0.0,0.3423562792913319
9797,2025-11-06 17:54:00,2025-11-03/2025-11-09,0.0,0.3023497104981524
9798,2025-11-06 17:57:00,2025-11-03/2025-11-09,0.0,0.4274680749142845
9805,2025-11-06 18:40:00,2025-11-03/2025-11-09,0.0,0.29849501177821763
9806,2025-11-06 18:43:00,2025-11-03/2025-11-09,0.0,0.43285250645794326
9809,2025-11-06 18:54:00,2025-11-03/2025-11-09,0.0,0.47492617317271474
9810,2025-11-06 18:59:00,2025-11-03/2025-11-09,0.0,0.41368233051330877
9817,2025-11-06 19:19:00,2025-11-03/2025-11-09,1.0,0.42592927827681415
9820,2025-11-06 19:42:00,2025-11-03/2025-11-09,0.0,0.3847955230710504
9821,2025-11-06 19:48:00,2025-11-03/2025-11-09,0.0,0.38585482753226746
9822,2025-11-06 19:51:00,2025-11-03/2025-11-09,0.0,0.5310679736433017
9824,2025-11-06 20:33:00,2025-11-03/2025-11-09,0.0,0.49290722469345655
9827,2025-11-06 21:06:00,2025-11-03/2025-11-09,0.0,0.43444112702876847
9828,2025-11-06 21:09:00,2025-11-03/2025-11-09,0.0,0.4728424953495026
9829,2025-11-06 21:14:00,2025-11-03/2025-11-09,0.0,0.3149485046018059
9832,2025-11-06 22:07:00,2025-11-03/2025-11-09,0.0,0.27494802121514117
9836,2025-11-06 22:40:00,2025-11-03/2025-11-09,0.0,0.4213542447681067
9838,2025-11-06 22:44:00,2025-11-03/2025-11-09,0.0,0.39006536041412954
9839,2025-11-07 00:25:00,2025-11-03/2025-11-09,0.0,0.5927923393963583
9842,2025-11-07 01:13:00,2025-11-03/2025-11-09,0.0,0.2758934523393509
9843,2025-11-07 01:14:00,2025-11-03/2025-11-09,0.0,0.5507656990259955
9844,2025-11-07 01:15:00,2025-11-03/2025-11-09,0.0,0.30261262187217564
9846,2025-11-07 01:44:00,2025-11-03/2025-11-09,0.0,0.36128162083300935
9847,2025-11-07 01:52:00,2025-11-03/2025-11-09,0.0,0.2604699529050112
9851,2025-11-07 02:39:00,2025-11-03/2025-11-09,0.0,0.279165078134892
9854,2025-11-07 03:13:00,2025-11-03/2025-11-09,0.0,0.3430817263515117
9857,2025-11-07 03:29:00,2025-11-03/2025-11-09,0.0,0.421033737011502
9861,2025-11-07 04:00:00,2025-11-03/2025-11-09,0.0,0.37103841770499496
9862,2025-11-07 04:04:00,2025-11-03/2025-11-09,0.0,0.41522276017614446
9863,2025-11-07 04:05:00,2025-11-03/2025-11-09,0.0,0.47609952846671244
9864,2025-11-07 04:06:00,2025-11-03/2025-11-09,0.0,0.4175584421038698
9866,2025-11-07 04:08:00,2025-11-03/2025-11-09,0.0,0.1712280414889303
9867,2025-11-07 04:09:00,2025-11-03/2025-11-09,0.0,0.2878361644098775
9868,2025-11-07 04:10:00,2025-11-03/2025-11-09,0.0,0.5688310825095345
9870,2025-11-07 04:12:00,2025-11-03/2025-11-09,0.0,0.3438212675990321
9871,2025-11-07 04:13:00,2025-11-03/2025-11-09,0.0,0.37963846170045795
9875,2025-11-07 04:21:00,2025-11-03/2025-11-09,0.0,0.21956939877259515
9876,2025-11-07 04:22:00,2025-11-03/2025-11-09,0.0,0.4295331400100197
9877,2025-11-07 04:36:00,2025-11-03/2025-11-09,0.0,0.45493663298878473
9881,2025-11-07 05:00:00,2025-11-03/2025-11-09,0.0,0.36888123302049847
9884,2025-11-07 05:21:00,2025-11-03/2025-11-09,0.0,0.5062730545670554
9889,2025-11-07 05:54:00,2025-11-03/2025-11-09,0.0,0.37048437787668914
9890,2025-11-07 06:04:00,2025-11-03/2025-11-09,0.0,0.5276681253888226
9891,2025-11-07 06:05:00,2025-11-03/2025-11-09,0.0,0.44301571192120875
9892,2025-11-07 06:08:00,2025-11-03/2025-11-09,0.0,0.48604309501042586
9893,2025-11-07 06:11:00,2025-11-03/2025-11-09,0.0,0.524424371462073
9895,2025-11-07 06:14:00,2025-11-03/2025-11-09,0.0,0.23494477902802963
9896,2025-11-07 06:20:00,2025-11-03/2025-11-09,0.0,0.5009439135272301
9899,2025-11-07 06:26:00,2025-11-03/2025-11-09,0.0,0.3168707194949298
9901,2025-11-07 06:32:00,2025-11-03/2025-11-09,0.0,0.37157938362983767
9902,2025-11-07 06:34:00,2025-11-03/2025-11-09,0.0,0.2382005335094881
9903,2025-11-07 06:35:00,2025-11-03/2025-11-09,0.0,0.4597151107735006
9904,2025-11-07 06:37:00,2025-11-03/2025-11-09,0.0,0.5412869710538345
9905,2025-11-07 06:38:00,2025-11-03/2025-11-09,0.0,0.452628603890459
9907,2025-11-07 06:40:00,2025-11-03/2025-11-09,0.0,0.29747416916740316
9908,2025-11-07 06:41:00,2025-11-03/2025-11-09,0.0,0.5266601755728316
9909,2025-11-07 06:48:00,2025-11-03/2025-11-09,0.0,0.26224608442757347
9911,2025-11-07 06:50:00,2025-11-03/2025-11-09,0.0,0.3901027768125154
9912,2025-11-07 06:54:00,2025-11-03/2025-11-09,0.0,0.35893197795905535
9914,2025-11-07 07:04:00,2025-11-03/2025-11-09,0.0,0.46244878979719967
9916,2025-11-07 07:06:00,2025-11-03/2025-11-09,0.0,0.5450603878108597
9918,2025-11-07 07:21:00,2025-11-03/2025-11-09,0.0,0.45896114745146865
9919,2025-11-07 07:22:00,2025-11-03/2025-11-09,0.0,0.3312758622921846
9921,2025-11-07 07:33:00,2025-11-03/2025-11-09,0.0,0.4005619860544182
9922,2025-11-07 07:36:00,2025-11-03/2025-11-09,0.0,0.32673335269340087
9924,2025-11-07 07:56:00,2025-11-03/2025-11-09,0.0,0.3673625935449496
9925,2025-11-07 07:59:00,2025-11-03/2025-11-09,0.0,0.584402422849583
9926,2025-11-07 08:04:00,2025-11-03/2025-11-09,0.0,0.5192957978567851
9928,2025-11-07 08:05:00,2025-11-03/2025-11-09,0.0,0.23369463152084105
9930,2025-11-07 08:07:00,2025-11-03/2025-11-09,0.0,0.20703793357050318
9933,2025-11-07 08:14:00,2025-11-03/2025-11-09,1.0,0.525063128586982
9934,2025-11-07 08:21:00,2025-11-03/2025-11-09,0.0,0.4929351222092612
9935,2025-11-07 08:25:00,2025-11-03/2025-11-09,0.0,0.4546535941573042
9937,2025-11-07 08:27:00,2025-11-03/2025-11-09,0.0,0.4650237768288948
9941,2025-11-07 08:40:00,2025-11-03/2025-11-09,0.0,0.3092178424758455
9942,2025-11-07 08:42:00,2025-11-03/2025-11-09,0.0,0.38567575477345756
9943,2025-11-07 08:52:00,2025-11-03/2025-11-09,0.0,0.4484494275684673
9945,2025-11-07 08:55:00,2025-11-03/2025-11-09,0.0,0.5346065107960627
9946,2025-11-07 08:58:00,2025-11-03/2025-11-09,0.0,0.5571335389272695
9948,2025-11-07 09:03:00,2025-11-03/2025-11-09,0.0,0.3807199850143628
9950,2025-11-07 09:12:00,2025-11-03/2025-11-09,0.0,0.356242775608773
9951,2025-11-07 09:15:00,2025-11-03/2025-11-09,0.0,0.452089464588303
9953,2025-11-07 09:26:00,2025-11-03/2025-11-09,0.0,0.4043615103512626
9957,2025-11-07 09:44:00,2025-11-03/2025-11-09,0.0,0.33527947074663517
9959,2025-11-07 09:51:00,2025-11-03/2025-11-09,0.0,0.21176762796195733
9966,2025-11-07 10:04:00,2025-11-03/2025-11-09,0.0,0.341782527559118
9974,2025-11-07 10:10:00,2025-11-03/2025-11-09,0.0,0.4677330170692975
9981,2025-11-07 10:18:00,2025-11-03/2025-11-09,0.0,0.4799473575109763
9984,2025-11-07 10:20:00,2025-11-03/2025-11-09,0.0,0.5436931969224433
9985,2025-11-07 10:22:00,2025-11-03/2025-11-09,0.0,0.40869623269777355
9989,2025-11-07 10:34:00,2025-11-03/2025-11-09,0.0,0.40377620175202955
9991,2025-11-07 10:45:00,2025-11-03/2025-11-09,0.0,0.30449817831489323
9992,2025-11-07 10:49:00,2025-11-03/2025-11-09,0.0,0.23488986086594305
9993,2025-11-07 11:04:00,2025-11-03/2025-11-09,0.0,0.47976490278284456
9994,2025-11-07 11:18:00,2025-11-03/2025-11-09,0.0,0.4780481535488458
9995,2025-11-07 11:28:00,2025-11-03/2025-11-09,0.0,0.29325895461204676
9996,2025-11-07 11:43:00,2025-11-03/2025-11-09,0.0,0.5506098142422033
10002,2025-11-07 11:49:00,2025-11-03/2025-11-09,0.0,0.39553867920177904
10014,2025-11-07 12:00:00,2025-11-03/2025-11-09,0.0,0.21193312403537323
10032,2025-11-07 12:15:00,2025-11-03/2025-11-09,0.0,0.4974191636428726
10036,2025-11-07 12:19:00,2025-11-03/2025-11-09,0.0,0.3825374307490272
10039,2025-11-07 12:21:00,2025-11-03/2025-11-09,0.0,0.4968345784161715
10045,2025-11-07 12:27:00,2025-11-03/2025-11-09,0.0,0.4125367952940131
10048,2025-11-07 12:29:00,2025-11-03/2025-11-09,0.0,0.36375688489544267
10050,2025-11-07 12:31:00,2025-11-03/2025-11-09,0.0,0.34300273440696394
10065,2025-11-07 12:42:00,2025-11-03/2025-11-09,0.0,0.4268052997592708
10069,2025-11-07 12:46:00,2025-11-03/2025-11-09,0.0,0.22012022227621345
10077,2025-11-07 12:53:00,2025-11-03/2025-11-09,0.0,0.4893254353477624
10086,2025-11-07 13:01:00,2025-11-03/2025-11-09,0.0,0.30751062683949176
10089,2025-11-07 13:11:00,2025-11-03/2025-11-09,0.0,0.24706056585463845
10092,2025-11-07 13:15:00,2025-11-03/2025-11-09,0.0,0.3153654612639404
10093,2025-11-07 13:20:00,2025-11-03/2025-11-09,0.0,0.40664465876604705
10094,2025-11-07 13:23:00,2025-11-03/2025-11-09,0.0,0.3196794569451904
10115,2025-11-07 14:17:00,2025-11-03/2025-11-09,0.0,0.38729126427528787
10116,2025-11-07 14:18:00,2025-11-03/2025-11-09,0.0,0.276926649398238
10121,2025-11-07 14:22:00,2025-11-03/2025-11-09,0.0,0.46282498473785644
10122,2025-11-07 14:24:00,2025-11-03/2025-11-09,0.0,0.31429464975002874
10123,2025-11-07 14:26:00,2025-11-03/2025-11-09,0.0,0.3119148095913086
10128,2025-11-07 14:53:00,2025-11-03/2025-11-09,0.0,0.30139039904999254
10130,2025-11-07 14:57:00,2025-11-03/2025-11-09,0.0,0.23848490279427725
10131,2025-11-07 15:00:00,2025-11-03/2025-11-09,0.0,0.5216821430084623
10134,2025-11-07 15:05:00,2025-11-03/2025-11-09,0.0,0.5002038174757448
10136,2025-11-07 15:13:00,2025-11-03/2025-11-09,0.0,0.677023767713881
10138,2025-11-07 15:15:00,2025-11-03/2025-11-09,0.0,0.36724541676280087
10142,2025-11-07 15:20:00,2025-11-03/2025-11-09,0.0,0.3949094164975179
10143,2025-11-07 15:24:00,2025-11-03/2025-11-09,0.0,0.20316672085265844
10144,2025-11-07 15:29:00,2025-11-03/2025-11-09,0.0,0.38432435090086225
10145,2025-11-07 15:35:00,2025-11-03/2025-11-09,0.0,0.2552586088415374
10147,2025-11-07 15:39:00,2025-11-03/2025-11-09,0.0,0.5241952931300857
10148,2025-11-07 15:41:00,2025-11-03/2025-11-09,0.0,0.5908230820551094
10151,2025-11-07 15:47:00,2025-11-03/2025-11-09,0.0,0.271125687458269
10152,2025-11-07 15:51:00,2025-11-03/2025-11-09,0.0,0.44967562534664773
10154,2025-11-07 15:53:00,2025-11-03/2025-11-09,0.0,0.527188122666053
10155,2025-11-07 15:55:00,2025-11-03/2025-11-09,0.0,0.5133091953843004
10157,2025-11-07 15:57:00,2025-11-03/2025-11-09,0.0,0.44837253513253056
10158,2025-11-07 16:01:00,2025-11-03/2025-11-09,0.0,0.2871981552672726
10161,2025-11-07 16:03:00,2025-11-03/2025-11-09,0.0,0.4671224503725813
10180,2025-11-07 16:20:00,2025-11-03/2025-11-09,0.0,0.4988488597663239
10185,2025-11-07 16:24:00,2025-11-03/2025-11-09,0.0,0.31468935323150526
10193,2025-11-07 16:30:00,2025-11-03/2025-11-09,0.0,0.47605302407427946
10195,2025-11-07 16:32:00,2025-11-03/2025-11-09,1.0,0.4776936361354364
10196,2025-11-07 16:34:00,2025-11-03/2025-11-09,0.0,0.3747202458255673
10202,2025-11-07 16:47:00,2025-11-03/2025-11-09,0.0,0.3286401182395809
10206,2025-11-07 17:12:00,2025-11-03/2025-11-09,0.0,0.5110381659863017
10207,2025-11-07 17:13:00,2025-11-03/2025-11-09,0.0,0.3645311403818919
10211,2025-11-07 17:16:00,2025-11-03/2025-11-09,0.0,0.43083231716651926
10213,2025-11-07 17:19:00,2025-11-03/2025-11-09,0.0,0.34160406307386376
10215,2025-11-07 17:19:00,2025-11-03/2025-11-09,0.0,0.4593801086306123
10219,2025-11-07 17:23:00,2025-11-03/2025-11-09,0.0,0.3156708204954388
10221,2025-11-07 17:34:00,2025-11-03/2025-11-09,0.0,0.3931340143806063
10224,2025-11-07 17:49:00,2025-11-03/2025-11-09,0.0,0.3028562573521845
10225,2025-11-07 17:55:00,2025-11-03/2025-11-09,0.0,0.2642436854282467
10226,2025-11-07 17:57:00,2025-11-03/2025-11-09,0.0,0.4205213240286901
10230,2025-11-07 18:09:00,2025-11-03/2025-11-09,0.0,0.5221301262030216
10232,2025-11-07 18:17:00,2025-11-03/2025-11-09,0.0,0.46778026578732096
10234,2025-11-07 18:19:00,2025-11-03/2025-11-09,0.0,0.33927251240602646
10235,2025-11-07 18:21:00,2025-11-03/2025-11-09,0.0,0.22922716244989513
10237,2025-11-07 18:24:00,2025-11-03/2025-11-09,1.0,0.5146388931093311
10238,2025-11-07 18:28:00,2025-11-03/2025-11-09,0.0,0.42863460400549797
10239,2025-11-07 18:29:00,2025-11-03/2025-11-09,0.0,0.44445378867214813
10241,2025-11-07 18:32:00,2025-11-03/2025-11-09,0.0,0.43981246437347193
10243,2025-11-07 18:48:00,2025-11-03/2025-11-09,0.0,0.2598902109061859
10246,2025-11-07 18:57:00,2025-11-03/2025-11-09,1.0,0.5299274050848337
10248,2025-11-07 19:05:00,2025-11-03/2025-11-09,0.0,0.43222335914918214
10251,2025-11-07 19:19:00,2025-11-03/2025-11-09,0.0,0.23897760999058784
10257,2025-11-07 20:10:00,2025-11-03/2025-11-09,0.0,0.2545020047195714
10258,2025-11-07 20:12:00,2025-11-03/2025-11-09,0.0,0.25882963728882713
10260,2025-11-07 20:16:00,2025-11-03/2025-11-09,0.0,0.3412240125776805
10264,2025-11-07 20:26:00,2025-11-03/2025-11-09,0.0,0.2831086111069316
10265,2025-11-07 20:29:00,2025-11-03/2025-11-09,0.0,0.4882374774313572
10267,2025-11-07 20:30:00,2025-11-03/2025-11-09,0.0,0.35072092807994
10269,2025-11-07 20:33:00,2025-11-03/2025-11-09,0.0,0.20930910418244741
10270,2025-11-07 20:42:00,2025-11-03/2025-11-09,0.0,0.44012372183409104
10271,2025-11-07 20:49:00,2025-11-03/2025-11-09,0.0,0.4820024073214322
10273,2025-11-07 20:52:00,2025-11-03/2025-11-09,0.0,0.4430717660818105
10275,2025-11-07 21:14:00,2025-11-03/2025-11-09,0.0,0.5111879907434508
10277,2025-11-07 21:16:00,2025-11-03/2025-11-09,0.0,0.44398046349909676
10278,2025-11-07 21:17:00,2025-11-03/2025-11-09,0.0,0.4825015260577351
10280,2025-11-07 21:20:00,2025-11-03/2025-11-09,0.0,0.4520171326532092
10281,2025-11-07 21:28:00,2025-11-03/2025-11-09,0.0,0.4932834269856404
10282,2025-11-07 21:30:00,2025-11-03/2025-11-09,0.0,0.3864135730609514
10285,2025-11-07 21:36:00,2025-11-03/2025-11-09,0.0,0.27661856033831117
10297,2025-11-07 21:46:00,2025-11-03/2025-11-09,0.0,0.2868278092623016
10312,2025-11-07 21:59:00,2025-11-03/2025-11-09,0.0,0.5082062900376642
10319,2025-11-07 22:06:00,2025-11-03/2025-11-09,0.0,0.4215330332377866
10367,2025-11-07 22:43:00,2025-11-03/2025-11-09,0.0,0.4086814659784739
10368,2025-11-07 22:45:00,2025-11-03/2025-11-09,0.0,0.40580790209358203
10379,2025-11-07 22:55:00,2025-11-03/2025-11-09,0.0,0.26972499391157523
10396,2025-11-07 23:34:00,2025-11-03/2025-11-09,0.0,0.4933450446596426
10397,2025-11-07 23:36:00,2025-11-03/2025-11-09,0.0,0.2377087442537456
10401,2025-11-08 00:30:00,2025-11-03/2025-11-09,0.0,0.3195732670693879
10402,2025-11-08 00:32:00,2025-11-03/2025-11-09,0.0,0.327057249325151
10406,2025-11-08 01:13:00,2025-11-03/2025-11-09,0.0,0.5195068165463119
10408,2025-11-08 01:15:00,2025-11-03/2025-11-09,0.0,0.572232491135506
10416,2025-11-08 02:04:00,2025-11-03/2025-11-09,0.0,0.3614952079960755
10418,2025-11-08 02:06:00,2025-11-03/2025-11-09,0.0,0.25972019173418565
10419,2025-11-08 02:07:00,2025-11-03/2025-11-09,0.0,0.5324299893462772
10420,2025-11-08 02:14:00,2025-11-03/2025-11-09,0.0,0.357928660176932
10425,2025-11-08 02:22:00,2025-11-03/2025-11-09,0.0,0.42382211064807207
10440,2025-11-08 02:43:00,2025-11-03/2025-11-09,0.0,0.37520797326139405
10451,2025-11-08 02:52:00,2025-11-03/2025-11-09,0.0,0.20448719267927876
10455,2025-11-08 02:57:00,2025-11-03/2025-11-09,0.0,0.4501576346636443
10459,2025-11-08 03:03:00,2025-11-03/2025-11-09,0.0,0.5194867959288363
10461,2025-11-08 03:05:00,2025-11-03/2025-11-09,0.0,0.5225292084593783
10462,2025-11-08 03:08:00,2025-11-03/2025-11-09,0.0,0.4115461162506684
10463,2025-11-08 03:11:00,2025-11-03/2025-11-09,0.0,0.36260210735148646
10464,2025-11-08 03:14:00,2025-11-03/2025-11-09,0.0,0.30854351648478634
10466,2025-11-08 03:16:00,2025-11-03/2025-11-09,0.0,0.29423515435463343
10470,2025-11-08 03:41:00,2025-11-03/2025-11-09,0.0,0.4873062651513743
10472,2025-11-08 03:54:00,2025-11-03/2025-11-09,0.0,0.3091728293756299
10474,2025-11-08 04:00:00,2025-11-03/2025-11-09,0.0,0.5576431489550349
10475,2025-11-08 04:02:00,2025-11-03/2025-11-09,0.0,0.5158119292497666
10476,2025-11-08 04:05:00,2025-11-03/2025-11-09,0.0,0.37483862209323027
10477,2025-11-08 04:08:00,2025-11-03/2025-11-09,0.0,0.30411578274690737
10479,2025-11-08 04:10:00,2025-11-03/2025-11-09,0.0,0.3035145794814603
10481,2025-11-08 04:12:00,2025-11-03/2025-11-09,0.0,0.481027849507935
10482,2025-11-08 04:13:00,2025-11-03/2025-11-09,0.0,0.297837366258489
10484,2025-11-08 04:15:00,2025-11-03/2025-11-09,0.0,0.35233871515678183
10486,2025-11-08 04:17:00,2025-11-03/2025-11-09,0.0,0.47348463216132064
10488,2025-11-08 04:19:00,2025-11-03/2025-11-09,0.0,0.3004398792735127
10490,2025-11-08 04:21:00,2025-11-03/2025-11-09,0.0,0.35233871515678183
10492,2025-11-08 04:24:00,2025-11-03/2025-11-09,0.0,0.4852155682015269
10494,2025-11-08 04:24:00,2025-11-03/2025-11-09,0.0,0.33153214270606246
10496,2025-11-08 04:26:00,2025-11-03/2025-11-09,0.0,0.5285940646200968
10498,2025-11-08 04:27:00,2025-11-03/2025-11-09,0.0,0.369380905176291
10502,2025-11-08 04:30:00,2025-11-03/2025-11-09,0.0,0.31208730884524627
10504,2025-11-08 04:32:00,2025-11-03/2025-11-09,0.0,0.42891679530939963
10507,2025-11-08 04:35:00,2025-11-03/2025-11-09,0.0,0.45584980552749277
10515,2025-11-08 04:42:00,2025-11-03/2025-11-09,0.0,0.3046852061111837
10518,2025-11-08 04:45:00,2025-11-03/2025-11-09,0.0,0.26464593629666594
10525,2025-11-08 04:51:00,2025-11-03/2025-11-09,0.0,0.5484616403974509
10526,2025-11-08 04:53:00,2025-11-03/2025-11-09,0.0,0.2953213632689862
10530,2025-11-08 04:57:00,2025-11-03/2025-11-09,0.0,0.3927220984068374
10533,2025-11-08 05:00:00,2025-11-03/2025-11-09,0.0,0.48432539457317675
10536,2025-11-08 05:03:00,2025-11-03/2025-11-09,0.0,0.28905248790227484
10539,2025-11-08 05:05:00,2025-11-03/2025-11-09,0.0,0.4755693466065051
10547,2025-11-08 05:11:00,2025-11-03/2025-11-09,0.0,0.46586831334415885
10572,2025-11-08 05:28:00,2025-11-03/2025-11-09,0.0,0.5127480986326463
10594,2025-11-08 05:46:00,2025-11-03/2025-11-09,0.0,0.2428474212510119
10604,2025-11-08 05:56:00,2025-11-03/2025-11-09,0.0,0.4596583759165236
10605,2025-11-08 05:58:00,2025-11-03/2025-11-09,0.0,0.19913171899935814
10612,2025-11-08 06:03:00,2025-11-03/2025-11-09,0.0,0.5180022206293761
10617,2025-11-08 06:08:00,2025-11-03/2025-11-09,0.0,0.38060346861907585
10627,2025-11-08 06:15:00,2025-11-03/2025-11-09,0.0,0.5505912672610599
10642,2025-11-08 06:25:00,2025-11-03/2025-11-09,0.0,0.3394897874744419
10655,2025-11-08 06:35:00,2025-11-03/2025-11-09,0.0,0.540924800973805
10660,2025-11-08 06:39:00,2025-11-03/2025-11-09,0.0,0.45292950317944514
10661,2025-11-08 06:41:00,2025-11-03/2025-11-09,0.0,0.5397117870209905
10663,2025-11-08 06:43:00,2025-11-03/2025-11-09,0.0,0.18756926121148798
10671,2025-11-08 06:47:00,2025-11-03/2025-11-09,1.0,0.5508079443209415
10691,2025-11-08 07:02:00,2025-11-03/2025-11-09,0.0,0.39823456156812304
10709,2025-11-08 07:16:00,2025-11-03/2025-11-09,0.0,0.5581541869525448
10736,2025-11-08 07:36:00,2025-11-03/2025-11-09,0.0,0.4096978390418175
10746,2025-11-08 07:45:00,2025-11-03/2025-11-09,0.0,0.3962883053016203
10751,2025-11-08 07:49:00,2025-11-03/2025-11-09,0.0,0.38495604695481883
10761,2025-11-08 07:58:00,2025-11-03/2025-11-09,0.0,0.3105396475683891
10772,2025-11-08 08:05:00,2025-11-03/2025-11-09,0.0,0.31013325834981054
10781,2025-11-08 08:13:00,2025-11-03/2025-11-09,0.0,0.2582704901938171
10787,2025-11-08 08:18:00,2025-11-03/2025-11-09,0.0,0.2222988828743051
10790,2025-11-08 08:20:00,2025-11-03/2025-11-09,0.0,0.29421348104354994
10800,2025-11-08 08:29:00,2025-11-03/2025-11-09,0.0,0.5376157825010809
10805,2025-11-08 08:33:00,2025-11-03/2025-11-09,1.0,0.40994304862553776
10807,2025-11-08 08:36:00,2025-11-03/2025-11-09,0.0,0.31531629897155733
10810,2025-11-08 08:40:00,2025-11-03/2025-11-09,0.0,0.34789529904353433
10817,2025-11-08 08:46:00,2025-11-03/2025-11-09,0.0,0.5324860407508356
10821,2025-11-08 08:50:00,2025-11-03/2025-11-09,0.0,0.524663237741163
10822,2025-11-08 08:52:00,2025-11-03/2025-11-09,0.0,0.3980097463205444
10824,2025-11-08 08:54:00,2025-11-03/2025-11-09,0.0,0.4493039589504502
10826,2025-11-08 08:56:00,2025-11-03/2025-11-09,0.0,0.5122464439558903
10831,2025-11-08 09:00:00,2025-11-03/2025-11-09,1.0,0.444495014682952
10836,2025-11-08 09:06:00,2025-11-03/2025-11-09,0.0,0.4957737593656941
10838,2025-11-08 09:09:00,2025-11-03/2025-11-09,0.0,0.3173083311611862
10839,2025-11-08 09:12:00,2025-11-03/2025-11-09,0.0,0.5707856168640939
10844,2025-11-08 09:20:00,2025-11-03/2025-11-09,0.0,0.24177931322697754
10847,2025-11-08 09:25:00,2025-11-03/2025-11-09,0.0,0.40067154354593787
10848,2025-11-08 09:27:00,2025-11-03/2025-11-09,0.0,0.2818530010846486
10850,2025-11-08 09:34:00,2025-11-03/2025-11-09,0.0,0.3164485359974511
10852,2025-11-08 09:37:00,2025-11-03/2025-11-09,0.0,0.31863063732874186
10854,2025-11-08 09:39:00,2025-11-03/2025-11-09,0.0,0.22168681864465087
10857,2025-11-08 09:48:00,2025-11-03/2025-11-09,0.0,0.4488432451158205
10859,2025-11-08 09:53:00,2025-11-03/2025-11-09,0.0,0.19640683774168377
10860,2025-11-08 09:54:00,2025-11-03/2025-11-09,0.0,0.3908382577155827
10864,2025-11-08 10:01:00,2025-11-03/2025-11-09,0.0,0.32138739520891063
10865,2025-11-08 10:03:00,2025-11-03/2025-11-09,0.0,0.4026149262057546
10868,2025-11-08 10:05:00,2025-11-03/2025-11-09,0.0,0.3045746200850036
10869,2025-11-08 10:09:00,2025-11-03/2025-11-09,0.0,0.34538462618604626
10870,2025-11-08 10:12:00,2025-11-03/2025-11-09,0.0,0.4050350516687216
10872,2025-11-08 10:20:00,2025-11-03/2025-11-09,0.0,0.560110043459683
10873,2025-11-08 10:22:00,2025-11-03/2025-11-09,0.0,0.2556607104223629
10875,2025-11-08 10:23:00,2025-11-03/2025-11-09,0.0,0.3231259282442697
10877,2025-11-08 10:34:00,2025-11-03/2025-11-09,0.0,0.40814722253732355
10878,2025-11-08 10:40:00,2025-11-03/2025-11-09,0.0,0.5168017627528393
10880,2025-11-08 10:42:00,2025-11-03/2025-11-09,0.0,0.4201830049758307
10882,2025-11-08 10:44:00,2025-11-03/2025-11-09,0.0,0.29853056428868957
10884,2025-11-08 10:46:00,2025-11-03/2025-11-09,0.0,0.46201926209188376
10885,2025-11-08 10:47:00,2025-11-03/2025-11-09,0.0,0.42687921073514423
10886,2025-11-08 10:50:00,2025-11-03/2025-11-09,0.0,0.16322951763380025
10887,2025-11-08 10:51:00,2025-11-03/2025-11-09,0.0,0.458425011550187
10888,2025-11-08 10:53:00,2025-11-03/2025-11-09,0.0,0.28033878669551293
10891,2025-11-08 10:55:00,2025-11-03/2025-11-09,0.0,0.4186469662722039
10892,2025-11-08 10:57:00,2025-11-03/2025-11-09,1.0,0.4531055757667662
10894,2025-11-08 10:59:00,2025-11-03/2025-11-09,0.0,0.29675008913098283
10897,2025-11-08 11:02:00,2025-11-03/2025-11-09,0.0,0.5364689998646187
10912,2025-11-08 11:13:00,2025-11-03/2025-11-09,0.0,0.3263887628307893
10915,2025-11-08 11:15:00,2025-11-03/2025-11-09,0.0,0.469544552714575
10918,2025-11-08 11:17:00,2025-11-03/2025-11-09,0.0,0.3141380353874241
10923,2025-11-08 11:21:00,2025-11-03/2025-11-09,0.0,0.32387875241079195
10928,2025-11-08 11:26:00,2025-11-03/2025-11-09,0.0,0.2923566786466779
10932,2025-11-08 11:29:00,2025-11-03/2025-11-09,0.0,0.5253464508059854
10940,2025-11-08 11:36:00,2025-11-03/2025-11-09,0.0,0.31509237564204856
10946,2025-11-08 11:41:00,2025-11-03/2025-11-09,0.0,0.33358805598750596
10948,2025-11-08 11:43:00,2025-11-03/2025-11-09,0.0,0.4216220389868095
10951,2025-11-08 11:46:00,2025-11-03/2025-11-09,0.0,0.26188951623585544
10969,2025-11-08 12:01:00,2025-11-03/2025-11-09,0.0,0.22977652882525074
10971,2025-11-08 12:03:00,2025-11-03/2025-11-09,0.0,0.227390444962763
10976,2025-11-08 12:10:00,2025-11-03/2025-11-09,0.0,0.36435566813805487
10977,2025-11-08 12:11:00,2025-11-03/2025-11-09,0.0,0.37182795216043535
10978,2025-11-08 12:16:00,2025-11-03/2025-11-09,0.0,0.3652332037364246
10981,2025-11-08 12:21:00,2025-11-03/2025-11-09,0.0,0.41742501135309235
10983,2025-11-08 12:22:00,2025-11-03/2025-11-09,0.0,0.3407043939576473
10986,2025-11-08 12:26:00,2025-11-03/2025-11-09,0.0,0.23346606410591791
10990,2025-11-08 12:30:00,2025-11-03/2025-11-09,0.0,0.23790951243568823
10992,2025-11-08 12:33:00,2025-11-03/2025-11-09,0.0,0.2785408320663967
10994,2025-11-08 12:35:00,2025-11-03/2025-11-09,0.0,0.4881050079988708
10995,2025-11-08 12:37:00,2025-11-03/2025-11-09,0.0,0.3673473344944232
10997,2025-11-08 12:52:00,2025-11-03/2025-11-09,0.0,0.30210710122768025
11013,2025-11-08 13:13:00,2025-11-03/2025-11-09,1.0,0.37971788508917115
11016,2025-11-08 13:19:00,2025-11-03/2025-11-09,0.0,0.38130313544060607
11017,2025-11-08 13:24:00,2025-11-03/2025-11-09,0.0,0.4676798754051693
11018,2025-11-08 13:28:00,2025-11-03/2025-11-09,0.0,0.4938983634554604
11020,2025-11-08 13:32:00,2025-11-03/2025-11-09,0.0,0.3983997364404477
11022,2025-11-08 13:34:00,2025-11-03/2025-11-09,0.0,0.5126058156081718
11023,2025-11-08 13:35:00,2025-11-03/2025-11-09,0.0,0.43695581708852205
11024,2025-11-08 13:36:00,2025-11-03/2025-11-09,0.0,0.260473198368134
11026,2025-11-08 13:41:00,2025-11-03/2025-11-09,0.0,0.5355479376519457
11027,2025-11-08 13:42:00,2025-11-03/2025-11-09,0.0,0.43158879461782196
11028,2025-11-08 13:50:00,2025-11-03/2025-11-09,0.0,0.27236649920347344
11029,2025-11-08 13:52:00,2025-11-03/2025-11-09,0.0,0.41044933481397844
11036,2025-11-08 14:06:00,2025-11-03/2025-11-09,0.0,0.2989458712553047
11037,2025-11-08 14:08:00,2025-11-03/2025-11-09,0.0,0.22771376565260645
11039,2025-11-08 14:12:00,2025-11-03/2025-11-09,1.0,0.5324860407508356
11040,2025-11-08 14:14:00,2025-11-03/2025-11-09,0.0,0.23401703669781745
11041,2025-11-08 14:16:00,2025-11-03/2025-11-09,0.0,0.31004754329999057
11042,2025-11-08 14:18:00,2025-11-03/2025-11-09,0.0,0.37804078415384695
11043,2025-11-08 14:21:00,2025-11-03/2025-11-09,0.0,0.2619270379776462
11044,2025-11-08 14:23:00,2025-11-03/2025-11-09,0.0,0.5013836777734711
11051,2025-11-08 14:31:00,2025-11-03/2025-11-09,0.0,0.4057857304584634
11052,2025-11-08 14:35:00,2025-11-03/2025-11-09,0.0,0.25621766733107726
11057,2025-11-08 14:38:00,2025-11-03/2025-11-09,0.0,0.3916413039160819
11061,2025-11-08 14:41:00,2025-11-03/2025-11-09,0.0,0.3996549855330409
11066,2025-11-08 14:44:00,2025-11-03/2025-11-09,0.0,0.47872401771653617
11069,2025-11-08 14:47:00,2025-11-03/2025-11-09,0.0,0.3433831100866982
11071,2025-11-08 14:49:00,2025-11-03/2025-11-09,0.0,0.5399754632470272
11073,2025-11-08 14:50:00,2025-11-03/2025-11-09,0.0,0.46224405952049197
11075,2025-11-08 14:52:00,2025-11-03/2025-11-09,0.0,0.49497868842688947
11079,2025-11-08 14:55:00,2025-11-03/2025-11-09,0.0,0.32584726074214626
11081,2025-11-08 14:57:00,2025-11-03/2025-11-09,0.0,0.3923068300713936
11085,2025-11-08 15:01:00,2025-11-03/2025-11-09,0.0,0.3701903001802203
11087,2025-11-08 15:02:00,2025-11-03/2025-11-09,1.0,0.5513673372469033
11089,2025-11-08 15:07:00,2025-11-03/2025-11-09,0.0,0.45248489946333836
11090,2025-11-08 15:19:00,2025-11-03/2025-11-09,1.0,0.4579364453466937
11092,2025-11-08 15:24:00,2025-11-03/2025-11-09,0.0,0.39808153587167683
11095,2025-11-08 15:30:00,2025-11-03/2025-11-09,0.0,0.4027933603963448
11097,2025-11-08 15:34:00,2025-11-03/2025-11-09,0.0,0.4330762380068635
11098,2025-11-08 15:35:00,2025-11-03/2025-11-09,0.0,0.4931366769879229
11105,2025-11-08 16:01:00,2025-11-03/2025-11-09,0.0,0.35913068733978737
11106,2025-11-08 16:04:00,2025-11-03/2025-11-09,0.0,0.38749806156249234
11108,2025-11-08 16:16:00,2025-11-03/2025-11-09,0.0,0.303627389023346
11109,2025-11-08 16:21:00,2025-11-03/2025-11-09,0.0,0.5799899429688963
11115,2025-11-08 16:59:00,2025-11-03/2025-11-09,0.0,0.2581765065619806
11116,2025-11-08 17:02:00,2025-11-03/2025-11-09,0.0,0.5615502991014326
11120,2025-11-08 17:14:00,2025-11-03/2025-11-09,0.0,0.5274730939410255
11123,2025-11-08 17:28:00,2025-11-03/2025-11-09,0.0,0.21813950320853298
11124,2025-11-08 17:29:00,2025-11-03/2025-11-09,0.0,0.39614326486269835
11131,2025-11-08 18:41:00,2025-11-03/2025-11-09,0.0,0.452191409889589
11132,2025-11-08 18:44:00,2025-11-03/2025-11-09,0.0,0.533675663695258
11134,2025-11-08 18:57:00,2025-11-03/2025-11-09,0.0,0.38711052885551345
11136,2025-11-08 19:15:00,2025-11-03/2025-11-09,1.0,0.3488660654973643
11141,2025-11-08 20:25:00,2025-11-03/2025-11-09,0.0,0.5371072086419277
11142,2025-11-08 20:27:00,2025-11-03/2025-11-09,0.0,0.2840091880503944
11143,2025-11-08 20:29:00,2025-11-03/2025-11-09,0.0,0.3846533526262625
11148,2025-11-10 21:28:00,2025-11-10/2025-11-16,1.0,0.47774194634952777
11149,2025-11-10 21:39:00,2025-11-10/2025-11-16,1.0,0.2613300699968748
11150,2025-11-10 22:48:00,2025-11-10/2025-11-16,1.0,0.2590499114973454
11151,2025-11-10 22:51:00,2025-11-10/2025-11-16,1.0,0.4097556754136887
11153,2025-11-11 00:07:00,2025-11-10/2025-11-16,1.0,0.46924651935165046
11160,2025-11-11 04:08:00,2025-11-10/2025-11-16,1.0,0.5687202999568464
11161,2025-11-11 04:09:00,2025-11-10/2025-11-16,1.0,0.3624745034648931
11162,2025-11-11 04:10:00,2025-11-10/2025-11-16,1.0,0.331821321379553
11164,2025-11-11 04:40:00,2025-11-10/2025-11-16,1.0,0.35808457692133877
11166,2025-11-11 05:41:00,2025-11-10/2025-11-16,1.0,0.4991333451949226
11167,2025-11-11 05:42:00,2025-11-10/2025-11-16,1.0,0.4599630513095669
11168,2025-11-11 05:53:00,2025-11-10/2025-11-16,1.0,0.3064712168558093
11174,2025-11-11 07:50:00,2025-11-10/2025-11-16,1.0,0.5893823976430511
11175,2025-11-11 07:58:00,2025-11-10/2025-11-16,1.0,0.4945178937347974
11176,2025-11-11 08:13:00,2025-11-10/2025-11-16,1.0,0.32115573116677193
11177,2025-11-11 08:25:00,2025-11-10/2025-11-16,1.0,0.5145683030963211
11184,2025-11-11 09:06:00,2025-11-10/2025-11-16,1.0,0.47353291679645715
11187,2025-11-11 09:35:00,2025-11-10/2025-11-16,1.0,0.5828339724970388
11188,2025-11-11 09:50:00,2025-11-10/2025-11-16,1.0,0.3753549725534789
11189,2025-11-11 09:54:00,2025-11-10/2025-11-16,1.0,0.5430701094465927
11191,2025-11-11 10:03:00,2025-11-10/2025-11-16,1.0,0.5444757934820084
11193,2025-11-11 10:36:00,2025-11-10/2025-11-16,1.0,0.42656260961142206
11195,2025-11-11 10:43:00,2025-11-10/2025-11-16,1.0,0.48334811904394853
11197,2025-11-11 11:18:00,2025-11-10/2025-11-16,1.0,0.5809735863361252
11201,2025-11-11 12:08:00,2025-11-10/2025-11-16,1.0,0.4475475312274418
11202,2025-11-11 12:09:00,2025-11-10/2025-11-16,1.0,0.4478020413932566
11204,2025-11-11 12:39:00,2025-11-10/2025-11-16,0.0,0.5666757179552087
11208,2025-11-11 13:23:00,2025-11-10/2025-11-16,1.0,0.3881999627494808
11209,2025-11-11 13:40:00,2025-11-10/2025-11-16,1.0,0.5295683577472327
11211,2025-11-11 13:42:00,2025-11-10/2025-11-16,0.0,0.4275837358696339
11212,2025-11-11 13:48:00,2025-11-10/2025-11-16,1.0,0.3147540575298539
11215,2025-11-11 15:44:00,2025-11-10/2025-11-16,1.0,0.45177203323893433
11219,2025-11-11 16:56:00,2025-11-10/2025-11-16,0.0,0.4044400917385576
11220,2025-11-11 17:08:00,2025-11-10/2025-11-16,1.0,0.3534847080720457
11222,2025-11-11 17:33:00,2025-11-10/2025-11-16,1.0,0.44046955779769903
11228,2025-11-11 18:31:00,2025-11-10/2025-11-16,0.0,0.4839990505819369
11230,2025-11-11 18:36:00,2025-11-10/2025-11-16,1.0,0.3321025985102756
11232,2025-11-11 18:47:00,2025-11-10/2025-11-16,1.0,0.40846730181739177
11237,2025-11-11 19:21:00,2025-11-10/2025-11-16,1.0,0.34126574890172373
11241,2025-11-11 20:06:00,2025-11-10/2025-11-16,1.0,0.48291861122190594
11243,2025-11-11 21:35:00,2025-11-10/2025-11-16,1.0,0.5033103942093382
11247,2025-11-11 22:22:00,2025-11-10/2025-11-16,1.0,0.48031400621800235
11257,2025-11-12 04:02:00,2025-11-10/2025-11-16,1.0,0.36509611246701434
11258,2025-11-12 04:06:00,2025-11-10/2025-11-16,1.0,0.4136012068037458
11261,2025-11-12 04:08:00,2025-11-10/2025-11-16,1.0,0.3760739384147343
11262,2025-11-12 04:38:00,2025-11-10/2025-11-16,1.0,0.3897691107263654
11263,2025-11-12 05:51:00,2025-11-10/2025-11-16,1.0,0.4260230181081111
11265,2025-11-12 07:01:00,2025-11-10/2025-11-16,1.0,0.5577548630692644
11266,2025-11-12 07:02:00,2025-11-10/2025-11-16,1.0,0.41750178282020894
11268,2025-11-12 07:56:00,2025-11-10/2025-11-16,1.0,0.482193219240993
11270,2025-11-12 08:25:00,2025-11-10/2025-11-16,1.0,0.5655588977673907
11271,2025-11-12 08:39:00,2025-11-10/2025-11-16,0.0,0.41355698199856694
11272,2025-11-12 08:43:00,2025-11-10/2025-11-16,0.0,0.3948941993561887
11273,2025-11-12 08:47:00,2025-11-10/2025-11-16,1.0,0.5132371618917501
11274,2025-11-12 09:18:00,2025-11-10/2025-11-16,1.0,0.28665142310959446
11275,2025-11-12 09:20:00,2025-11-10/2025-11-16,1.0,0.5433937717902964
11278,2025-11-12 09:45:00,2025-11-10/2025-11-16,0.0,0.3431456536494814
11284,2025-11-12 10:33:00,2025-11-10/2025-11-16,1.0,0.3538465089254351
11285,2025-11-12 10:35:00,2025-11-10/2025-11-16,0.0,0.5136886934639139
11287,2025-11-12 10:59:00,2025-11-10/2025-11-16,1.0,0.3539352650632591
11293,2025-11-12 11:17:00,2025-11-10/2025-11-16,1.0,0.5529158098663552
11298,2025-11-12 11:49:00,2025-11-10/2025-11-16,1.0,0.4408977370448691
11300,2025-11-12 11:50:00,2025-11-10/2025-11-16,1.0,0.45131628888644454
11302,2025-11-12 11:57:00,2025-11-10/2025-11-16,1.0,0.48548536083680516
11304,2025-11-12 12:06:00,2025-11-10/2025-11-16,1.0,0.4612532331497007
11307,2025-11-12 12:39:00,2025-11-10/2025-11-16,1.0,0.34800901968928355
11309,2025-11-12 12:53:00,2025-11-10/2025-11-16,1.0,0.3734792091733202
11314,2025-11-12 13:33:00,2025-11-10/2025-11-16,1.0,0.42936030249650164
11315,2025-11-12 13:51:00,2025-11-10/2025-11-16,1.0,0.5374633384786297
11316,2025-11-12 14:31:00,2025-11-10/2025-11-16,1.0,0.38264126828867756
11317,2025-11-12 15:16:00,2025-11-10/2025-11-16,1.0,0.4862024221472075
11324,2025-11-12 16:43:00,2025-11-10/2025-11-16,1.0,0.48093111728041016
11325,2025-11-12 17:05:00,2025-11-10/2025-11-16,1.0,0.35845996855867673
11326,2025-11-12 17:10:00,2025-11-10/2025-11-16,1.0,0.32179771026233694
11327,2025-11-12 17:19:00,2025-11-10/2025-11-16,1.0,0.41088873157453654
11329,2025-11-12 18:10:00,2025-11-10/2025-11-16,1.0,0.5614444181413635
11330,2025-11-12 18:41:00,2025-11-10/2025-11-16,1.0,0.5507649360870087
11342,2025-11-12 19:54:00,2025-11-10/2025-11-16,1.0,0.5066190711554559
11344,2025-11-12 20:17:00,2025-11-10/2025-11-16,1.0,0.4086934011494252
11345,2025-11-12 20:37:00,2025-11-10/2025-11-16,1.0,0.5180471253983536
11346,2025-11-12 20:43:00,2025-11-10/2025-11-16,1.0,0.5097258167155505
11349,2025-11-12 21:38:00,2025-11-10/2025-11-16,1.0,0.5224682664860357
11352,2025-11-12 22:14:00,2025-11-10/2025-11-16,1.0,0.5263249715826467
11354,2025-11-12 22:17:00,2025-11-10/2025-11-16,1.0,0.3618753231240299
11355,2025-11-12 22:18:00,2025-11-10/2025-11-16,1.0,0.41091323239651667
11362,2025-11-12 23:28:00,2025-11-10/2025-11-16,1.0,0.41314378834676074
11367,2025-11-13 02:00:00,2025-11-10/2025-11-16,1.0,0.16024963336706058
11370,2025-11-13 04:03:00,2025-11-10/2025-11-16,1.0,0.3369900246427925
11371,2025-11-13 04:04:00,2025-11-10/2025-11-16,1.0,0.29985011199070283
11372,2025-11-13 04:06:00,2025-11-10/2025-11-16,0.0,0.3865192640210561
11373,2025-11-13 04:07:00,2025-11-10/2025-11-16,1.0,0.322474937440087
11387,2025-11-13 04:18:00,2025-11-10/2025-11-16,1.0,0.5434551718205185
11397,2025-11-13 04:26:00,2025-11-10/2025-11-16,1.0,0.42969221277346054
11398,2025-11-13 04:48:00,2025-11-10/2025-11-16,1.0,0.2503961934633912
11399,2025-11-13 04:49:00,2025-11-10/2025-11-16,1.0,0.45711890875413624
11403,2025-11-13 06:23:00,2025-11-10/2025-11-16,1.0,0.5180710762990968
11404,2025-11-13 06:31:00,2025-11-10/2025-11-16,1.0,0.6616605817644713
11405,2025-11-13 06:41:00,2025-11-10/2025-11-16,1.0,0.3022747311645593
11407,2025-11-13 07:07:00,2025-11-10/2025-11-16,1.0,0.2976587030976989
11412,2025-11-13 09:32:00,2025-11-10/2025-11-16,1.0,0.4667035558455791
11415,2025-11-13 11:09:00,2025-11-10/2025-11-16,1.0,0.40491255337214793
11416,2025-11-13 11:32:00,2025-11-10/2025-11-16,1.0,0.28704585753102274
11420,2025-11-13 11:59:00,2025-11-10/2025-11-16,1.0,0.5402388202094826
11422,2025-11-13 12:15:00,2025-11-10/2025-11-16,1.0,0.5328417469836131
11424,2025-11-13 13:27:00,2025-11-10/2025-11-16,1.0,0.20775398030876563
11426,2025-11-13 14:00:00,2025-11-10/2025-11-16,1.0,0.45394894687432824
11429,2025-11-13 14:41:00,2025-11-10/2025-11-16,1.0,0.44951664241474043
11432,2025-11-13 15:49:00,2025-11-10/2025-11-16,0.0,0.5016665170850361
11433,2025-11-13 15:51:00,2025-11-10/2025-11-16,1.0,0.3840962807122706
11435,2025-11-13 16:12:00,2025-11-10/2025-11-16,1.0,0.17777604710912187
11436,2025-11-13 16:15:00,2025-11-10/2025-11-16,1.0,0.19456522183530064
11437,2025-11-13 16:20:00,2025-11-10/2025-11-16,1.0,0.49084845359587065
11438,2025-11-13 16:25:00,2025-11-10/2025-11-16,1.0,0.2831718933265603
11447,2025-11-13 18:13:00,2025-11-10/2025-11-16,1.0,0.4738757653057767
11449,2025-11-13 18:28:00,2025-11-10/2025-11-16,1.0,0.29659401252733575
11452,2025-11-13 18:39:00,2025-11-10/2025-11-16,1.0,0.2634623383902467
11453,2025-11-13 19:15:00,2025-11-10/2025-11-16,1.0,0.2537901282321332
11456,2025-11-13 19:56:00,2025-11-10/2025-11-16,1.0,0.3246539692944324
11457,2025-11-13 20:20:00,2025-11-10/2025-11-16,1.0,0.4631089888134792
11463,2025-11-13 20:52:00,2025-11-10/2025-11-16,1.0,0.47390371644056956
11469,2025-11-13 23:11:00,2025-11-10/2025-11-16,1.0,0.3479169095872848
11470,2025-11-13 23:23:00,2025-11-10/2025-11-16,1.0,0.5285207943983563
11472,2025-11-13 23:31:00,2025-11-10/2025-11-16,1.0,0.2398731802482705
11473,2025-11-13 23:35:00,2025-11-10/2025-11-16,1.0,0.3230740744599549
11476,2025-11-14 00:34:00,2025-11-10/2025-11-16,1.0,0.2990282934484138
11477,2025-11-14 01:11:00,2025-11-10/2025-11-16,1.0,0.4676408691487513
11478,2025-11-14 01:35:00,2025-11-10/2025-11-16,1.0,0.4938158560592689
11499,2025-11-14 03:10:00,2025-11-10/2025-11-16,1.0,0.37887291983797955
11521,2025-11-14 04:05:00,2025-11-10/2025-11-16,1.0,0.5594527972567461
11522,2025-11-14 04:06:00,2025-11-10/2025-11-16,1.0,0.396721130175076
11523,2025-11-14 04:07:00,2025-11-10/2025-11-16,0.0,0.6351357191432239
11534,2025-11-14 05:01:00,2025-11-10/2025-11-16,1.0,0.3082155311017582
11537,2025-11-14 05:46:00,2025-11-10/2025-11-16,1.0,0.38268842224987204
11538,2025-11-14 06:11:00,2025-11-10/2025-11-16,1.0,0.27873378935118087
11540,2025-11-14 06:22:00,2025-11-10/2025-11-16,1.0,0.5177636486257512
11541,2025-11-14 06:46:00,2025-11-10/2025-11-16,1.0,0.22407809046862112
11545,2025-11-14 07:59:00,2025-11-10/2025-11-16,1.0,0.4380081349699572
11546,2025-11-14 08:16:00,2025-11-10/2025-11-16,1.0,0.30735421311070316
11550,2025-11-14 08:53:00,2025-11-10/2025-11-16,1.0,0.2707768582985777
11551,2025-11-14 08:56:00,2025-11-10/2025-11-16,1.0,0.40128785636276476
11555,2025-11-14 09:31:00,2025-11-10/2025-11-16,1.0,0.5233206798829032
11556,2025-11-14 10:13:00,2025-11-10/2025-11-16,1.0,0.3644068707105282
11557,2025-11-14 10:14:00,2025-11-10/2025-11-16,1.0,0.45704151219318084
11560,2025-11-14 10:28:00,2025-11-10/2025-11-16,1.0,0.40607799930843874
11561,2025-11-14 10:33:00,2025-11-10/2025-11-16,0.0,0.39974796001455015
11563,2025-11-14 11:00:00,2025-11-10/2025-11-16,1.0,0.28993953673974
11564,2025-11-14 11:05:00,2025-11-10/2025-11-16,1.0,0.4765218820296846
11567,2025-11-14 11:17:00,2025-11-10/2025-11-16,1.0,0.2319007855560979
11568,2025-11-14 11:23:00,2025-11-10/2025-11-16,1.0,0.48941166288287286
11570,2025-11-14 11:28:00,2025-11-10/2025-11-16,1.0,0.2774998525649124
11571,2025-11-14 11:30:00,2025-11-10/2025-11-16,1.0,0.2964447674053022
11573,2025-11-14 11:33:00,2025-11-10/2025-11-16,1.0,0.501190133995087
11592,2025-11-14 12:13:00,2025-11-10/2025-11-16,1.0,0.3281078583922237
11593,2025-11-14 12:16:00,2025-11-10/2025-11-16,1.0,0.5180659391147203
11594,2025-11-14 12:35:00,2025-11-10/2025-11-16,1.0,0.47354265162806763
11596,2025-11-14 12:51:00,2025-11-10/2025-11-16,1.0,0.5720487553546572
11597,2025-11-14 12:54:00,2025-11-10/2025-11-16,1.0,0.3300823228202242
11599,2025-11-14 13:04:00,2025-11-10/2025-11-16,1.0,0.24131758096920922
11602,2025-11-14 13:14:00,2025-11-10/2025-11-16,1.0,0.33851580676774007
11603,2025-11-14 13:24:00,2025-11-10/2025-11-16,1.0,0.429297309937016
11604,2025-11-14 13:25:00,2025-11-10/2025-11-16,1.0,0.5233206798829032
11608,2025-11-14 13:39:00,2025-11-10/2025-11-16,1.0,0.477210445786175
11609,2025-11-14 13:42:00,2025-11-10/2025-11-16,1.0,0.41398425489006235
11614,2025-11-14 14:34:00,2025-11-10/2025-11-16,1.0,0.48628252973792946
11615,2025-11-14 14:50:00,2025-11-10/2025-11-16,1.0,0.3963985582801019
11616,2025-11-14 14:51:00,2025-11-10/2025-11-16,1.0,0.4204293357747803
11625,2025-11-14 15:52:00,2025-11-10/2025-11-16,1.0,0.45256751119358457
11626,2025-11-14 15:55:00,2025-11-10/2025-11-16,1.0,0.3148913732081186
11629,2025-11-14 16:04:00,2025-11-10/2025-11-16,1.0,0.43837813270948267
11631,2025-11-14 16:10:00,2025-11-10/2025-11-16,1.0,0.2729279443233146
11633,2025-11-14 16:28:00,2025-11-10/2025-11-16,1.0,0.2621376408800447
11635,2025-11-14 16:30:00,2025-11-10/2025-11-16,1.0,0.3626949791075804
11637,2025-11-14 16:33:00,2025-11-10/2025-11-16,1.0,0.4155161121622726
11644,2025-11-14 16:50:00,2025-11-10/2025-11-16,1.0,0.47405055442924854
11651,2025-11-14 17:15:00,2025-11-10/2025-11-16,1.0,0.33059741605789883
11654,2025-11-14 17:41:00,2025-11-10/2025-11-16,1.0,0.3045469882333401
11656,2025-11-14 17:45:00,2025-11-10/2025-11-16,1.0,0.3324061789201757
11658,2025-11-14 17:52:00,2025-11-10/2025-11-16,1.0,0.24875052609494497
11660,2025-11-14 18:02:00,2025-11-10/2025-11-16,1.0,0.5327870061822951
11664,2025-11-14 18:37:00,2025-11-10/2025-11-16,1.0,0.3895919788750889
11668,2025-11-14 19:06:00,2025-11-10/2025-11-16,1.0,0.4427063848732534
11674,2025-11-14 19:44:00,2025-11-10/2025-11-16,1.0,0.2395462875469866
11675,2025-11-14 20:03:00,2025-11-10/2025-11-16,1.0,0.4059809324646721
11676,2025-11-14 20:13:00,2025-11-10/2025-11-16,1.0,0.3830288952038284
11678,2025-11-14 20:15:00,2025-11-10/2025-11-16,1.0,0.514855829690958
11680,2025-11-14 20:16:00,2025-11-10/2025-11-16,1.0,0.4651727034134745
11681,2025-11-14 20:20:00,2025-11-10/2025-11-16,1.0,0.5046693641307742
11682,2025-11-14 20:24:00,2025-11-10/2025-11-16,1.0,0.32863859330247575
11686,2025-11-14 20:43:00,2025-11-10/2025-11-16,1.0,0.4150750101507138
11688,2025-11-14 21:35:00,2025-11-10/2025-11-16,1.0,0.2690579533736851
11699,2025-11-14 23:38:00,2025-11-10/2025-11-16,1.0,0.46254939250504523
11700,2025-11-14 23:43:00,2025-11-10/2025-11-16,1.0,0.2860184249340062
11701,2025-11-14 23:52:00,2025-11-10/2025-11-16,1.0,0.2885994042964726
11704,2025-11-15 00:02:00,2025-11-10/2025-11-16,1.0,0.19422273129339399
11705,2025-11-15 00:14:00,2025-11-10/2025-11-16,1.0,0.4456996628084337
11712,2025-11-15 01:03:00,2025-11-10/2025-11-16,1.0,0.5424821807099219
11713,2025-11-15 01:04:00,2025-11-10/2025-11-16,1.0,0.27116177907625566
11715,2025-11-15 01:14:00,2025-11-10/2025-11-16,1.0,0.496016254815483
11717,2025-11-15 01:40:00,2025-11-10/2025-11-16,1.0,0.21928641499536866
11724,2025-11-15 02:11:00,2025-11-10/2025-11-16,1.0,0.2918730541655772
11727,2025-11-15 02:37:00,2025-11-10/2025-11-16,1.0,0.332467072508538
11728,2025-11-15 02:38:00,2025-11-10/2025-11-16,1.0,0.2724550636456355
11729,2025-11-15 02:49:00,2025-11-10/2025-11-16,1.0,0.5146482851219518
11730,2025-11-15 02:54:00,2025-11-10/2025-11-16,1.0,0.21113287028598512
11732,2025-11-15 03:39:00,2025-11-10/2025-11-16,1.0,0.6150606604622242
11751,2025-11-15 04:05:00,2025-11-10/2025-11-16,1.0,0.3795019373079573
11752,2025-11-15 04:06:00,2025-11-10/2025-11-16,1.0,0.3185562841513682
11753,2025-11-15 04:07:00,2025-11-10/2025-11-16,1.0,0.4744058241621757
11755,2025-11-15 04:09:00,2025-11-10/2025-11-16,1.0,0.4224070168006098
11756,2025-11-15 04:10:00,2025-11-10/2025-11-16,1.0,0.27262259389751253
11757,2025-11-15 04:11:00,2025-11-10/2025-11-16,1.0,0.4591631845557099
11759,2025-11-15 04:14:00,2025-11-10/2025-11-16,1.0,0.43746324820572824
11761,2025-11-15 04:16:00,2025-11-10/2025-11-16,1.0,0.39390430011820604
11763,2025-11-15 04:18:00,2025-11-10/2025-11-16,1.0,0.35421038659378234
11764,2025-11-15 04:19:00,2025-11-10/2025-11-16,1.0,0.36287328895026616
11768,2025-11-15 04:22:00,2025-11-10/2025-11-16,1.0,0.58689914739741
11770,2025-11-15 04:24:00,2025-11-10/2025-11-16,1.0,0.3039120541729126
11778,2025-11-15 04:30:00,2025-11-10/2025-11-16,1.0,0.40219859619722903
11785,2025-11-15 04:38:00,2025-11-10/2025-11-16,1.0,0.29254084378095685
11791,2025-11-15 04:43:00,2025-11-10/2025-11-16,1.0,0.35160407155802825
11804,2025-11-15 04:55:00,2025-11-10/2025-11-16,0.0,0.602123574346493
11805,2025-11-15 05:09:00,2025-11-10/2025-11-16,1.0,0.3762448939874925
11807,2025-11-15 05:13:00,2025-11-10/2025-11-16,1.0,0.40602302093849835
11809,2025-11-15 05:16:00,2025-11-10/2025-11-16,1.0,0.3539028005134108
11810,2025-11-15 05:24:00,2025-11-10/2025-11-16,1.0,0.5372593910954918
11812,2025-11-15 05:34:00,2025-11-10/2025-11-16,1.0,0.34181104536893975
11818,2025-11-15 06:05:00,2025-11-10/2025-11-16,1.0,0.3528664730672829
11820,2025-11-15 06:07:00,2025-11-10/2025-11-16,1.0,0.31153783354852926
11822,2025-11-15 06:08:00,2025-11-10/2025-11-16,0.0,0.5065078205507519
11827,2025-11-15 06:12:00,2025-11-10/2025-11-16,1.0,0.4132854406591301
11835,2025-11-15 06:19:00,2025-11-10/2025-11-16,1.0,0.5977305018676925
11841,2025-11-15 06:24:00,2025-11-10/2025-11-16,1.0,0.23830942020398846
11844,2025-11-15 06:26:00,2025-11-10/2025-11-16,1.0,0.4146342958542573
11862,2025-11-15 06:41:00,2025-11-10/2025-11-16,1.0,0.23581867619802382
11865,2025-11-15 06:43:00,2025-11-10/2025-11-16,1.0,0.31398083640140817
11868,2025-11-15 06:46:00,2025-11-10/2025-11-16,1.0,0.43411660505544397
11872,2025-11-15 06:49:00,2025-11-10/2025-11-16,1.0,0.2153009449904405
11880,2025-11-15 06:56:00,2025-11-10/2025-11-16,1.0,0.34752711147306403
11882,2025-11-15 06:57:00,2025-11-10/2025-11-16,1.0,0.287808716492749
11911,2025-11-15 07:18:00,2025-11-10/2025-11-16,1.0,0.36150338366499557
11912,2025-11-15 07:19:00,2025-11-10/2025-11-16,1.0,0.4756058236113145
11915,2025-11-15 07:21:00,2025-11-10/2025-11-16,1.0,0.5898789270331534
11920,2025-11-15 07:25:00,2025-11-10/2025-11-16,1.0,0.2585537878582508
11965,2025-11-15 07:57:00,2025-11-10/2025-11-16,1.0,0.27376848149390975
11972,2025-11-15 08:03:00,2025-11-10/2025-11-16,1.0,0.4238017418149341
11975,2025-11-15 08:06:00,2025-11-10/2025-11-16,1.0,0.48852340604512345
11982,2025-11-15 08:12:00,2025-11-10/2025-11-16,1.0,0.23702542864556903
11989,2025-11-15 08:18:00,2025-11-10/2025-11-16,1.0,0.44027256844425106
11991,2025-11-15 08:20:00,2025-11-10/2025-11-16,1.0,0.29767856660627506
11995,2025-11-15 08:23:00,2025-11-10/2025-11-16,1.0,0.3183639512048175
12000,2025-11-15 08:28:00,2025-11-10/2025-11-16,1.0,0.26905131092885354
12007,2025-11-15 08:33:00,2025-11-10/2025-11-16,0.0,0.5538504160812456
12022,2025-11-15 08:46:00,2025-11-10/2025-11-16,1.0,0.3317896391481997
12063,2025-11-15 09:18:00,2025-11-10/2025-11-16,1.0,0.40216376436456286
12077,2025-11-15 09:30:00,2025-11-10/2025-11-16,1.0,0.18888920202495882
12129,2025-11-15 10:07:00,2025-11-10/2025-11-16,1.0,0.6064534345639176
12134,2025-11-15 10:11:00,2025-11-10/2025-11-16,1.0,0.44011437962953626
12157,2025-11-15 10:29:00,2025-11-10/2025-11-16,1.0,0.43007852747987285
12170,2025-11-15 10:39:00,2025-11-10/2025-11-16,1.0,0.23637656921716263
12177,2025-11-15 10:44:00,2025-11-10/2025-11-16,1.0,0.4175232500121678
12182,2025-11-15 10:55:00,2025-11-10/2025-11-16,1.0,0.37550218790124196
12187,2025-11-15 11:08:00,2025-11-10/2025-11-16,1.0,0.2921302695626289
12188,2025-11-15 11:09:00,2025-11-10/2025-11-16,1.0,0.36686533524159154
12190,2025-11-15 11:09:00,2025-11-10/2025-11-16,1.0,0.33416817039813423
12191,2025-11-15 11:12:00,2025-11-10/2025-11-16,1.0,0.42037941236030324
12192,2025-11-15 11:15:00,2025-11-10/2025-11-16,1.0,0.31418315931676916
12193,2025-11-15 11:20:00,2025-11-10/2025-11-16,1.0,0.4391237110264124
12196,2025-11-15 11:31:00,2025-11-10/2025-11-16,1.0,0.1807737788859411
12197,2025-11-15 11:32:00,2025-11-10/2025-11-16,1.0,0.4196156157669648
12198,2025-11-15 11:36:00,2025-11-10/2025-11-16,1.0,0.47363393290867145
12200,2025-11-15 11:38:00,2025-11-10/2025-11-16,1.0,0.4300375444839973
12201,2025-11-15 11:40:00,2025-11-10/2025-11-16,1.0,0.25403851465285987
12202,2025-11-15 11:41:00,2025-11-10/2025-11-16,1.0,0.3264839476705066
12203,2025-11-15 11:43:00,2025-11-10/2025-11-16,1.0,0.5464562539854737
12204,2025-11-15 11:44:00,2025-11-10/2025-11-16,1.0,0.17445511006455502
12205,2025-11-15 11:45:00,2025-11-10/2025-11-16,1.0,0.3002244803029288
12207,2025-11-15 11:47:00,2025-11-10/2025-11-16,1.0,0.41312123652199295
12209,2025-11-15 11:48:00,2025-11-10/2025-11-16,1.0,0.5021479140277181
12210,2025-11-15 11:49:00,2025-11-10/2025-11-16,1.0,0.19688748700165665
12211,2025-11-15 11:51:00,2025-11-10/2025-11-16,1.0,0.29717449253763767
12212,2025-11-15 11:52:00,2025-11-10/2025-11-16,1.0,0.32626209048736626
12216,2025-11-15 12:05:00,2025-11-10/2025-11-16,1.0,0.394148403961383
12217,2025-11-15 12:06:00,2025-11-10/2025-11-16,1.0,0.6112501628479826
12218,2025-11-15 12:07:00,2025-11-10/2025-11-16,1.0,0.5180710762990968
12220,2025-11-15 12:15:00,2025-11-10/2025-11-16,1.0,0.4923676598216593
12222,2025-11-15 12:20:00,2025-11-10/2025-11-16,1.0,0.17574650996936614
12223,2025-11-15 12:23:00,2025-11-10/2025-11-16,1.0,0.47687952297585695
12224,2025-11-15 12:31:00,2025-11-10/2025-11-16,1.0,0.2905385667369211
12233,2025-11-15 12:38:00,2025-11-10/2025-11-16,1.0,0.5045261808094255
12235,2025-11-15 12:40:00,2025-11-10/2025-11-16,1.0,0.26986627001393726
12237,2025-11-15 12:42:00,2025-11-10/2025-11-16,1.0,0.2914434821244883
12239,2025-11-15 12:44:00,2025-11-10/2025-11-16,1.0,0.5259081990375082
12245,2025-11-15 12:49:00,2025-11-10/2025-11-16,1.0,0.338211148846591
12250,2025-11-15 12:53:00,2025-11-10/2025-11-16,1.0,0.3165841238737178
12260,2025-11-15 13:00:00,2025-11-10/2025-11-16,1.0,0.44197709820132375
12261,2025-11-15 13:02:00,2025-11-10/2025-11-16,1.0,0.4693947652784109
12263,2025-11-15 13:04:00,2025-11-10/2025-11-16,1.0,0.5627798993894747
12265,2025-11-15 13:05:00,2025-11-10/2025-11-16,1.0,0.5048426184354428
12268,2025-11-15 13:12:00,2025-11-10/2025-11-16,0.0,0.3894662614588541
12274,2025-11-15 13:45:00,2025-11-10/2025-11-16,1.0,0.5433455938913336
12275,2025-11-15 13:56:00,2025-11-10/2025-11-16,1.0,0.429297309937016
12280,2025-11-15 14:05:00,2025-11-10/2025-11-16,1.0,0.28364861811193176
12282,2025-11-15 14:14:00,2025-11-10/2025-11-16,1.0,0.4771458737489716
12283,2025-11-15 14:18:00,2025-11-10/2025-11-16,1.0,0.2289334353631943
12285,2025-11-15 14:38:00,2025-11-10/2025-11-16,1.0,0.5365315023764325
12288,2025-11-15 15:07:00,2025-11-10/2025-11-16,1.0,0.31905637567130624
12289,2025-11-15 15:20:00,2025-11-10/2025-11-16,1.0,0.31070502813863493
12300,2025-11-15 15:31:00,2025-11-10/2025-11-16,1.0,0.5045946439202023
12317,2025-11-15 17:33:00,2025-11-10/2025-11-16,1.0,0.518828123913935
12334,2025-11-15 18:07:00,2025-11-10/2025-11-16,1.0,0.5094421022669898
12336,2025-11-15 18:09:00,2025-11-10/2025-11-16,1.0,0.5525277488005916
12369,2025-11-15 18:36:00,2025-11-10/2025-11-16,1.0,0.32460416201293874
12452,2025-11-15 20:15:00,2025-11-10/2025-11-16,1.0,0.28922301882633544
12491,2025-11-15 20:50:00,2025-11-10/2025-11-16,1.0,0.38223196517610986
12492,2025-11-15 20:55:00,2025-11-10/2025-11-16,1.0,0.5028792473103099
12495,2025-11-15 21:09:00,2025-11-10/2025-11-16,0.0,0.23797706531624221
12505,2025-11-15 23:15:00,2025-11-10/2025-11-16,1.0,0.24772969956115573
12509,2025-11-15 23:49:00,2025-11-10/2025-11-16,1.0,0.315871804268416
12510,2025-11-15 23:51:00,2025-11-10/2025-11-16,1.0,0.42329017148162057
12511,2025-11-15 23:53:00,2025-11-10/2025-11-16,1.0,0.3280215032464103
12515,2025-11-16 00:22:00,2025-11-10/2025-11-16,1.0,0.5311951595502117
12516,2025-11-16 00:43:00,2025-11-10/2025-11-16,1.0,0.2798889875631871
12518,2025-11-16 00:44:00,2025-11-10/2025-11-16,1.0,0.2172502677855166
12528,2025-11-16 02:35:00,2025-11-10/2025-11-16,1.0,0.2732379147510463
12529,2025-11-16 02:59:00,2025-11-10/2025-11-16,1.0,0.332540846680039
12531,2025-11-16 03:04:00,2025-11-10/2025-11-16,1.0,0.22449667646461496
12532,2025-11-16 03:11:00,2025-11-10/2025-11-16,0.0,0.2607478152258116
12533,2025-11-16 03:31:00,2025-11-10/2025-11-16,1.0,0.37277181782922214
12537,2025-11-16 11:15:00,2025-11-10/2025-11-16,1.0,0.34320974605732546
12538,2025-11-16 11:17:00,2025-11-10/2025-11-16,1.0,0.3561345469690757
12540,2025-11-16 11:18:00,2025-11-10/2025-11-16,1.0,0.33868940395343855
12544,2025-11-16 11:26:00,2025-11-10/2025-11-16,1.0,0.2808241174679906
12547,2025-11-16 11:42:00,2025-11-10/2025-11-16,1.0,0.3310179480621049
12548,2025-11-16 11:45:00,2025-11-10/2025-11-16,1.0,0.5425230460914993
12550,2025-11-16 11:47:00,2025-11-10/2025-11-16,1.0,0.47067773310609035
12553,2025-11-16 11:50:00,2025-11-10/2025-11-16,1.0,0.40307661409990164
12554,2025-11-16 11:52:00,2025-11-10/2025-11-16,1.0,0.42900583808643883
12558,2025-11-16 12:01:00,2025-11-10/2025-11-16,1.0,0.4241159042819547
12562,2025-11-16 12:08:00,2025-11-10/2025-11-16,1.0,0.20852819918380497
12564,2025-11-16 12:14:00,2025-11-10/2025-11-16,1.0,0.3526651017352632
12567,2025-11-16 12:24:00,2025-11-10/2025-11-16,1.0,0.17197956800020817
12569,2025-11-16 12:30:00,2025-11-10/2025-11-16,1.0,0.2962123919819641
12570,2025-11-16 12:33:00,2025-11-10/2025-11-16,1.0,0.2148363885599279
12572,2025-11-16 12:43:00,2025-11-10/2025-11-16,1.0,0.41779827268860337
12582,2025-11-16 13:27:00,2025-11-10/2025-11-16,1.0,0.3591091241882406
12596,2025-11-16 13:59:00,2025-11-10/2025-11-16,1.0,0.37733127561136687
12598,2025-11-16 14:11:00,2025-11-10/2025-11-16,0.0,0.3855057879098129
12600,2025-11-16 14:20:00,2025-11-10/2025-11-16,0.0,0.5619466374637461
12605,2025-11-16 14:33:00,2025-11-10/2025-11-16,1.0,0.5211349960121776
12606,2025-11-16 14:35:00,2025-11-10/2025-11-16,1.0,0.3763560410764067
12608,2025-11-16 14:38:00,2025-11-10/2025-11-16,1.0,0.3763560410764067
12609,2025-11-16 14:43:00,2025-11-10/2025-11-16,1.0,0.5048664213091804
12610,2025-11-16 14:46:00,2025-11-10/2025-11-16,1.0,0.27342225017204796
12611,2025-11-16 14:48:00,2025-11-10/2025-11-16,1.0,0.5187567687087979
12613,2025-11-16 14:55:00,2025-11-10/2025-11-16,1.0,0.32291980513189705
12615,2025-11-16 15:03:00,2025-11-10/2025-11-16,1.0,0.37665892929757755
12616,2025-11-16 15:05:00,2025-11-10/2025-11-16,1.0,0.2422102387753603
12619,2025-11-16 15:07:00,2025-11-10/2025-11-16,1.0,0.2422102387753603
12620,2025-11-16 15:12:00,2025-11-10/2025-11-16,1.0,0.3925063898242116
12627,2025-11-16 15:47:00,2025-11-10/2025-11-16,1.0,0.5282972166114157
12631,2025-11-16 16:38:00,2025-11-10/2025-11-16,1.0,0.2597249847644389
12633,2025-11-16 20:13:00,2025-11-10/2025-11-16,1.0,0.4662694572524907
12634,2025-11-16 20:50:00,2025-11-10/2025-11-16,1.0,0.3701037029943138
12638,2025-11-16 22:33:00,2025-11-10/2025-11-16,1.0,0.2766005414766909
12643,2025-11-16 23:37:00,2025-11-10/2025-11-16,1.0,0.5113192710587688
12645,2025-11-17 00:02:00,2025-11-17/2025-11-23,1.0,0.6679551510945455
12647,2025-11-17 00:48:00,2025-11-17/2025-11-23,0.0,0.4472631790982028
12648,2025-11-17 01:00:00,2025-11-17/2025-11-23,0.0,0.42650921441296336
12649,2025-11-17 01:30:00,2025-11-17/2025-11-23,0.0,0.2608071599840369
12652,2025-11-17 01:41:00,2025-11-17/2025-11-23,1.0,0.5652411444615771
12653,2025-11-17 04:03:00,2025-11-17/2025-11-23,0.0,0.5804145008290502
12655,2025-11-17 04:08:00,2025-11-17/2025-11-23,0.0,0.3609625020311426
12658,2025-11-17 06:08:00,2025-11-17/2025-11-23,0.0,0.4650388833225875
12660,2025-11-17 06:21:00,2025-11-17/2025-11-23,0.0,0.40566965208901395
12661,2025-11-17 07:00:00,2025-11-17/2025-11-23,0.0,0.5334933745260563
12662,2025-11-17 07:21:00,2025-11-17/2025-11-23,0.0,0.5058344176799314
12663,2025-11-17 09:27:00,2025-11-17/2025-11-23,0.0,0.16820150749051363
12666,2025-11-17 09:42:00,2025-11-17/2025-11-23,0.0,0.457524016967605
12669,2025-11-17 09:56:00,2025-11-17/2025-11-23,0.0,0.4519474768523496
12674,2025-11-17 10:17:00,2025-11-17/2025-11-23,0.0,0.40606440296773155
12677,2025-11-17 11:20:00,2025-11-17/2025-11-23,0.0,0.32219154234833103
12679,2025-11-17 11:31:00,2025-11-17/2025-11-23,1.0,0.23431744428154405
12681,2025-11-17 12:06:00,2025-11-17/2025-11-23,0.0,0.4567814295679068
12682,2025-11-17 12:11:00,2025-11-17/2025-11-23,0.0,0.33851173529074524
12685,2025-11-17 12:56:00,2025-11-17/2025-11-23,0.0,0.36646593294570723
12687,2025-11-17 13:34:00,2025-11-17/2025-11-23,0.0,0.3365158098670282
12688,2025-11-17 13:38:00,2025-11-17/2025-11-23,1.0,0.3605444712254092
12690,2025-11-17 13:57:00,2025-11-17/2025-11-23,0.0,0.5211646640009617
12692,2025-11-17 14:09:00,2025-11-17/2025-11-23,0.0,0.20702505918449654
12693,2025-11-17 14:27:00,2025-11-17/2025-11-23,0.0,0.62932405510639
12694,2025-11-17 14:28:00,2025-11-17/2025-11-23,0.0,0.41907371800952814
12695,2025-11-17 14:44:00,2025-11-17/2025-11-23,0.0,0.4769575890597349
12696,2025-11-17 14:55:00,2025-11-17/2025-11-23,0.0,0.40353928393518745
12699,2025-11-17 15:58:00,2025-11-17/2025-11-23,0.0,0.3613716441918964
12700,2025-11-17 16:04:00,2025-11-17/2025-11-23,0.0,0.3137848493513885
12704,2025-11-17 18:02:00,2025-11-17/2025-11-23,0.0,0.501023493183708
12714,2025-11-17 19:56:00,2025-11-17/2025-11-23,0.0,0.24823115307669266
12715,2025-11-17 20:14:00,2025-11-17/2025-11-23,0.0,0.36643932721851447
12716,2025-11-17 20:32:00,2025-11-17/2025-11-23,1.0,0.5733711504393936
12717,2025-11-17 20:43:00,2025-11-17/2025-11-23,0.0,0.4115871197021692
12722,2025-11-17 23:12:00,2025-11-17/2025-11-23,0.0,0.18965262875129407
12725,2025-11-17 23:37:00,2025-11-17/2025-11-23,0.0,0.36363057956512934
12726,2025-11-18 00:05:00,2025-11-17/2025-11-23,0.0,0.440046097281242
12730,2025-11-18 00:29:00,2025-11-17/2025-11-23,0.0,0.30648131100442205
12732,2025-11-18 01:19:00,2025-11-17/2025-11-23,0.0,0.156854267066738
12740,2025-11-18 04:03:00,2025-11-17/2025-11-23,0.0,0.3707512861981913
12741,2025-11-18 04:06:00,2025-11-17/2025-11-23,1.0,0.3135976179754914
12743,2025-11-18 04:08:00,2025-11-17/2025-11-23,0.0,0.44475941084232773
12744,2025-11-18 04:09:00,2025-11-17/2025-11-23,0.0,0.429289312550192
12745,2025-11-18 04:30:00,2025-11-17/2025-11-23,0.0,0.4874313953611939
12746,2025-11-18 04:36:00,2025-11-17/2025-11-23,0.0,0.40716496692197535
12749,2025-11-18 05:21:00,2025-11-17/2025-11-23,1.0,0.5402195046081462
12750,2025-11-18 06:21:00,2025-11-17/2025-11-23,0.0,0.18524526221215382
12763,2025-11-18 07:12:00,2025-11-17/2025-11-23,0.0,0.4022361825195507
12764,2025-11-18 07:13:00,2025-11-17/2025-11-23,0.0,0.4908578878581069
12766,2025-11-18 07:28:00,2025-11-17/2025-11-23,0.0,0.3632166609760568
12769,2025-11-18 07:54:00,2025-11-17/2025-11-23,0.0,0.4580410419948114
12770,2025-11-18 07:59:00,2025-11-17/2025-11-23,0.0,0.22734633261891304
12772,2025-11-18 08:16:00,2025-11-17/2025-11-23,0.0,0.3531183803180658
12774,2025-11-18 08:56:00,2025-11-17/2025-11-23,0.0,0.6083720466844598
12777,2025-11-18 09:22:00,2025-11-17/2025-11-23,0.0,0.5534345957703829
12778,2025-11-18 09:46:00,2025-11-17/2025-11-23,0.0,0.3133870886327247
12779,2025-11-18 10:06:00,2025-11-17/2025-11-23,0.0,0.22612343142648964
12781,2025-11-18 10:51:00,2025-11-17/2025-11-23,0.0,0.44392377453959186
12783,2025-11-18 11:09:00,2025-11-17/2025-11-23,1.0,0.38437230304938363
12784,2025-11-18 11:14:00,2025-11-17/2025-11-23,0.0,0.40533371730614326
12787,2025-11-18 11:31:00,2025-11-17/2025-11-23,1.0,0.3811368967415749
12790,2025-11-18 11:36:00,2025-11-17/2025-11-23,0.0,0.3977295503060034
12792,2025-11-18 11:54:00,2025-11-17/2025-11-23,0.0,0.37619811197572883
12794,2025-11-18 12:34:00,2025-11-17/2025-11-23,0.0,0.41105997427159463
12814,2025-11-18 13:48:00,2025-11-17/2025-11-23,1.0,0.35583075463719266
12815,2025-11-18 13:49:00,2025-11-17/2025-11-23,0.0,0.2904166757999263
12816,2025-11-18 14:53:00,2025-11-17/2025-11-23,0.0,0.36765477069289937
12817,2025-11-18 14:56:00,2025-11-17/2025-11-23,0.0,0.3485134840746173
12819,2025-11-18 15:12:00,2025-11-17/2025-11-23,1.0,0.4021542235167189
12824,2025-11-18 15:58:00,2025-11-17/2025-11-23,1.0,0.41749153593564287
12840,2025-11-18 16:33:00,2025-11-17/2025-11-23,1.0,0.43191876816703145
12842,2025-11-18 17:06:00,2025-11-17/2025-11-23,0.0,0.5244654502208645
12843,2025-11-18 17:14:00,2025-11-17/2025-11-23,1.0,0.3291666308387681
12865,2025-11-18 18:59:00,2025-11-17/2025-11-23,0.0,0.3884786698992892
12867,2025-11-18 19:38:00,2025-11-17/2025-11-23,0.0,0.38293152359682214
12868,2025-11-18 19:43:00,2025-11-17/2025-11-23,0.0,0.25895241412452324
12869,2025-11-18 19:49:00,2025-11-17/2025-11-23,0.0,0.48022469466486484
12874,2025-11-18 22:18:00,2025-11-17/2025-11-23,1.0,0.544704959511585
12881,2025-11-19 04:48:00,2025-11-17/2025-11-23,0.0,0.3904464195546888
12882,2025-11-19 05:12:00,2025-11-17/2025-11-23,0.0,0.36881346354183075
12884,2025-11-19 05:35:00,2025-11-17/2025-11-23,1.0,0.5213726954801802
12890,2025-11-19 06:19:00,2025-11-17/2025-11-23,0.0,0.26995365319308284
12892,2025-11-19 06:41:00,2025-11-17/2025-11-23,1.0,0.48898212742606845
12914,2025-11-19 10:30:00,2025-11-17/2025-11-23,0.0,0.39198440876122664
12915,2025-11-19 11:18:00,2025-11-17/2025-11-23,0.0,0.42716777801459443
12917,2025-11-19 11:37:00,2025-11-17/2025-11-23,0.0,0.4355262819750642
12924,2025-11-19 13:08:00,2025-11-17/2025-11-23,0.0,0.4417251519379956
12926,2025-11-19 13:17:00,2025-11-17/2025-11-23,0.0,0.33480114569673264
12927,2025-11-19 13:31:00,2025-11-17/2025-11-23,0.0,0.28994906802680476
12929,2025-11-19 13:44:00,2025-11-17/2025-11-23,1.0,0.4730196427903
12930,2025-11-19 13:45:00,2025-11-17/2025-11-23,0.0,0.18562969033504514
12931,2025-11-19 13:46:00,2025-11-17/2025-11-23,0.0,0.37782841351305524
12932,2025-11-19 14:14:00,2025-11-17/2025-11-23,0.0,0.354335758583747
12934,2025-11-19 14:19:00,2025-11-17/2025-11-23,0.0,0.4228635925357601
12937,2025-11-19 14:28:00,2025-11-17/2025-11-23,0.0,0.2727206121197276
12942,2025-11-19 14:40:00,2025-11-17/2025-11-23,0.0,0.4863086499638593
12949,2025-11-19 15:56:00,2025-11-17/2025-11-23,1.0,0.44876617556035425
12950,2025-11-19 16:53:00,2025-11-17/2025-11-23,0.0,0.23699215470164203
12951,2025-11-19 17:14:00,2025-11-17/2025-11-23,1.0,0.43954019692934987
12956,2025-11-19 18:28:00,2025-11-17/2025-11-23,0.0,0.2849447860209837
12959,2025-11-19 18:53:00,2025-11-17/2025-11-23,0.0,0.43996985784715376
12960,2025-11-19 19:13:00,2025-11-17/2025-11-23,0.0,0.32086216826986724
12964,2025-11-19 19:32:00,2025-11-17/2025-11-23,1.0,0.4869394771753896
12969,2025-11-19 20:04:00,2025-11-17/2025-11-23,0.0,0.34656723909302384
12970,2025-11-19 20:16:00,2025-11-17/2025-11-23,0.0,0.3955768623983621
12978,2025-11-19 22:15:00,2025-11-17/2025-11-23,0.0,0.4167621463022573
12982,2025-11-19 23:52:00,2025-11-17/2025-11-23,1.0,0.45058404900435906
12990,2025-11-20 02:33:00,2025-11-17/2025-11-23,0.0,0.23102549101909153
12991,2025-11-20 02:35:00,2025-11-17/2025-11-23,0.0,0.2343626945993735
12997,2025-11-20 04:27:00,2025-11-17/2025-11-23,0.0,0.2421915108565325
12999,2025-11-20 05:43:00,2025-11-17/2025-11-23,0.0,0.32984583513888077
13004,2025-11-20 07:00:00,2025-11-17/2025-11-23,0.0,0.3797205852834607
13005,2025-11-20 07:02:00,2025-11-17/2025-11-23,0.0,0.5057533818409603
13006,2025-11-20 07:13:00,2025-11-17/2025-11-23,0.0,0.5093248875314815
13011,2025-11-20 07:40:00,2025-11-17/2025-11-23,0.0,0.25358345671079974
13012,2025-11-20 08:01:00,2025-11-17/2025-11-23,0.0,0.20243632465654052
13018,2025-11-20 08:54:00,2025-11-17/2025-11-23,0.0,0.4291201485183284
13024,2025-11-20 10:01:00,2025-11-17/2025-11-23,0.0,0.39260204494289713
13025,2025-11-20 10:31:00,2025-11-17/2025-11-23,1.0,0.5245858334129493
13026,2025-11-20 10:42:00,2025-11-17/2025-11-23,1.0,0.36416868090806026
13027,2025-11-20 11:02:00,2025-11-17/2025-11-23,0.0,0.3402220964547448
13032,2025-11-20 11:38:00,2025-11-17/2025-11-23,0.0,0.2861345568534101
13033,2025-11-20 11:43:00,2025-11-17/2025-11-23,0.0,0.4523855281817345
13034,2025-11-20 11:44:00,2025-11-17/2025-11-23,0.0,0.3823084649730468
13041,2025-11-20 12:06:00,2025-11-17/2025-11-23,0.0,0.5172532292753802
13043,2025-11-20 12:32:00,2025-11-17/2025-11-23,0.0,0.33525695536693156
13044,2025-11-20 12:45:00,2025-11-17/2025-11-23,0.0,0.26764801611565103
13046,2025-11-20 13:00:00,2025-11-17/2025-11-23,1.0,0.5020215272510328
13047,2025-11-20 13:01:00,2025-11-17/2025-11-23,0.0,0.4966144553521194
13050,2025-11-20 14:12:00,2025-11-17/2025-11-23,0.0,0.43034442930075933
13051,2025-11-20 14:25:00,2025-11-17/2025-11-23,0.0,0.3676595775228771
13052,2025-11-20 14:32:00,2025-11-17/2025-11-23,0.0,0.30696436262066834
13053,2025-11-20 14:45:00,2025-11-17/2025-11-23,0.0,0.3764871910298703
13055,2025-11-20 15:25:00,2025-11-17/2025-11-23,0.0,0.24839577934770915
13056,2025-11-20 15:26:00,2025-11-17/2025-11-23,1.0,0.43447537400567576
13058,2025-11-20 15:31:00,2025-11-17/2025-11-23,0.0,0.2775761401092375
13059,2025-11-20 15:33:00,2025-11-17/2025-11-23,0.0,0.3883363860422269
13061,2025-11-20 16:00:00,2025-11-17/2025-11-23,1.0,0.5970686600410845
13064,2025-11-20 16:49:00,2025-11-17/2025-11-23,1.0,0.3916933746848091
13065,2025-11-20 17:00:00,2025-11-17/2025-11-23,0.0,0.4077615998693477
13068,2025-11-20 17:21:00,2025-11-17/2025-11-23,0.0,0.28813339215594036
13069,2025-11-20 17:27:00,2025-11-17/2025-11-23,0.0,0.49970730423729265
13070,2025-11-20 17:36:00,2025-11-17/2025-11-23,0.0,0.39429932106120813
13071,2025-11-20 18:09:00,2025-11-17/2025-11-23,0.0,0.3670157548739525
13072,2025-11-20 18:10:00,2025-11-17/2025-11-23,1.0,0.35849362146297137
13075,2025-11-20 19:28:00,2025-11-17/2025-11-23,0.0,0.38495402809947826
13077,2025-11-20 19:30:00,2025-11-17/2025-11-23,0.0,0.4514808112297978
13078,2025-11-20 20:11:00,2025-11-17/2025-11-23,0.0,0.4819121101897167
13079,2025-11-20 20:19:00,2025-11-17/2025-11-23,0.0,0.25208884299731193
13080,2025-11-20 20:32:00,2025-11-17/2025-11-23,0.0,0.37014446910958543
13082,2025-11-20 20:53:00,2025-11-17/2025-11-23,0.0,0.3326486547301184
13083,2025-11-20 20:58:00,2025-11-17/2025-11-23,1.0,0.49606550816753464
13090,2025-11-20 23:14:00,2025-11-17/2025-11-23,0.0,0.33736965640940697
13091,2025-11-20 23:35:00,2025-11-17/2025-11-23,0.0,0.351052664908461
13092,2025-11-20 23:39:00,2025-11-17/2025-11-23,1.0,0.4002961665904653
13093,2025-11-20 23:40:00,2025-11-17/2025-11-23,0.0,0.2826204262192912
13094,2025-11-20 23:46:00,2025-11-17/2025-11-23,0.0,0.3464029979156809
13096,2025-11-21 00:24:00,2025-11-17/2025-11-23,0.0,0.36627042505903634
13102,2025-11-21 02:38:00,2025-11-17/2025-11-23,0.0,0.3633567776913783
13106,2025-11-21 04:05:00,2025-11-17/2025-11-23,0.0,0.4562032504928796
13107,2025-11-21 04:06:00,2025-11-17/2025-11-23,0.0,0.40128180872958
13108,2025-11-21 04:07:00,2025-11-17/2025-11-23,0.0,0.3510673329909746
13109,2025-11-21 04:08:00,2025-11-17/2025-11-23,0.0,0.41074110023955646
13110,2025-11-21 04:10:00,2025-11-17/2025-11-23,0.0,0.32376086433859685
13111,2025-11-21 04:11:00,2025-11-17/2025-11-23,0.0,0.2683006421235294
13112,2025-11-21 04:12:00,2025-11-17/2025-11-23,0.0,0.40167239549950207
13113,2025-11-21 04:13:00,2025-11-17/2025-11-23,0.0,0.48858793722542937
13114,2025-11-21 04:15:00,2025-11-17/2025-11-23,0.0,0.31408511348542717
13115,2025-11-21 04:16:00,2025-11-17/2025-11-23,0.0,0.44868043543392583
13116,2025-11-21 04:20:00,2025-11-17/2025-11-23,0.0,0.442441421640181
13117,2025-11-21 04:22:00,2025-11-17/2025-11-23,1.0,0.535304770527611
13120,2025-11-21 04:41:00,2025-11-17/2025-11-23,0.0,0.31982973863594005
13121,2025-11-21 04:43:00,2025-11-17/2025-11-23,0.0,0.2893833644323825
13122,2025-11-21 04:45:00,2025-11-17/2025-11-23,0.0,0.2968316182750808
13123,2025-11-21 05:00:00,2025-11-17/2025-11-23,0.0,0.264485084477934
13124,2025-11-21 05:01:00,2025-11-17/2025-11-23,0.0,0.3077636505519039
13127,2025-11-21 05:25:00,2025-11-17/2025-11-23,0.0,0.3517827090161586
13132,2025-11-21 06:11:00,2025-11-17/2025-11-23,0.0,0.5069102489198488
13133,2025-11-21 06:27:00,2025-11-17/2025-11-23,0.0,0.48401605046640817
13135,2025-11-21 06:30:00,2025-11-17/2025-11-23,0.0,0.5002194156287394
13142,2025-11-21 06:49:00,2025-11-17/2025-11-23,0.0,0.5353453858864471
13145,2025-11-21 07:03:00,2025-11-17/2025-11-23,0.0,0.4888712570684426
13146,2025-11-21 07:14:00,2025-11-17/2025-11-23,0.0,0.49467667990244923
13147,2025-11-21 07:18:00,2025-11-17/2025-11-23,0.0,0.4285435270220424
13152,2025-11-21 07:44:00,2025-11-17/2025-11-23,0.0,0.35694801395630715
13153,2025-11-21 07:46:00,2025-11-17/2025-11-23,0.0,0.3295130422283532
13155,2025-11-21 07:50:00,2025-11-17/2025-11-23,1.0,0.42581119995240463
13156,2025-11-21 07:51:00,2025-11-17/2025-11-23,1.0,0.3125902580572488
13158,2025-11-21 07:59:00,2025-11-17/2025-11-23,0.0,0.5565790191573334
13162,2025-11-21 08:16:00,2025-11-17/2025-11-23,0.0,0.321140458700004
13163,2025-11-21 08:21:00,2025-11-17/2025-11-23,0.0,0.20457191583815026
13164,2025-11-21 08:24:00,2025-11-17/2025-11-23,0.0,0.20766372442744177
13165,2025-11-21 08:34:00,2025-11-17/2025-11-23,0.0,0.33987920179613895
13167,2025-11-21 08:46:00,2025-11-17/2025-11-23,1.0,0.3850310675563998
13168,2025-11-21 08:50:00,2025-11-17/2025-11-23,1.0,0.4939666139453386
13169,2025-11-21 08:53:00,2025-11-17/2025-11-23,0.0,0.2434026790046803
13170,2025-11-21 08:57:00,2025-11-17/2025-11-23,0.0,0.20609345204205146
13171,2025-11-21 08:58:00,2025-11-17/2025-11-23,0.0,0.2038819349342171
13173,2025-11-21 09:07:00,2025-11-17/2025-11-23,0.0,0.5373736662772622
13182,2025-11-21 09:43:00,2025-11-17/2025-11-23,0.0,0.35042504929676904
13183,2025-11-21 09:46:00,2025-11-17/2025-11-23,0.0,0.4425618013667223
13187,2025-11-21 10:00:00,2025-11-17/2025-11-23,1.0,0.34945472010811596
13188,2025-11-21 10:02:00,2025-11-17/2025-11-23,0.0,0.455304204138376
13194,2025-11-21 10:34:00,2025-11-17/2025-11-23,0.0,0.4254098848276294
13203,2025-11-21 10:55:00,2025-11-17/2025-11-23,0.0,0.35050206533134715
13205,2025-11-21 11:08:00,2025-11-17/2025-11-23,0.0,0.3440773441845421
13211,2025-11-21 13:54:00,2025-11-17/2025-11-23,0.0,0.38963964630371606
13218,2025-11-21 14:51:00,2025-11-17/2025-11-23,0.0,0.32259657254585383
13219,2025-11-21 14:52:00,2025-11-17/2025-11-23,0.0,0.3081960557069174
13220,2025-11-21 14:54:00,2025-11-17/2025-11-23,0.0,0.31251552562716395
13224,2025-11-21 15:20:00,2025-11-17/2025-11-23,0.0,0.38456323519771585
13230,2025-11-21 16:00:00,2025-11-17/2025-11-23,0.0,0.3403267935030459
13231,2025-11-21 16:02:00,2025-11-17/2025-11-23,0.0,0.24302708375339344
13233,2025-11-21 16:05:00,2025-11-17/2025-11-23,0.0,0.33152099322544365
13247,2025-11-21 16:33:00,2025-11-17/2025-11-23,0.0,0.20915265976553893
13250,2025-11-21 16:35:00,2025-11-17/2025-11-23,0.0,0.27763778816163825
13253,2025-11-21 16:38:00,2025-11-17/2025-11-23,0.0,0.2681336896155238
13276,2025-11-21 16:58:00,2025-11-17/2025-11-23,0.0,0.32008046837467363
13277,2025-11-21 17:00:00,2025-11-17/2025-11-23,1.0,0.5215961062120622
13294,2025-11-21 17:32:00,2025-11-17/2025-11-23,0.0,0.49215004414468244
13297,2025-11-21 17:40:00,2025-11-17/2025-11-23,0.0,0.39640902449699084
13299,2025-11-21 17:46:00,2025-11-17/2025-11-23,1.0,0.5469039225193406
13300,2025-11-21 17:58:00,2025-11-17/2025-11-23,0.0,0.2997077954861232
13303,2025-11-21 18:30:00,2025-11-17/2025-11-23,1.0,0.4957156695131722
13305,2025-11-21 18:33:00,2025-11-17/2025-11-23,1.0,0.3466201266051846
13306,2025-11-21 18:35:00,2025-11-17/2025-11-23,1.0,0.3466201266051846
13307,2025-11-21 18:41:00,2025-11-17/2025-11-23,0.0,0.41420680820549677
13309,2025-11-21 18:49:00,2025-11-17/2025-11-23,1.0,0.4031604991491283
13310,2025-11-21 18:51:00,2025-11-17/2025-11-23,0.0,0.32240939768304727
13311,2025-11-21 18:52:00,2025-11-17/2025-11-23,0.0,0.4287660529716065
13315,2025-11-21 19:03:00,2025-11-17/2025-11-23,1.0,0.37848463060051174
13316,2025-11-21 19:06:00,2025-11-17/2025-11-23,0.0,0.2671100281798851
13321,2025-11-21 19:11:00,2025-11-17/2025-11-23,1.0,0.4042939409931554
13326,2025-11-21 19:38:00,2025-11-17/2025-11-23,0.0,0.4306964805796255
13331,2025-11-21 20:13:00,2025-11-17/2025-11-23,0.0,0.4657134883451813
13332,2025-11-21 20:14:00,2025-11-17/2025-11-23,0.0,0.2838235537747363
13333,2025-11-21 20:16:00,2025-11-17/2025-11-23,0.0,0.2826656119262131
13335,2025-11-21 20:20:00,2025-11-17/2025-11-23,0.0,0.3623170890764627
13336,2025-11-21 20:33:00,2025-11-17/2025-11-23,0.0,0.3390329427091679
13339,2025-11-21 20:36:00,2025-11-17/2025-11-23,1.0,0.3827771876268912
13342,2025-11-21 21:01:00,2025-11-17/2025-11-23,1.0,0.389886875150967
13348,2025-11-21 21:21:00,2025-11-17/2025-11-23,0.0,0.3497881272751258
13349,2025-11-21 21:23:00,2025-11-17/2025-11-23,0.0,0.27462908694660426
13351,2025-11-21 21:30:00,2025-11-17/2025-11-23,0.0,0.3449280372679483
13353,2025-11-21 21:41:00,2025-11-17/2025-11-23,0.0,0.418996007862238
13354,2025-11-21 21:43:00,2025-11-17/2025-11-23,0.0,0.3448497967083641
13358,2025-11-21 21:50:00,2025-11-17/2025-11-23,0.0,0.29171728222011867
13360,2025-11-21 22:10:00,2025-11-17/2025-11-23,0.0,0.2772651707428159
13362,2025-11-21 22:18:00,2025-11-17/2025-11-23,0.0,0.5685607156899337
13365,2025-11-21 22:44:00,2025-11-17/2025-11-23,0.0,0.2696055011293396
13379,2025-11-21 23:15:00,2025-11-17/2025-11-23,0.0,0.4887543681781819
13380,2025-11-21 23:17:00,2025-11-17/2025-11-23,0.0,0.38049407314155026
13383,2025-11-22 00:01:00,2025-11-17/2025-11-23,0.0,0.4399137608006416
13388,2025-11-22 00:22:00,2025-11-17/2025-11-23,0.0,0.20237069062250085
13389,2025-11-22 00:23:00,2025-11-17/2025-11-23,0.0,0.4195784739744724
13395,2025-11-22 01:13:00,2025-11-17/2025-11-23,0.0,0.24518992240433365
13396,2025-11-22 01:14:00,2025-11-17/2025-11-23,0.0,0.4990930871798016
13398,2025-11-22 01:15:00,2025-11-17/2025-11-23,0.0,0.4661129494952837
13399,2025-11-22 01:16:00,2025-11-17/2025-11-23,0.0,0.2902075736809541
13400,2025-11-22 01:17:00,2025-11-17/2025-11-23,0.0,0.4403124197360966
13401,2025-11-22 01:18:00,2025-11-17/2025-11-23,0.0,0.4633198503158179
13404,2025-11-22 01:32:00,2025-11-17/2025-11-23,0.0,0.3632387550253999
13405,2025-11-22 01:33:00,2025-11-17/2025-11-23,0.0,0.49987940030711164
13408,2025-11-22 02:02:00,2025-11-17/2025-11-23,0.0,0.5696854039320676
13409,2025-11-22 02:13:00,2025-11-17/2025-11-23,0.0,0.3839887040474487
13411,2025-11-22 02:20:00,2025-11-17/2025-11-23,0.0,0.22730676988290552
13412,2025-11-22 02:22:00,2025-11-17/2025-11-23,0.0,0.4031105835295433
13415,2025-11-22 02:41:00,2025-11-17/2025-11-23,0.0,0.4484309686866043
13416,2025-11-22 02:42:00,2025-11-17/2025-11-23,0.0,0.21588441175674994
13417,2025-11-22 02:49:00,2025-11-17/2025-11-23,0.0,0.46338327750646646
13418,2025-11-22 02:53:00,2025-11-17/2025-11-23,0.0,0.23614406295340898
13419,2025-11-22 03:05:00,2025-11-17/2025-11-23,0.0,0.5050697150402509
13424,2025-11-22 03:24:00,2025-11-17/2025-11-23,0.0,0.23610893883737236
13425,2025-11-22 03:26:00,2025-11-17/2025-11-23,0.0,0.34489726343079646
13426,2025-11-22 03:27:00,2025-11-17/2025-11-23,0.0,0.27543434311803205
13428,2025-11-22 03:35:00,2025-11-17/2025-11-23,0.0,0.5295226434868938
13429,2025-11-22 04:01:00,2025-11-17/2025-11-23,0.0,0.3756612657063271
13430,2025-11-22 04:02:00,2025-11-17/2025-11-23,0.0,0.3237887949109285
13432,2025-11-22 04:04:00,2025-11-17/2025-11-23,0.0,0.4832220275968086
13436,2025-11-22 04:07:00,2025-11-17/2025-11-23,0.0,0.5340047671948283
13438,2025-11-22 04:09:00,2025-11-17/2025-11-23,1.0,0.48860882638179226
13439,2025-11-22 04:10:00,2025-11-17/2025-11-23,0.0,0.45230597606078915
13440,2025-11-22 04:13:00,2025-11-17/2025-11-23,0.0,0.30936541707315957
13441,2025-11-22 04:14:00,2025-11-17/2025-11-23,0.0,0.3158575342783481
13444,2025-11-22 04:16:00,2025-11-17/2025-11-23,0.0,0.42156585077287273
13446,2025-11-22 04:17:00,2025-11-17/2025-11-23,0.0,0.3158319379129743
13447,2025-11-22 04:19:00,2025-11-17/2025-11-23,0.0,0.4306365513591479
13452,2025-11-22 04:26:00,2025-11-17/2025-11-23,0.0,0.5411879117372626
13460,2025-11-22 04:35:00,2025-11-17/2025-11-23,0.0,0.1959287733800491
13472,2025-11-22 04:45:00,2025-11-17/2025-11-23,0.0,0.4442496857557245
13486,2025-11-22 04:59:00,2025-11-17/2025-11-23,1.0,0.3799668712146891
13488,2025-11-22 05:01:00,2025-11-17/2025-11-23,0.0,0.42829980058068073
13500,2025-11-22 06:00:00,2025-11-17/2025-11-23,0.0,0.27195006830371105
13502,2025-11-22 06:01:00,2025-11-17/2025-11-23,0.0,0.4916539660770694
13504,2025-11-22 06:03:00,2025-11-17/2025-11-23,0.0,0.4127392285607564
13507,2025-11-22 06:07:00,2025-11-17/2025-11-23,0.0,0.34531371386084203
13509,2025-11-22 06:11:00,2025-11-17/2025-11-23,0.0,0.33430107655113817
13510,2025-11-22 06:13:00,2025-11-17/2025-11-23,0.0,0.516792512058325
13512,2025-11-22 06:14:00,2025-11-17/2025-11-23,0.0,0.20441898556495594
13513,2025-11-22 06:15:00,2025-11-17/2025-11-23,0.0,0.42113342940237
13515,2025-11-22 06:19:00,2025-11-17/2025-11-23,0.0,0.46475905551114655
13516,2025-11-22 06:21:00,2025-11-17/2025-11-23,0.0,0.33014799976131787
13518,2025-11-22 06:28:00,2025-11-17/2025-11-23,0.0,0.5347892511169102
13519,2025-11-22 06:30:00,2025-11-17/2025-11-23,0.0,0.4386734686598522
13521,2025-11-22 06:33:00,2025-11-17/2025-11-23,0.0,0.38741754477230766
13523,2025-11-22 06:35:00,2025-11-17/2025-11-23,0.0,0.3279127418976246
13525,2025-11-22 06:37:00,2025-11-17/2025-11-23,0.0,0.3322234328433431
13527,2025-11-22 06:38:00,2025-11-17/2025-11-23,0.0,0.430235292410222
13530,2025-11-22 06:39:00,2025-11-17/2025-11-23,0.0,0.23534742638820905
13532,2025-11-22 06:42:00,2025-11-17/2025-11-23,1.0,0.4259517862463558
13533,2025-11-22 06:46:00,2025-11-17/2025-11-23,0.0,0.5315794255665751
13536,2025-11-22 06:59:00,2025-11-17/2025-11-23,0.0,0.25619084700597833
13537,2025-11-22 06:59:00,2025-11-17/2025-11-23,0.0,0.36554875181732716
13540,2025-11-22 07:02:00,2025-11-17/2025-11-23,0.0,0.23874112861757102
13542,2025-11-22 07:11:00,2025-11-17/2025-11-23,0.0,0.5750334838569933
13544,2025-11-22 07:15:00,2025-11-17/2025-11-23,0.0,0.39171025475017596
13545,2025-11-22 07:16:00,2025-11-17/2025-11-23,0.0,0.24799363511131645
13548,2025-11-22 07:19:00,2025-11-17/2025-11-23,0.0,0.5910767977737634
13549,2025-11-22 07:22:00,2025-11-17/2025-11-23,0.0,0.39477427662348447
13551,2025-11-22 07:24:00,2025-11-17/2025-11-23,0.0,0.46475905551114655
13555,2025-11-22 07:32:00,2025-11-17/2025-11-23,0.0,0.5389408092388882
13557,2025-11-22 07:44:00,2025-11-17/2025-11-23,0.0,0.4734147374284248
13560,2025-11-22 07:55:00,2025-11-17/2025-11-23,0.0,0.3829848987911081
13561,2025-11-22 07:58:00,2025-11-17/2025-11-23,0.0,0.4222900959119107
13562,2025-11-22 08:01:00,2025-11-17/2025-11-23,0.0,0.3944343395550986
13563,2025-11-22 08:03:00,2025-11-17/2025-11-23,0.0,0.4685917364789014
13564,2025-11-22 08:09:00,2025-11-17/2025-11-23,0.0,0.3608448017917185
13565,2025-11-22 08:11:00,2025-11-17/2025-11-23,0.0,0.29649181278257525
13567,2025-11-22 08:13:00,2025-11-17/2025-11-23,0.0,0.5800949540669202
13568,2025-11-22 08:15:00,2025-11-17/2025-11-23,0.0,0.41525803850100323
13571,2025-11-22 08:17:00,2025-11-17/2025-11-23,0.0,0.48507358344127444
13573,2025-11-22 08:20:00,2025-11-17/2025-11-23,0.0,0.42882565184856336
13575,2025-11-22 08:23:00,2025-11-17/2025-11-23,0.0,0.31674420114685375
13577,2025-11-22 08:26:00,2025-11-17/2025-11-23,0.0,0.5517056628159401
13580,2025-11-22 08:36:00,2025-11-17/2025-11-23,0.0,0.48069257704416013
13582,2025-11-22 08:55:00,2025-11-17/2025-11-23,0.0,0.4426643440881344
13584,2025-11-22 08:57:00,2025-11-17/2025-11-23,0.0,0.5309806097441448
13585,2025-11-22 08:58:00,2025-11-17/2025-11-23,0.0,0.30366995808359937
13588,2025-11-22 09:20:00,2025-11-17/2025-11-23,0.0,0.4222838343191611
13592,2025-11-22 09:41:00,2025-11-17/2025-11-23,0.0,0.5387855663739667
13593,2025-11-22 09:42:00,2025-11-17/2025-11-23,0.0,0.45709554365870814
13594,2025-11-22 09:44:00,2025-11-17/2025-11-23,0.0,0.4534797439962288
13595,2025-11-22 09:46:00,2025-11-17/2025-11-23,0.0,0.3870970276737778
13597,2025-11-22 09:54:00,2025-11-17/2025-11-23,0.0,0.5041157948675058
13598,2025-11-22 10:01:00,2025-11-17/2025-11-23,0.0,0.35559200051404644
13601,2025-11-22 10:12:00,2025-11-17/2025-11-23,0.0,0.4318707226819727
13602,2025-11-22 10:14:00,2025-11-17/2025-11-23,0.0,0.4683246247597601
13604,2025-11-22 10:15:00,2025-11-17/2025-11-23,0.0,0.26652847103329086
13605,2025-11-22 10:21:00,2025-11-17/2025-11-23,0.0,0.2652541500355515
13607,2025-11-22 10:25:00,2025-11-17/2025-11-23,0.0,0.42095247482349485
13608,2025-11-22 10:29:00,2025-11-17/2025-11-23,0.0,0.3686008616151837
13609,2025-11-22 10:32:00,2025-11-17/2025-11-23,0.0,0.30601075009937634
13612,2025-11-22 10:54:00,2025-11-17/2025-11-23,0.0,0.5730464589582949
13613,2025-11-22 10:58:00,2025-11-17/2025-11-23,0.0,0.34015152258589265
13614,2025-11-22 11:00:00,2025-11-17/2025-11-23,0.0,0.4537704823418086
13615,2025-11-22 11:02:00,2025-11-17/2025-11-23,0.0,0.39793878231158025
13618,2025-11-22 11:07:00,2025-11-17/2025-11-23,0.0,0.3190896083355516
13619,2025-11-22 11:09:00,2025-11-17/2025-11-23,0.0,0.29337396549751515
13620,2025-11-22 11:10:00,2025-11-17/2025-11-23,0.0,0.46475905551114655
13622,2025-11-22 11:16:00,2025-11-17/2025-11-23,0.0,0.47439745565476815
13624,2025-11-22 11:17:00,2025-11-17/2025-11-23,0.0,0.32363912767971464
13625,2025-11-22 11:18:00,2025-11-17/2025-11-23,0.0,0.4190171201719142
13626,2025-11-22 11:19:00,2025-11-17/2025-11-23,0.0,0.47804413265796825
13627,2025-11-22 11:22:00,2025-11-17/2025-11-23,0.0,0.5800515903299767
13628,2025-11-22 11:24:00,2025-11-17/2025-11-23,1.0,0.3295130422283532
13629,2025-11-22 11:25:00,2025-11-17/2025-11-23,0.0,0.3236746266707848
13631,2025-11-22 11:27:00,2025-11-17/2025-11-23,1.0,0.4304998275196187
13633,2025-11-22 11:34:00,2025-11-17/2025-11-23,0.0,0.30757692321100466
13634,2025-11-22 11:35:00,2025-11-17/2025-11-23,0.0,0.511475485703725
13635,2025-11-22 11:36:00,2025-11-17/2025-11-23,0.0,0.3190896083355516
13636,2025-11-22 11:40:00,2025-11-17/2025-11-23,0.0,0.4785517743725273
13639,2025-11-22 11:48:00,2025-11-17/2025-11-23,0.0,0.16524335826998085
13640,2025-11-22 11:51:00,2025-11-17/2025-11-23,0.0,0.4831960729408295
13641,2025-11-22 11:54:00,2025-11-17/2025-11-23,1.0,0.35708538366522524
13644,2025-11-22 11:57:00,2025-11-17/2025-11-23,0.0,0.42095247482349485
13647,2025-11-22 12:04:00,2025-11-17/2025-11-23,0.0,0.503822333736651
13648,2025-11-22 12:05:00,2025-11-17/2025-11-23,0.0,0.43724759400714286
13649,2025-11-22 12:09:00,2025-11-17/2025-11-23,0.0,0.4043107007711789
13653,2025-11-22 12:19:00,2025-11-17/2025-11-23,0.0,0.45635276278565795
13654,2025-11-22 12:21:00,2025-11-17/2025-11-23,0.0,0.29389851297736286
13655,2025-11-22 12:22:00,2025-11-17/2025-11-23,0.0,0.42325365721536734
13656,2025-11-22 12:23:00,2025-11-17/2025-11-23,0.0,0.40569543574155537
13669,2025-11-22 12:34:00,2025-11-17/2025-11-23,0.0,0.35895436915834616
13671,2025-11-22 12:35:00,2025-11-17/2025-11-23,1.0,0.5898428747423783
13672,2025-11-22 12:39:00,2025-11-17/2025-11-23,0.0,0.5262226926938873
13673,2025-11-22 12:40:00,2025-11-17/2025-11-23,0.0,0.29013323110514017
13675,2025-11-22 12:42:00,2025-11-17/2025-11-23,0.0,0.22938200830045716
13676,2025-11-22 12:44:00,2025-11-17/2025-11-23,0.0,0.40305729616342867
13683,2025-11-22 12:52:00,2025-11-17/2025-11-23,0.0,0.33783642097448113
13684,2025-11-22 12:53:00,2025-11-17/2025-11-23,0.0,0.45207505029797507
13685,2025-11-22 12:54:00,2025-11-17/2025-11-23,0.0,0.43582972908102796
13689,2025-11-22 13:03:00,2025-11-17/2025-11-23,0.0,0.32732975222570077
13691,2025-11-22 13:07:00,2025-11-17/2025-11-23,0.0,0.24510758315299624
13695,2025-11-22 13:17:00,2025-11-17/2025-11-23,0.0,0.35516082510032304
13700,2025-11-22 13:28:00,2025-11-17/2025-11-23,1.0,0.2856295654037866
13701,2025-11-22 13:30:00,2025-11-17/2025-11-23,0.0,0.3905500343317286
13706,2025-11-22 13:35:00,2025-11-17/2025-11-23,0.0,0.42720024490706304
13707,2025-11-22 13:36:00,2025-11-17/2025-11-23,0.0,0.2945239173840906
13709,2025-11-22 13:42:00,2025-11-17/2025-11-23,1.0,0.1599164183745027
13710,2025-11-22 13:45:00,2025-11-17/2025-11-23,0.0,0.3892383397624653
13711,2025-11-22 13:47:00,2025-11-17/2025-11-23,0.0,0.36404845181660506
13712,2025-11-22 13:48:00,2025-11-17/2025-11-23,0.0,0.23574970072268275
13713,2025-11-22 13:49:00,2025-11-17/2025-11-23,0.0,0.5026017039559642
13715,2025-11-22 13:51:00,2025-11-17/2025-11-23,0.0,0.43945645947603595
13716,2025-11-22 13:52:00,2025-11-17/2025-11-23,0.0,0.3722968187725229
13717,2025-11-22 13:54:00,2025-11-17/2025-11-23,0.0,0.4991296940398227
13719,2025-11-22 13:57:00,2025-11-17/2025-11-23,0.0,0.37872038095847554
13720,2025-11-22 14:01:00,2025-11-17/2025-11-23,0.0,0.32824813761736316
13724,2025-11-22 14:06:00,2025-11-17/2025-11-23,0.0,0.3784062583114634
13725,2025-11-22 14:09:00,2025-11-17/2025-11-23,0.0,0.41282598037445417
13726,2025-11-22 14:10:00,2025-11-17/2025-11-23,0.0,0.23340773282506974
13727,2025-11-22 14:12:00,2025-11-17/2025-11-23,0.0,0.2342139803803647
13733,2025-11-22 14:41:00,2025-11-17/2025-11-23,0.0,0.21340067179609276
13737,2025-11-22 15:06:00,2025-11-17/2025-11-23,0.0,0.5193178030469282
13739,2025-11-22 15:08:00,2025-11-17/2025-11-23,0.0,0.2993750320808451
13740,2025-11-22 15:12:00,2025-11-17/2025-11-23,0.0,0.298877058193671
13742,2025-11-22 15:28:00,2025-11-17/2025-11-23,1.0,0.34775741462855025
13743,2025-11-22 15:29:00,2025-11-17/2025-11-23,0.0,0.5249573336365637
13744,2025-11-22 15:34:00,2025-11-17/2025-11-23,0.0,0.3081960557069174
13745,2025-11-22 15:41:00,2025-11-17/2025-11-23,0.0,0.4116785237959126
13746,2025-11-22 15:42:00,2025-11-17/2025-11-23,1.0,0.5575250873383374
13752,2025-11-22 16:02:00,2025-11-17/2025-11-23,0.0,0.33368282812123573
13753,2025-11-22 16:03:00,2025-11-17/2025-11-23,0.0,0.2141160802682724
13754,2025-11-22 16:05:00,2025-11-17/2025-11-23,0.0,0.18947302243426195
13755,2025-11-22 16:09:00,2025-11-17/2025-11-23,0.0,0.28473044919605495
13766,2025-11-22 16:57:00,2025-11-17/2025-11-23,1.0,0.34124943421714465
13770,2025-11-22 17:14:00,2025-11-17/2025-11-23,0.0,0.39149741878171634
13771,2025-11-22 17:15:00,2025-11-17/2025-11-23,1.0,0.5416903943276915
13772,2025-11-22 17:17:00,2025-11-17/2025-11-23,0.0,0.1564177471698753
13776,2025-11-22 17:23:00,2025-11-17/2025-11-23,0.0,0.16269316749616833
13778,2025-11-22 17:31:00,2025-11-17/2025-11-23,0.0,0.413562015572773
13781,2025-11-22 18:05:00,2025-11-17/2025-11-23,0.0,0.33465314378176747
13784,2025-11-22 18:22:00,2025-11-17/2025-11-23,0.0,0.39296895923776465
13786,2025-11-22 18:24:00,2025-11-17/2025-11-23,0.0,0.37344323480067154
13796,2025-11-22 19:15:00,2025-11-17/2025-11-23,0.0,0.4946566438785881
13797,2025-11-22 19:18:00,2025-11-17/2025-11-23,0.0,0.3006605797788252
13801,2025-11-22 19:49:00,2025-11-17/2025-11-23,0.0,0.29678085566015505
13805,2025-11-22 20:41:00,2025-11-17/2025-11-23,0.0,0.47043005058631193
13806,2025-11-22 20:48:00,2025-11-17/2025-11-23,0.0,0.28995057440687216
13808,2025-11-22 20:57:00,2025-11-17/2025-11-23,1.0,0.5078244274311784
13812,2025-11-22 21:38:00,2025-11-17/2025-11-23,0.0,0.5067342700745251
13817,2025-11-22 22:02:00,2025-11-17/2025-11-23,0.0,0.35143770285732095
13819,2025-11-22 22:08:00,2025-11-17/2025-11-23,0.0,0.3961295598727619
13820,2025-11-22 22:17:00,2025-11-17/2025-11-23,0.0,0.40087135387773226
13823,2025-11-22 22:46:00,2025-11-17/2025-11-23,0.0,0.27786407397540036
13833,2025-11-22 23:23:00,2025-11-17/2025-11-23,0.0,0.2653809029769866
13838,2025-11-23 00:43:00,2025-11-17/2025-11-23,0.0,0.4701684287460862
13839,2025-11-23 00:44:00,2025-11-17/2025-11-23,0.0,0.5559478703061586
13840,2025-11-23 01:03:00,2025-11-17/2025-11-23,0.0,0.31853592510440015
13841,2025-11-23 01:14:00,2025-11-17/2025-11-23,0.0,0.5583706587929596
13842,2025-11-23 01:15:00,2025-11-17/2025-11-23,0.0,0.1909142471219824
13843,2025-11-23 01:23:00,2025-11-17/2025-11-23,0.0,0.15980391858035545
13844,2025-11-23 02:03:00,2025-11-17/2025-11-23,0.0,0.43298767024242674
13845,2025-11-23 02:04:00,2025-11-17/2025-11-23,0.0,0.4022467871717652
13846,2025-11-23 02:05:00,2025-11-17/2025-11-23,0.0,0.44798736749153384
13847,2025-11-23 02:07:00,2025-11-17/2025-11-23,0.0,0.4562005391491294
13851,2025-11-23 02:47:00,2025-11-17/2025-11-23,0.0,0.20900016141287475
13853,2025-11-23 03:00:00,2025-11-17/2025-11-23,0.0,0.37975241826441186
13856,2025-11-23 03:04:00,2025-11-17/2025-11-23,0.0,0.5508380849388367
13859,2025-11-23 03:12:00,2025-11-17/2025-11-23,1.0,0.34140767870048816
13863,2025-11-23 03:25:00,2025-11-17/2025-11-23,0.0,0.5443661756152534
13865,2025-11-23 03:29:00,2025-11-17/2025-11-23,0.0,0.2331054485464542
13868,2025-11-23 03:58:00,2025-11-17/2025-11-23,0.0,0.4155787174194901
13869,2025-11-23 04:03:00,2025-11-17/2025-11-23,0.0,0.5302129485940471
13870,2025-11-23 04:04:00,2025-11-17/2025-11-23,0.0,0.4980366472247318
13871,2025-11-23 04:05:00,2025-11-17/2025-11-23,0.0,0.43670271453494075
13872,2025-11-23 04:06:00,2025-11-17/2025-11-23,0.0,0.46251495361908135
13873,2025-11-23 04:07:00,2025-11-17/2025-11-23,0.0,0.3063423309868115
13874,2025-11-23 04:09:00,2025-11-17/2025-11-23,0.0,0.4823719978617476
13875,2025-11-23 04:10:00,2025-11-17/2025-11-23,0.0,0.5530771520003225
13876,2025-11-23 04:12:00,2025-11-17/2025-11-23,0.0,0.5134379678733292
13877,2025-11-23 04:13:00,2025-11-17/2025-11-23,0.0,0.2914949928573335
13881,2025-11-23 04:16:00,2025-11-17/2025-11-23,1.0,0.40332343863839215
13883,2025-11-23 04:17:00,2025-11-17/2025-11-23,0.0,0.552893349863609
13886,2025-11-23 04:18:00,2025-11-17/2025-11-23,0.0,0.28484943824350123
13887,2025-11-23 04:20:00,2025-11-17/2025-11-23,0.0,0.5584328469530343
13888,2025-11-23 04:21:00,2025-11-17/2025-11-23,0.0,0.5343277502795692
13889,2025-11-23 04:22:00,2025-11-17/2025-11-23,0.0,0.5071089431521462
13893,2025-11-23 04:30:00,2025-11-17/2025-11-23,1.0,0.6249260223405082
13895,2025-11-23 04:34:00,2025-11-17/2025-11-23,1.0,0.5254834314095602
13896,2025-11-23 04:35:00,2025-11-17/2025-11-23,0.0,0.4300653946811882
13897,2025-11-23 04:36:00,2025-11-17/2025-11-23,0.0,0.40963254975507335
13898,2025-11-23 04:46:00,2025-11-17/2025-11-23,0.0,0.5284449306547485
13899,2025-11-23 04:47:00,2025-11-17/2025-11-23,0.0,0.38525281552888213
13903,2025-11-23 04:56:00,2025-11-17/2025-11-23,0.0,0.47144493782638286
13907,2025-11-23 05:15:00,2025-11-17/2025-11-23,0.0,0.4831761125609673
13909,2025-11-23 05:32:00,2025-11-17/2025-11-23,0.0,0.2647072616365396
13911,2025-11-23 05:37:00,2025-11-17/2025-11-23,0.0,0.43517221433413417
13915,2025-11-23 05:46:00,2025-11-17/2025-11-23,0.0,0.45867521270203526
13919,2025-11-23 06:02:00,2025-11-17/2025-11-23,0.0,0.2526374997535938
13920,2025-11-23 06:03:00,2025-11-17/2025-11-23,0.0,0.462771034565953
13922,2025-11-23 06:10:00,2025-11-17/2025-11-23,0.0,0.34876422705673765
13926,2025-11-23 06:22:00,2025-11-17/2025-11-23,0.0,0.43766568869737155
13927,2025-11-23 06:32:00,2025-11-17/2025-11-23,0.0,0.4258427033300777
13928,2025-11-23 06:34:00,2025-11-17/2025-11-23,0.0,0.3338921960893563
13929,2025-11-23 06:36:00,2025-11-17/2025-11-23,0.0,0.33373624544439545
13930,2025-11-23 06:37:00,2025-11-17/2025-11-23,0.0,0.5132160115685552
13931,2025-11-23 06:40:00,2025-11-17/2025-11-23,0.0,0.4289895318104805
13933,2025-11-23 06:43:00,2025-11-17/2025-11-23,0.0,0.4261174818469259
13934,2025-11-23 06:46:00,2025-11-17/2025-11-23,0.0,0.19935425688281433
13935,2025-11-23 07:02:00,2025-11-17/2025-11-23,1.0,0.34804047489198287
13936,2025-11-23 07:03:00,2025-11-17/2025-11-23,0.0,0.34319675182534
13937,2025-11-23 07:08:00,2025-11-17/2025-11-23,0.0,0.4264088687574553
13938,2025-11-23 07:09:00,2025-11-17/2025-11-23,0.0,0.46990014767024596
13939,2025-11-23 07:15:00,2025-11-17/2025-11-23,0.0,0.2785010017443646
13941,2025-11-23 07:17:00,2025-11-17/2025-11-23,0.0,0.39380873863827737
13947,2025-11-23 07:36:00,2025-11-17/2025-11-23,0.0,0.26033600411373975
13948,2025-11-23 07:39:00,2025-11-17/2025-11-23,0.0,0.46798450599830654
13949,2025-11-23 07:40:00,2025-11-17/2025-11-23,1.0,0.5817077229653899
13950,2025-11-23 07:44:00,2025-11-17/2025-11-23,0.0,0.5496544953338514
13951,2025-11-23 07:46:00,2025-11-17/2025-11-23,0.0,0.43173408154206844
13956,2025-11-23 08:02:00,2025-11-17/2025-11-23,0.0,0.3240953108128508
13957,2025-11-23 08:07:00,2025-11-17/2025-11-23,0.0,0.49160964707702215
13961,2025-11-23 08:24:00,2025-11-17/2025-11-23,0.0,0.4428349544451526
13962,2025-11-23 08:28:00,2025-11-17/2025-11-23,0.0,0.3190896083355516
13963,2025-11-23 08:31:00,2025-11-17/2025-11-23,0.0,0.414355642908355
13964,2025-11-23 08:32:00,2025-11-17/2025-11-23,0.0,0.4984909657836522
13967,2025-11-23 08:35:00,2025-11-17/2025-11-23,0.0,0.27724053485442063
13969,2025-11-23 08:36:00,2025-11-17/2025-11-23,0.0,0.31251994683983253
13973,2025-11-23 08:55:00,2025-11-17/2025-11-23,0.0,0.22407654863604076
13978,2025-11-23 09:23:00,2025-11-17/2025-11-23,0.0,0.3279482200458761
13979,2025-11-23 09:24:00,2025-11-17/2025-11-23,1.0,0.4061917113832485
13980,2025-11-23 09:26:00,2025-11-17/2025-11-23,0.0,0.272270982670229
13981,2025-11-23 09:27:00,2025-11-17/2025-11-23,0.0,0.4232194763022636
13982,2025-11-23 09:33:00,2025-11-17/2025-11-23,0.0,0.4402820262509256
13983,2025-11-23 09:34:00,2025-11-17/2025-11-23,0.0,0.41516082268815746
13984,2025-11-23 09:35:00,2025-11-17/2025-11-23,0.0,0.3960940817944322
13987,2025-11-23 09:38:00,2025-11-17/2025-11-23,0.0,0.36051333878778385
13990,2025-11-23 09:46:00,2025-11-17/2025-11-23,0.0,0.3715030069432037
13991,2025-11-23 09:50:00,2025-11-17/2025-11-23,1.0,0.41598232226826753
13992,2025-11-23 09:54:00,2025-11-17/2025-11-23,0.0,0.41605022719801
13993,2025-11-23 09:57:00,2025-11-17/2025-11-23,0.0,0.25376539367157847
13994,2025-11-23 09:58:00,2025-11-17/2025-11-23,0.0,0.5202401091318499
13995,2025-11-23 09:59:00,2025-11-17/2025-11-23,0.0,0.2703044747740456
13998,2025-11-23 10:05:00,2025-11-17/2025-11-23,0.0,0.31019339313735966
14001,2025-11-23 10:16:00,2025-11-17/2025-11-23,0.0,0.31199550367783535
14004,2025-11-23 10:40:00,2025-11-17/2025-11-23,0.0,0.31763681070389344
14008,2025-11-23 10:47:00,2025-11-17/2025-11-23,0.0,0.5290162013184764
14017,2025-11-23 11:07:00,2025-11-17/2025-11-23,0.0,0.42488670182989663
14019,2025-11-23 11:09:00,2025-11-17/2025-11-23,0.0,0.2584197604138175
14020,2025-11-23 11:11:00,2025-11-17/2025-11-23,0.0,0.3079522428576985
14022,2025-11-23 11:16:00,2025-11-17/2025-11-23,0.0,0.5386012364703828
14025,2025-11-23 11:19:00,2025-11-17/2025-11-23,0.0,0.5439004665698479
14029,2025-11-23 11:31:00,2025-11-17/2025-11-23,0.0,0.3158261614148159
14036,2025-11-23 11:42:00,2025-11-17/2025-11-23,1.0,0.5287530352993666
14037,2025-11-23 11:56:00,2025-11-17/2025-11-23,0.0,0.2667845354198146
14041,2025-11-23 12:21:00,2025-11-17/2025-11-23,0.0,0.4553012494394138
14042,2025-11-23 12:33:00,2025-11-17/2025-11-23,0.0,0.3049846904191465
14045,2025-11-23 12:48:00,2025-11-17/2025-11-23,0.0,0.3085059232609614
14048,2025-11-23 13:07:00,2025-11-17/2025-11-23,1.0,0.3658724930255184
14049,2025-11-23 13:09:00,2025-11-17/2025-11-23,0.0,0.4329211070116378
14051,2025-11-23 13:10:00,2025-11-17/2025-11-23,1.0,0.4230695364810202
14055,2025-11-23 13:14:00,2025-11-17/2025-11-23,0.0,0.4621502207166479
14056,2025-11-23 13:20:00,2025-11-17/2025-11-23,0.0,0.5411480223406753
14057,2025-11-23 13:22:00,2025-11-17/2025-11-23,0.0,0.4553012494394138
14078,2025-11-23 14:59:00,2025-11-17/2025-11-23,0.0,0.3928029579491129
14083,2025-11-23 15:31:00,2025-11-17/2025-11-23,0.0,0.3236321019890985
14086,2025-11-23 15:43:00,2025-11-17/2025-11-23,0.0,0.46489339717303757
14087,2025-11-23 15:49:00,2025-11-17/2025-11-23,0.0,0.29013323110514017
14089,2025-11-23 16:15:00,2025-11-17/2025-11-23,1.0,0.2274698231185789
14100,2025-11-23 16:44:00,2025-11-17/2025-11-23,0.0,0.5458984885463278
14101,2025-11-23 16:50:00,2025-11-17/2025-11-23,0.0,0.32592671389924804
14103,2025-11-23 17:01:00,2025-11-17/2025-11-23,0.0,0.27123625236353954
14113,2025-11-23 20:13:00,2025-11-17/2025-11-23,1.0,0.37401655465806105
14114,2025-11-23 20:27:00,2025-11-17/2025-11-23,0.0,0.2742526389724876
14115,2025-11-23 20:31:00,2025-11-17/2025-11-23,0.0,0.4234855268692023
14123,2025-11-23 21:42:00,2025-11-17/2025-11-23,0.0,0.23841651194500796
14124,2025-11-24 02:01:00,2025-11-24/2025-11-30,0.0,0.3697643874885588
14126,2025-11-24 04:05:00,2025-11-24/2025-11-30,0.0,0.343627551296371
14128,2025-11-24 05:06:00,2025-11-24/2025-11-30,0.0,0.569572733630971
14129,2025-11-24 06:12:00,2025-11-24/2025-11-30,0.0,0.4292254950783525
14130,2025-11-24 06:34:00,2025-11-24/2025-11-30,0.0,0.47653501890542144
14135,2025-11-24 07:59:00,2025-11-24/2025-11-30,0.0,0.4308951761490175
14136,2025-11-24 08:01:00,2025-11-24/2025-11-30,0.0,0.2136544318660779
14137,2025-11-24 08:06:00,2025-11-24/2025-11-30,0.0,0.40865733655457026
14139,2025-11-24 08:52:00,2025-11-24/2025-11-30,0.0,0.21777287549445298
14142,2025-11-24 09:39:00,2025-11-24/2025-11-30,0.0,0.6000354371440942
14143,2025-11-24 09:40:00,2025-11-24/2025-11-30,0.0,0.5520554619921828
14144,2025-11-24 10:15:00,2025-11-24/2025-11-30,0.0,0.4423537893243739
14149,2025-11-24 10:36:00,2025-11-24/2025-11-30,0.0,0.5434957871798974
14151,2025-11-24 10:55:00,2025-11-24/2025-11-30,0.0,0.3691640017176155
14152,2025-11-24 11:30:00,2025-11-24/2025-11-30,0.0,0.39912085080919807
14154,2025-11-24 11:54:00,2025-11-24/2025-11-30,0.0,0.5225712673555165
14157,2025-11-24 12:27:00,2025-11-24/2025-11-30,0.0,0.34345039399583543
14158,2025-11-24 12:45:00,2025-11-24/2025-11-30,0.0,0.4058514610085759
14159,2025-11-24 12:46:00,2025-11-24/2025-11-30,0.0,0.5400303459894721
14162,2025-11-24 14:29:00,2025-11-24/2025-11-30,0.0,0.5038341269838783
14163,2025-11-24 14:32:00,2025-11-24/2025-11-30,0.0,0.3371748229370715
14165,2025-11-24 14:47:00,2025-11-24/2025-11-30,0.0,0.35040590745268285
14176,2025-11-24 16:34:00,2025-11-24/2025-11-30,0.0,0.4108974641124384
14177,2025-11-24 16:45:00,2025-11-24/2025-11-30,0.0,0.30841020454037377
14180,2025-11-24 17:07:00,2025-11-24/2025-11-30,0.0,0.2552762517608366
14181,2025-11-24 17:17:00,2025-11-24/2025-11-30,0.0,0.3736759708838553
14183,2025-11-24 17:53:00,2025-11-24/2025-11-30,0.0,0.3295754144103522
14185,2025-11-24 18:03:00,2025-11-24/2025-11-30,0.0,0.31385358433006183
14186,2025-11-24 18:07:00,2025-11-24/2025-11-30,0.0,0.3150652904622548
14187,2025-11-24 18:33:00,2025-11-24/2025-11-30,0.0,0.5299450309210484
14188,2025-11-24 18:48:00,2025-11-24/2025-11-30,0.0,0.2522545446070062
14192,2025-11-24 19:10:00,2025-11-24/2025-11-30,0.0,0.4265320564420873
14198,2025-11-24 19:49:00,2025-11-24/2025-11-30,0.0,0.3220632356129817
14199,2025-11-24 19:53:00,2025-11-24/2025-11-30,0.0,0.35396941005561877
14200,2025-11-24 20:05:00,2025-11-24/2025-11-30,0.0,0.4782496430861377
14201,2025-11-24 20:09:00,2025-11-24/2025-11-30,0.0,0.3040697563753624
14202,2025-11-24 20:19:00,2025-11-24/2025-11-30,0.0,0.34450231315093666
14203,2025-11-24 20:49:00,2025-11-24/2025-11-30,0.0,0.2734009652340206
14205,2025-11-24 21:47:00,2025-11-24/2025-11-30,0.0,0.4612028279772285
14224,2025-11-25 02:32:00,2025-11-24/2025-11-30,0.0,0.6077585758851867
14225,2025-11-25 03:12:00,2025-11-24/2025-11-30,0.0,0.6252509028743642
14227,2025-11-25 04:05:00,2025-11-24/2025-11-30,0.0,0.3815038796703502
14228,2025-11-25 04:06:00,2025-11-24/2025-11-30,0.0,0.4780251762735777
14230,2025-11-25 04:12:00,2025-11-24/2025-11-30,0.0,0.49435832096684185
14231,2025-11-25 04:13:00,2025-11-24/2025-11-30,0.0,0.3499104711371492
14232,2025-11-25 04:32:00,2025-11-24/2025-11-30,0.0,0.5819498235131858
14233,2025-11-25 05:02:00,2025-11-24/2025-11-30,0.0,0.22745463605143434
14234,2025-11-25 05:10:00,2025-11-24/2025-11-30,0.0,0.27330349907703066
14236,2025-11-25 05:15:00,2025-11-24/2025-11-30,0.0,0.3643502717454044
14238,2025-11-25 06:09:00,2025-11-24/2025-11-30,0.0,0.4630080248470144
14239,2025-11-25 06:28:00,2025-11-24/2025-11-30,0.0,0.34934833574580465
14241,2025-11-25 06:41:00,2025-11-24/2025-11-30,0.0,0.3596872005666812
14242,2025-11-25 06:50:00,2025-11-24/2025-11-30,0.0,0.3692661256675033
14246,2025-11-25 07:03:00,2025-11-24/2025-11-30,0.0,0.26795113674248294
14247,2025-11-25 07:11:00,2025-11-24/2025-11-30,0.0,0.35381438677327387
14248,2025-11-25 07:39:00,2025-11-24/2025-11-30,0.0,0.29991372271074584
14249,2025-11-25 08:18:00,2025-11-24/2025-11-30,0.0,0.5031246973648491
14250,2025-11-25 08:18:00,2025-11-24/2025-11-30,0.0,0.4998046178254507
14251,2025-11-25 08:22:00,2025-11-24/2025-11-30,0.0,0.5009324439247713
14252,2025-11-25 08:24:00,2025-11-24/2025-11-30,0.0,0.35912164083107395
14256,2025-11-25 08:59:00,2025-11-24/2025-11-30,0.0,0.24841370188703846
14262,2025-11-25 09:38:00,2025-11-24/2025-11-30,0.0,0.4470621188465226
14266,2025-11-25 10:15:00,2025-11-24/2025-11-30,0.0,0.4449893115074213
14269,2025-11-25 10:46:00,2025-11-24/2025-11-30,0.0,0.5350645519832765
14272,2025-11-25 11:10:00,2025-11-24/2025-11-30,0.0,0.3652899574040877
14273,2025-11-25 11:26:00,2025-11-24/2025-11-30,0.0,0.341198907807625
14274,2025-11-25 11:29:00,2025-11-24/2025-11-30,0.0,0.3796358633351515
14275,2025-11-25 11:30:00,2025-11-24/2025-11-30,0.0,0.39947492202666735
14277,2025-11-25 11:32:00,2025-11-24/2025-11-30,0.0,0.33824315667494975
14279,2025-11-25 11:43:00,2025-11-24/2025-11-30,0.0,0.37671436882969855
14280,2025-11-25 11:50:00,2025-11-24/2025-11-30,0.0,0.26538378252344785
14284,2025-11-25 12:13:00,2025-11-24/2025-11-30,0.0,0.40356906171449874
14286,2025-11-25 12:15:00,2025-11-24/2025-11-30,0.0,0.527938386613635
14287,2025-11-25 12:16:00,2025-11-24/2025-11-30,0.0,0.6148652617953007
14288,2025-11-25 12:25:00,2025-11-24/2025-11-30,0.0,0.583087796553156
14290,2025-11-25 12:27:00,2025-11-24/2025-11-30,0.0,0.5300240483565024
14291,2025-11-25 12:30:00,2025-11-24/2025-11-30,0.0,0.24699996922982415
14293,2025-11-25 12:33:00,2025-11-24/2025-11-30,0.0,0.36990499572142094
14294,2025-11-25 12:38:00,2025-11-24/2025-11-30,0.0,0.26874079863029576
14295,2025-11-25 12:39:00,2025-11-24/2025-11-30,0.0,0.33698394557654365
14297,2025-11-25 12:52:00,2025-11-24/2025-11-30,0.0,0.3812687509271199
14301,2025-11-25 13:13:00,2025-11-24/2025-11-30,0.0,0.3419872052090247
14302,2025-11-25 13:15:00,2025-11-24/2025-11-30,0.0,0.5208394882504795
14303,2025-11-25 13:19:00,2025-11-24/2025-11-30,0.0,0.4493678961401459
14304,2025-11-25 13:44:00,2025-11-24/2025-11-30,0.0,0.4460126215767448
14307,2025-11-25 14:05:00,2025-11-24/2025-11-30,0.0,0.5913990317141257
14311,2025-11-25 14:14:00,2025-11-24/2025-11-30,0.0,0.3715105670740408
14319,2025-11-25 15:13:00,2025-11-24/2025-11-30,0.0,0.5002311589466047
14320,2025-11-25 15:14:00,2025-11-24/2025-11-30,0.0,0.28543709301880443
14321,2025-11-25 15:31:00,2025-11-24/2025-11-30,0.0,0.5342323983636627
14328,2025-11-25 16:36:00,2025-11-24/2025-11-30,0.0,0.3222015852617578
14330,2025-11-25 17:07:00,2025-11-24/2025-11-30,0.0,0.6221857429413115
14331,2025-11-25 17:23:00,2025-11-24/2025-11-30,0.0,0.26165965642480704
14333,2025-11-25 17:27:00,2025-11-24/2025-11-30,0.0,0.4373419346445258
14334,2025-11-25 17:45:00,2025-11-24/2025-11-30,0.0,0.2823238683152651
14336,2025-11-25 18:04:00,2025-11-24/2025-11-30,0.0,0.34198708130136324
14337,2025-11-25 18:11:00,2025-11-24/2025-11-30,0.0,0.5796777401539752
14340,2025-11-25 18:24:00,2025-11-24/2025-11-30,0.0,0.3993790517160132
14341,2025-11-25 18:25:00,2025-11-24/2025-11-30,0.0,0.2671082109454642
14347,2025-11-25 19:34:00,2025-11-24/2025-11-30,0.0,0.36433621793653537
14360,2025-11-25 20:16:00,2025-11-24/2025-11-30,0.0,0.4099096529748883
14362,2025-11-25 20:19:00,2025-11-24/2025-11-30,0.0,0.35097185199776176
14364,2025-11-25 21:07:00,2025-11-24/2025-11-30,0.0,0.4105556607876866
14367,2025-11-25 23:32:00,2025-11-24/2025-11-30,0.0,0.25028921843014557
14370,2025-11-26 00:29:00,2025-11-24/2025-11-30,0.0,0.4247761615773369
14375,2025-11-26 03:02:00,2025-11-24/2025-11-30,0.0,0.4305143343001805
14376,2025-11-26 03:45:00,2025-11-24/2025-11-30,0.0,0.4387947857728755
14379,2025-11-26 04:06:00,2025-11-24/2025-11-30,0.0,0.4562534426368512
14380,2025-11-26 04:07:00,2025-11-24/2025-11-30,0.0,0.31241426161966346
14381,2025-11-26 04:08:00,2025-11-24/2025-11-30,0.0,0.32019029738804866
14385,2025-11-26 04:12:00,2025-11-24/2025-11-30,0.0,0.3785418757344207
14386,2025-11-26 04:13:00,2025-11-24/2025-11-30,0.0,0.5880756974365556
14387,2025-11-26 04:16:00,2025-11-24/2025-11-30,0.0,0.4225159998134992
14388,2025-11-26 04:17:00,2025-11-24/2025-11-30,0.0,0.3412659370804808
14389,2025-11-26 04:17:00,2025-11-24/2025-11-30,0.0,0.3779412318269284
14390,2025-11-26 04:23:00,2025-11-24/2025-11-30,0.0,0.6033254439712108
14392,2025-11-26 04:36:00,2025-11-24/2025-11-30,0.0,0.42556060468166196
14395,2025-11-26 05:15:00,2025-11-24/2025-11-30,0.0,0.2148428821586167
14397,2025-11-26 05:32:00,2025-11-24/2025-11-30,0.0,0.5191018974510494
14398,2025-11-26 05:42:00,2025-11-24/2025-11-30,0.0,0.3753938736689401
14400,2025-11-26 06:16:00,2025-11-24/2025-11-30,0.0,0.47682174886630846
14401,2025-11-26 06:21:00,2025-11-24/2025-11-30,0.0,0.45272819621197796
14402,2025-11-26 06:25:00,2025-11-24/2025-11-30,0.0,0.4358595374301596
14403,2025-11-26 06:32:00,2025-11-24/2025-11-30,0.0,0.5360344523433735
14409,2025-11-26 07:11:00,2025-11-24/2025-11-30,0.0,0.4454055742489061
14410,2025-11-26 07:23:00,2025-11-24/2025-11-30,0.0,0.2527430440708219
14411,2025-11-26 07:40:00,2025-11-24/2025-11-30,0.0,0.5789135134884879
14412,2025-11-26 07:46:00,2025-11-24/2025-11-30,0.0,0.42132025353961444
14413,2025-11-26 08:01:00,2025-11-24/2025-11-30,0.0,0.33931935474708147
14415,2025-11-26 08:03:00,2025-11-24/2025-11-30,0.0,0.530065992447436
14416,2025-11-26 08:15:00,2025-11-24/2025-11-30,0.0,0.4676933312024072
14418,2025-11-26 08:22:00,2025-11-24/2025-11-30,0.0,0.42158779765544097
14422,2025-11-26 09:29:00,2025-11-24/2025-11-30,0.0,0.4749533990015806
14424,2025-11-26 09:44:00,2025-11-24/2025-11-30,0.0,0.609991797291339
14427,2025-11-26 09:46:00,2025-11-24/2025-11-30,0.0,0.2090887629599183
14429,2025-11-26 10:02:00,2025-11-24/2025-11-30,0.0,0.4121628049649705
14431,2025-11-26 10:26:00,2025-11-24/2025-11-30,0.0,0.37359655155572047
14432,2025-11-26 10:47:00,2025-11-24/2025-11-30,0.0,0.37274257439029
14433,2025-11-26 10:53:00,2025-11-24/2025-11-30,0.0,0.47796200278029605
14434,2025-11-26 10:54:00,2025-11-24/2025-11-30,0.0,0.35600574187296835
14438,2025-11-26 11:22:00,2025-11-24/2025-11-30,0.0,0.5536891371843456
14439,2025-11-26 11:27:00,2025-11-24/2025-11-30,0.0,0.42028883570565434
14440,2025-11-26 11:32:00,2025-11-24/2025-11-30,0.0,0.3366677097093766
14447,2025-11-26 11:52:00,2025-11-24/2025-11-30,0.0,0.38335632312636225
14452,2025-11-26 12:22:00,2025-11-24/2025-11-30,0.0,0.4827769649340642
14457,2025-11-26 13:08:00,2025-11-24/2025-11-30,0.0,0.54113195708798
14459,2025-11-26 13:17:00,2025-11-24/2025-11-30,0.0,0.295941009811756
14460,2025-11-26 13:19:00,2025-11-24/2025-11-30,0.0,0.48609257441826786
14477,2025-11-26 15:52:00,2025-11-24/2025-11-30,0.0,0.33840451438845626
14478,2025-11-26 15:58:00,2025-11-24/2025-11-30,0.0,0.6146453480952551
14480,2025-11-26 16:14:00,2025-11-24/2025-11-30,0.0,0.3736358121225752
14491,2025-11-26 16:32:00,2025-11-24/2025-11-30,0.0,0.4473990543420024
14502,2025-11-26 17:59:00,2025-11-24/2025-11-30,0.0,0.39484117403144803
14505,2025-11-26 18:06:00,2025-11-24/2025-11-30,0.0,0.4704695411708651
14506,2025-11-26 18:07:00,2025-11-24/2025-11-30,0.0,0.380009303329493
14507,2025-11-26 18:21:00,2025-11-24/2025-11-30,0.0,0.22724039602199098
14509,2025-11-26 18:32:00,2025-11-24/2025-11-30,0.0,0.3224975704923596
14516,2025-11-26 19:07:00,2025-11-24/2025-11-30,0.0,0.27950160088570575
14517,2025-11-26 19:08:00,2025-11-24/2025-11-30,0.0,0.2255007799340475
14518,2025-11-26 19:24:00,2025-11-24/2025-11-30,0.0,0.4532727499380252
14521,2025-11-26 19:38:00,2025-11-24/2025-11-30,0.0,0.3175136505177022
14522,2025-11-26 20:13:00,2025-11-24/2025-11-30,0.0,0.39935614045943385
14523,2025-11-26 21:02:00,2025-11-24/2025-11-30,0.0,0.4480995607647964
14526,2025-11-26 21:13:00,2025-11-24/2025-11-30,0.0,0.37382139602028935
14527,2025-11-26 21:15:00,2025-11-24/2025-11-30,0.0,0.5657534591423582
14530,2025-11-26 21:42:00,2025-11-24/2025-11-30,0.0,0.4602479830462984
14533,2025-11-26 23:19:00,2025-11-24/2025-11-30,0.0,0.5010311602974181
14541,2025-11-27 04:02:00,2025-11-24/2025-11-30,0.0,0.4772828918774607
14542,2025-11-27 04:04:00,2025-11-24/2025-11-30,0.0,0.4630123006847978
14543,2025-11-27 04:05:00,2025-11-24/2025-11-30,0.0,0.4049800970350502
14545,2025-11-27 04:16:00,2025-11-24/2025-11-30,0.0,0.3194882412364215
14551,2025-11-27 06:00:00,2025-11-24/2025-11-30,0.0,0.39040988301613444
14553,2025-11-27 06:04:00,2025-11-24/2025-11-30,0.0,0.37987129366816313
14557,2025-11-27 08:10:00,2025-11-24/2025-11-30,0.0,0.3680498614034053
14558,2025-11-27 08:16:00,2025-11-24/2025-11-30,0.0,0.4274205728465329
14559,2025-11-27 08:24:00,2025-11-24/2025-11-30,0.0,0.37533979864187655
14576,2025-11-27 09:54:00,2025-11-24/2025-11-30,0.0,0.3061347588719999
14578,2025-11-27 10:21:00,2025-11-24/2025-11-30,0.0,0.41679419925146155
14580,2025-11-27 10:34:00,2025-11-24/2025-11-30,0.0,0.32323102547729354
14581,2025-11-27 11:32:00,2025-11-24/2025-11-30,0.0,0.5153416349292042
14582,2025-11-27 11:40:00,2025-11-24/2025-11-30,0.0,0.44415859775571137
14583,2025-11-27 12:16:00,2025-11-24/2025-11-30,0.0,0.20951212641438782
14585,2025-11-27 12:23:00,2025-11-24/2025-11-30,0.0,0.5127368195187064
14586,2025-11-27 12:34:00,2025-11-24/2025-11-30,0.0,0.5091940375219984
14588,2025-11-27 12:49:00,2025-11-24/2025-11-30,0.0,0.30175336641087713
14589,2025-11-27 13:00:00,2025-11-24/2025-11-30,0.0,0.3906043939252684
14604,2025-11-27 14:40:00,2025-11-24/2025-11-30,0.0,0.31939721098211904
14605,2025-11-27 14:41:00,2025-11-24/2025-11-30,0.0,0.26469314350056855
14610,2025-11-27 15:46:00,2025-11-24/2025-11-30,0.0,0.29258932975184293
14614,2025-11-27 16:10:00,2025-11-24/2025-11-30,0.0,0.2862324976014097
14616,2025-11-27 16:21:00,2025-11-24/2025-11-30,0.0,0.2857346803286638
14617,2025-11-27 16:23:00,2025-11-24/2025-11-30,0.0,0.4424122157549994
14618,2025-11-27 16:31:00,2025-11-24/2025-11-30,0.0,0.2718256035326904
14620,2025-11-27 16:33:00,2025-11-24/2025-11-30,0.0,0.5544210262282159
14621,2025-11-27 16:36:00,2025-11-24/2025-11-30,0.0,0.4401373647649376
14622,2025-11-27 16:44:00,2025-11-24/2025-11-30,0.0,0.5089808972473346
14625,2025-11-27 17:01:00,2025-11-24/2025-11-30,0.0,0.31300589419682023
14626,2025-11-27 17:03:00,2025-11-24/2025-11-30,0.0,0.27816740101861676
14631,2025-11-27 17:35:00,2025-11-24/2025-11-30,0.0,0.19144423461401558
14632,2025-11-27 17:36:00,2025-11-24/2025-11-30,0.0,0.3507721694114236
14633,2025-11-27 17:52:00,2025-11-24/2025-11-30,0.0,0.39834726784553587
14640,2025-11-27 19:01:00,2025-11-24/2025-11-30,0.0,0.27426637036192864
14641,2025-11-27 19:02:00,2025-11-24/2025-11-30,0.0,0.4500230018508032
14643,2025-11-27 19:44:00,2025-11-24/2025-11-30,0.0,0.2772026662523849
14644,2025-11-27 19:48:00,2025-11-24/2025-11-30,0.0,0.33325860650505407
14645,2025-11-27 19:49:00,2025-11-24/2025-11-30,0.0,0.30251684942340623
14646,2025-11-27 20:00:00,2025-11-24/2025-11-30,0.0,0.2083944429153404
14647,2025-11-27 20:18:00,2025-11-24/2025-11-30,0.0,0.30641576449740704
14649,2025-11-27 20:55:00,2025-11-24/2025-11-30,0.0,0.46809602991030524
14652,2025-11-27 21:36:00,2025-11-24/2025-11-30,0.0,0.2876128874974325
14653,2025-11-27 21:41:00,2025-11-24/2025-11-30,0.0,0.2557077612972086
14654,2025-11-27 22:16:00,2025-11-24/2025-11-30,0.0,0.25125289735919826
14657,2025-11-27 22:26:00,2025-11-24/2025-11-30,0.0,0.3223237277272477
14659,2025-11-27 22:32:00,2025-11-24/2025-11-30,0.0,0.5871675163527923
14665,2025-11-27 23:17:00,2025-11-24/2025-11-30,0.0,0.514668844147258
14666,2025-11-27 23:18:00,2025-11-24/2025-11-30,0.0,0.5530083110024092
14669,2025-11-27 23:25:00,2025-11-24/2025-11-30,0.0,0.2989054629036026
14670,2025-11-27 23:43:00,2025-11-24/2025-11-30,0.0,0.567862328565639
14671,2025-11-27 23:44:00,2025-11-24/2025-11-30,0.0,0.33628102242109237
14677,2025-11-28 01:01:00,2025-11-24/2025-11-30,0.0,0.4237047985984825
14678,2025-11-28 01:14:00,2025-11-24/2025-11-30,0.0,0.5624529721444905
14679,2025-11-28 01:16:00,2025-11-24/2025-11-30,0.0,0.5244142754921963
14691,2025-11-28 02:07:00,2025-11-24/2025-11-30,0.0,0.1752570241857099
14694,2025-11-28 03:25:00,2025-11-24/2025-11-30,0.0,0.3657161463499402
14695,2025-11-28 03:37:00,2025-11-24/2025-11-30,0.0,0.378907618085774
14696,2025-11-28 03:44:00,2025-11-24/2025-11-30,0.0,0.1823776440009471
14697,2025-11-28 04:03:00,2025-11-24/2025-11-30,0.0,0.49309797118486676
14701,2025-11-28 04:07:00,2025-11-24/2025-11-30,0.0,0.37595514380313394
14702,2025-11-28 04:08:00,2025-11-24/2025-11-30,0.0,0.33189007983344704
14703,2025-11-28 04:09:00,2025-11-24/2025-11-30,0.0,0.4992941998654971
14705,2025-11-28 04:11:00,2025-11-24/2025-11-30,0.0,0.4341638653911448
14706,2025-11-28 04:12:00,2025-11-24/2025-11-30,0.0,0.3929568084409689
14707,2025-11-28 04:13:00,2025-11-24/2025-11-30,0.0,0.432327089937849
14715,2025-11-28 04:21:00,2025-11-24/2025-11-30,0.0,0.388933558091065
14718,2025-11-28 04:25:00,2025-11-24/2025-11-30,0.0,0.45944661925960883
14731,2025-11-28 05:43:00,2025-11-24/2025-11-30,0.0,0.37465826843979955
14733,2025-11-28 06:14:00,2025-11-24/2025-11-30,0.0,0.5265227860368351
14734,2025-11-28 06:15:00,2025-11-24/2025-11-30,0.0,0.4066274666509445
14735,2025-11-28 06:17:00,2025-11-24/2025-11-30,0.0,0.1893840916308755
14736,2025-11-28 06:17:00,2025-11-24/2025-11-30,0.0,0.47850157288720063
14737,2025-11-28 06:19:00,2025-11-24/2025-11-30,0.0,0.33130726238125807
14740,2025-11-28 06:42:00,2025-11-24/2025-11-30,0.0,0.4726682122232903
14741,2025-11-28 06:54:00,2025-11-24/2025-11-30,0.0,0.3042312402111697
14743,2025-11-28 06:57:00,2025-11-24/2025-11-30,0.0,0.29662460210735536
14744,2025-11-28 07:02:00,2025-11-24/2025-11-30,0.0,0.5337096554339618
14745,2025-11-28 07:07:00,2025-11-24/2025-11-30,0.0,0.4022174882431726
14746,2025-11-28 07:09:00,2025-11-24/2025-11-30,0.0,0.444126376191484
14751,2025-11-28 07:23:00,2025-11-24/2025-11-30,0.0,0.39472797792702724
14752,2025-11-28 07:24:00,2025-11-24/2025-11-30,0.0,0.341314713479048
14753,2025-11-28 07:25:00,2025-11-24/2025-11-30,0.0,0.2925899102447006
14754,2025-11-28 07:26:00,2025-11-24/2025-11-30,0.0,0.16615395930971313
14756,2025-11-28 07:27:00,2025-11-24/2025-11-30,0.0,0.4312857217320859
14758,2025-11-28 07:28:00,2025-11-24/2025-11-30,0.0,0.20701071463351225
14760,2025-11-28 07:36:00,2025-11-24/2025-11-30,0.0,0.3419487908915162
14761,2025-11-28 10:25:00,2025-11-24/2025-11-30,0.0,0.43985057626681845
14764,2025-11-28 10:26:00,2025-11-24/2025-11-30,0.0,0.3886493647627161
14772,2025-11-28 10:42:00,2025-11-24/2025-11-30,0.0,0.5167419378921263
14773,2025-11-28 10:55:00,2025-11-24/2025-11-30,0.0,0.41024812766389424
14776,2025-11-28 11:05:00,2025-11-24/2025-11-30,0.0,0.29764233366015214
14779,2025-11-28 11:18:00,2025-11-24/2025-11-30,0.0,0.247908455850768
14780,2025-11-28 11:20:00,2025-11-24/2025-11-30,0.0,0.37674273001655895
14781,2025-11-28 11:20:00,2025-11-24/2025-11-30,0.0,0.44875834207142173
14782,2025-11-28 11:31:00,2025-11-24/2025-11-30,0.0,0.2857961888187174
14784,2025-11-28 11:36:00,2025-11-24/2025-11-30,0.0,0.2249081430968742
14786,2025-11-28 11:47:00,2025-11-24/2025-11-30,0.0,0.5924826703847313
14789,2025-11-28 12:06:00,2025-11-24/2025-11-30,0.0,0.2918094637694559
14790,2025-11-28 12:10:00,2025-11-24/2025-11-30,0.0,0.367573036830527
14793,2025-11-28 12:18:00,2025-11-24/2025-11-30,0.0,0.4427680527999174
14795,2025-11-28 12:28:00,2025-11-24/2025-11-30,0.0,0.44639575164681616
14796,2025-11-28 12:29:00,2025-11-24/2025-11-30,0.0,0.4451870810642785
14797,2025-11-28 12:31:00,2025-11-24/2025-11-30,0.0,0.3120223842392972
14798,2025-11-28 12:43:00,2025-11-24/2025-11-30,0.0,0.6029369563628547
14800,2025-11-28 13:06:00,2025-11-24/2025-11-30,0.0,0.23691171146474807
14801,2025-11-28 13:12:00,2025-11-24/2025-11-30,0.0,0.43497835230653237
14804,2025-11-28 13:26:00,2025-11-24/2025-11-30,0.0,0.5575128087211161
14805,2025-11-28 13:30:00,2025-11-24/2025-11-30,0.0,0.36096810096404996
14806,2025-11-28 13:34:00,2025-11-24/2025-11-30,0.0,0.4667149363552191
14807,2025-11-28 13:35:00,2025-11-24/2025-11-30,0.0,0.46396252985798125
14809,2025-11-28 13:48:00,2025-11-24/2025-11-30,0.0,0.35839000067724147
14810,2025-11-28 13:57:00,2025-11-24/2025-11-30,0.0,0.4032493121710743
14814,2025-11-28 14:09:00,2025-11-24/2025-11-30,0.0,0.4470127754134393
14816,2025-11-28 14:10:00,2025-11-24/2025-11-30,0.0,0.42875085196797236
14819,2025-11-28 14:34:00,2025-11-24/2025-11-30,0.0,0.44610708829949214
14820,2025-11-28 14:37:00,2025-11-24/2025-11-30,0.0,0.44684562402633227
14822,2025-11-28 14:43:00,2025-11-24/2025-11-30,0.0,0.5558326612336718
14823,2025-11-28 14:46:00,2025-11-24/2025-11-30,0.0,0.292030513169813
14828,2025-11-28 15:12:00,2025-11-24/2025-11-30,0.0,0.33542094120099863
14831,2025-11-28 15:15:00,2025-11-24/2025-11-30,0.0,0.30869067474139616
14832,2025-11-28 15:17:00,2025-11-24/2025-11-30,0.0,0.23485835310933895
14834,2025-11-28 15:21:00,2025-11-24/2025-11-30,0.0,0.47663833217688123
14835,2025-11-28 15:23:00,2025-11-24/2025-11-30,0.0,0.4785489762142214
14836,2025-11-28 15:24:00,2025-11-24/2025-11-30,0.0,0.3251905874806384
14837,2025-11-28 15:30:00,2025-11-24/2025-11-30,0.0,0.6194632156926434
14838,2025-11-28 15:31:00,2025-11-24/2025-11-30,0.0,0.3353003556543468
14839,2025-11-28 15:32:00,2025-11-24/2025-11-30,0.0,0.5346136333544451
14840,2025-11-28 15:34:00,2025-11-24/2025-11-30,0.0,0.2704018589028302
14842,2025-11-28 15:42:00,2025-11-24/2025-11-30,0.0,0.4038632298385655
14843,2025-11-28 15:45:00,2025-11-24/2025-11-30,0.0,0.627808943952865
14844,2025-11-28 15:48:00,2025-11-24/2025-11-30,0.0,0.3049032554761162
14847,2025-11-28 16:03:00,2025-11-24/2025-11-30,0.0,0.3077133122337586
14892,2025-11-28 17:02:00,2025-11-24/2025-11-30,0.0,0.3007195496151355
14894,2025-11-28 17:04:00,2025-11-24/2025-11-30,0.0,0.2269173037114972
14897,2025-11-28 17:22:00,2025-11-24/2025-11-30,0.0,0.43271472627593405
14898,2025-11-28 17:27:00,2025-11-24/2025-11-30,0.0,0.27586555713037497
14900,2025-11-28 17:38:00,2025-11-24/2025-11-30,0.0,0.30608359189526035
14903,2025-11-28 17:51:00,2025-11-24/2025-11-30,0.0,0.31055257703102845
14904,2025-11-28 18:00:00,2025-11-24/2025-11-30,0.0,0.5204023793885375
14913,2025-11-28 18:35:00,2025-11-24/2025-11-30,0.0,0.3124749510297797
14915,2025-11-28 18:38:00,2025-11-24/2025-11-30,0.0,0.42355449593728867
14917,2025-11-28 18:49:00,2025-11-24/2025-11-30,0.0,0.2246949934294629
14919,2025-11-28 18:58:00,2025-11-24/2025-11-30,0.0,0.29761450762155994
14922,2025-11-28 19:02:00,2025-11-24/2025-11-30,0.0,0.2618538854594682
14923,2025-11-28 19:04:00,2025-11-24/2025-11-30,0.0,0.21856864851178728
14928,2025-11-28 19:14:00,2025-11-24/2025-11-30,0.0,0.40647411728269384
14935,2025-11-28 19:18:00,2025-11-24/2025-11-30,0.0,0.29946041557149783
14942,2025-11-28 19:24:00,2025-11-24/2025-11-30,0.0,0.3081140933753468
14943,2025-11-28 19:32:00,2025-11-24/2025-11-30,0.0,0.23290517846387432
14944,2025-11-28 19:33:00,2025-11-24/2025-11-30,0.0,0.2726534210300255
14947,2025-11-28 19:36:00,2025-11-24/2025-11-30,0.0,0.3915224271440905
14952,2025-11-28 19:43:00,2025-11-24/2025-11-30,0.0,0.43854008612672796
14956,2025-11-28 19:50:00,2025-11-24/2025-11-30,0.0,0.4315468312769113
14957,2025-11-28 19:54:00,2025-11-24/2025-11-30,0.0,0.30724930136964973
14961,2025-11-28 20:32:00,2025-11-24/2025-11-30,0.0,0.5003734284647863
14962,2025-11-28 20:52:00,2025-11-24/2025-11-30,0.0,0.5393757795972447
14968,2025-11-28 21:13:00,2025-11-24/2025-11-30,0.0,0.3964404595505003
14972,2025-11-28 21:47:00,2025-11-24/2025-11-30,0.0,0.5077634002580246
14974,2025-11-28 22:03:00,2025-11-24/2025-11-30,0.0,0.48821496909138556
14975,2025-11-28 22:04:00,2025-11-24/2025-11-30,0.0,0.43109377474763894
14977,2025-11-28 22:12:00,2025-11-24/2025-11-30,0.0,0.4740643457847653
14980,2025-11-28 22:49:00,2025-11-24/2025-11-30,0.0,0.36602155092207117
14982,2025-11-28 23:15:00,2025-11-24/2025-11-30,0.0,0.5742380765567887
14983,2025-11-28 23:17:00,2025-11-24/2025-11-30,0.0,0.36798744616816986
14984,2025-11-28 23:21:00,2025-11-24/2025-11-30,0.0,0.3954336229945641
14986,2025-11-29 00:44:00,2025-11-24/2025-11-30,0.0,0.42957068960339406
14987,2025-11-29 00:44:00,2025-11-24/2025-11-30,0.0,0.4374811202369144
14989,2025-11-29 01:00:00,2025-11-24/2025-11-30,0.0,0.2574781828126611
14991,2025-11-29 01:08:00,2025-11-24/2025-11-30,0.0,0.3223427662989466
14992,2025-11-29 01:14:00,2025-11-24/2025-11-30,0.0,0.41073916188711496
14993,2025-11-29 01:16:00,2025-11-24/2025-11-30,0.0,0.5009690954789923
14994,2025-11-29 01:20:00,2025-11-24/2025-11-30,0.0,0.4103987323796938
14998,2025-11-29 02:05:00,2025-11-24/2025-11-30,0.0,0.27774967049286486
15000,2025-11-29 02:32:00,2025-11-24/2025-11-30,0.0,0.18505800943247827
15001,2025-11-29 02:33:00,2025-11-24/2025-11-30,0.0,0.3918224863730393
15010,2025-11-29 02:45:00,2025-11-24/2025-11-30,0.0,0.38489960016519853
15015,2025-11-29 03:04:00,2025-11-24/2025-11-30,0.0,0.5004897831888464
15016,2025-11-29 03:05:00,2025-11-24/2025-11-30,0.0,0.303835635246543
15017,2025-11-29 03:06:00,2025-11-24/2025-11-30,0.0,0.4752309614783528
15018,2025-11-29 03:08:00,2025-11-24/2025-11-30,0.0,0.38818812392035246
15019,2025-11-29 03:09:00,2025-11-24/2025-11-30,0.0,0.42130698351094575
15020,2025-11-29 03:18:00,2025-11-24/2025-11-30,0.0,0.3516528969905759
15023,2025-11-29 03:33:00,2025-11-24/2025-11-30,0.0,0.21285498416595347
15026,2025-11-29 04:04:00,2025-11-24/2025-11-30,0.0,0.4666591554784939
15027,2025-11-29 04:05:00,2025-11-24/2025-11-30,0.0,0.25644659476187964
15028,2025-11-29 04:06:00,2025-11-24/2025-11-30,0.0,0.41435462580087445
15029,2025-11-29 04:07:00,2025-11-24/2025-11-30,0.0,0.31626486796233433
15030,2025-11-29 04:09:00,2025-11-24/2025-11-30,0.0,0.44559335018282
15031,2025-11-29 04:10:00,2025-11-24/2025-11-30,0.0,0.21974462820783622
15032,2025-11-29 04:11:00,2025-11-24/2025-11-30,0.0,0.5463861657152802
15034,2025-11-29 04:13:00,2025-11-24/2025-11-30,0.0,0.509601389421363
15036,2025-11-29 04:14:00,2025-11-24/2025-11-30,0.0,0.42405446548952835
15038,2025-11-29 04:15:00,2025-11-24/2025-11-30,0.0,0.34843199977559536
15039,2025-11-29 04:17:00,2025-11-24/2025-11-30,0.0,0.2701540406092126
15041,2025-11-29 04:18:00,2025-11-24/2025-11-30,0.0,0.15836891327178804
15042,2025-11-29 04:19:00,2025-11-24/2025-11-30,0.0,0.5227465537280451
15043,2025-11-29 04:21:00,2025-11-24/2025-11-30,0.0,0.5289474431046944
15044,2025-11-29 04:22:00,2025-11-24/2025-11-30,0.0,0.29214422768683884
15045,2025-11-29 04:23:00,2025-11-24/2025-11-30,0.0,0.4371093850414092
15046,2025-11-29 04:25:00,2025-11-24/2025-11-30,0.0,0.4031002475433857
15047,2025-11-29 04:27:00,2025-11-24/2025-11-30,0.0,0.4320597901903885
15048,2025-11-29 04:28:00,2025-11-24/2025-11-30,0.0,0.42041550587157933
15050,2025-11-29 04:29:00,2025-11-24/2025-11-30,0.0,0.5116609584508277
15052,2025-11-29 04:30:00,2025-11-24/2025-11-30,0.0,0.40719673328339173
15053,2025-11-29 04:31:00,2025-11-24/2025-11-30,0.0,0.40307655214754834
15057,2025-11-29 04:35:00,2025-11-24/2025-11-30,0.0,0.24359964166735834
15059,2025-11-29 04:44:00,2025-11-24/2025-11-30,0.0,0.49337224535436425
15061,2025-11-29 04:47:00,2025-11-24/2025-11-30,0.0,0.3589680572635987
15062,2025-11-29 04:51:00,2025-11-24/2025-11-30,0.0,0.26762781536658736
15066,2025-11-29 04:58:00,2025-11-24/2025-11-30,0.0,0.4029418776688571
15067,2025-11-29 05:00:00,2025-11-24/2025-11-30,0.0,0.5449620958139088
15072,2025-11-29 05:08:00,2025-11-24/2025-11-30,0.0,0.41726103209174564
15073,2025-11-29 05:10:00,2025-11-24/2025-11-30,0.0,0.46980037611323755
15079,2025-11-29 05:19:00,2025-11-24/2025-11-30,0.0,0.4152768426010651
15080,2025-11-29 05:22:00,2025-11-24/2025-11-30,0.0,0.31626486796233433
15081,2025-11-29 05:25:00,2025-11-24/2025-11-30,0.0,0.3178041154308936
15082,2025-11-29 05:26:00,2025-11-24/2025-11-30,0.0,0.38393577046054483
15083,2025-11-29 05:40:00,2025-11-24/2025-11-30,0.0,0.4093821594201233
15084,2025-11-29 05:41:00,2025-11-24/2025-11-30,0.0,0.37521177254015053
15085,2025-11-29 05:44:00,2025-11-24/2025-11-30,0.0,0.2297195809373567
15087,2025-11-29 05:52:00,2025-11-24/2025-11-30,0.0,0.53672035748841
15089,2025-11-29 06:06:00,2025-11-24/2025-11-30,0.0,0.47448845331822914
15091,2025-11-29 06:09:00,2025-11-24/2025-11-30,0.0,0.45312952889855557
15092,2025-11-29 06:10:00,2025-11-24/2025-11-30,0.0,0.4030527357907956
15093,2025-11-29 06:13:00,2025-11-24/2025-11-30,0.0,0.19605772945524105
15094,2025-11-29 06:27:00,2025-11-24/2025-11-30,0.0,0.4513728360195344
15095,2025-11-29 06:28:00,2025-11-24/2025-11-30,0.0,0.22632798633161316
15096,2025-11-29 06:31:00,2025-11-24/2025-11-30,0.0,0.3999104598678996
15097,2025-11-29 06:33:00,2025-11-24/2025-11-30,0.0,0.29014280331726944
15098,2025-11-29 06:34:00,2025-11-24/2025-11-30,0.0,0.4339574521141541
15100,2025-11-29 06:35:00,2025-11-24/2025-11-30,0.0,0.4905315129202751
15102,2025-11-29 06:45:00,2025-11-24/2025-11-30,0.0,0.24586008738511905
15103,2025-11-29 06:52:00,2025-11-24/2025-11-30,0.0,0.30938633721904457
15104,2025-11-29 06:54:00,2025-11-24/2025-11-30,0.0,0.3368726171132251
15105,2025-11-29 06:55:00,2025-11-24/2025-11-30,0.0,0.3337759226351785
15106,2025-11-29 06:56:00,2025-11-24/2025-11-30,0.0,0.45660419971163224
15108,2025-11-29 07:06:00,2025-11-24/2025-11-30,0.0,0.40336468941424414
15109,2025-11-29 07:08:00,2025-11-24/2025-11-30,0.0,0.3586686706689238
15110,2025-11-29 07:13:00,2025-11-24/2025-11-30,0.0,0.46556927382838037
15115,2025-11-29 07:43:00,2025-11-24/2025-11-30,0.0,0.32635347189531533
15117,2025-11-29 07:51:00,2025-11-24/2025-11-30,0.0,0.34617901949312985
15120,2025-11-29 07:57:00,2025-11-24/2025-11-30,0.0,0.2365988695563677
15121,2025-11-29 07:58:00,2025-11-24/2025-11-30,0.0,0.3245064279234926
15123,2025-11-29 08:04:00,2025-11-24/2025-11-30,0.0,0.4110800687123627
15125,2025-11-29 08:05:00,2025-11-24/2025-11-30,0.0,0.35650824787813595
15126,2025-11-29 08:09:00,2025-11-24/2025-11-30,0.0,0.45455858803180593
15130,2025-11-29 08:26:00,2025-11-24/2025-11-30,0.0,0.3131473344824513
15134,2025-11-29 08:48:00,2025-11-24/2025-11-30,0.0,0.5035364487611915
15137,2025-11-29 09:05:00,2025-11-24/2025-11-30,0.0,0.5382998454210932
15141,2025-11-29 09:07:00,2025-11-24/2025-11-30,0.0,0.4503497065697602
15142,2025-11-29 09:14:00,2025-11-24/2025-11-30,0.0,0.3179509905728992
15143,2025-11-29 09:19:00,2025-11-24/2025-11-30,0.0,0.5141368031829744
15145,2025-11-29 09:22:00,2025-11-24/2025-11-30,0.0,0.30594579776026987
15146,2025-11-29 09:23:00,2025-11-24/2025-11-30,0.0,0.2980713943342958
15148,2025-11-29 09:31:00,2025-11-24/2025-11-30,0.0,0.3019515791270876
15150,2025-11-29 09:38:00,2025-11-24/2025-11-30,0.0,0.26205773945310434
15153,2025-11-29 09:41:00,2025-11-24/2025-11-30,0.0,0.30030025472958616
15155,2025-11-29 09:46:00,2025-11-24/2025-11-30,0.0,0.4713200952412638
15156,2025-11-29 09:49:00,2025-11-24/2025-11-30,0.0,0.3754393293811758
15157,2025-11-29 09:50:00,2025-11-24/2025-11-30,0.0,0.2647059640009942
15158,2025-11-29 09:51:00,2025-11-24/2025-11-30,0.0,0.40720262548871267
15161,2025-11-29 09:56:00,2025-11-24/2025-11-30,0.0,0.19958199670782295
15163,2025-11-29 10:08:00,2025-11-24/2025-11-30,0.0,0.3143216065185783
15165,2025-11-29 10:33:00,2025-11-24/2025-11-30,0.0,0.4355129833629573
15166,2025-11-29 10:35:00,2025-11-24/2025-11-30,0.0,0.5021898672957854
15169,2025-11-29 10:40:00,2025-11-24/2025-11-30,0.0,0.24540202926483165
15170,2025-11-29 10:41:00,2025-11-24/2025-11-30,0.0,0.5746406711410813
15171,2025-11-29 10:42:00,2025-11-24/2025-11-30,0.0,0.25127127556002193
15172,2025-11-29 10:43:00,2025-11-24/2025-11-30,0.0,0.3765703996792982
15174,2025-11-29 10:44:00,2025-11-24/2025-11-30,0.0,0.47144254993372653
15175,2025-11-29 10:45:00,2025-11-24/2025-11-30,0.0,0.37881463618684114
15176,2025-11-29 10:46:00,2025-11-24/2025-11-30,0.0,0.305444683735007
15177,2025-11-29 10:47:00,2025-11-24/2025-11-30,0.0,0.46754724391024505
15178,2025-11-29 10:50:00,2025-11-24/2025-11-30,0.0,0.29169957753655656
15179,2025-11-29 10:51:00,2025-11-24/2025-11-30,0.0,0.46494600758905696
15181,2025-11-29 10:58:00,2025-11-24/2025-11-30,0.0,0.3578578918703104
15182,2025-11-29 11:01:00,2025-11-24/2025-11-30,0.0,0.4444468291232171
15183,2025-11-29 11:03:00,2025-11-24/2025-11-30,0.0,0.24385789405778424
15185,2025-11-29 11:05:00,2025-11-24/2025-11-30,0.0,0.28492902519927604
15186,2025-11-29 11:06:00,2025-11-24/2025-11-30,0.0,0.38182296330570004
15188,2025-11-29 11:07:00,2025-11-24/2025-11-30,0.0,0.5070627401634459
15189,2025-11-29 11:09:00,2025-11-24/2025-11-30,0.0,0.3888768592956117
15190,2025-11-29 11:10:00,2025-11-24/2025-11-30,0.0,0.27031896963357305
15191,2025-11-29 11:12:00,2025-11-24/2025-11-30,0.0,0.2435124058655128
15193,2025-11-29 11:21:00,2025-11-24/2025-11-30,0.0,0.28662764493248055
15197,2025-11-29 11:34:00,2025-11-24/2025-11-30,0.0,0.3856110569459909
15202,2025-11-29 11:43:00,2025-11-24/2025-11-30,0.0,0.44802961268043734
15203,2025-11-29 11:46:00,2025-11-24/2025-11-30,0.0,0.49813965440242364
15206,2025-11-29 11:48:00,2025-11-24/2025-11-30,0.0,0.22947418390729768
15208,2025-11-29 11:55:00,2025-11-24/2025-11-30,0.0,0.425008231022988
15210,2025-11-29 12:01:00,2025-11-24/2025-11-30,0.0,0.2851081870687145
15212,2025-11-29 12:20:00,2025-11-24/2025-11-30,0.0,0.4077389178592426
15213,2025-11-29 12:21:00,2025-11-24/2025-11-30,0.0,0.43931010613813687
15215,2025-11-29 12:23:00,2025-11-24/2025-11-30,0.0,0.41084235786038376
15217,2025-11-29 12:29:00,2025-11-24/2025-11-30,0.0,0.24905041747109205
15220,2025-11-29 12:40:00,2025-11-24/2025-11-30,0.0,0.40817222920471175
15221,2025-11-29 12:51:00,2025-11-24/2025-11-30,0.0,0.3075104716115054
15224,2025-11-29 13:01:00,2025-11-24/2025-11-30,0.0,0.384745767059272
15225,2025-11-29 13:02:00,2025-11-24/2025-11-30,0.0,0.5127881239146574
15226,2025-11-29 13:06:00,2025-11-24/2025-11-30,0.0,0.4443852622128731
15229,2025-11-29 13:14:00,2025-11-24/2025-11-30,0.0,0.30905029504027653
15232,2025-11-29 13:35:00,2025-11-24/2025-11-30,0.0,0.4334175133578033
15233,2025-11-29 13:37:00,2025-11-24/2025-11-30,0.0,0.42950220185113647
15234,2025-11-29 13:38:00,2025-11-24/2025-11-30,0.0,0.3430177316316473
15235,2025-11-29 13:39:00,2025-11-24/2025-11-30,0.0,0.2752589195076531
15236,2025-11-29 13:44:00,2025-11-24/2025-11-30,0.0,0.21400927770513817
15237,2025-11-29 13:53:00,2025-11-24/2025-11-30,0.0,0.322753111705833
15239,2025-11-29 14:02:00,2025-11-24/2025-11-30,0.0,0.43027263186606446
15240,2025-11-29 14:04:00,2025-11-24/2025-11-30,0.0,0.5632612488125244
15243,2025-11-29 14:13:00,2025-11-24/2025-11-30,0.0,0.2744115901674187
15249,2025-11-29 14:39:00,2025-11-24/2025-11-30,0.0,0.4825518070940323
15250,2025-11-29 15:08:00,2025-11-24/2025-11-30,0.0,0.5659949769949945
15252,2025-11-29 15:30:00,2025-11-24/2025-11-30,0.0,0.22289107302953137
15254,2025-11-29 15:49:00,2025-11-24/2025-11-30,0.0,0.3291235003007418
15257,2025-11-29 16:04:00,2025-11-24/2025-11-30,0.0,0.2879196893165352
15262,2025-11-29 16:28:00,2025-11-24/2025-11-30,0.0,0.21116048644034646
15292,2025-11-29 17:26:00,2025-11-24/2025-11-30,0.0,0.31867798587086554
15299,2025-11-29 17:44:00,2025-11-24/2025-11-30,0.0,0.49401472827201837
15320,2025-11-29 18:13:00,2025-11-24/2025-11-30,0.0,0.28034572794173745
15323,2025-11-29 18:22:00,2025-11-24/2025-11-30,0.0,0.5439190919793998
15324,2025-11-29 18:24:00,2025-11-24/2025-11-30,0.0,0.5623057300133975
15326,2025-11-29 18:32:00,2025-11-24/2025-11-30,0.0,0.2546265874906025
15327,2025-11-29 18:39:00,2025-11-24/2025-11-30,0.0,0.3762336587126137
15329,2025-11-29 18:47:00,2025-11-24/2025-11-30,0.0,0.2811803883129437
15333,2025-11-29 19:15:00,2025-11-24/2025-11-30,0.0,0.48303580632284987
15334,2025-11-29 19:17:00,2025-11-24/2025-11-30,0.0,0.3073712970724566
15336,2025-11-29 19:43:00,2025-11-24/2025-11-30,0.0,0.2828768596798404
15337,2025-11-29 19:54:00,2025-11-24/2025-11-30,0.0,0.32450332327382503
15338,2025-11-29 20:32:00,2025-11-24/2025-11-30,0.0,0.2078905706189005
15339,2025-11-29 20:41:00,2025-11-24/2025-11-30,0.0,0.3324680478717342
15341,2025-11-29 21:24:00,2025-11-24/2025-11-30,0.0,0.4186355497029771
15344,2025-11-29 22:06:00,2025-11-24/2025-11-30,0.0,0.459472684487657
15345,2025-11-29 22:08:00,2025-11-24/2025-11-30,0.0,0.4246309294607432
15346,2025-11-29 22:13:00,2025-11-24/2025-11-30,0.0,0.5364925460016989
15347,2025-11-29 22:29:00,2025-11-24/2025-11-30,0.0,0.4200502736739686
15351,2025-11-29 23:00:00,2025-11-24/2025-11-30,0.0,0.343654805314377
15353,2025-11-29 23:12:00,2025-11-24/2025-11-30,0.0,0.350502901118934
15354,2025-11-29 23:17:00,2025-11-24/2025-11-30,0.0,0.4243753887690571
15357,2025-11-29 23:45:00,2025-11-24/2025-11-30,0.0,0.39586069645436445
15358,2025-11-30 00:21:00,2025-11-24/2025-11-30,0.0,0.40507274796525383
15368,2025-11-30 01:44:00,2025-11-24/2025-11-30,0.0,0.38408284270402443
15371,2025-11-30 02:02:00,2025-11-24/2025-11-30,0.0,0.49008057424036255
15375,2025-11-30 02:35:00,2025-11-24/2025-11-30,0.0,0.25396382003647794
15376,2025-11-30 02:59:00,2025-11-24/2025-11-30,0.0,0.2402174267382904
15377,2025-11-30 03:29:00,2025-11-24/2025-11-30,0.0,0.5166649006266835
15378,2025-11-30 03:41:00,2025-11-24/2025-11-30,0.0,0.34227111809675653
15380,2025-11-30 04:02:00,2025-11-24/2025-11-30,0.0,0.5167243616538166
15381,2025-11-30 04:04:00,2025-11-24/2025-11-30,0.0,0.4953567868783279
15382,2025-11-30 04:05:00,2025-11-24/2025-11-30,0.0,0.3120107400118657
15383,2025-11-30 04:06:00,2025-11-24/2025-11-30,0.0,0.5012754788997125
15384,2025-11-30 04:07:00,2025-11-24/2025-11-30,0.0,0.3004260874229366
15386,2025-11-30 04:09:00,2025-11-24/2025-11-30,0.0,0.49193417442561044
15387,2025-11-30 04:10:00,2025-11-24/2025-11-30,0.0,0.5020375761812911
15389,2025-11-30 04:11:00,2025-11-24/2025-11-30,0.0,0.6184282481940193
15390,2025-11-30 04:13:00,2025-11-24/2025-11-30,0.0,0.41403587051168445
15391,2025-11-30 04:14:00,2025-11-24/2025-11-30,0.0,0.496114337022713
15392,2025-11-30 04:20:00,2025-11-24/2025-11-30,0.0,0.26726278748271326
15395,2025-11-30 04:25:00,2025-11-24/2025-11-30,0.0,0.3957294756335316
15396,2025-11-30 04:26:00,2025-11-24/2025-11-30,0.0,0.43428748964582686
15401,2025-11-30 04:41:00,2025-11-24/2025-11-30,0.0,0.32373869735458505
15402,2025-11-30 04:51:00,2025-11-24/2025-11-30,0.0,0.49627896579216496
15403,2025-11-30 04:54:00,2025-11-24/2025-11-30,0.0,0.41316558523419206
15405,2025-11-30 05:01:00,2025-11-24/2025-11-30,0.0,0.3977892207335345
15406,2025-11-30 05:05:00,2025-11-24/2025-11-30,0.0,0.44416991032051245
15409,2025-11-30 05:10:00,2025-11-24/2025-11-30,0.0,0.5333055048606118
15411,2025-11-30 05:14:00,2025-11-24/2025-11-30,0.0,0.26227382191263354
15417,2025-11-30 05:33:00,2025-11-24/2025-11-30,0.0,0.585800689646573
15418,2025-11-30 05:38:00,2025-11-24/2025-11-30,0.0,0.2250011944634075
15420,2025-11-30 05:47:00,2025-11-24/2025-11-30,0.0,0.2369657394914956
15421,2025-11-30 06:03:00,2025-11-24/2025-11-30,0.0,0.3228967694490905
15425,2025-11-30 06:13:00,2025-11-24/2025-11-30,0.0,0.253818445874522
15426,2025-11-30 06:18:00,2025-11-24/2025-11-30,0.0,0.5602704555649867
15430,2025-11-30 06:26:00,2025-11-24/2025-11-30,0.0,0.5146840269469916
15434,2025-11-30 06:39:00,2025-11-24/2025-11-30,0.0,0.45794173896846213
15441,2025-11-30 07:05:00,2025-11-24/2025-11-30,0.0,0.40921927224662324
15442,2025-11-30 07:09:00,2025-11-24/2025-11-30,0.0,0.3770049477505534
15445,2025-11-30 07:21:00,2025-11-24/2025-11-30,0.0,0.2270364917012027
15446,2025-11-30 07:27:00,2025-11-24/2025-11-30,0.0,0.3963658913654931
15448,2025-11-30 07:45:00,2025-11-24/2025-11-30,0.0,0.31774330947281076
15449,2025-11-30 07:46:00,2025-11-24/2025-11-30,0.0,0.5031739926444156
15450,2025-11-30 07:47:00,2025-11-24/2025-11-30,0.0,0.33217542374218645
15454,2025-11-30 08:04:00,2025-11-24/2025-11-30,0.0,0.36347577929960195
15455,2025-11-30 08:06:00,2025-11-24/2025-11-30,0.0,0.31686472493310225
15456,2025-11-30 08:08:00,2025-11-24/2025-11-30,0.0,0.3053332903115024
15457,2025-11-30 08:09:00,2025-11-24/2025-11-30,0.0,0.3055606004710321
15462,2025-11-30 08:19:00,2025-11-24/2025-11-30,0.0,0.3885022384412159
15463,2025-11-30 08:27:00,2025-11-24/2025-11-30,0.0,0.2637515207105029
15465,2025-11-30 08:30:00,2025-11-24/2025-11-30,0.0,0.2434874519056119
15468,2025-11-30 08:37:00,2025-11-24/2025-11-30,0.0,0.3885022384412159
15470,2025-11-30 08:42:00,2025-11-24/2025-11-30,0.0,0.4861830559521829
15471,2025-11-30 08:45:00,2025-11-24/2025-11-30,0.0,0.4111431126419929
15474,2025-11-30 08:55:00,2025-11-24/2025-11-30,0.0,0.5011215877524934
15475,2025-11-30 09:01:00,2025-11-24/2025-11-30,0.0,0.42470559202356173
15476,2025-11-30 09:06:00,2025-11-24/2025-11-30,0.0,0.3205325954852789
15481,2025-11-30 09:23:00,2025-11-24/2025-11-30,0.0,0.3545812638130693
15482,2025-11-30 09:35:00,2025-11-24/2025-11-30,0.0,0.30215670763023106
15485,2025-11-30 09:53:00,2025-11-24/2025-11-30,0.0,0.45193372616278227
15486,2025-11-30 09:56:00,2025-11-24/2025-11-30,0.0,0.3547863232555962
15491,2025-11-30 10:02:00,2025-11-24/2025-11-30,0.0,0.42565404177388944
15492,2025-11-30 10:04:00,2025-11-24/2025-11-30,0.0,0.3493090830006656
15493,2025-11-30 10:06:00,2025-11-24/2025-11-30,0.0,0.21451096780278778
15494,2025-11-30 10:25:00,2025-11-24/2025-11-30,0.0,0.46011206601567134
15496,2025-11-30 10:42:00,2025-11-24/2025-11-30,0.0,0.5808654492740719
15499,2025-11-30 10:46:00,2025-11-24/2025-11-30,0.0,0.42264189814336767
15500,2025-11-30 10:47:00,2025-11-24/2025-11-30,0.0,0.41786967930095087
15503,2025-11-30 11:01:00,2025-11-24/2025-11-30,0.0,0.22461290492581282
15505,2025-11-30 11:05:00,2025-11-24/2025-11-30,0.0,0.49040372375439284
15507,2025-11-30 11:14:00,2025-11-24/2025-11-30,0.0,0.3052112633968761
15508,2025-11-30 11:20:00,2025-11-24/2025-11-30,0.0,0.4944634942904584
15509,2025-11-30 11:31:00,2025-11-24/2025-11-30,0.0,0.2637515207105029
15510,2025-11-30 11:45:00,2025-11-24/2025-11-30,0.0,0.49739229990784295
15511,2025-11-30 11:51:00,2025-11-24/2025-11-30,0.0,0.36522695033118147
15512,2025-11-30 11:55:00,2025-11-24/2025-11-30,0.0,0.25709866365834366
15514,2025-11-30 11:57:00,2025-11-24/2025-11-30,0.0,0.2615673665578052
15521,2025-11-30 12:31:00,2025-11-24/2025-11-30,0.0,0.34614293737366375
15522,2025-11-30 12:32:00,2025-11-24/2025-11-30,0.0,0.3923652388397036
15523,2025-11-30 12:33:00,2025-11-24/2025-11-30,0.0,0.4538103327261181
15525,2025-11-30 12:35:00,2025-11-24/2025-11-30,0.0,0.46319323861928113
15526,2025-11-30 12:41:00,2025-11-24/2025-11-30,0.0,0.42948492925631604
15531,2025-11-30 13:01:00,2025-11-24/2025-11-30,0.0,0.36345117182401926
15532,2025-11-30 13:02:00,2025-11-24/2025-11-30,0.0,0.29336181677629536
15534,2025-11-30 13:05:00,2025-11-24/2025-11-30,0.0,0.1908351562561328
15537,2025-11-30 13:10:00,2025-11-24/2025-11-30,0.0,0.3548422707375152
15538,2025-11-30 13:17:00,2025-11-24/2025-11-30,0.0,0.21757847649714057
15540,2025-11-30 13:32:00,2025-11-24/2025-11-30,0.0,0.439633454397174
15542,2025-11-30 14:03:00,2025-11-24/2025-11-30,0.0,0.25182831191695115
15545,2025-11-30 14:36:00,2025-11-24/2025-11-30,0.0,0.35376207186147274
15547,2025-11-30 14:39:00,2025-11-24/2025-11-30,0.0,0.3881817336767477
15548,2025-11-30 14:40:00,2025-11-24/2025-11-30,0.0,0.40238336168493144
15549,2025-11-30 14:41:00,2025-11-24/2025-11-30,0.0,0.4719536322345666
15551,2025-11-30 14:44:00,2025-11-24/2025-11-30,0.0,0.4277541919155742
15552,2025-11-30 14:45:00,2025-11-24/2025-11-30,0.0,0.4719536322345666
15553,2025-11-30 14:47:00,2025-11-24/2025-11-30,0.0,0.3240701205478476
15554,2025-11-30 14:48:00,2025-11-24/2025-11-30,0.0,0.39217725632894146
15555,2025-11-30 14:49:00,2025-11-24/2025-11-30,0.0,0.28192854104353615
15557,2025-11-30 14:50:00,2025-11-24/2025-11-30,0.0,0.3222517534073232
15559,2025-11-30 14:51:00,2025-11-24/2025-11-30,0.0,0.48626557529457726
15565,2025-11-30 15:56:00,2025-11-24/2025-11-30,0.0,0.38872603905804826
15570,2025-11-30 16:53:00,2025-11-24/2025-11-30,0.0,0.31392672185909426
15574,2025-11-30 18:09:00,2025-11-24/2025-11-30,0.0,0.5482726905801981
15582,2025-11-30 19:27:00,2025-11-24/2025-11-30,0.0,0.23979669227012104
15586,2025-11-30 20:13:00,2025-11-24/2025-11-30,0.0,0.19177355658128115
15588,2025-11-30 21:09:00,2025-11-24/2025-11-30,0.0,0.5771495853913104
15595,2025-11-30 23:05:00,2025-11-24/2025-11-30,0.0,0.38735714983346897
15598,2025-12-01 04:04:00,2025-12-01/2025-12-07,0.0,0.3560213835759859
15599,2025-12-01 04:07:00,2025-12-01/2025-12-07,0.0,0.43457006283220384
15603,2025-12-01 09:56:00,2025-12-01/2025-12-07,0.0,0.3413158845036014
15605,2025-12-01 10:22:00,2025-12-01/2025-12-07,0.0,0.3754792508122219
15630,2025-12-01 16:23:00,2025-12-01/2025-12-07,0.0,0.38982154384617074
15631,2025-12-01 16:24:00,2025-12-01/2025-12-07,0.0,0.4150063614231307
15632,2025-12-01 16:26:00,2025-12-01/2025-12-07,0.0,0.5692479623162572
15636,2025-12-01 16:38:00,2025-12-01/2025-12-07,0.0,0.41307282957755137
15637,2025-12-01 16:41:00,2025-12-01/2025-12-07,0.0,0.4405494465820699
15639,2025-12-01 16:54:00,2025-12-01/2025-12-07,1.0,0.2631768641164995
15640,2025-12-01 17:04:00,2025-12-01/2025-12-07,0.0,0.5200416786978177
15643,2025-12-01 17:42:00,2025-12-01/2025-12-07,0.0,0.3390134817143546
15645,2025-12-01 17:56:00,2025-12-01/2025-12-07,0.0,0.32349708818801753
15646,2025-12-01 18:04:00,2025-12-01/2025-12-07,0.0,0.6209599042301419
15648,2025-12-01 19:02:00,2025-12-01/2025-12-07,0.0,0.40689668886366964
15651,2025-12-01 19:36:00,2025-12-01/2025-12-07,0.0,0.5164689626933968
15652,2025-12-01 19:40:00,2025-12-01/2025-12-07,0.0,0.47910428822569123
15653,2025-12-01 19:43:00,2025-12-01/2025-12-07,0.0,0.19274152447719237
15654,2025-12-01 19:45:00,2025-12-01/2025-12-07,0.0,0.2535232515693196
15663,2025-12-02 01:59:00,2025-12-01/2025-12-07,0.0,0.34204529174773185
15665,2025-12-02 03:26:00,2025-12-01/2025-12-07,0.0,0.4772709796507693
15667,2025-12-02 03:56:00,2025-12-01/2025-12-07,0.0,0.28139267406044255
15668,2025-12-02 04:06:00,2025-12-01/2025-12-07,0.0,0.5774352672821099
15669,2025-12-02 04:07:00,2025-12-01/2025-12-07,0.0,0.3629072028026739
15670,2025-12-02 04:08:00,2025-12-01/2025-12-07,0.0,0.4387132202882245
15671,2025-12-02 04:09:00,2025-12-01/2025-12-07,0.0,0.3902377218508175
15672,2025-12-02 04:13:00,2025-12-01/2025-12-07,0.0,0.25741985006422646
15680,2025-12-02 05:13:00,2025-12-01/2025-12-07,0.0,0.6182208187495846
15681,2025-12-02 05:17:00,2025-12-01/2025-12-07,0.0,0.2997756712378852
15682,2025-12-02 05:20:00,2025-12-01/2025-12-07,0.0,0.48749616430000897
15686,2025-12-02 05:40:00,2025-12-01/2025-12-07,0.0,0.5480650315168555
15689,2025-12-02 06:14:00,2025-12-01/2025-12-07,0.0,0.4333788411064021
15690,2025-12-02 06:30:00,2025-12-01/2025-12-07,0.0,0.45494359237320475
15693,2025-12-02 06:58:00,2025-12-01/2025-12-07,0.0,0.5815290430921666
15694,2025-12-02 07:42:00,2025-12-01/2025-12-07,0.0,0.23577145343718048
15695,2025-12-02 07:43:00,2025-12-01/2025-12-07,0.0,0.3093306831704501
15696,2025-12-02 07:59:00,2025-12-01/2025-12-07,0.0,0.5070558133448132
15697,2025-12-02 08:07:00,2025-12-01/2025-12-07,0.0,0.5274449869347838
15702,2025-12-02 09:17:00,2025-12-01/2025-12-07,0.0,0.5682247662293614
15704,2025-12-02 09:41:00,2025-12-01/2025-12-07,0.0,0.5239602500593521
15705,2025-12-02 09:48:00,2025-12-01/2025-12-07,0.0,0.49004387085575474
15707,2025-12-02 09:59:00,2025-12-01/2025-12-07,0.0,0.5831489912614857
15709,2025-12-02 10:09:00,2025-12-01/2025-12-07,0.0,0.2590931763881811
15710,2025-12-02 10:14:00,2025-12-01/2025-12-07,0.0,0.4694322361231309
15713,2025-12-02 10:18:00,2025-12-01/2025-12-07,0.0,0.39112591861561957
15714,2025-12-02 10:28:00,2025-12-01/2025-12-07,0.0,0.39763187175509473
15716,2025-12-02 10:41:00,2025-12-01/2025-12-07,0.0,0.3702537628479701
15721,2025-12-02 11:56:00,2025-12-01/2025-12-07,0.0,0.5556177587157775
15722,2025-12-02 12:05:00,2025-12-01/2025-12-07,0.0,0.349879688212041
15723,2025-12-02 12:09:00,2025-12-01/2025-12-07,0.0,0.1919733088798189
15725,2025-12-02 12:37:00,2025-12-01/2025-12-07,0.0,0.45849852032802263
15726,2025-12-02 12:45:00,2025-12-01/2025-12-07,0.0,0.42834352555010896
15729,2025-12-02 13:02:00,2025-12-01/2025-12-07,0.0,0.21918805021987217
15737,2025-12-02 13:54:00,2025-12-01/2025-12-07,0.0,0.25667464199145296
15738,2025-12-02 14:16:00,2025-12-01/2025-12-07,0.0,0.4941600044654369
15742,2025-12-02 14:43:00,2025-12-01/2025-12-07,0.0,0.5405416953122952
15745,2025-12-02 15:46:00,2025-12-01/2025-12-07,0.0,0.4632621407632649
15749,2025-12-02 16:20:00,2025-12-01/2025-12-07,0.0,0.4296950912074269
15750,2025-12-02 16:23:00,2025-12-01/2025-12-07,0.0,0.2851719255172693
15752,2025-12-02 16:47:00,2025-12-01/2025-12-07,0.0,0.4812214497377704
15754,2025-12-02 17:51:00,2025-12-01/2025-12-07,0.0,0.2561283942114898
15755,2025-12-02 17:52:00,2025-12-01/2025-12-07,0.0,0.35476403560145964
15756,2025-12-02 17:59:00,2025-12-01/2025-12-07,0.0,0.19569130467342055
15757,2025-12-02 18:04:00,2025-12-01/2025-12-07,0.0,0.557937105557516
15759,2025-12-02 18:09:00,2025-12-01/2025-12-07,0.0,0.4457871594926071
15760,2025-12-02 18:10:00,2025-12-01/2025-12-07,0.0,0.39818857547320324
15762,2025-12-02 18:39:00,2025-12-01/2025-12-07,0.0,0.46867000411103776
15764,2025-12-02 19:02:00,2025-12-01/2025-12-07,0.0,0.30057591234609443
15765,2025-12-02 19:13:00,2025-12-01/2025-12-07,0.0,0.40582594887771645
15767,2025-12-02 20:40:00,2025-12-01/2025-12-07,0.0,0.5958952055408975
15769,2025-12-02 21:37:00,2025-12-01/2025-12-07,0.0,0.33651437743095286
15770,2025-12-02 21:55:00,2025-12-01/2025-12-07,0.0,0.2805256550578747
15772,2025-12-02 22:13:00,2025-12-01/2025-12-07,0.0,0.4470974339682486
15775,2025-12-02 22:49:00,2025-12-01/2025-12-07,0.0,0.4054406684276568
15777,2025-12-02 23:02:00,2025-12-01/2025-12-07,0.0,0.277113746432692
15778,2025-12-02 23:08:00,2025-12-01/2025-12-07,0.0,0.2938925450791555
15780,2025-12-02 23:44:00,2025-12-01/2025-12-07,0.0,0.2468473133595203
15782,2025-12-02 23:50:00,2025-12-01/2025-12-07,0.0,0.4047780031602595
15785,2025-12-03 00:18:00,2025-12-01/2025-12-07,0.0,0.43276795679023544
15786,2025-12-03 00:19:00,2025-12-01/2025-12-07,0.0,0.1970526454767335
15788,2025-12-03 00:39:00,2025-12-01/2025-12-07,0.0,0.3894668923394559
15789,2025-12-03 02:31:00,2025-12-01/2025-12-07,0.0,0.5611541627253612
15790,2025-12-03 02:32:00,2025-12-01/2025-12-07,0.0,0.4119320873743646
15792,2025-12-03 03:10:00,2025-12-01/2025-12-07,0.0,0.26440553792783705
15793,2025-12-03 03:18:00,2025-12-01/2025-12-07,0.0,0.48978325154411045
15794,2025-12-03 03:25:00,2025-12-01/2025-12-07,0.0,0.19107460892487863
15798,2025-12-03 04:03:00,2025-12-01/2025-12-07,0.0,0.5265296497154345
15799,2025-12-03 04:05:00,2025-12-01/2025-12-07,0.0,0.5423694822788233
15800,2025-12-03 04:06:00,2025-12-01/2025-12-07,0.0,0.25927682519444795
15801,2025-12-03 04:07:00,2025-12-01/2025-12-07,0.0,0.5490112768516929
15802,2025-12-03 04:08:00,2025-12-01/2025-12-07,0.0,0.47928804993342417
15803,2025-12-03 04:09:00,2025-12-01/2025-12-07,0.0,0.46131265805092175
15807,2025-12-03 05:29:00,2025-12-01/2025-12-07,0.0,0.27892574401004333
15808,2025-12-03 05:51:00,2025-12-01/2025-12-07,0.0,0.3577266749467916
15811,2025-12-03 06:04:00,2025-12-01/2025-12-07,0.0,0.5139810196776318
15822,2025-12-03 07:30:00,2025-12-01/2025-12-07,0.0,0.5569081475042625
15823,2025-12-03 07:43:00,2025-12-01/2025-12-07,0.0,0.5283599232272765
15824,2025-12-03 07:54:00,2025-12-01/2025-12-07,0.0,0.3588185205439804
15828,2025-12-03 08:31:00,2025-12-01/2025-12-07,0.0,0.41167941012456327
15829,2025-12-03 08:33:00,2025-12-01/2025-12-07,0.0,0.4009087640428738
15830,2025-12-03 08:46:00,2025-12-01/2025-12-07,0.0,0.4937777528988842
15831,2025-12-03 08:49:00,2025-12-01/2025-12-07,0.0,0.27121299163066426
15833,2025-12-03 09:03:00,2025-12-01/2025-12-07,0.0,0.3264551466894469
15834,2025-12-03 09:12:00,2025-12-01/2025-12-07,0.0,0.39232488199843624
15835,2025-12-03 10:07:00,2025-12-01/2025-12-07,0.0,0.406892084162334
15836,2025-12-03 10:11:00,2025-12-01/2025-12-07,0.0,0.4005546787590493
15837,2025-12-03 10:16:00,2025-12-01/2025-12-07,0.0,0.4832866124175927
15838,2025-12-03 10:32:00,2025-12-01/2025-12-07,0.0,0.5440222173813757
15843,2025-12-03 10:47:00,2025-12-01/2025-12-07,0.0,0.40658746074742075
15844,2025-12-03 10:48:00,2025-12-01/2025-12-07,0.0,0.388350068029957
15845,2025-12-03 10:49:00,2025-12-01/2025-12-07,0.0,0.541938329387647
15847,2025-12-03 10:58:00,2025-12-01/2025-12-07,0.0,0.3303341464363568
15848,2025-12-03 11:20:00,2025-12-01/2025-12-07,0.0,0.3979926003400819
15849,2025-12-03 11:44:00,2025-12-01/2025-12-07,0.0,0.5330581687221196
15850,2025-12-03 11:46:00,2025-12-01/2025-12-07,0.0,0.37095065215839973
15852,2025-12-03 12:04:00,2025-12-01/2025-12-07,0.0,0.40993376904057416
15853,2025-12-03 12:29:00,2025-12-01/2025-12-07,0.0,0.3475485503921786
15855,2025-12-03 13:02:00,2025-12-01/2025-12-07,0.0,0.3353436127500843
15856,2025-12-03 13:03:00,2025-12-01/2025-12-07,0.0,0.5262667870418748
15857,2025-12-03 13:28:00,2025-12-01/2025-12-07,0.0,0.4470985848325013
15861,2025-12-03 14:41:00,2025-12-01/2025-12-07,0.0,0.5295947004343335
15864,2025-12-03 15:09:00,2025-12-01/2025-12-07,0.0,0.33614986852997675
15866,2025-12-03 15:45:00,2025-12-01/2025-12-07,0.0,0.3162454071780568
15868,2025-12-03 15:47:00,2025-12-01/2025-12-07,0.0,0.3418373930304593
15870,2025-12-03 16:05:00,2025-12-01/2025-12-07,0.0,0.4574608991723287
15872,2025-12-03 16:32:00,2025-12-01/2025-12-07,0.0,0.41891129025310986
15873,2025-12-03 16:34:00,2025-12-01/2025-12-07,0.0,0.4495462204811582
15882,2025-12-03 18:13:00,2025-12-01/2025-12-07,0.0,0.35077066457357553
15883,2025-12-03 18:40:00,2025-12-01/2025-12-07,0.0,0.4950583003632624
15884,2025-12-03 18:45:00,2025-12-01/2025-12-07,0.0,0.2516572832972471
15885,2025-12-03 18:47:00,2025-12-01/2025-12-07,0.0,0.3755929002519815
15887,2025-12-03 18:49:00,2025-12-01/2025-12-07,0.0,0.2542566872858789
15889,2025-12-03 18:53:00,2025-12-01/2025-12-07,0.0,0.4826349038192499
15891,2025-12-03 18:58:00,2025-12-01/2025-12-07,0.0,0.3531515920353408
15895,2025-12-03 19:20:00,2025-12-01/2025-12-07,0.0,0.3803455160144467
15900,2025-12-04 04:02:00,2025-12-01/2025-12-07,0.0,0.46670622043524607
15901,2025-12-04 04:09:00,2025-12-01/2025-12-07,0.0,0.48990468763205525
15908,2025-12-04 05:41:00,2025-12-01/2025-12-07,0.0,0.3013976391645809
15909,2025-12-04 06:08:00,2025-12-01/2025-12-07,0.0,0.45061058598765436
15910,2025-12-04 06:56:00,2025-12-01/2025-12-07,0.0,0.30388209922127596
15918,2025-12-04 10:03:00,2025-12-01/2025-12-07,0.0,0.2519572429229075
15919,2025-12-04 10:11:00,2025-12-01/2025-12-07,0.0,0.2973877018405914
15923,2025-12-04 11:20:00,2025-12-01/2025-12-07,0.0,0.410558363880414
15924,2025-12-04 11:22:00,2025-12-01/2025-12-07,0.0,0.3715645505605496
15929,2025-12-04 11:30:00,2025-12-01/2025-12-07,0.0,0.24725621685705546
15931,2025-12-04 12:29:00,2025-12-01/2025-12-07,0.0,0.4352415303987169
15932,2025-12-04 12:30:00,2025-12-01/2025-12-07,0.0,0.38615277785263813
15933,2025-12-04 12:33:00,2025-12-01/2025-12-07,0.0,0.3733904603200858
15934,2025-12-04 12:42:00,2025-12-01/2025-12-07,0.0,0.20365930752502567
15935,2025-12-04 12:52:00,2025-12-01/2025-12-07,0.0,0.21352694009084353
15936,2025-12-04 13:05:00,2025-12-01/2025-12-07,0.0,0.3682670252622149
15939,2025-12-04 14:30:00,2025-12-01/2025-12-07,0.0,0.5176889752400752
15951,2025-12-04 17:09:00,2025-12-01/2025-12-07,0.0,0.24710692533488252
15952,2025-12-04 17:17:00,2025-12-01/2025-12-07,0.0,0.23254067944344442
15956,2025-12-04 17:36:00,2025-12-01/2025-12-07,0.0,0.44722179932044054
15957,2025-12-04 17:37:00,2025-12-01/2025-12-07,0.0,0.2400099510068421
15958,2025-12-04 18:35:00,2025-12-01/2025-12-07,0.0,0.4022690125576612
15959,2025-12-04 18:50:00,2025-12-01/2025-12-07,0.0,0.4763083762452595
15960,2025-12-04 18:53:00,2025-12-01/2025-12-07,0.0,0.25551464184417216
15961,2025-12-04 19:07:00,2025-12-01/2025-12-07,0.0,0.30020218939456506
15962,2025-12-04 19:23:00,2025-12-01/2025-12-07,0.0,0.3222815698506074
15963,2025-12-04 19:26:00,2025-12-01/2025-12-07,0.0,0.4176336066049299
15965,2025-12-04 19:42:00,2025-12-01/2025-12-07,0.0,0.3328768855492151
15972,2025-12-04 20:20:00,2025-12-01/2025-12-07,0.0,0.5334300891667604
15974,2025-12-04 21:01:00,2025-12-01/2025-12-07,0.0,0.4511582772354119
15978,2025-12-04 22:11:00,2025-12-01/2025-12-07,0.0,0.3740435464347053
15985,2025-12-04 22:54:00,2025-12-01/2025-12-07,0.0,0.41936014082865136
15986,2025-12-04 22:55:00,2025-12-01/2025-12-07,0.0,0.5243770813209783
15997,2025-12-05 01:13:00,2025-12-01/2025-12-07,0.0,0.2868780131954298
15998,2025-12-05 01:15:00,2025-12-01/2025-12-07,0.0,0.2055121762018426
16000,2025-12-05 01:46:00,2025-12-01/2025-12-07,0.0,0.16887846075058238
16001,2025-12-05 02:18:00,2025-12-01/2025-12-07,0.0,0.4216742376267145
16002,2025-12-05 02:35:00,2025-12-01/2025-12-07,0.0,0.18262919647848966
16003,2025-12-05 02:43:00,2025-12-01/2025-12-07,0.0,0.4504818739617552
16004,2025-12-05 04:03:00,2025-12-01/2025-12-07,0.0,0.3453303760794285
16005,2025-12-05 04:05:00,2025-12-01/2025-12-07,0.0,0.5307470380122518
16006,2025-12-05 04:07:00,2025-12-01/2025-12-07,0.0,0.404878737303641
16008,2025-12-05 04:09:00,2025-12-01/2025-12-07,0.0,0.4892466266044261
16015,2025-12-05 04:15:00,2025-12-01/2025-12-07,0.0,0.4088680360328705
16017,2025-12-05 04:21:00,2025-12-01/2025-12-07,0.0,0.46584947571998025
16019,2025-12-05 04:33:00,2025-12-01/2025-12-07,0.0,0.4662370095232908
16021,2025-12-05 04:45:00,2025-12-01/2025-12-07,0.0,0.29197086501802766
16023,2025-12-05 05:01:00,2025-12-01/2025-12-07,0.0,0.302849881378759
16031,2025-12-05 06:03:00,2025-12-01/2025-12-07,0.0,0.44106515559733495
16032,2025-12-05 06:04:00,2025-12-01/2025-12-07,0.0,0.4139902046341563
16033,2025-12-05 06:06:00,2025-12-01/2025-12-07,0.0,0.45149679304529144
16034,2025-12-05 06:12:00,2025-12-01/2025-12-07,0.0,0.31132844973737955
16035,2025-12-05 06:14:00,2025-12-01/2025-12-07,0.0,0.3097323717731964
16036,2025-12-05 17:17:00,2025-12-01/2025-12-07,0.0,0.301388406408241
16038,2025-12-05 17:19:00,2025-12-01/2025-12-07,0.0,0.4614118538743191
16039,2025-12-05 17:20:00,2025-12-01/2025-12-07,0.0,0.3760565158681035
16043,2025-12-05 17:30:00,2025-12-01/2025-12-07,0.0,0.5604574191173971
16044,2025-12-05 17:37:00,2025-12-01/2025-12-07,0.0,0.39981915867733797
16045,2025-12-05 17:45:00,2025-12-01/2025-12-07,0.0,0.5060018014982615
16047,2025-12-05 17:54:00,2025-12-01/2025-12-07,0.0,0.43976692193936023
16050,2025-12-05 18:11:00,2025-12-01/2025-12-07,0.0,0.3180132983254887
16055,2025-12-05 18:24:00,2025-12-01/2025-12-07,0.0,0.40563967515067
16057,2025-12-05 18:28:00,2025-12-01/2025-12-07,0.0,0.294874253802654
16058,2025-12-05 18:33:00,2025-12-01/2025-12-07,0.0,0.3466058051690738
16060,2025-12-05 18:37:00,2025-12-01/2025-12-07,0.0,0.5285779626633014
16061,2025-12-05 18:48:00,2025-12-01/2025-12-07,0.0,0.29345274501621493
16065,2025-12-05 19:20:00,2025-12-01/2025-12-07,0.0,0.43278386571140337
16066,2025-12-05 19:24:00,2025-12-01/2025-12-07,0.0,0.3470530546719203
16068,2025-12-05 19:43:00,2025-12-01/2025-12-07,0.0,0.4011057820990632
16071,2025-12-05 20:10:00,2025-12-01/2025-12-07,0.0,0.2239383291198173
16073,2025-12-05 20:35:00,2025-12-01/2025-12-07,0.0,0.44385252162739836
16075,2025-12-05 20:56:00,2025-12-01/2025-12-07,0.0,0.23004849324269966
16076,2025-12-05 21:14:00,2025-12-01/2025-12-07,0.0,0.5457162648208117
16080,2025-12-05 21:26:00,2025-12-01/2025-12-07,0.0,0.5000758171698724
16084,2025-12-05 22:15:00,2025-12-01/2025-12-07,0.0,0.3602240742047114
16085,2025-12-05 22:25:00,2025-12-01/2025-12-07,0.0,0.5162097930953482
16091,2025-12-06 00:08:00,2025-12-01/2025-12-07,0.0,0.5330644263345652
16094,2025-12-06 00:21:00,2025-12-01/2025-12-07,0.0,0.29273217186149647
16095,2025-12-06 00:38:00,2025-12-01/2025-12-07,0.0,0.4411180996228952
16096,2025-12-06 00:46:00,2025-12-01/2025-12-07,0.0,0.30797488091920155
16104,2025-12-06 00:55:00,2025-12-01/2025-12-07,0.0,0.3335124783621807
16106,2025-12-06 01:13:00,2025-12-01/2025-12-07,0.0,0.29165863200419145
16108,2025-12-06 01:14:00,2025-12-01/2025-12-07,0.0,0.5705232160827115
16109,2025-12-06 01:15:00,2025-12-01/2025-12-07,0.0,0.29697346088113663
16110,2025-12-06 01:17:00,2025-12-01/2025-12-07,0.0,0.318065420041445
16114,2025-12-06 02:24:00,2025-12-01/2025-12-07,0.0,0.38482454727568255
16115,2025-12-06 02:26:00,2025-12-01/2025-12-07,0.0,0.3102400859899583
16123,2025-12-06 03:13:00,2025-12-01/2025-12-07,0.0,0.466656530997896
16124,2025-12-06 04:00:00,2025-12-01/2025-12-07,0.0,0.3022085539234147
16125,2025-12-06 04:04:00,2025-12-01/2025-12-07,0.0,0.42835000905066895
16126,2025-12-06 04:06:00,2025-12-01/2025-12-07,0.0,0.5385351674536082
16127,2025-12-06 04:07:00,2025-12-01/2025-12-07,0.0,0.5196932958612485
16129,2025-12-06 04:10:00,2025-12-01/2025-12-07,0.0,0.3097314343646133
16130,2025-12-06 04:11:00,2025-12-01/2025-12-07,0.0,0.3687305517115975
16131,2025-12-06 04:12:00,2025-12-01/2025-12-07,0.0,0.3064449096052987
16132,2025-12-06 04:14:00,2025-12-01/2025-12-07,0.0,0.416075236368733
16133,2025-12-06 04:15:00,2025-12-01/2025-12-07,0.0,0.3159103309821476
16168,2025-12-06 04:40:00,2025-12-01/2025-12-07,0.0,0.5435930546254117
16169,2025-12-06 04:41:00,2025-12-01/2025-12-07,0.0,0.5059006453508998
16170,2025-12-06 04:48:00,2025-12-01/2025-12-07,1.0,0.505602223694145
16175,2025-12-06 05:08:00,2025-12-01/2025-12-07,0.0,0.3135781562453317
16176,2025-12-06 05:17:00,2025-12-01/2025-12-07,0.0,0.4219862664610831
16177,2025-12-06 05:26:00,2025-12-01/2025-12-07,0.0,0.21330663895539898
16181,2025-12-06 05:37:00,2025-12-01/2025-12-07,0.0,0.4567186939565441
16184,2025-12-06 05:39:00,2025-12-01/2025-12-07,1.0,0.3245953463770096
16185,2025-12-06 05:48:00,2025-12-01/2025-12-07,0.0,0.2987227124309388
16186,2025-12-06 06:02:00,2025-12-01/2025-12-07,0.0,0.30112606151080157
16190,2025-12-06 06:09:00,2025-12-01/2025-12-07,0.0,0.4219926539622418
16193,2025-12-06 06:14:00,2025-12-01/2025-12-07,0.0,0.5073212491604455
16196,2025-12-06 06:28:00,2025-12-01/2025-12-07,0.0,0.4452594142366907
16198,2025-12-06 06:36:00,2025-12-01/2025-12-07,0.0,0.378456248733166
16199,2025-12-06 06:43:00,2025-12-01/2025-12-07,0.0,0.5400162246914824
16200,2025-12-06 06:48:00,2025-12-01/2025-12-07,0.0,0.466656530997896
16201,2025-12-06 06:50:00,2025-12-01/2025-12-07,0.0,0.45189719165054204
16202,2025-12-06 06:54:00,2025-12-01/2025-12-07,0.0,0.46572297273042446
16203,2025-12-06 07:13:00,2025-12-01/2025-12-07,0.0,0.41533487280398473
16204,2025-12-06 07:15:00,2025-12-01/2025-12-07,0.0,0.31208888411468677
16205,2025-12-06 07:16:00,2025-12-01/2025-12-07,0.0,0.466656530997896
16207,2025-12-06 07:20:00,2025-12-01/2025-12-07,0.0,0.29657999889211767
16212,2025-12-06 07:32:00,2025-12-01/2025-12-07,0.0,0.24844159005135177
16215,2025-12-06 07:37:00,2025-12-01/2025-12-07,0.0,0.24844886515115625
16225,2025-12-06 08:05:00,2025-12-01/2025-12-07,0.0,0.31324279759575147
16226,2025-12-06 08:07:00,2025-12-01/2025-12-07,0.0,0.23964731132304365
16228,2025-12-06 08:18:00,2025-12-01/2025-12-07,0.0,0.4261713488923405
16239,2025-12-06 08:36:00,2025-12-01/2025-12-07,0.0,0.24331023984083938
16245,2025-12-06 08:41:00,2025-12-01/2025-12-07,0.0,0.4430644025227819
16251,2025-12-06 08:45:00,2025-12-01/2025-12-07,0.0,0.4109724831323377
16273,2025-12-06 09:02:00,2025-12-01/2025-12-07,0.0,0.5338974292027111
16274,2025-12-06 09:04:00,2025-12-01/2025-12-07,0.0,0.31333716041999143
16283,2025-12-06 09:09:00,2025-12-01/2025-12-07,0.0,0.3993006698171291
16285,2025-12-06 09:12:00,2025-12-01/2025-12-07,0.0,0.3176738347991512
16288,2025-12-06 09:14:00,2025-12-01/2025-12-07,0.0,0.29828785330492225
16306,2025-12-06 09:27:00,2025-12-01/2025-12-07,0.0,0.30797355545260524
16323,2025-12-06 09:39:00,2025-12-01/2025-12-07,0.0,0.3867983305571897
16328,2025-12-06 09:46:00,2025-12-01/2025-12-07,0.0,0.30499366348692075
16331,2025-12-06 09:49:00,2025-12-01/2025-12-07,0.0,0.3181842030630347
16338,2025-12-06 10:16:00,2025-12-01/2025-12-07,0.0,0.29799179571989654
16339,2025-12-06 10:17:00,2025-12-01/2025-12-07,0.0,0.2578467261229006
16340,2025-12-06 10:18:00,2025-12-01/2025-12-07,0.0,0.3181842030630347
16347,2025-12-06 10:25:00,2025-12-01/2025-12-07,0.0,0.474313047588119
16354,2025-12-06 10:29:00,2025-12-01/2025-12-07,0.0,0.5250112661884404
16393,2025-12-06 11:01:00,2025-12-01/2025-12-07,0.0,0.43982607224072817
16396,2025-12-06 11:04:00,2025-12-01/2025-12-07,0.0,0.47828010621598266
16401,2025-12-06 11:10:00,2025-12-01/2025-12-07,0.0,0.3761772834262741
16402,2025-12-06 11:11:00,2025-12-01/2025-12-07,0.0,0.4531678641555733
16404,2025-12-06 11:13:00,2025-12-01/2025-12-07,1.0,0.19184083655697143
16411,2025-12-06 11:19:00,2025-12-01/2025-12-07,0.0,0.37420943773323256
16412,2025-12-06 11:20:00,2025-12-01/2025-12-07,0.0,0.25035905457855345
16413,2025-12-06 11:21:00,2025-12-01/2025-12-07,0.0,0.28598071321046614
16418,2025-12-06 11:26:00,2025-12-01/2025-12-07,0.0,0.24275793736580625
16420,2025-12-06 11:28:00,2025-12-01/2025-12-07,0.0,0.4609440083311163
16421,2025-12-06 11:31:00,2025-12-01/2025-12-07,0.0,0.4566522367817059
16422,2025-12-06 11:32:00,2025-12-01/2025-12-07,0.0,0.2728988290958666
16425,2025-12-06 11:38:00,2025-12-01/2025-12-07,0.0,0.25311816627101746
16426,2025-12-06 11:40:00,2025-12-01/2025-12-07,1.0,0.19463830791619405
16431,2025-12-06 11:44:00,2025-12-01/2025-12-07,0.0,0.45994529462562966
16432,2025-12-06 11:45:00,2025-12-01/2025-12-07,0.0,0.42481526512416845
16439,2025-12-06 11:59:00,2025-12-01/2025-12-07,0.0,0.5312904983768642
16455,2025-12-06 12:13:00,2025-12-01/2025-12-07,0.0,0.3693132253018825
16456,2025-12-06 12:15:00,2025-12-01/2025-12-07,0.0,0.2126527932000481
16459,2025-12-06 12:18:00,2025-12-01/2025-12-07,0.0,0.5346667161918706
16469,2025-12-06 12:26:00,2025-12-01/2025-12-07,0.0,0.47018761741722637
16472,2025-12-06 12:35:00,2025-12-01/2025-12-07,0.0,0.3977578356502072
16474,2025-12-06 12:56:00,2025-12-01/2025-12-07,0.0,0.2275034819642701
16476,2025-12-06 13:00:00,2025-12-01/2025-12-07,0.0,0.33574303041441556
16478,2025-12-06 13:07:00,2025-12-01/2025-12-07,0.0,0.3531530879625386
16479,2025-12-06 13:09:00,2025-12-01/2025-12-07,0.0,0.29040201780788016
16481,2025-12-06 13:12:00,2025-12-01/2025-12-07,0.0,0.5875974029428975
16484,2025-12-06 13:23:00,2025-12-01/2025-12-07,0.0,0.30672222096817436
16485,2025-12-06 13:25:00,2025-12-01/2025-12-07,0.0,0.32696479208934703
16490,2025-12-06 13:31:00,2025-12-01/2025-12-07,0.0,0.5501441297264686
16492,2025-12-06 13:33:00,2025-12-01/2025-12-07,0.0,0.43324284020661225
16495,2025-12-06 13:49:00,2025-12-01/2025-12-07,0.0,0.5306706659282622
16498,2025-12-06 14:01:00,2025-12-01/2025-12-07,0.0,0.4255942407663831
16501,2025-12-06 14:06:00,2025-12-01/2025-12-07,0.0,0.19672315672703394
16502,2025-12-06 14:08:00,2025-12-01/2025-12-07,0.0,0.32209997399866996
16503,2025-12-06 14:09:00,2025-12-01/2025-12-07,0.0,0.20530610840369304
16506,2025-12-06 14:12:00,2025-12-01/2025-12-07,0.0,0.3137891227518991
16516,2025-12-06 14:23:00,2025-12-01/2025-12-07,0.0,0.42387294707257844
16533,2025-12-06 14:34:00,2025-12-01/2025-12-07,0.0,0.45061236681895256
16534,2025-12-06 14:35:00,2025-12-01/2025-12-07,0.0,0.5169532149363868
16535,2025-12-06 14:38:00,2025-12-01/2025-12-07,0.0,0.3589861230993115
16538,2025-12-06 14:41:00,2025-12-01/2025-12-07,0.0,0.24674761543368604
16548,2025-12-06 15:05:00,2025-12-01/2025-12-07,0.0,0.3181842030630347
16550,2025-12-06 15:27:00,2025-12-01/2025-12-07,0.0,0.5235948518486729
16551,2025-12-06 15:32:00,2025-12-01/2025-12-07,0.0,0.43617418152831666
16553,2025-12-06 15:34:00,2025-12-01/2025-12-07,0.0,0.4199246664014351
16556,2025-12-06 15:40:00,2025-12-01/2025-12-07,0.0,0.4889692578285125
16557,2025-12-06 15:43:00,2025-12-01/2025-12-07,0.0,0.4408451202006233
16558,2025-12-06 15:47:00,2025-12-01/2025-12-07,0.0,0.5196932958612485
16563,2025-12-06 15:52:00,2025-12-01/2025-12-07,0.0,0.3181842030630347
16567,2025-12-06 15:56:00,2025-12-01/2025-12-07,0.0,0.40334665616666737
16568,2025-12-06 16:02:00,2025-12-01/2025-12-07,0.0,0.5571615711490738
16570,2025-12-06 16:12:00,2025-12-01/2025-12-07,0.0,0.43832907108010527
16572,2025-12-06 16:41:00,2025-12-01/2025-12-07,0.0,0.4377299224844904
16577,2025-12-06 16:42:00,2025-12-01/2025-12-07,0.0,0.4619156343412425
16578,2025-12-06 16:46:00,2025-12-01/2025-12-07,0.0,0.3365999330079032
16579,2025-12-06 16:48:00,2025-12-01/2025-12-07,0.0,0.2217838835259459
16581,2025-12-06 16:49:00,2025-12-01/2025-12-07,0.0,0.5039895708976331
16585,2025-12-06 16:58:00,2025-12-01/2025-12-07,0.0,0.22979502641993063
16587,2025-12-06 17:00:00,2025-12-01/2025-12-07,1.0,0.4103227714778809
16592,2025-12-06 17:12:00,2025-12-01/2025-12-07,0.0,0.29971678466056273
16594,2025-12-06 17:18:00,2025-12-01/2025-12-07,0.0,0.3791076897947101
16595,2025-12-06 17:20:00,2025-12-01/2025-12-07,0.0,0.5149111745947688
16596,2025-12-06 17:26:00,2025-12-01/2025-12-07,0.0,0.3061242669941017
16597,2025-12-06 17:27:00,2025-12-01/2025-12-07,0.0,0.49756151301309287
16598,2025-12-06 17:35:00,2025-12-01/2025-12-07,0.0,0.5876822822664735
16600,2025-12-06 17:49:00,2025-12-01/2025-12-07,0.0,0.2214431585205671
16616,2025-12-06 18:27:00,2025-12-01/2025-12-07,0.0,0.24161053323307918
16624,2025-12-06 19:51:00,2025-12-01/2025-12-07,0.0,0.2336955505565099
16629,2025-12-06 21:02:00,2025-12-01/2025-12-07,0.0,0.34478902143828105
16630,2025-12-06 21:13:00,2025-12-01/2025-12-07,0.0,0.4264389521407142
16632,2025-12-06 21:55:00,2025-12-01/2025-12-07,0.0,0.3880495565908431
16633,2025-12-06 22:12:00,2025-12-01/2025-12-07,0.0,0.40878840622212465
16634,2025-12-06 22:14:00,2025-12-01/2025-12-07,0.0,0.4726085631673861
16635,2025-12-06 22:17:00,2025-12-01/2025-12-07,0.0,0.5288813519852661
16636,2025-12-06 22:37:00,2025-12-01/2025-12-07,0.0,0.4356066189943814
16637,2025-12-06 22:57:00,2025-12-01/2025-12-07,0.0,0.46451597664390454
16638,2025-12-06 23:06:00,2025-12-01/2025-12-07,0.0,0.39776261248119915
16639,2025-12-06 23:13:00,2025-12-01/2025-12-07,0.0,0.6173119745534404
16640,2025-12-06 23:15:00,2025-12-01/2025-12-07,0.0,0.488636279562586
16644,2025-12-07 00:27:00,2025-12-01/2025-12-07,0.0,0.21464599746246021
16647,2025-12-07 00:46:00,2025-12-01/2025-12-07,0.0,0.29351442444777376
16648,2025-12-07 00:47:00,2025-12-01/2025-12-07,0.0,0.41043722790639364
16650,2025-12-07 00:50:00,2025-12-01/2025-12-07,0.0,0.19981948227182383
16651,2025-12-07 00:53:00,2025-12-01/2025-12-07,0.0,0.5101452766548733
16653,2025-12-07 01:14:00,2025-12-01/2025-12-07,0.0,0.5365774530300963
16655,2025-12-07 02:08:00,2025-12-01/2025-12-07,0.0,0.1831198528229727
16656,2025-12-07 02:17:00,2025-12-01/2025-12-07,0.0,0.2006097804963165
16657,2025-12-07 02:18:00,2025-12-01/2025-12-07,0.0,0.4311665242426571
16661,2025-12-07 02:47:00,2025-12-01/2025-12-07,0.0,0.34995419206492384
16662,2025-12-07 03:03:00,2025-12-01/2025-12-07,0.0,0.3078127255985929
16663,2025-12-07 03:06:00,2025-12-01/2025-12-07,0.0,0.26636193538811903
16666,2025-12-07 03:30:00,2025-12-01/2025-12-07,0.0,0.4149539167236813
16667,2025-12-07 03:55:00,2025-12-01/2025-12-07,0.0,0.44463967612825045
16670,2025-12-07 04:05:00,2025-12-01/2025-12-07,0.0,0.47334589548708694
16671,2025-12-07 04:07:00,2025-12-01/2025-12-07,0.0,0.4241012095860698
16673,2025-12-07 04:09:00,2025-12-01/2025-12-07,0.0,0.4511457706279534
16674,2025-12-07 04:10:00,2025-12-01/2025-12-07,0.0,0.3135781562453317
16676,2025-12-07 04:11:00,2025-12-01/2025-12-07,0.0,0.2599786663343096
16677,2025-12-07 04:13:00,2025-12-01/2025-12-07,0.0,0.3135781562453317
16680,2025-12-07 04:16:00,2025-12-01/2025-12-07,0.0,0.4237445936277709
16681,2025-12-07 04:18:00,2025-12-01/2025-12-07,0.0,0.31849208430169956
16682,2025-12-07 04:21:00,2025-12-01/2025-12-07,0.0,0.4738027325431194
16683,2025-12-07 04:24:00,2025-12-01/2025-12-07,0.0,0.4954683817240042
16684,2025-12-07 04:25:00,2025-12-01/2025-12-07,0.0,0.3368542300343005
16687,2025-12-07 04:32:00,2025-12-01/2025-12-07,0.0,0.3467864081946275
16689,2025-12-07 04:44:00,2025-12-01/2025-12-07,0.0,0.3297476780913044
16692,2025-12-07 04:47:00,2025-12-01/2025-12-07,0.0,0.37075906396446595
16695,2025-12-07 05:07:00,2025-12-01/2025-12-07,0.0,0.49750622819447476
16702,2025-12-07 05:33:00,2025-12-01/2025-12-07,0.0,0.23181488791816549
16705,2025-12-07 05:46:00,2025-12-01/2025-12-07,0.0,0.36299628637056275
16707,2025-12-07 06:14:00,2025-12-01/2025-12-07,0.0,0.44800398976587624
16713,2025-12-07 06:24:00,2025-12-01/2025-12-07,0.0,0.4402657523744465
16714,2025-12-07 06:27:00,2025-12-01/2025-12-07,0.0,0.3079857867354776
16715,2025-12-07 06:34:00,2025-12-01/2025-12-07,0.0,0.3735943448946025
16716,2025-12-07 06:35:00,2025-12-01/2025-12-07,0.0,0.4396420217285686
16719,2025-12-07 07:11:00,2025-12-01/2025-12-07,0.0,0.4279351617562345
16720,2025-12-07 07:15:00,2025-12-01/2025-12-07,0.0,0.48008925757658016
16721,2025-12-07 07:16:00,2025-12-01/2025-12-07,0.0,0.41595777226939906
16722,2025-12-07 07:22:00,2025-12-01/2025-12-07,0.0,0.5262737218407012
16723,2025-12-07 07:25:00,2025-12-01/2025-12-07,0.0,0.24292301695166535
16725,2025-12-07 08:03:00,2025-12-01/2025-12-07,0.0,0.30890449524835567
16726,2025-12-07 08:05:00,2025-12-01/2025-12-07,0.0,0.4574365166977406
16727,2025-12-07 08:07:00,2025-12-01/2025-12-07,0.0,0.3135781562453317
16728,2025-12-07 08:12:00,2025-12-01/2025-12-07,0.0,0.36579514309139355
16729,2025-12-07 08:14:00,2025-12-01/2025-12-07,0.0,0.4273787834378467
16730,2025-12-07 08:15:00,2025-12-01/2025-12-07,0.0,0.5091331458940882
16732,2025-12-07 08:24:00,2025-12-01/2025-12-07,0.0,0.33715270956741356
16734,2025-12-07 08:36:00,2025-12-01/2025-12-07,0.0,0.31508653816640025
16737,2025-12-07 08:50:00,2025-12-01/2025-12-07,0.0,0.4338214385883712
16738,2025-12-07 08:51:00,2025-12-01/2025-12-07,0.0,0.3228537474236958
16742,2025-12-07 09:03:00,2025-12-01/2025-12-07,0.0,0.5002168155776662
16743,2025-12-07 09:09:00,2025-12-01/2025-12-07,0.0,0.4453531936287172
16745,2025-12-07 09:15:00,2025-12-01/2025-12-07,0.0,0.3353738507724053
16750,2025-12-07 09:41:00,2025-12-01/2025-12-07,0.0,0.22686220759647124
16751,2025-12-07 09:46:00,2025-12-01/2025-12-07,0.0,0.20059992819814385
16752,2025-12-07 09:48:00,2025-12-01/2025-12-07,0.0,0.5091331458940882
16753,2025-12-07 09:51:00,2025-12-01/2025-12-07,0.0,0.25487446536299385
16754,2025-12-07 10:03:00,2025-12-01/2025-12-07,0.0,0.45952384815884173
16759,2025-12-07 10:41:00,2025-12-01/2025-12-07,0.0,0.31906632620366987
16761,2025-12-07 10:44:00,2025-12-01/2025-12-07,0.0,0.4617123839745427
16763,2025-12-07 10:46:00,2025-12-01/2025-12-07,0.0,0.24520049104474417
16771,2025-12-07 11:17:00,2025-12-01/2025-12-07,0.0,0.3135781562453317
16774,2025-12-07 11:39:00,2025-12-01/2025-12-07,0.0,0.332563950478162
16778,2025-12-07 11:48:00,2025-12-01/2025-12-07,0.0,0.42387294707257844
16779,2025-12-07 12:07:00,2025-12-01/2025-12-07,0.0,0.3858361290661089
16781,2025-12-07 12:10:00,2025-12-01/2025-12-07,0.0,0.47214150862519283
16782,2025-12-07 12:13:00,2025-12-01/2025-12-07,0.0,0.2470358147300968
16784,2025-12-07 12:46:00,2025-12-01/2025-12-07,0.0,0.44638932330276027
16788,2025-12-07 13:01:00,2025-12-01/2025-12-07,0.0,0.43697569655379104
16789,2025-12-07 13:02:00,2025-12-01/2025-12-07,0.0,0.5185452218740969
16790,2025-12-07 13:03:00,2025-12-01/2025-12-07,1.0,0.3750376053402624
16792,2025-12-07 13:14:00,2025-12-01/2025-12-07,0.0,0.24594564237770092
16793,2025-12-07 13:18:00,2025-12-01/2025-12-07,0.0,0.19987329056783182
16794,2025-12-07 13:18:00,2025-12-01/2025-12-07,0.0,0.42140065696361517
16796,2025-12-07 13:24:00,2025-12-01/2025-12-07,0.0,0.4680407373219073
16797,2025-12-07 13:25:00,2025-12-01/2025-12-07,0.0,0.44078620112168015
16798,2025-12-07 13:25:00,2025-12-01/2025-12-07,0.0,0.44078620112168015
16799,2025-12-07 13:53:00,2025-12-01/2025-12-07,1.0,0.4666187393187723
16802,2025-12-07 13:59:00,2025-12-01/2025-12-07,0.0,0.23571030342852278
16808,2025-12-07 14:31:00,2025-12-01/2025-12-07,1.0,0.4622377010691218
16810,2025-12-07 14:34:00,2025-12-01/2025-12-07,0.0,0.4564288697575749
16813,2025-12-07 15:17:00,2025-12-01/2025-12-07,0.0,0.36795206908525296
16814,2025-12-07 15:17:00,2025-12-01/2025-12-07,0.0,0.4396146265860588
16819,2025-12-07 15:44:00,2025-12-01/2025-12-07,0.0,0.46716912055653337
16827,2025-12-07 17:42:00,2025-12-01/2025-12-07,0.0,0.24296381982998716
16829,2025-12-07 18:01:00,2025-12-01/2025-12-07,0.0,0.4323571047301426
16830,2025-12-07 18:27:00,2025-12-01/2025-12-07,0.0,0.31509478644771516
16832,2025-12-07 18:50:00,2025-12-01/2025-12-07,0.0,0.19275199347621816
16833,2025-12-07 19:10:00,2025-12-01/2025-12-07,0.0,0.5267087241245697
16835,2025-12-07 19:34:00,2025-12-01/2025-12-07,0.0,0.30647604914039384
16836,2025-12-07 19:50:00,2025-12-01/2025-12-07,0.0,0.49073077311352165
16838,2025-12-07 20:12:00,2025-12-01/2025-12-07,0.0,0.2147915403933671
16839,2025-12-07 21:28:00,2025-12-01/2025-12-07,0.0,0.3816624749328769
16840,2025-12-07 21:55:00,2025-12-01/2025-12-07,0.0,0.24546729957445235
16844,2025-12-08 00:15:00,2025-12-08/2025-12-14,1.0,0.5435033582997244
16847,2025-12-08 04:03:00,2025-12-08/2025-12-14,1.0,0.34601661808788897
16848,2025-12-08 04:04:00,2025-12-08/2025-12-14,1.0,0.5186403676687427
16849,2025-12-08 04:06:00,2025-12-08/2025-12-14,1.0,0.3415251972094747
16850,2025-12-08 04:15:00,2025-12-08/2025-12-14,1.0,0.39440925242859687
16851,2025-12-08 05:03:00,2025-12-08/2025-12-14,1.0,0.42293702746213974
16852,2025-12-08 05:13:00,2025-12-08/2025-12-14,1.0,0.5340975700043907
16853,2025-12-08 07:11:00,2025-12-08/2025-12-14,1.0,0.422835989588622
16857,2025-12-08 08:16:00,2025-12-08/2025-12-14,1.0,0.48310215225602166
16859,2025-12-08 09:08:00,2025-12-08/2025-12-14,1.0,0.4472294965069298
16860,2025-12-08 09:58:00,2025-12-08/2025-12-14,1.0,0.2889082071652406
16862,2025-12-08 10:15:00,2025-12-08/2025-12-14,1.0,0.3929631836213954
16877,2025-12-08 10:42:00,2025-12-08/2025-12-14,1.0,0.5064805542912786
16878,2025-12-08 10:46:00,2025-12-08/2025-12-14,1.0,0.36508605661900473
16880,2025-12-08 11:21:00,2025-12-08/2025-12-14,1.0,0.34282480084137035
16882,2025-12-08 11:42:00,2025-12-08/2025-12-14,1.0,0.31476110619013553
16884,2025-12-08 12:33:00,2025-12-08/2025-12-14,1.0,0.2212607059063841
16885,2025-12-08 12:44:00,2025-12-08/2025-12-14,1.0,0.5197103069268318
16887,2025-12-08 13:54:00,2025-12-08/2025-12-14,0.0,0.48489157618246986
16890,2025-12-08 14:09:00,2025-12-08/2025-12-14,0.0,0.33242331371350126
16891,2025-12-08 14:22:00,2025-12-08/2025-12-14,1.0,0.42817482655483513
16895,2025-12-08 15:03:00,2025-12-08/2025-12-14,1.0,0.3602341357408821
16896,2025-12-08 15:07:00,2025-12-08/2025-12-14,1.0,0.45282063082605933
16898,2025-12-08 16:28:00,2025-12-08/2025-12-14,1.0,0.35096407017020437
16901,2025-12-08 16:56:00,2025-12-08/2025-12-14,1.0,0.4433691727813565
16902,2025-12-08 17:06:00,2025-12-08/2025-12-14,1.0,0.24881577964835652
16915,2025-12-08 20:13:00,2025-12-08/2025-12-14,1.0,0.35779418019827747
16916,2025-12-08 20:14:00,2025-12-08/2025-12-14,1.0,0.3498998787339305
16917,2025-12-08 20:14:00,2025-12-08/2025-12-14,1.0,0.2701984042492325
16919,2025-12-08 21:16:00,2025-12-08/2025-12-14,1.0,0.5413816412532167
16922,2025-12-08 23:13:00,2025-12-08/2025-12-14,1.0,0.47263834320574627
16923,2025-12-08 23:14:00,2025-12-08/2025-12-14,1.0,0.5210106807850382
16925,2025-12-09 00:39:00,2025-12-08/2025-12-14,1.0,0.43232613997084973
16926,2025-12-09 01:24:00,2025-12-08/2025-12-14,1.0,0.38687337828695834
16930,2025-12-09 03:02:00,2025-12-08/2025-12-14,1.0,0.4971582269791175
16931,2025-12-09 03:05:00,2025-12-08/2025-12-14,1.0,0.28409071314575723
16933,2025-12-09 03:17:00,2025-12-08/2025-12-14,1.0,0.23674268633667203
16934,2025-12-09 03:44:00,2025-12-08/2025-12-14,1.0,0.5455342315478332
16936,2025-12-09 04:06:00,2025-12-08/2025-12-14,1.0,0.3744024294576719
16937,2025-12-09 04:06:00,2025-12-08/2025-12-14,1.0,0.24581564407233145
16938,2025-12-09 04:07:00,2025-12-08/2025-12-14,1.0,0.4394778618582414
16939,2025-12-09 04:07:00,2025-12-08/2025-12-14,1.0,0.5012354482993965
16943,2025-12-09 06:01:00,2025-12-08/2025-12-14,0.0,0.4170126048272052
16944,2025-12-09 06:33:00,2025-12-08/2025-12-14,1.0,0.5538179086553305
16947,2025-12-09 07:02:00,2025-12-08/2025-12-14,1.0,0.30520274613350196
16948,2025-12-09 07:23:00,2025-12-08/2025-12-14,1.0,0.5561381729247782
16950,2025-12-09 07:40:00,2025-12-08/2025-12-14,1.0,0.3629800615194421
16951,2025-12-09 07:46:00,2025-12-08/2025-12-14,1.0,0.3851764377142671
16954,2025-12-09 08:45:00,2025-12-08/2025-12-14,1.0,0.5604827387547467
16956,2025-12-09 09:05:00,2025-12-08/2025-12-14,1.0,0.44382579473253136
16958,2025-12-09 09:28:00,2025-12-08/2025-12-14,1.0,0.39440277119928896
16962,2025-12-09 11:17:00,2025-12-08/2025-12-14,1.0,0.26397169923773195
16964,2025-12-09 12:11:00,2025-12-08/2025-12-14,1.0,0.4355730917583807
16965,2025-12-09 12:14:00,2025-12-08/2025-12-14,1.0,0.21355076953728153
16966,2025-12-09 12:23:00,2025-12-08/2025-12-14,1.0,0.572412796771436
16967,2025-12-09 12:34:00,2025-12-08/2025-12-14,1.0,0.2891180213362637
16971,2025-12-09 13:11:00,2025-12-08/2025-12-14,1.0,0.3454165087158894
16973,2025-12-09 13:22:00,2025-12-08/2025-12-14,1.0,0.2643285821176558
16974,2025-12-09 13:27:00,2025-12-08/2025-12-14,1.0,0.500506338651457
16975,2025-12-09 14:09:00,2025-12-08/2025-12-14,1.0,0.29328931543385983
16976,2025-12-09 14:46:00,2025-12-08/2025-12-14,1.0,0.2778221843978446
16981,2025-12-09 15:46:00,2025-12-08/2025-12-14,1.0,0.3898542948699162
16983,2025-12-09 16:38:00,2025-12-08/2025-12-14,1.0,0.30716063228933743
16984,2025-12-09 16:50:00,2025-12-08/2025-12-14,1.0,0.362485554639047
16985,2025-12-09 16:50:00,2025-12-08/2025-12-14,1.0,0.4137921617325511
16987,2025-12-09 17:48:00,2025-12-08/2025-12-14,1.0,0.38051580718644357
16988,2025-12-09 18:31:00,2025-12-08/2025-12-14,0.0,0.39786112918679817
16990,2025-12-09 18:34:00,2025-12-08/2025-12-14,1.0,0.3831433096520027
16992,2025-12-09 18:38:00,2025-12-08/2025-12-14,1.0,0.5180319218319919
16993,2025-12-09 18:43:00,2025-12-08/2025-12-14,1.0,0.21048489558161676
17001,2025-12-09 18:58:00,2025-12-08/2025-12-14,1.0,0.4469254911555504
17003,2025-12-09 19:07:00,2025-12-08/2025-12-14,1.0,0.23509814121620254
17006,2025-12-09 20:10:00,2025-12-08/2025-12-14,1.0,0.36645638105038353
17007,2025-12-09 20:14:00,2025-12-08/2025-12-14,1.0,0.4110034424453526
17008,2025-12-09 21:59:00,2025-12-08/2025-12-14,1.0,0.264671085364901
17011,2025-12-09 22:07:00,2025-12-08/2025-12-14,1.0,0.25316128838235774
17020,2025-12-10 04:07:00,2025-12-08/2025-12-14,0.0,0.3535285934748509
17021,2025-12-10 04:07:00,2025-12-08/2025-12-14,1.0,0.556004124466392
17022,2025-12-10 04:08:00,2025-12-08/2025-12-14,1.0,0.5546819937116569
17114,2025-12-10 05:53:00,2025-12-08/2025-12-14,1.0,0.2620476060178796
17135,2025-12-10 06:11:00,2025-12-08/2025-12-14,1.0,0.46214129699332984
17151,2025-12-10 06:23:00,2025-12-08/2025-12-14,1.0,0.2791199769099542
17154,2025-12-10 06:47:00,2025-12-08/2025-12-14,1.0,0.49670451775727825
17155,2025-12-10 07:22:00,2025-12-08/2025-12-14,1.0,0.5012988101003685
17156,2025-12-10 07:31:00,2025-12-08/2025-12-14,1.0,0.3124641059769759
17158,2025-12-10 07:40:00,2025-12-08/2025-12-14,1.0,0.49317764541783193
17159,2025-12-10 07:54:00,2025-12-08/2025-12-14,1.0,0.4135167464320709
17162,2025-12-10 08:12:00,2025-12-08/2025-12-14,1.0,0.28593550455202665
17163,2025-12-10 08:14:00,2025-12-08/2025-12-14,1.0,0.30554116412364596
17164,2025-12-10 08:20:00,2025-12-08/2025-12-14,1.0,0.33446063960602807
17165,2025-12-10 09:19:00,2025-12-08/2025-12-14,1.0,0.5079085423933348
17166,2025-12-10 09:29:00,2025-12-08/2025-12-14,1.0,0.4128835286148114
17168,2025-12-10 09:34:00,2025-12-08/2025-12-14,0.0,0.4807678008355085
17173,2025-12-10 09:44:00,2025-12-08/2025-12-14,1.0,0.26800429452243346
17176,2025-12-10 10:33:00,2025-12-08/2025-12-14,1.0,0.5845491486830331
17179,2025-12-10 10:55:00,2025-12-08/2025-12-14,1.0,0.5613973615312848
17183,2025-12-10 11:17:00,2025-12-08/2025-12-14,1.0,0.5987132235195163
17188,2025-12-10 14:15:00,2025-12-08/2025-12-14,1.0,0.5250836230294547
17192,2025-12-10 15:20:00,2025-12-08/2025-12-14,1.0,0.43408044228210235
17193,2025-12-10 15:29:00,2025-12-08/2025-12-14,1.0,0.2825149556116185
17194,2025-12-10 15:33:00,2025-12-08/2025-12-14,0.0,0.41367804311088524
17307,2025-12-11 15:03:00,2025-12-08/2025-12-14,1.0,0.4763406386878769
17309,2025-12-11 15:14:00,2025-12-08/2025-12-14,1.0,0.29147963319299847
17310,2025-12-11 15:19:00,2025-12-08/2025-12-14,1.0,0.3972256701151333
17311,2025-12-11 15:35:00,2025-12-08/2025-12-14,1.0,0.3359214308229312
17312,2025-12-11 15:53:00,2025-12-08/2025-12-14,1.0,0.3183394724379086
17313,2025-12-11 16:16:00,2025-12-08/2025-12-14,1.0,0.32773684110827134
17314,2025-12-11 16:19:00,2025-12-08/2025-12-14,1.0,0.3965097114217522
17316,2025-12-11 16:32:00,2025-12-08/2025-12-14,0.0,0.36315477616661956
17320,2025-12-11 17:33:00,2025-12-08/2025-12-14,1.0,0.4124226164622733
17321,2025-12-11 18:02:00,2025-12-08/2025-12-14,0.0,0.3385261358474983
17322,2025-12-11 18:08:00,2025-12-08/2025-12-14,1.0,0.238729559009689
17327,2025-12-11 19:20:00,2025-12-08/2025-12-14,0.0,0.3969131085723924
17333,2025-12-11 20:13:00,2025-12-08/2025-12-14,1.0,0.28347139348130596
17336,2025-12-11 20:43:00,2025-12-08/2025-12-14,1.0,0.31550448569716605
17339,2025-12-11 21:21:00,2025-12-08/2025-12-14,1.0,0.3074417384816237
17340,2025-12-11 21:23:00,2025-12-08/2025-12-14,1.0,0.3532583407408225
17341,2025-12-11 21:24:00,2025-12-08/2025-12-14,1.0,0.27874689497783595
17344,2025-12-11 21:28:00,2025-12-08/2025-12-14,1.0,0.30067994920479896
17347,2025-12-11 21:57:00,2025-12-08/2025-12-14,1.0,0.3710126424700954
17348,2025-12-11 22:36:00,2025-12-08/2025-12-14,0.0,0.37876356224852853
17350,2025-12-11 22:38:00,2025-12-08/2025-12-14,1.0,0.3423754054087239
17352,2025-12-11 23:03:00,2025-12-08/2025-12-14,1.0,0.54579797482792
17353,2025-12-11 23:34:00,2025-12-08/2025-12-14,1.0,0.33093527031703124
17354,2025-12-11 23:35:00,2025-12-08/2025-12-14,1.0,0.42015935601581605
17355,2025-12-12 00:31:00,2025-12-08/2025-12-14,1.0,0.280798323228562
17356,2025-12-12 00:32:00,2025-12-08/2025-12-14,1.0,0.5473050019861568
17358,2025-12-12 01:13:00,2025-12-08/2025-12-14,1.0,0.3344426801137855
17359,2025-12-12 01:14:00,2025-12-08/2025-12-14,1.0,0.2809275391469208
17365,2025-12-12 01:44:00,2025-12-08/2025-12-14,1.0,0.5268606189900423
17366,2025-12-12 01:59:00,2025-12-08/2025-12-14,1.0,0.4511840586538728
17368,2025-12-12 03:50:00,2025-12-08/2025-12-14,1.0,0.48338897025160976
17373,2025-12-12 04:05:00,2025-12-08/2025-12-14,1.0,0.3043135666151027
17375,2025-12-12 04:07:00,2025-12-08/2025-12-14,1.0,0.38760020341747975
17378,2025-12-12 04:17:00,2025-12-08/2025-12-14,1.0,0.524235112855617
17379,2025-12-12 04:18:00,2025-12-08/2025-12-14,1.0,0.5287243299003502
17381,2025-12-12 04:28:00,2025-12-08/2025-12-14,1.0,0.5075652169829394
17387,2025-12-12 05:10:00,2025-12-08/2025-12-14,1.0,0.26230428798722866
17388,2025-12-12 05:15:00,2025-12-08/2025-12-14,1.0,0.27746554748604413
17389,2025-12-12 05:17:00,2025-12-08/2025-12-14,1.0,0.27945525458891185
17391,2025-12-12 05:23:00,2025-12-08/2025-12-14,1.0,0.27120984175050655
17395,2025-12-12 06:18:00,2025-12-08/2025-12-14,1.0,0.26129698528556305
17396,2025-12-12 06:41:00,2025-12-08/2025-12-14,1.0,0.389738214071713
17399,2025-12-12 07:08:00,2025-12-08/2025-12-14,1.0,0.3346489658715467
17400,2025-12-12 07:13:00,2025-12-08/2025-12-14,1.0,0.37117793160280677
17401,2025-12-12 07:18:00,2025-12-08/2025-12-14,1.0,0.3090775585444602
17403,2025-12-12 07:20:00,2025-12-08/2025-12-14,0.0,0.26257980640610973
17405,2025-12-12 11:05:00,2025-12-08/2025-12-14,1.0,0.4843484655515952
17406,2025-12-12 11:06:00,2025-12-08/2025-12-14,1.0,0.4998329889286582
17407,2025-12-12 11:06:00,2025-12-08/2025-12-14,1.0,0.4761707295948298
17408,2025-12-12 11:17:00,2025-12-08/2025-12-14,1.0,0.4711152059808249
17410,2025-12-12 11:20:00,2025-12-08/2025-12-14,1.0,0.3864804987145935
17414,2025-12-12 11:34:00,2025-12-08/2025-12-14,1.0,0.3267575948088343
17415,2025-12-12 11:37:00,2025-12-08/2025-12-14,1.0,0.2149801876053657
17416,2025-12-12 11:45:00,2025-12-08/2025-12-14,1.0,0.4333402250677683
17417,2025-12-12 11:52:00,2025-12-08/2025-12-14,1.0,0.39144628703673495
17419,2025-12-12 12:15:00,2025-12-08/2025-12-14,1.0,0.3620422725005906
17420,2025-12-12 12:24:00,2025-12-08/2025-12-14,1.0,0.5555331059767806
17421,2025-12-12 12:34:00,2025-12-08/2025-12-14,1.0,0.5314943897529489
17422,2025-12-12 12:37:00,2025-12-08/2025-12-14,1.0,0.4789355970600611
17423,2025-12-12 12:47:00,2025-12-08/2025-12-14,1.0,0.513325249889505
17424,2025-12-12 12:49:00,2025-12-08/2025-12-14,1.0,0.4859755844228396
17427,2025-12-12 12:55:00,2025-12-08/2025-12-14,1.0,0.45048356443034615
17429,2025-12-12 13:14:00,2025-12-08/2025-12-14,1.0,0.46838058896500756
17433,2025-12-12 13:24:00,2025-12-08/2025-12-14,1.0,0.27132723424771044
17434,2025-12-12 13:36:00,2025-12-08/2025-12-14,1.0,0.42932255556495763
17436,2025-12-12 13:43:00,2025-12-08/2025-12-14,1.0,0.27957967772670816
17439,2025-12-12 13:52:00,2025-12-08/2025-12-14,1.0,0.3016942355721364
17445,2025-12-12 15:14:00,2025-12-08/2025-12-14,1.0,0.34958018940303076
17446,2025-12-12 15:16:00,2025-12-08/2025-12-14,1.0,0.3266475226875826
17448,2025-12-12 15:25:00,2025-12-08/2025-12-14,1.0,0.3039264036769973
17449,2025-12-12 15:35:00,2025-12-08/2025-12-14,1.0,0.2687849838855893
17450,2025-12-12 15:50:00,2025-12-08/2025-12-14,1.0,0.43409862745047945
17453,2025-12-12 16:01:00,2025-12-08/2025-12-14,1.0,0.4981499545269874
17454,2025-12-12 16:05:00,2025-12-08/2025-12-14,0.0,0.5408366808840726
17455,2025-12-12 16:17:00,2025-12-08/2025-12-14,1.0,0.32994619547490067
17457,2025-12-12 17:23:00,2025-12-08/2025-12-14,1.0,0.4321927902738178
17459,2025-12-12 17:50:00,2025-12-08/2025-12-14,1.0,0.4906497855659959
17460,2025-12-12 18:02:00,2025-12-08/2025-12-14,1.0,0.5585209430503089
17462,2025-12-12 18:05:00,2025-12-08/2025-12-14,1.0,0.36716955810903074
17466,2025-12-12 18:24:00,2025-12-08/2025-12-14,1.0,0.5304494649418218
17467,2025-12-12 18:29:00,2025-12-08/2025-12-14,1.0,0.2977722403275589
17470,2025-12-12 18:39:00,2025-12-08/2025-12-14,1.0,0.32692769054601817
17475,2025-12-12 19:40:00,2025-12-08/2025-12-14,1.0,0.3246701740002278
17482,2025-12-12 20:04:00,2025-12-08/2025-12-14,0.0,0.5477543193020891
17495,2025-12-12 20:59:00,2025-12-08/2025-12-14,1.0,0.3780876077164562
17496,2025-12-12 21:09:00,2025-12-08/2025-12-14,1.0,0.3999036686301177
17498,2025-12-12 21:17:00,2025-12-08/2025-12-14,1.0,0.5119742882466694
17516,2025-12-13 01:01:00,2025-12-08/2025-12-14,1.0,0.2617423622708878
17518,2025-12-13 01:05:00,2025-12-08/2025-12-14,1.0,0.5135365852384786
17544,2025-12-13 02:16:00,2025-12-08/2025-12-14,1.0,0.4015040719021101
17545,2025-12-13 02:36:00,2025-12-08/2025-12-14,1.0,0.3312784520229403
17546,2025-12-13 02:45:00,2025-12-08/2025-12-14,1.0,0.298732745849103
17551,2025-12-13 03:09:00,2025-12-08/2025-12-14,1.0,0.3900453384447236
17553,2025-12-13 04:03:00,2025-12-08/2025-12-14,1.0,0.46714044003867056
17554,2025-12-13 04:05:00,2025-12-08/2025-12-14,1.0,0.30444118132776465
17555,2025-12-13 04:06:00,2025-12-08/2025-12-14,1.0,0.4546447952945348
17556,2025-12-13 04:06:00,2025-12-08/2025-12-14,1.0,0.2954741088219189
17557,2025-12-13 04:07:00,2025-12-08/2025-12-14,1.0,0.5094897199010419
17558,2025-12-13 04:08:00,2025-12-08/2025-12-14,1.0,0.5446451699900456
17559,2025-12-13 04:08:00,2025-12-08/2025-12-14,1.0,0.3069767107287945
17560,2025-12-13 04:09:00,2025-12-08/2025-12-14,1.0,0.41369331793542324
17561,2025-12-13 04:10:00,2025-12-08/2025-12-14,1.0,0.31387349886352706
17562,2025-12-13 04:10:00,2025-12-08/2025-12-14,1.0,0.4531576083396735
17563,2025-12-13 04:11:00,2025-12-08/2025-12-14,1.0,0.4820332708951005
17564,2025-12-13 04:12:00,2025-12-08/2025-12-14,1.0,0.4478355193112587
17565,2025-12-13 04:12:00,2025-12-08/2025-12-14,1.0,0.41004112807527704
17566,2025-12-13 04:13:00,2025-12-08/2025-12-14,1.0,0.4294348464073941
17567,2025-12-13 04:13:00,2025-12-08/2025-12-14,1.0,0.4388792274880377
17568,2025-12-13 04:14:00,2025-12-08/2025-12-14,1.0,0.45666479512047164
17569,2025-12-13 04:15:00,2025-12-08/2025-12-14,1.0,0.3016580251872569
17570,2025-12-13 04:16:00,2025-12-08/2025-12-14,1.0,0.31855107714774783
17571,2025-12-13 04:16:00,2025-12-08/2025-12-14,1.0,0.24037053007619336
17572,2025-12-13 04:17:00,2025-12-08/2025-12-14,1.0,0.3238664605976747
17573,2025-12-13 04:18:00,2025-12-08/2025-12-14,1.0,0.4267073263939989
17574,2025-12-13 04:19:00,2025-12-08/2025-12-14,1.0,0.5564055978798262
17575,2025-12-13 04:21:00,2025-12-08/2025-12-14,1.0,0.44150478733938386
17576,2025-12-13 04:23:00,2025-12-08/2025-12-14,1.0,0.4906026828004574
17577,2025-12-13 04:23:00,2025-12-08/2025-12-14,1.0,0.35193552251014293
17578,2025-12-13 04:24:00,2025-12-08/2025-12-14,1.0,0.5226631827973613
17580,2025-12-13 04:25:00,2025-12-08/2025-12-14,1.0,0.3026440074000133
17581,2025-12-13 04:34:00,2025-12-08/2025-12-14,1.0,0.4976187733623572
17583,2025-12-13 04:43:00,2025-12-08/2025-12-14,1.0,0.3040341905610783
17584,2025-12-13 04:43:00,2025-12-08/2025-12-14,1.0,0.2296630915118336
17585,2025-12-13 04:44:00,2025-12-08/2025-12-14,1.0,0.3473785501822443
17586,2025-12-13 04:44:00,2025-12-08/2025-12-14,1.0,0.2385160340985149
17588,2025-12-13 04:45:00,2025-12-08/2025-12-14,1.0,0.3649183021804978
17607,2025-12-13 05:03:00,2025-12-08/2025-12-14,1.0,0.46017359542851954
17615,2025-12-13 05:21:00,2025-12-08/2025-12-14,1.0,0.32864272109576115
17616,2025-12-13 05:22:00,2025-12-08/2025-12-14,1.0,0.4278547365198346
17617,2025-12-13 05:28:00,2025-12-08/2025-12-14,1.0,0.2684847491128933
17624,2025-12-13 06:04:00,2025-12-08/2025-12-14,1.0,0.32233376614042586
17629,2025-12-13 06:30:00,2025-12-08/2025-12-14,1.0,0.4563302837670668
17630,2025-12-13 06:31:00,2025-12-08/2025-12-14,1.0,0.2862291518368367
17635,2025-12-13 06:44:00,2025-12-08/2025-12-14,1.0,0.3782780049505274
17637,2025-12-13 06:54:00,2025-12-08/2025-12-14,1.0,0.49872200718874443
17638,2025-12-13 06:54:00,2025-12-08/2025-12-14,1.0,0.39261235282875245
17640,2025-12-13 07:49:00,2025-12-08/2025-12-14,1.0,0.44775676770428735
17642,2025-12-13 08:00:00,2025-12-08/2025-12-14,1.0,0.2843109790873151
17644,2025-12-13 08:11:00,2025-12-08/2025-12-14,1.0,0.2521619992829555
17650,2025-12-13 08:23:00,2025-12-08/2025-12-14,1.0,0.3043419989139417
17654,2025-12-13 09:00:00,2025-12-08/2025-12-14,1.0,0.3970127457809851
17655,2025-12-13 09:07:00,2025-12-08/2025-12-14,1.0,0.41939890337422936
17661,2025-12-13 09:21:00,2025-12-08/2025-12-14,1.0,0.41189838624993647
17665,2025-12-13 09:33:00,2025-12-08/2025-12-14,1.0,0.3849492610062792
17669,2025-12-13 10:02:00,2025-12-08/2025-12-14,1.0,0.2941593428045549
17671,2025-12-13 10:08:00,2025-12-08/2025-12-14,1.0,0.5132078861634393
17672,2025-12-13 10:09:00,2025-12-08/2025-12-14,1.0,0.5451272013920199
17673,2025-12-13 10:24:00,2025-12-08/2025-12-14,1.0,0.3335224163228967
17674,2025-12-13 10:35:00,2025-12-08/2025-12-14,1.0,0.23580218988063534
17676,2025-12-13 10:44:00,2025-12-08/2025-12-14,1.0,0.25730965942687734
17677,2025-12-13 10:45:00,2025-12-08/2025-12-14,1.0,0.38087439645056015
17678,2025-12-13 10:45:00,2025-12-08/2025-12-14,1.0,0.36276701424403696
17679,2025-12-13 10:56:00,2025-12-08/2025-12-14,0.0,0.2695250554251607
17683,2025-12-13 11:06:00,2025-12-08/2025-12-14,1.0,0.21108733463899285
17685,2025-12-13 11:25:00,2025-12-08/2025-12-14,1.0,0.3998712196807855
17687,2025-12-13 11:31:00,2025-12-08/2025-12-14,1.0,0.44181022119669994
17689,2025-12-13 11:35:00,2025-12-08/2025-12-14,1.0,0.43414437842284676
17690,2025-12-13 11:37:00,2025-12-08/2025-12-14,1.0,0.44816974588891295
17691,2025-12-13 11:43:00,2025-12-08/2025-12-14,1.0,0.36302018109366124
17692,2025-12-13 11:47:00,2025-12-08/2025-12-14,1.0,0.25157185151015876
17693,2025-12-13 11:49:00,2025-12-08/2025-12-14,0.0,0.39046466502983257
17695,2025-12-13 11:50:00,2025-12-08/2025-12-14,1.0,0.46087022106697423
17697,2025-12-13 11:52:00,2025-12-08/2025-12-14,1.0,0.26969047591529616
17698,2025-12-13 11:53:00,2025-12-08/2025-12-14,1.0,0.38161403747662737
17699,2025-12-13 11:56:00,2025-12-08/2025-12-14,0.0,0.4790258203966228
17701,2025-12-13 12:06:00,2025-12-08/2025-12-14,0.0,0.3804840658487606
17702,2025-12-13 12:08:00,2025-12-08/2025-12-14,1.0,0.2792839936530045
17704,2025-12-13 12:30:00,2025-12-08/2025-12-14,1.0,0.5318401664971886
17705,2025-12-13 12:30:00,2025-12-08/2025-12-14,1.0,0.5318401664971886
17708,2025-12-13 12:41:00,2025-12-08/2025-12-14,1.0,0.3861409499063614
17711,2025-12-13 12:46:00,2025-12-08/2025-12-14,1.0,0.40376173673657956
17714,2025-12-13 12:49:00,2025-12-08/2025-12-14,1.0,0.40091693709663
17715,2025-12-13 12:50:00,2025-12-08/2025-12-14,1.0,0.34396931071574827
17717,2025-12-13 12:54:00,2025-12-08/2025-12-14,1.0,0.34287199615024194
17718,2025-12-13 13:05:00,2025-12-08/2025-12-14,1.0,0.34850470177859044
17723,2025-12-13 13:25:00,2025-12-08/2025-12-14,1.0,0.4764185154660665
17724,2025-12-13 13:26:00,2025-12-08/2025-12-14,1.0,0.3238664605976747
17725,2025-12-13 13:38:00,2025-12-08/2025-12-14,1.0,0.3245440195076852
17735,2025-12-13 13:51:00,2025-12-08/2025-12-14,1.0,0.5540829267610288
17737,2025-12-13 14:05:00,2025-12-08/2025-12-14,1.0,0.3630852938070611
17738,2025-12-13 14:09:00,2025-12-08/2025-12-14,1.0,0.2929188634043296
17739,2025-12-13 14:10:00,2025-12-08/2025-12-14,1.0,0.5398179379753353
17740,2025-12-13 14:14:00,2025-12-08/2025-12-14,1.0,0.284147628064401
17743,2025-12-13 14:37:00,2025-12-08/2025-12-14,1.0,0.4153727827923347
17749,2025-12-13 15:07:00,2025-12-08/2025-12-14,1.0,0.29317258287914316
17750,2025-12-13 15:07:00,2025-12-08/2025-12-14,1.0,0.29468771892047096
17752,2025-12-13 15:08:00,2025-12-08/2025-12-14,1.0,0.4867382378466727
17753,2025-12-13 15:09:00,2025-12-08/2025-12-14,1.0,0.45254358649491633
17754,2025-12-13 15:09:00,2025-12-08/2025-12-14,1.0,0.21961983553457995
17756,2025-12-13 15:15:00,2025-12-08/2025-12-14,1.0,0.4347707692389164
17758,2025-12-13 15:20:00,2025-12-08/2025-12-14,1.0,0.5025961464110319
17772,2025-12-13 15:30:00,2025-12-08/2025-12-14,1.0,0.36090827001455117
17778,2025-12-13 16:00:00,2025-12-08/2025-12-14,1.0,0.4094515453235316
17780,2025-12-13 16:02:00,2025-12-08/2025-12-14,1.0,0.5168406502370193
17785,2025-12-13 16:26:00,2025-12-08/2025-12-14,1.0,0.5234283476107855
17788,2025-12-13 16:33:00,2025-12-08/2025-12-14,1.0,0.24549800674587252
17794,2025-12-13 17:27:00,2025-12-08/2025-12-14,1.0,0.4637229645146106
17796,2025-12-13 17:29:00,2025-12-08/2025-12-14,1.0,0.33233272713593776
17813,2025-12-13 18:24:00,2025-12-08/2025-12-14,1.0,0.28703819156834826
17814,2025-12-13 18:40:00,2025-12-08/2025-12-14,1.0,0.4879492483966058
17817,2025-12-13 18:56:00,2025-12-08/2025-12-14,1.0,0.367793279200341
17818,2025-12-13 19:31:00,2025-12-08/2025-12-14,1.0,0.26351259812337446
17825,2025-12-13 20:53:00,2025-12-08/2025-12-14,1.0,0.4555199686039912
17826,2025-12-13 21:14:00,2025-12-08/2025-12-14,1.0,0.5165851498590558
17834,2025-12-14 00:43:00,2025-12-08/2025-12-14,1.0,0.3319459962372448
17835,2025-12-14 00:59:00,2025-12-08/2025-12-14,1.0,0.3242447352921313
17836,2025-12-14 01:12:00,2025-12-08/2025-12-14,1.0,0.5335950729385317
17838,2025-12-14 01:13:00,2025-12-08/2025-12-14,1.0,0.45920925346436237
17841,2025-12-14 01:21:00,2025-12-08/2025-12-14,1.0,0.5120431985722901
17843,2025-12-14 01:37:00,2025-12-08/2025-12-14,1.0,0.33068736142289445
17845,2025-12-14 01:45:00,2025-12-08/2025-12-14,1.0,0.44574390384781404
17846,2025-12-14 01:45:00,2025-12-08/2025-12-14,1.0,0.4293238004662055
17847,2025-12-14 01:47:00,2025-12-08/2025-12-14,1.0,0.3639266610444518
17850,2025-12-14 02:19:00,2025-12-08/2025-12-14,1.0,0.41938591564507
17852,2025-12-14 02:43:00,2025-12-08/2025-12-14,1.0,0.3794884738517636
17853,2025-12-14 02:44:00,2025-12-08/2025-12-14,1.0,0.33171428288805677
17854,2025-12-14 02:44:00,2025-12-08/2025-12-14,1.0,0.4367347149168573
17855,2025-12-14 02:44:00,2025-12-08/2025-12-14,1.0,0.33962531605955154
17859,2025-12-14 04:03:00,2025-12-08/2025-12-14,1.0,0.3139806860266481
17860,2025-12-14 04:03:00,2025-12-08/2025-12-14,1.0,0.2856852653685387
17861,2025-12-14 04:04:00,2025-12-08/2025-12-14,1.0,0.45206238001458166
17862,2025-12-14 04:05:00,2025-12-08/2025-12-14,1.0,0.49426861244867787
17863,2025-12-14 04:06:00,2025-12-08/2025-12-14,1.0,0.44745154899432366
17864,2025-12-14 04:06:00,2025-12-08/2025-12-14,1.0,0.32654838069676045
17866,2025-12-14 04:06:00,2025-12-08/2025-12-14,1.0,0.45133086591690347
17867,2025-12-14 04:08:00,2025-12-08/2025-12-14,1.0,0.44180363847422754
17868,2025-12-14 04:09:00,2025-12-08/2025-12-14,1.0,0.42474108454903897
17874,2025-12-14 04:23:00,2025-12-08/2025-12-14,1.0,0.3638437091552939
17875,2025-12-14 04:30:00,2025-12-08/2025-12-14,1.0,0.2767190191092264
17876,2025-12-14 04:31:00,2025-12-08/2025-12-14,1.0,0.4189812479635042
17877,2025-12-14 04:44:00,2025-12-08/2025-12-14,1.0,0.4541820460232954
17879,2025-12-14 04:48:00,2025-12-08/2025-12-14,1.0,0.4018300313196857
17881,2025-12-14 04:58:00,2025-12-08/2025-12-14,1.0,0.45679883343720856
17882,2025-12-14 05:14:00,2025-12-08/2025-12-14,1.0,0.13340480419123035
17884,2025-12-14 05:27:00,2025-12-08/2025-12-14,1.0,0.3696968058556501
17885,2025-12-14 05:53:00,2025-12-08/2025-12-14,1.0,0.41941867399254806
17887,2025-12-14 06:02:00,2025-12-08/2025-12-14,1.0,0.41992888493822883
17888,2025-12-14 06:03:00,2025-12-08/2025-12-14,1.0,0.251952335553636
17889,2025-12-14 06:11:00,2025-12-08/2025-12-14,1.0,0.5033964238860307
17891,2025-12-14 06:35:00,2025-12-08/2025-12-14,1.0,0.33340864022458383
17892,2025-12-14 06:35:00,2025-12-08/2025-12-14,1.0,0.4340054717976825
17893,2025-12-14 06:44:00,2025-12-08/2025-12-14,1.0,0.33962531605955154
17894,2025-12-14 06:48:00,2025-12-08/2025-12-14,1.0,0.2100452395798406
17898,2025-12-14 07:14:00,2025-12-08/2025-12-14,1.0,0.4477706251504996
17899,2025-12-14 07:16:00,2025-12-08/2025-12-14,1.0,0.33324539065944775
17904,2025-12-14 07:46:00,2025-12-08/2025-12-14,1.0,0.22496505373146955
17906,2025-12-14 07:51:00,2025-12-08/2025-12-14,1.0,0.4007982794949361
17907,2025-12-14 07:53:00,2025-12-08/2025-12-14,1.0,0.44055886157404245
17908,2025-12-14 07:56:00,2025-12-08/2025-12-14,1.0,0.506301929702228
17909,2025-12-14 08:05:00,2025-12-08/2025-12-14,1.0,0.3195434699769564
17910,2025-12-14 08:11:00,2025-12-08/2025-12-14,0.0,0.36128333638226495
17913,2025-12-14 08:28:00,2025-12-08/2025-12-14,0.0,0.22864001911308707
17916,2025-12-14 08:35:00,2025-12-08/2025-12-14,1.0,0.431086876792031
17919,2025-12-14 08:40:00,2025-12-08/2025-12-14,1.0,0.483037057526401
17920,2025-12-14 08:43:00,2025-12-08/2025-12-14,1.0,0.37787584482909736
17923,2025-12-14 09:03:00,2025-12-08/2025-12-14,1.0,0.3957903019321086
17924,2025-12-14 09:04:00,2025-12-08/2025-12-14,1.0,0.31204845731244824
17925,2025-12-14 09:11:00,2025-12-08/2025-12-14,1.0,0.44155800645457965
17927,2025-12-14 09:36:00,2025-12-08/2025-12-14,1.0,0.4172772515210402
17930,2025-12-14 09:48:00,2025-12-08/2025-12-14,1.0,0.38980968970148705
17931,2025-12-14 09:49:00,2025-12-08/2025-12-14,1.0,0.362565351617845
17933,2025-12-14 09:54:00,2025-12-08/2025-12-14,1.0,0.4751554430862647
17934,2025-12-14 09:54:00,2025-12-08/2025-12-14,1.0,0.21761591182328863
17935,2025-12-14 09:55:00,2025-12-08/2025-12-14,1.0,0.268778002760052
17936,2025-12-14 09:57:00,2025-12-08/2025-12-14,1.0,0.4749393042352839
17938,2025-12-14 10:06:00,2025-12-08/2025-12-14,1.0,0.3905767371337313
17939,2025-12-14 10:07:00,2025-12-08/2025-12-14,1.0,0.33866447746440526
17940,2025-12-14 10:09:00,2025-12-08/2025-12-14,1.0,0.4278341696170905
17941,2025-12-14 10:34:00,2025-12-08/2025-12-14,1.0,0.4467037664781287
17942,2025-12-14 10:44:00,2025-12-08/2025-12-14,1.0,0.275245439495582
17943,2025-12-14 10:45:00,2025-12-08/2025-12-14,0.0,0.407093583932637
17944,2025-12-14 11:03:00,2025-12-08/2025-12-14,1.0,0.3491804972033486
17946,2025-12-14 11:06:00,2025-12-08/2025-12-14,1.0,0.33042613270474713
17947,2025-12-14 11:10:00,2025-12-08/2025-12-14,1.0,0.402867113467902
17948,2025-12-14 11:13:00,2025-12-08/2025-12-14,1.0,0.29773043614629996
17949,2025-12-14 11:16:00,2025-12-08/2025-12-14,1.0,0.3714334417506291
17950,2025-12-14 11:19:00,2025-12-08/2025-12-14,1.0,0.44987857052933505
17954,2025-12-14 11:37:00,2025-12-08/2025-12-14,1.0,0.481621008508916
17956,2025-12-14 11:46:00,2025-12-08/2025-12-14,0.0,0.447179794922166
17959,2025-12-14 12:03:00,2025-12-08/2025-12-14,1.0,0.34569990873720424
17964,2025-12-14 12:29:00,2025-12-08/2025-12-14,1.0,0.2786115510840271
17965,2025-12-14 12:38:00,2025-12-08/2025-12-14,1.0,0.3204885761504817
17967,2025-12-14 12:47:00,2025-12-08/2025-12-14,0.0,0.28738322474727795
17970,2025-12-14 12:56:00,2025-12-08/2025-12-14,1.0,0.16721172416652677
17971,2025-12-14 12:57:00,2025-12-08/2025-12-14,1.0,0.41122010128975284
17972,2025-12-14 13:26:00,2025-12-08/2025-12-14,1.0,0.40764448498460276
17974,2025-12-14 13:32:00,2025-12-08/2025-12-14,1.0,0.46490379277713373
17977,2025-12-14 13:47:00,2025-12-08/2025-12-14,1.0,0.4511758904552055
17978,2025-12-14 13:48:00,2025-12-08/2025-12-14,1.0,0.19376654076462657
17979,2025-12-14 14:06:00,2025-12-08/2025-12-14,1.0,0.1944025751860983
17980,2025-12-14 14:17:00,2025-12-08/2025-12-14,1.0,0.44154690672755637
17981,2025-12-14 14:20:00,2025-12-08/2025-12-14,1.0,0.3903607405658424
17982,2025-12-14 14:27:00,2025-12-08/2025-12-14,1.0,0.23283482375576692
17985,2025-12-14 14:38:00,2025-12-08/2025-12-14,1.0,0.3744243401182367
17986,2025-12-14 14:40:00,2025-12-08/2025-12-14,1.0,0.25551697533546563
17987,2025-12-14 14:45:00,2025-12-08/2025-12-14,1.0,0.535381386853954
17988,2025-12-14 14:47:00,2025-12-08/2025-12-14,1.0,0.4103528330230754
17989,2025-12-14 14:48:00,2025-12-08/2025-12-14,1.0,0.40521129170380804
17991,2025-12-14 14:54:00,2025-12-08/2025-12-14,1.0,0.44017704133531893
17992,2025-12-14 14:59:00,2025-12-08/2025-12-14,1.0,0.2568889054588649
17993,2025-12-14 15:06:00,2025-12-08/2025-12-14,1.0,0.33811033226045617
17997,2025-12-14 15:22:00,2025-12-08/2025-12-14,0.0,0.35566358837890666
17998,2025-12-14 16:45:00,2025-12-08/2025-12-14,1.0,0.36529835333258537
18007,2025-12-14 19:28:00,2025-12-08/2025-12-14,1.0,0.48222658226589166
18010,2025-12-14 19:30:00,2025-12-08/2025-12-14,1.0,0.4967383001924827
18014,2025-12-14 20:35:00,2025-12-08/2025-12-14,1.0,0.33817000016573007
18015,2025-12-14 21:44:00,2025-12-08/2025-12-14,1.0,0.41676827456163046
18023,2025-12-15 02:43:00,2025-12-15/2025-12-21,1.0,0.446809501898128
18025,2025-12-15 03:33:00,2025-12-15/2025-12-21,1.0,0.48532577577309505
18026,2025-12-15 04:36:00,2025-12-15/2025-12-21,0.0,0.5670321942677806
18028,2025-12-15 05:43:00,2025-12-15/2025-12-21,0.0,0.5004032626368538
18029,2025-12-15 05:57:00,2025-12-15/2025-12-21,1.0,0.5082526059399876
18030,2025-12-15 06:02:00,2025-12-15/2025-12-21,1.0,0.3545422003028231
18032,2025-12-15 07:49:00,2025-12-15/2025-12-21,0.0,0.28087533891859506
18033,2025-12-15 08:18:00,2025-12-15/2025-12-21,1.0,0.5168803564097807
18035,2025-12-15 08:32:00,2025-12-15/2025-12-21,1.0,0.5256827480388199
18037,2025-12-15 09:21:00,2025-12-15/2025-12-21,1.0,0.42912686217226526
18038,2025-12-15 09:39:00,2025-12-15/2025-12-21,1.0,0.4730895250815075
18695,2025-12-16 10:41:00,2025-12-15/2025-12-21,1.0,0.39814775751879755
18696,2025-12-16 10:42:00,2025-12-15/2025-12-21,1.0,0.5020977319738336
18704,2025-12-16 10:55:00,2025-12-15/2025-12-21,1.0,0.24626152271389137
18705,2025-12-16 10:56:00,2025-12-15/2025-12-21,1.0,0.45754213670066085
18714,2025-12-16 11:17:00,2025-12-15/2025-12-21,1.0,0.4584509379687414
18732,2025-12-16 11:32:00,2025-12-15/2025-12-21,0.0,0.3993255151884632
18750,2025-12-16 12:22:00,2025-12-15/2025-12-21,1.0,0.4410341270685357
18751,2025-12-16 12:38:00,2025-12-15/2025-12-21,1.0,0.5502737585077848
18754,2025-12-16 13:09:00,2025-12-15/2025-12-21,1.0,0.41121558382331014
18757,2025-12-16 14:16:00,2025-12-15/2025-12-21,0.0,0.5311379897000683
18759,2025-12-16 14:24:00,2025-12-15/2025-12-21,1.0,0.4523796457345234
18760,2025-12-16 14:44:00,2025-12-15/2025-12-21,1.0,0.3858594214325773
18763,2025-12-16 14:48:00,2025-12-15/2025-12-21,0.0,0.3864574591726864
18764,2025-12-16 14:57:00,2025-12-15/2025-12-21,1.0,0.4685514985255139
18767,2025-12-16 15:02:00,2025-12-15/2025-12-21,1.0,0.2705878684249751
18768,2025-12-16 15:07:00,2025-12-15/2025-12-21,1.0,0.5885571417007348
18775,2025-12-16 15:14:00,2025-12-15/2025-12-21,1.0,0.4601131782212651
18777,2025-12-16 15:36:00,2025-12-15/2025-12-21,1.0,0.446373080480726
18778,2025-12-16 15:47:00,2025-12-15/2025-12-21,0.0,0.5808738267008342
18779,2025-12-16 15:50:00,2025-12-15/2025-12-21,1.0,0.451550763122449
18780,2025-12-16 16:24:00,2025-12-15/2025-12-21,1.0,0.5477557217666035
18781,2025-12-16 16:44:00,2025-12-15/2025-12-21,0.0,0.28103179139827744
18799,2025-12-16 19:31:00,2025-12-15/2025-12-21,1.0,0.5162037476530852
18800,2025-12-16 19:33:00,2025-12-15/2025-12-21,1.0,0.42683905924168725
18808,2025-12-16 20:03:00,2025-12-15/2025-12-21,1.0,0.4272744507398088
18823,2025-12-16 22:43:00,2025-12-15/2025-12-21,0.0,0.7212276986605292
18829,2025-12-16 23:27:00,2025-12-15/2025-12-21,0.0,0.6241281276567465
18830,2025-12-16 23:29:00,2025-12-15/2025-12-21,0.0,0.6148932651557375
18832,2025-12-16 23:47:00,2025-12-15/2025-12-21,1.0,0.34165309663154797
18834,2025-12-17 01:25:00,2025-12-15/2025-12-21,1.0,0.4522993241345735
18838,2025-12-17 02:45:00,2025-12-15/2025-12-21,1.0,0.4140841854448566
18839,2025-12-17 03:26:00,2025-12-15/2025-12-21,0.0,0.40820837845329616
18841,2025-12-17 04:04:00,2025-12-15/2025-12-21,1.0,0.595149031155209
18845,2025-12-17 04:14:00,2025-12-15/2025-12-21,1.0,0.413353862070097
18847,2025-12-17 04:42:00,2025-12-15/2025-12-21,1.0,0.5132424262515697
18849,2025-12-17 05:25:00,2025-12-15/2025-12-21,1.0,0.4455214465821534
18852,2025-12-17 06:00:00,2025-12-15/2025-12-21,0.0,0.46527532510446257
18856,2025-12-17 06:49:00,2025-12-15/2025-12-21,1.0,0.4096171490994659
18859,2025-12-17 07:09:00,2025-12-15/2025-12-21,1.0,0.536086646194473
18861,2025-12-17 07:37:00,2025-12-15/2025-12-21,1.0,0.5569579898529425
18862,2025-12-17 08:12:00,2025-12-15/2025-12-21,0.0,0.45942831394111994
18865,2025-12-17 08:25:00,2025-12-15/2025-12-21,1.0,0.37141818122367337
18869,2025-12-17 09:04:00,2025-12-15/2025-12-21,1.0,0.2484321617110226
18870,2025-12-17 09:06:00,2025-12-15/2025-12-21,1.0,0.48372861103904974
18871,2025-12-17 09:40:00,2025-12-15/2025-12-21,1.0,0.5406784285695275
18872,2025-12-17 09:42:00,2025-12-15/2025-12-21,1.0,0.45262864145033
18878,2025-12-17 10:36:00,2025-12-15/2025-12-21,1.0,0.3444399595494649
18880,2025-12-17 10:40:00,2025-12-15/2025-12-21,1.0,0.438258887080475
18884,2025-12-17 11:06:00,2025-12-15/2025-12-21,1.0,0.2506951830379793
18885,2025-12-17 11:11:00,2025-12-15/2025-12-21,1.0,0.5935782281852525
18888,2025-12-17 11:51:00,2025-12-15/2025-12-21,0.0,0.5241086717776166
18891,2025-12-17 12:41:00,2025-12-15/2025-12-21,1.0,0.4746520927609407
18895,2025-12-17 13:13:00,2025-12-15/2025-12-21,1.0,0.4260160639351365
18898,2025-12-17 14:14:00,2025-12-15/2025-12-21,0.0,0.6610864381986158
18945,2025-12-17 17:42:00,2025-12-15/2025-12-21,1.0,0.4681801293787421
18946,2025-12-17 17:43:00,2025-12-15/2025-12-21,0.0,0.46885953086652654
18979,2025-12-17 22:30:00,2025-12-15/2025-12-21,1.0,0.5777626627222623
18990,2025-12-17 22:53:00,2025-12-15/2025-12-21,1.0,0.5571558871702316
18991,2025-12-17 22:56:00,2025-12-15/2025-12-21,1.0,0.5925163552023678
19017,2025-12-17 23:48:00,2025-12-15/2025-12-21,0.0,0.6922213486544394
19120,2025-12-18 15:01:00,2025-12-15/2025-12-21,0.0,0.31429433322039624
19121,2025-12-18 15:02:00,2025-12-15/2025-12-21,0.0,0.4133091862348793
19122,2025-12-18 15:02:00,2025-12-15/2025-12-21,1.0,0.4193359627579489
19123,2025-12-18 15:02:00,2025-12-15/2025-12-21,0.0,0.4420082993396672
19190,2025-12-18 17:39:00,2025-12-15/2025-12-21,0.0,0.46652067252591245
19191,2025-12-18 17:40:00,2025-12-15/2025-12-21,0.0,0.4034372121541789
19192,2025-12-18 17:42:00,2025-12-15/2025-12-21,0.0,0.3383893183938631
19194,2025-12-18 17:51:00,2025-12-15/2025-12-21,0.0,0.3253324310836667
19195,2025-12-18 17:53:00,2025-12-15/2025-12-21,0.0,0.3080325536203615
19196,2025-12-18 18:00:00,2025-12-15/2025-12-21,0.0,0.42997883787445823
19200,2025-12-18 18:20:00,2025-12-15/2025-12-21,1.0,0.3023344767153166
19202,2025-12-18 18:41:00,2025-12-15/2025-12-21,1.0,0.4055375922808636
19203,2025-12-18 18:44:00,2025-12-15/2025-12-21,0.0,0.28675035802060955
19204,2025-12-18 18:53:00,2025-12-15/2025-12-21,1.0,0.49140926339089824
19207,2025-12-18 19:30:00,2025-12-15/2025-12-21,1.0,0.3822970906781342
19208,2025-12-18 19:32:00,2025-12-15/2025-12-21,1.0,0.4354347449542962
19210,2025-12-18 19:44:00,2025-12-15/2025-12-21,1.0,0.5193263636351384
19217,2025-12-18 21:14:00,2025-12-15/2025-12-21,1.0,0.4003024638670622
19222,2025-12-18 22:25:00,2025-12-15/2025-12-21,0.0,0.2832761472751296
19223,2025-12-18 22:34:00,2025-12-15/2025-12-21,1.0,0.48098564455498133
19224,2025-12-18 22:40:00,2025-12-15/2025-12-21,1.0,0.3931730529012289
19225,2025-12-18 22:45:00,2025-12-15/2025-12-21,1.0,0.45860134724730706
19227,2025-12-18 23:14:00,2025-12-15/2025-12-21,1.0,0.3665970346760688
19228,2025-12-18 23:55:00,2025-12-15/2025-12-21,1.0,0.3755818364465177
19269,2025-12-19 01:15:00,2025-12-15/2025-12-21,1.0,0.32924680167992687
19289,2025-12-19 01:51:00,2025-12-15/2025-12-21,0.0,0.31227128947227745
19292,2025-12-19 02:22:00,2025-12-15/2025-12-21,1.0,0.4299240552451779
19293,2025-12-19 02:31:00,2025-12-15/2025-12-21,1.0,0.25289824048026466
19294,2025-12-19 02:32:00,2025-12-15/2025-12-21,1.0,0.3085433669955081
19296,2025-12-19 03:03:00,2025-12-15/2025-12-21,0.0,0.32375709923760077
19300,2025-12-19 03:31:00,2025-12-15/2025-12-21,1.0,0.4776010889176312
19303,2025-12-19 03:51:00,2025-12-15/2025-12-21,1.0,0.46334790675262133
19306,2025-12-19 04:01:00,2025-12-15/2025-12-21,0.0,0.39122592127754635
19307,2025-12-19 04:03:00,2025-12-15/2025-12-21,1.0,0.245500094306016
19308,2025-12-19 04:04:00,2025-12-15/2025-12-21,1.0,0.3262211509801878
19309,2025-12-19 04:06:00,2025-12-15/2025-12-21,1.0,0.5452142338595481
19310,2025-12-19 04:06:00,2025-12-15/2025-12-21,1.0,0.34961997263827876
19311,2025-12-19 04:07:00,2025-12-15/2025-12-21,1.0,0.5300307956469823
19312,2025-12-19 04:08:00,2025-12-15/2025-12-21,1.0,0.29879611598722555
19313,2025-12-19 04:15:00,2025-12-15/2025-12-21,1.0,0.5464534055336916
19316,2025-12-19 04:38:00,2025-12-15/2025-12-21,1.0,0.3782054809564006
19317,2025-12-19 04:38:00,2025-12-15/2025-12-21,1.0,0.36806975053252766
19318,2025-12-19 04:39:00,2025-12-15/2025-12-21,1.0,0.2615076233473273
19320,2025-12-19 05:13:00,2025-12-15/2025-12-21,1.0,0.35421346892793704
19321,2025-12-19 05:19:00,2025-12-15/2025-12-21,1.0,0.41952049075926334
19323,2025-12-19 05:41:00,2025-12-15/2025-12-21,1.0,0.516454948730233
19324,2025-12-19 05:44:00,2025-12-15/2025-12-21,0.0,0.3210619615416603
19325,2025-12-19 05:45:00,2025-12-15/2025-12-21,0.0,0.44041172500302467
19326,2025-12-19 05:45:00,2025-12-15/2025-12-21,0.0,0.5556183210771216
19328,2025-12-19 05:56:00,2025-12-15/2025-12-21,1.0,0.4372545314611266
19329,2025-12-19 06:01:00,2025-12-15/2025-12-21,0.0,0.32130429389167814
19330,2025-12-19 06:05:00,2025-12-15/2025-12-21,1.0,0.2870202959980856
19331,2025-12-19 06:15:00,2025-12-15/2025-12-21,1.0,0.43540574401585613
19332,2025-12-19 06:37:00,2025-12-15/2025-12-21,1.0,0.3385469002928592
19333,2025-12-19 07:19:00,2025-12-15/2025-12-21,1.0,0.37570013640058175
19334,2025-12-19 07:27:00,2025-12-15/2025-12-21,1.0,0.4569633268693176
19335,2025-12-19 07:34:00,2025-12-15/2025-12-21,1.0,0.3103302445777125
19336,2025-12-19 07:35:00,2025-12-15/2025-12-21,1.0,0.34891477489873096
19338,2025-12-19 08:00:00,2025-12-15/2025-12-21,1.0,0.43075754806812094
19339,2025-12-19 08:03:00,2025-12-15/2025-12-21,1.0,0.45954100076575993
19340,2025-12-19 08:03:00,2025-12-15/2025-12-21,1.0,0.5553439113713287
19342,2025-12-19 08:08:00,2025-12-15/2025-12-21,1.0,0.4385446389119175
19346,2025-12-19 09:06:00,2025-12-15/2025-12-21,0.0,0.3210619615416603
19349,2025-12-19 09:22:00,2025-12-15/2025-12-21,0.0,0.2710406326754119
19351,2025-12-19 09:34:00,2025-12-15/2025-12-21,1.0,0.3332016909125723
19352,2025-12-19 09:35:00,2025-12-15/2025-12-21,1.0,0.38985909312999023
19353,2025-12-19 09:35:00,2025-12-15/2025-12-21,1.0,0.4175323750567316
19354,2025-12-19 09:39:00,2025-12-15/2025-12-21,0.0,0.3168257022374765
19355,2025-12-19 09:42:00,2025-12-15/2025-12-21,1.0,0.49139160275833077
19357,2025-12-19 10:09:00,2025-12-15/2025-12-21,1.0,0.5671625639593803
19358,2025-12-19 10:09:00,2025-12-15/2025-12-21,1.0,0.4548600361089895
19360,2025-12-19 10:23:00,2025-12-15/2025-12-21,0.0,0.2652654080567926
19361,2025-12-19 10:24:00,2025-12-15/2025-12-21,1.0,0.33433232621193554
19386,2025-12-19 11:31:00,2025-12-15/2025-12-21,1.0,0.24650798590896225
19387,2025-12-19 11:39:00,2025-12-15/2025-12-21,1.0,0.325040828294771
19390,2025-12-19 11:54:00,2025-12-15/2025-12-21,0.0,0.5342864538259887
19391,2025-12-19 12:04:00,2025-12-15/2025-12-21,1.0,0.3544621848094934
19393,2025-12-19 12:06:00,2025-12-15/2025-12-21,1.0,0.393203661182757
19395,2025-12-19 12:10:00,2025-12-15/2025-12-21,1.0,0.32846437532028183
19397,2025-12-19 12:14:00,2025-12-15/2025-12-21,0.0,0.5534198572534278
19398,2025-12-19 12:15:00,2025-12-15/2025-12-21,1.0,0.36931897433259714
19400,2025-12-19 12:20:00,2025-12-15/2025-12-21,1.0,0.4154834885220235
19404,2025-12-19 12:34:00,2025-12-15/2025-12-21,1.0,0.38085514223672107
19413,2025-12-19 12:43:00,2025-12-15/2025-12-21,1.0,0.32583878880624323
19420,2025-12-19 12:47:00,2025-12-15/2025-12-21,1.0,0.4995466681065738
19424,2025-12-19 12:51:00,2025-12-15/2025-12-21,1.0,0.38052037799683647
19444,2025-12-19 13:09:00,2025-12-15/2025-12-21,1.0,0.33152688849043643
19451,2025-12-19 13:20:00,2025-12-15/2025-12-21,0.0,0.5612200244862002
19452,2025-12-19 13:25:00,2025-12-15/2025-12-21,1.0,0.42169878710397923
19454,2025-12-19 13:41:00,2025-12-15/2025-12-21,1.0,0.24040460332424776
19463,2025-12-19 15:14:00,2025-12-15/2025-12-21,1.0,0.3399872613151175
19464,2025-12-19 15:15:00,2025-12-15/2025-12-21,1.0,0.481051630196985
19466,2025-12-19 15:15:00,2025-12-15/2025-12-21,1.0,0.393131462417973
19467,2025-12-19 15:18:00,2025-12-15/2025-12-21,0.0,0.24223838511894583
19468,2025-12-19 15:21:00,2025-12-15/2025-12-21,0.0,0.4682555759002749
19469,2025-12-19 15:35:00,2025-12-15/2025-12-21,0.0,0.3367686119019166
19475,2025-12-19 16:13:00,2025-12-15/2025-12-21,1.0,0.23452247520991729
19477,2025-12-19 16:23:00,2025-12-15/2025-12-21,0.0,0.5904410147602861
19480,2025-12-19 16:34:00,2025-12-15/2025-12-21,0.0,0.32730729421187055
19484,2025-12-19 17:00:00,2025-12-15/2025-12-21,0.0,0.3790114526080571
19486,2025-12-19 17:14:00,2025-12-15/2025-12-21,1.0,0.2436001803850896
19492,2025-12-19 17:49:00,2025-12-15/2025-12-21,1.0,0.2941392862442678
19493,2025-12-19 18:04:00,2025-12-15/2025-12-21,1.0,0.559548413996075
19495,2025-12-19 18:05:00,2025-12-15/2025-12-21,1.0,0.34638763160845676
19497,2025-12-19 18:11:00,2025-12-15/2025-12-21,1.0,0.41784172330577074
19500,2025-12-19 18:20:00,2025-12-15/2025-12-21,1.0,0.45648185069349456
19502,2025-12-19 18:22:00,2025-12-15/2025-12-21,1.0,0.2957177550121759
19503,2025-12-19 18:24:00,2025-12-15/2025-12-21,0.0,0.25050708766256935
19505,2025-12-19 18:38:00,2025-12-15/2025-12-21,1.0,0.5143740423467211
19509,2025-12-19 18:59:00,2025-12-15/2025-12-21,1.0,0.42567977070017937
19512,2025-12-19 19:42:00,2025-12-15/2025-12-21,0.0,0.3521735040083979
19534,2025-12-19 20:47:00,2025-12-15/2025-12-21,0.0,0.3876475908966891
19616,2025-12-19 21:50:00,2025-12-15/2025-12-21,1.0,0.37056125546865265
19676,2025-12-19 22:35:00,2025-12-15/2025-12-21,0.0,0.5455253402845028
19718,2025-12-19 23:54:00,2025-12-15/2025-12-21,1.0,0.163634462549468
19720,2025-12-20 00:04:00,2025-12-15/2025-12-21,1.0,0.26278846606455153
19721,2025-12-20 00:11:00,2025-12-15/2025-12-21,0.0,0.3481802769368872
19731,2025-12-20 01:13:00,2025-12-15/2025-12-21,0.0,0.2697599730788614
19732,2025-12-20 01:34:00,2025-12-15/2025-12-21,1.0,0.23925875171841904
19735,2025-12-20 02:16:00,2025-12-15/2025-12-21,1.0,0.5220913204114056
19756,2025-12-21 15:41:00,2025-12-15/2025-12-21,1.0,0.5098755207327507
19759,2025-12-21 15:43:00,2025-12-15/2025-12-21,0.0,0.25493858328474767
19782,2025-12-21 15:59:00,2025-12-15/2025-12-21,1.0,0.48833903528415845
19790,2025-12-21 16:04:00,2025-12-15/2025-12-21,1.0,0.3118922556309426
19793,2025-12-21 16:06:00,2025-12-15/2025-12-21,0.0,0.3975244106258162
19798,2025-12-21 16:09:00,2025-12-15/2025-12-21,0.0,0.5121691929044893
19804,2025-12-21 16:14:00,2025-12-15/2025-12-21,1.0,0.3936919158996554
19805,2025-12-21 16:14:00,2025-12-15/2025-12-21,0.0,0.22024386261197593
19810,2025-12-21 16:18:00,2025-12-15/2025-12-21,1.0,0.28842825073125494
19813,2025-12-21 16:20:00,2025-12-15/2025-12-21,1.0,0.34562397034659453
19814,2025-12-21 16:20:00,2025-12-15/2025-12-21,1.0,0.4158411861351819
19835,2025-12-21 16:34:00,2025-12-15/2025-12-21,0.0,0.4014352444947842
19843,2025-12-21 16:40:00,2025-12-15/2025-12-21,1.0,0.4212176130830291
19877,2025-12-21 17:06:00,2025-12-15/2025-12-21,1.0,0.4133548380612224
19880,2025-12-21 17:08:00,2025-12-15/2025-12-21,1.0,0.34167655254508655
19883,2025-12-21 17:10:00,2025-12-15/2025-12-21,1.0,0.25631005359896747
19916,2025-12-21 17:35:00,2025-12-15/2025-12-21,1.0,0.3703127244064686
19924,2025-12-21 17:42:00,2025-12-15/2025-12-21,1.0,0.4731114888008205
19938,2025-12-22 22:11:00,2025-12-22/2025-12-28,1.0,0.3184804205070883
19940,2025-12-22 22:51:00,2025-12-22/2025-12-28,1.0,0.29676979226989203
19941,2025-12-22 23:05:00,2025-12-22/2025-12-28,1.0,0.4133023725842199
19942,2025-12-22 23:37:00,2025-12-22/2025-12-28,1.0,0.4726130802987098
19944,2025-12-23 08:41:00,2025-12-22/2025-12-28,1.0,0.4313172896803864
19945,2025-12-23 08:44:00,2025-12-22/2025-12-28,1.0,0.41415058729747156
19946,2025-12-23 09:33:00,2025-12-22/2025-12-28,0.0,0.5700882589726542
19950,2025-12-23 11:01:00,2025-12-22/2025-12-28,1.0,0.4790285926843014
19951,2025-12-23 11:02:00,2025-12-22/2025-12-28,1.0,0.27884516999572534
19952,2025-12-23 11:02:00,2025-12-22/2025-12-28,1.0,0.539208810518255
19955,2025-12-23 11:14:00,2025-12-22/2025-12-28,1.0,0.5406603832999116
19956,2025-12-23 11:30:00,2025-12-22/2025-12-28,1.0,0.28906667968556465
19957,2025-12-23 11:34:00,2025-12-22/2025-12-28,1.0,0.3851839987190768
19958,2025-12-23 11:47:00,2025-12-22/2025-12-28,1.0,0.4353050572218876
19959,2025-12-23 11:51:00,2025-12-22/2025-12-28,1.0,0.3816914610374904
19961,2025-12-23 11:53:00,2025-12-22/2025-12-28,0.0,0.4667693259843282
19962,2025-12-23 12:03:00,2025-12-22/2025-12-28,0.0,0.5055429988329451
19965,2025-12-23 12:10:00,2025-12-22/2025-12-28,0.0,0.3251868247076651
19975,2025-12-23 12:56:00,2025-12-22/2025-12-28,1.0,0.6312375029212439
19976,2025-12-23 13:02:00,2025-12-22/2025-12-28,1.0,0.26496261771600804
19978,2025-12-23 13:14:00,2025-12-22/2025-12-28,1.0,0.42485217719637114
19981,2025-12-23 13:40:00,2025-12-22/2025-12-28,1.0,0.3363246620501707
19982,2025-12-23 13:54:00,2025-12-22/2025-12-28,1.0,0.5967238354743452
19983,2025-12-23 13:56:00,2025-12-22/2025-12-28,0.0,0.6066935553865623
19984,2025-12-23 14:54:00,2025-12-22/2025-12-28,1.0,0.255949046066651
19987,2025-12-23 15:21:00,2025-12-22/2025-12-28,1.0,0.2654540797927582
19994,2025-12-23 16:16:00,2025-12-22/2025-12-28,1.0,0.44579922178046594
19996,2025-12-23 16:18:00,2025-12-22/2025-12-28,1.0,0.2405805565851791
20013,2025-12-23 19:07:00,2025-12-22/2025-12-28,0.0,0.5143960198939822
20015,2025-12-23 21:37:00,2025-12-22/2025-12-28,0.0,0.38511860136329285
20019,2025-12-23 23:42:00,2025-12-22/2025-12-28,1.0,0.2928808179975465
20020,2025-12-23 23:59:00,2025-12-22/2025-12-28,0.0,0.6030888641458494
20025,2025-12-24 08:02:00,2025-12-22/2025-12-28,0.0,0.47999473293078715
20027,2025-12-24 08:40:00,2025-12-22/2025-12-28,0.0,0.2699434823356831
20031,2025-12-24 12:29:00,2025-12-22/2025-12-28,1.0,0.35632949864701896
20032,2025-12-24 12:35:00,2025-12-22/2025-12-28,0.0,0.5150360898859657
20033,2025-12-24 12:58:00,2025-12-22/2025-12-28,0.0,0.5507762570902367
20034,2025-12-24 13:13:00,2025-12-22/2025-12-28,1.0,0.5934885497340127
20036,2025-12-24 14:09:00,2025-12-22/2025-12-28,1.0,0.45344969704530574
20038,2025-12-24 14:14:00,2025-12-22/2025-12-28,1.0,0.24730019886895424
20039,2025-12-24 14:35:00,2025-12-22/2025-12-28,0.0,0.5201940177697639
20040,2025-12-24 15:00:00,2025-12-22/2025-12-28,0.0,0.3296965277443417
20047,2025-12-24 15:05:00,2025-12-22/2025-12-28,1.0,0.28387996990182907
20049,2025-12-24 15:25:00,2025-12-22/2025-12-28,1.0,0.48681659721133835
20050,2025-12-24 15:26:00,2025-12-22/2025-12-28,1.0,0.35647247787810554
20051,2025-12-24 15:26:00,2025-12-22/2025-12-28,1.0,0.34745778012132295
20052,2025-12-24 15:27:00,2025-12-22/2025-12-28,1.0,0.48393263955429267
20053,2025-12-24 16:00:00,2025-12-22/2025-12-28,1.0,0.49081379981787865
20054,2025-12-24 16:00:00,2025-12-22/2025-12-28,1.0,0.23124372751592132
20055,2025-12-24 16:29:00,2025-12-22/2025-12-28,1.0,0.42130154556129124
20057,2025-12-24 16:50:00,2025-12-22/2025-12-28,1.0,0.45412267189889266
20059,2025-12-24 18:03:00,2025-12-22/2025-12-28,0.0,0.3380648951912434
20060,2025-12-24 19:55:00,2025-12-22/2025-12-28,0.0,0.43467546606481483
20063,2025-12-25 03:04:00,2025-12-22/2025-12-28,1.0,0.42922825680437415
20065,2025-12-25 06:07:00,2025-12-22/2025-12-28,0.0,0.4378118179693756
20066,2025-12-25 06:43:00,2025-12-22/2025-12-28,1.0,0.43820725349547957
20067,2025-12-25 08:34:00,2025-12-22/2025-12-28,1.0,0.25992107779122586
20068,2025-12-25 08:35:00,2025-12-22/2025-12-28,1.0,0.11835284693264095
20070,2025-12-25 10:58:00,2025-12-22/2025-12-28,1.0,0.4273870371701508
20072,2025-12-25 12:05:00,2025-12-22/2025-12-28,0.0,0.31075117122185936
20073,2025-12-25 13:00:00,2025-12-22/2025-12-28,0.0,0.465451494013979
20075,2025-12-25 13:31:00,2025-12-22/2025-12-28,0.0,0.44984367770352734
20092,2025-12-25 15:01:00,2025-12-22/2025-12-28,1.0,0.5436980960559835
20110,2025-12-25 16:01:00,2025-12-22/2025-12-28,1.0,0.2841282680757381
20114,2025-12-25 16:11:00,2025-12-22/2025-12-28,1.0,0.35010622971928246
20115,2025-12-25 16:55:00,2025-12-22/2025-12-28,0.0,0.25105287977763036
20116,2025-12-25 17:38:00,2025-12-22/2025-12-28,0.0,0.4547453756909828
20158,2025-12-25 18:26:00,2025-12-22/2025-12-28,0.0,0.40306935305305225
20344,2025-12-25 20:55:00,2025-12-22/2025-12-28,0.0,0.5594241238653713
20347,2025-12-25 20:57:00,2025-12-22/2025-12-28,0.0,0.5586313583444662
20349,2025-12-25 23:01:00,2025-12-22/2025-12-28,0.0,0.3971350834007077
20351,2025-12-25 23:35:00,2025-12-22/2025-12-28,0.0,0.4481125698496639
20352,2025-12-26 00:16:00,2025-12-22/2025-12-28,0.0,0.47576255637187564
20354,2025-12-26 01:26:00,2025-12-22/2025-12-28,0.0,0.6078219182216757
20356,2025-12-26 02:02:00,2025-12-22/2025-12-28,1.0,0.42945110378451057
20357,2025-12-26 03:30:00,2025-12-22/2025-12-28,0.0,0.42582668333643575
20359,2025-12-26 04:01:00,2025-12-22/2025-12-28,0.0,0.33758252025711477
20362,2025-12-26 05:09:00,2025-12-22/2025-12-28,0.0,0.43305785108513206
20368,2025-12-26 06:20:00,2025-12-22/2025-12-28,0.0,0.45306981400158663
20369,2025-12-26 07:21:00,2025-12-22/2025-12-28,1.0,0.26347542285563363
20372,2025-12-26 07:52:00,2025-12-22/2025-12-28,0.0,0.3789631194849971
20373,2025-12-26 07:54:00,2025-12-22/2025-12-28,0.0,0.36976484555766526
20374,2025-12-26 08:03:00,2025-12-22/2025-12-28,0.0,0.5133370793068167
20376,2025-12-26 08:22:00,2025-12-22/2025-12-28,0.0,0.46683268586502813
20377,2025-12-26 08:30:00,2025-12-22/2025-12-28,1.0,0.27842991163758585
20381,2025-12-26 09:01:00,2025-12-22/2025-12-28,0.0,0.2550115003510237
20383,2025-12-26 09:18:00,2025-12-22/2025-12-28,0.0,0.30476278592925726
20384,2025-12-26 10:29:00,2025-12-22/2025-12-28,1.0,0.3608505383463437
20385,2025-12-26 10:30:00,2025-12-22/2025-12-28,1.0,0.34574843132778293
20386,2025-12-26 10:58:00,2025-12-22/2025-12-28,0.0,0.5931564056559852
20388,2025-12-26 13:43:00,2025-12-22/2025-12-28,0.0,0.55630472501595
20394,2025-12-26 14:08:00,2025-12-22/2025-12-28,0.0,0.44019244051470946
20400,2025-12-26 14:18:00,2025-12-22/2025-12-28,0.0,0.3497242663315465
20402,2025-12-26 14:31:00,2025-12-22/2025-12-28,0.0,0.5509257286610761
20403,2025-12-26 14:45:00,2025-12-22/2025-12-28,0.0,0.23603722074748512
20404,2025-12-26 14:49:00,2025-12-22/2025-12-28,0.0,0.33109130523190144
20408,2025-12-26 15:11:00,2025-12-22/2025-12-28,0.0,0.3532823856359108
20409,2025-12-26 15:13:00,2025-12-22/2025-12-28,0.0,0.34847987503081757
20410,2025-12-26 15:40:00,2025-12-22/2025-12-28,0.0,0.24245788830293172
20413,2025-12-26 16:20:00,2025-12-22/2025-12-28,1.0,0.388882596770805
20421,2025-12-27 00:04:00,2025-12-22/2025-12-28,0.0,0.5185938971942791
20434,2025-12-27 03:22:00,2025-12-22/2025-12-28,0.0,0.4845238227699552
20471,2025-12-27 04:47:00,2025-12-22/2025-12-28,1.0,0.398335368555895
20473,2025-12-27 05:07:00,2025-12-22/2025-12-28,0.0,0.42870642165089307
20475,2025-12-27 06:26:00,2025-12-22/2025-12-28,1.0,0.2712987455259875
20476,2025-12-27 06:39:00,2025-12-22/2025-12-28,0.0,0.374698095892682
20477,2025-12-27 07:06:00,2025-12-22/2025-12-28,1.0,0.31071471167610043
20478,2025-12-27 07:19:00,2025-12-22/2025-12-28,0.0,0.3071544198881293
20479,2025-12-27 08:26:00,2025-12-22/2025-12-28,0.0,0.46743928550920694
20480,2025-12-27 08:39:00,2025-12-22/2025-12-28,0.0,0.4551410003464284
20482,2025-12-27 09:49:00,2025-12-22/2025-12-28,0.0,0.45874280922905636
20491,2025-12-27 12:38:00,2025-12-22/2025-12-28,1.0,0.3060599047357234
20494,2025-12-27 14:30:00,2025-12-22/2025-12-28,1.0,0.28759405405772853
20496,2025-12-27 14:45:00,2025-12-22/2025-12-28,0.0,0.33620358282297885
20498,2025-12-27 15:30:00,2025-12-22/2025-12-28,0.0,0.4258524542385379
20522,2025-12-28 05:58:00,2025-12-22/2025-12-28,1.0,0.2699480142918224
20524,2025-12-28 08:40:00,2025-12-22/2025-12-28,1.0,0.44653137103622176
20525,2025-12-28 11:16:00,2025-12-22/2025-12-28,0.0,0.40115428436091227
20526,2025-12-28 11:51:00,2025-12-22/2025-12-28,1.0,0.31519752392418815
20529,2025-12-28 16:19:00,2025-12-22/2025-12-28,0.0,0.25722653627343023
20533,2025-12-29 15:57:00,2025-12-29/2026-01-04,0.0,0.5907443417936803
20543,2025-12-30 09:57:00,2025-12-29/2026-01-04,0.0,0.27102522854867905
20548,2025-12-30 10:32:00,2025-12-29/2026-01-04,0.0,0.4895040083341393
20550,2025-12-30 10:53:00,2025-12-29/2026-01-04,0.0,0.2549720462646212
20562,2025-12-30 11:35:00,2025-12-29/2026-01-04,0.0,0.29779946366502585
20610,2025-12-30 12:21:00,2025-12-29/2026-01-04,0.0,0.3369276038084207
20615,2025-12-30 12:29:00,2025-12-29/2026-01-04,0.0,0.47238181009789554
20617,2025-12-30 12:32:00,2025-12-29/2026-01-04,0.0,0.4971259958049869
20631,2025-12-30 12:54:00,2025-12-29/2026-01-04,0.0,0.5376259563780736
20637,2025-12-30 13:21:00,2025-12-29/2026-01-04,0.0,0.25106392602837474
20644,2025-12-30 14:18:00,2025-12-29/2026-01-04,0.0,0.572405231081573
20647,2025-12-30 14:32:00,2025-12-29/2026-01-04,0.0,0.3085632312342128
20648,2025-12-30 14:45:00,2025-12-29/2026-01-04,0.0,0.2731151448733792
20653,2025-12-30 15:08:00,2025-12-29/2026-01-04,0.0,0.42406951335813653
20656,2025-12-30 15:23:00,2025-12-29/2026-01-04,0.0,0.3935164655283421
20657,2025-12-30 15:34:00,2025-12-29/2026-01-04,0.0,0.38251375409195504
20662,2025-12-30 15:51:00,2025-12-29/2026-01-04,0.0,0.265034209648105
20666,2025-12-30 17:02:00,2025-12-29/2026-01-04,0.0,0.45843757385330824
20679,2025-12-30 17:47:00,2025-12-29/2026-01-04,0.0,0.5500670339819732
20687,2025-12-30 18:41:00,2025-12-29/2026-01-04,0.0,0.33131678849165475
20690,2025-12-30 18:52:00,2025-12-29/2026-01-04,0.0,0.39392076086320094
20691,2025-12-30 20:17:00,2025-12-29/2026-01-04,0.0,0.2934067984180923
20694,2025-12-30 22:27:00,2025-12-29/2026-01-04,0.0,0.5937992244041074
20697,2025-12-30 22:42:00,2025-12-29/2026-01-04,0.0,0.3942482202893264
20701,2025-12-31 09:15:00,2025-12-29/2026-01-04,0.0,0.38748921779541723
20702,2025-12-31 10:18:00,2025-12-29/2026-01-04,0.0,0.2356107875919897
20706,2025-12-31 12:32:00,2025-12-29/2026-01-04,0.0,0.3651983078729777
20721,2025-12-31 23:02:00,2025-12-29/2026-01-04,0.0,0.4035626885321799
20765,2026-01-01 12:44:00,2025-12-29/2026-01-04,0.0,0.6263167001234952
20766,2026-01-01 12:44:00,2025-12-29/2026-01-04,0.0,0.2674850015157788
20770,2026-01-01 14:18:00,2025-12-29/2026-01-04,0.0,0.2177579520771513
20775,2026-01-02 00:58:00,2025-12-29/2026-01-04,0.0,0.2632180669448913
20778,2026-01-02 05:35:00,2025-12-29/2026-01-04,0.0,0.46136108612611054
20781,2026-01-02 09:58:00,2025-12-29/2026-01-04,0.0,0.5802108678363563
20782,2026-01-02 11:40:00,2025-12-29/2026-01-04,0.0,0.4084887429235561
20784,2026-01-02 13:42:00,2025-12-29/2026-01-04,0.0,0.21497301275553965
20785,2026-01-02 14:02:00,2025-12-29/2026-01-04,0.0,0.6244942048625217
20788,2026-01-02 15:00:00,2025-12-29/2026-01-04,0.0,0.2919279914167403
20789,2026-01-02 15:01:00,2025-12-29/2026-01-04,0.0,0.2779954087854115
20790,2026-01-02 15:01:00,2025-12-29/2026-01-04,0.0,0.25242937506933444
20799,2026-01-02 18:47:00,2025-12-29/2026-01-04,0.0,0.2505329652572961
20807,2026-01-03 01:29:00,2025-12-29/2026-01-04,0.0,0.38044901201401254
20810,2026-01-03 04:47:00,2025-12-29/2026-01-04,0.0,0.27094451626311683
20811,2026-01-03 05:08:00,2025-12-29/2026-01-04,0.0,0.23334539418758937
20812,2026-01-03 05:50:00,2025-12-29/2026-01-04,0.0,0.4612044219663196
20817,2026-01-03 08:29:00,2025-12-29/2026-01-04,0.0,0.4443748937430153
20818,2026-01-03 08:31:00,2025-12-29/2026-01-04,0.0,0.21578784092266792
20819,2026-01-03 08:36:00,2025-12-29/2026-01-04,0.0,0.33620360371928304
20821,2026-01-03 09:18:00,2025-12-29/2026-01-04,0.0,0.468209311612059
20825,2026-01-03 10:37:00,2025-12-29/2026-01-04,0.0,0.3051748586977292
20860,2026-01-03 12:50:00,2025-12-29/2026-01-04,0.0,0.2823378409059484
20975,2026-01-03 14:36:00,2025-12-29/2026-01-04,0.0,0.23339456553404603
20994,2026-01-03 22:42:00,2025-12-29/2026-01-04,0.0,0.4965147202069983
20998,2026-01-04 14:01:00,2025-12-29/2026-01-04,0.0,0.30854092376892456
21001,2026-01-04 20:00:00,2025-12-29/2026-01-04,0.0,0.4127583326411324
21004,2026-01-05 05:09:00,2026-01-05/2026-01-11,0.0,0.3580641723497155
21005,2026-01-05 19:47:00,2026-01-05/2026-01-11,1.0,0.24639436676011633
21006,2026-01-05 19:48:00,2026-01-05/2026-01-11,1.0,0.41338408234927143
21007,2026-01-06 07:15:00,2026-01-05/2026-01-11,0.0,0.4077709012363944
21008,2026-01-06 07:16:00,2026-01-05/2026-01-11,0.0,0.4824526546932421
21009,2026-01-06 07:17:00,2026-01-05/2026-01-11,0.0,0.3980501170427592
21013,2026-01-06 07:19:00,2026-01-05/2026-01-11,0.0,0.44095848104575863
21014,2026-01-06 07:20:00,2026-01-05/2026-01-11,0.0,0.42400485823031103
21016,2026-01-06 07:20:00,2026-01-05/2026-01-11,0.0,0.4970799385842378
21017,2026-01-06 07:21:00,2026-01-05/2026-01-11,1.0,0.46427940120153494
21018,2026-01-06 07:21:00,2026-01-05/2026-01-11,0.0,0.5007507306209369
21019,2026-01-06 07:23:00,2026-01-05/2026-01-11,0.0,0.4573485429502559
21023,2026-01-06 07:28:00,2026-01-05/2026-01-11,0.0,0.5660584808883601
21024,2026-01-06 07:31:00,2026-01-05/2026-01-11,0.0,0.46357773584515566
21025,2026-01-06 07:32:00,2026-01-05/2026-01-11,0.0,0.517196058945193
21026,2026-01-06 07:47:00,2026-01-05/2026-01-11,0.0,0.35020678678727835
21031,2026-01-06 08:00:00,2026-01-05/2026-01-11,0.0,0.46052917564778706
21032,2026-01-06 08:09:00,2026-01-05/2026-01-11,0.0,0.3350474102083595
21035,2026-01-06 08:14:00,2026-01-05/2026-01-11,0.0,0.37746604081700597
21039,2026-01-06 08:28:00,2026-01-05/2026-01-11,0.0,0.4477107676083856
21040,2026-01-06 08:34:00,2026-01-05/2026-01-11,0.0,0.4249256128092804
21041,2026-01-06 08:39:00,2026-01-05/2026-01-11,0.0,0.583132201652487
21044,2026-01-06 08:50:00,2026-01-05/2026-01-11,0.0,0.28184837744231234
21045,2026-01-06 08:54:00,2026-01-05/2026-01-11,0.0,0.4137725931913415
21049,2026-01-06 09:11:00,2026-01-05/2026-01-11,0.0,0.2720237141308519
21050,2026-01-06 09:16:00,2026-01-05/2026-01-11,0.0,0.3832379401359771
21052,2026-01-06 09:24:00,2026-01-05/2026-01-11,0.0,0.4186481892089268
21055,2026-01-06 09:33:00,2026-01-05/2026-01-11,1.0,0.5860317338917915
21056,2026-01-06 09:35:00,2026-01-05/2026-01-11,0.0,0.4742638762363995
21060,2026-01-06 09:52:00,2026-01-05/2026-01-11,0.0,0.33906686479495163
21066,2026-01-06 10:21:00,2026-01-05/2026-01-11,0.0,0.3872982870555841
21072,2026-01-06 10:44:00,2026-01-05/2026-01-11,0.0,0.3561722108359379
21073,2026-01-06 10:57:00,2026-01-05/2026-01-11,0.0,0.6345922016202896
21078,2026-01-06 11:09:00,2026-01-05/2026-01-11,0.0,0.4750348191543387
21079,2026-01-06 11:16:00,2026-01-05/2026-01-11,0.0,0.371197557572898
21080,2026-01-06 11:33:00,2026-01-05/2026-01-11,0.0,0.5312040306483383
21081,2026-01-06 11:35:00,2026-01-05/2026-01-11,0.0,0.5655467889525575
21082,2026-01-06 11:37:00,2026-01-05/2026-01-11,0.0,0.4528142440919849
21083,2026-01-06 11:41:00,2026-01-05/2026-01-11,0.0,0.4124811295482991
21089,2026-01-06 12:28:00,2026-01-05/2026-01-11,0.0,0.48419359763536873
21090,2026-01-06 12:46:00,2026-01-05/2026-01-11,1.0,0.4436803340315427
21091,2026-01-06 12:49:00,2026-01-05/2026-01-11,0.0,0.4844735937339194
21092,2026-01-06 12:50:00,2026-01-05/2026-01-11,0.0,0.40869600827152575
21093,2026-01-06 12:50:00,2026-01-05/2026-01-11,0.0,0.5404432824916504
21095,2026-01-06 12:56:00,2026-01-05/2026-01-11,0.0,0.3398184368035732
21096,2026-01-06 13:10:00,2026-01-05/2026-01-11,0.0,0.4740290794822374
21097,2026-01-06 13:19:00,2026-01-05/2026-01-11,0.0,0.5170813920932521
21098,2026-01-06 13:22:00,2026-01-05/2026-01-11,0.0,0.43904116965231466
21099,2026-01-06 13:22:00,2026-01-05/2026-01-11,1.0,0.48357531983273877
21106,2026-01-06 14:15:00,2026-01-05/2026-01-11,0.0,0.3664487024568842
21132,2026-01-06 15:14:00,2026-01-05/2026-01-11,0.0,0.4583171106300699
21136,2026-01-06 15:17:00,2026-01-05/2026-01-11,0.0,0.4559670264188933
21158,2026-01-06 15:35:00,2026-01-05/2026-01-11,0.0,0.41994468632990256
21173,2026-01-06 17:24:00,2026-01-05/2026-01-11,0.0,0.43598489394512374
21194,2026-01-06 19:55:00,2026-01-05/2026-01-11,0.0,0.35196301245556233
21221,2026-01-06 23:19:00,2026-01-05/2026-01-11,1.0,0.4907519492632832
21225,2026-01-06 23:57:00,2026-01-05/2026-01-11,1.0,0.5904411308010522
21236,2026-01-07 01:33:00,2026-01-05/2026-01-11,1.0,0.41855869358430775
21245,2026-01-07 06:30:00,2026-01-05/2026-01-11,1.0,0.5565813133722142
21247,2026-01-07 07:01:00,2026-01-05/2026-01-11,0.0,0.4569203491621564
21248,2026-01-07 07:06:00,2026-01-05/2026-01-11,1.0,0.2934341871978564
21256,2026-01-07 08:44:00,2026-01-05/2026-01-11,0.0,0.25563999616834304
21267,2026-01-07 11:17:00,2026-01-05/2026-01-11,1.0,0.5428998649167527
21277,2026-01-07 11:22:00,2026-01-05/2026-01-11,1.0,0.4268037521751485
21279,2026-01-07 12:09:00,2026-01-05/2026-01-11,0.0,0.44997746196811167
21280,2026-01-07 12:42:00,2026-01-05/2026-01-11,0.0,0.5412644811395736
21285,2026-01-07 14:52:00,2026-01-05/2026-01-11,0.0,0.42129368125365296
21302,2026-01-07 18:09:00,2026-01-05/2026-01-11,0.0,0.29255250804620136
21324,2026-01-07 21:06:00,2026-01-05/2026-01-11,1.0,0.3869973422753084
21325,2026-01-07 21:06:00,2026-01-05/2026-01-11,1.0,0.4102307207264689
21332,2026-01-07 22:32:00,2026-01-05/2026-01-11,1.0,0.5870526450258118
21336,2026-01-08 01:00:00,2026-01-05/2026-01-11,1.0,0.49928387931413415
21337,2026-01-08 01:00:00,2026-01-05/2026-01-11,1.0,0.28553488161696705
21339,2026-01-08 04:09:00,2026-01-05/2026-01-11,1.0,0.44473096565341397
21343,2026-01-08 07:33:00,2026-01-05/2026-01-11,1.0,0.29010045550190305
21344,2026-01-08 07:41:00,2026-01-05/2026-01-11,1.0,0.29572503325323357
21345,2026-01-08 07:54:00,2026-01-05/2026-01-11,1.0,0.40480023227591133
21346,2026-01-08 08:01:00,2026-01-05/2026-01-11,1.0,0.5436472767342891
21355,2026-01-08 11:30:00,2026-01-05/2026-01-11,1.0,0.530623938888128
21364,2026-01-08 13:38:00,2026-01-05/2026-01-11,1.0,0.3677335610049802
21365,2026-01-08 13:38:00,2026-01-05/2026-01-11,1.0,0.34247883313992566
21368,2026-01-08 14:01:00,2026-01-05/2026-01-11,1.0,0.3158826374621846
21375,2026-01-09 00:12:00,2026-01-05/2026-01-11,1.0,0.5765549000631709
21376,2026-01-09 00:13:00,2026-01-05/2026-01-11,1.0,0.31053563192425776
21377,2026-01-09 00:13:00,2026-01-05/2026-01-11,1.0,0.46629860088556646
21378,2026-01-09 00:14:00,2026-01-05/2026-01-11,1.0,0.30604225626089493
21379,2026-01-09 00:14:00,2026-01-05/2026-01-11,1.0,0.5268792551649042
21380,2026-01-09 00:15:00,2026-01-05/2026-01-11,1.0,0.33721017247741525
21382,2026-01-09 00:15:00,2026-01-05/2026-01-11,1.0,0.32041056910723203
21384,2026-01-09 00:15:00,2026-01-05/2026-01-11,1.0,0.5243846301133216
21385,2026-01-09 00:16:00,2026-01-05/2026-01-11,1.0,0.46924026962388227
21386,2026-01-09 00:16:00,2026-01-05/2026-01-11,1.0,0.5875816765348055
21387,2026-01-09 00:16:00,2026-01-05/2026-01-11,1.0,0.3156198772911902
21388,2026-01-09 00:17:00,2026-01-05/2026-01-11,1.0,0.5722007503078328
21391,2026-01-09 00:17:00,2026-01-05/2026-01-11,0.0,0.5677138315559157
21393,2026-01-09 00:18:00,2026-01-05/2026-01-11,1.0,0.49048206070425737
21394,2026-01-09 00:18:00,2026-01-05/2026-01-11,1.0,0.5723944170888218
21396,2026-01-09 00:19:00,2026-01-05/2026-01-11,1.0,0.3776492179377052
21397,2026-01-09 00:19:00,2026-01-05/2026-01-11,1.0,0.5369599855624567
21398,2026-01-09 00:19:00,2026-01-05/2026-01-11,1.0,0.4167195918464712
21400,2026-01-09 00:20:00,2026-01-05/2026-01-11,1.0,0.6040676361839328
21401,2026-01-09 00:20:00,2026-01-05/2026-01-11,1.0,0.5298490898978486
21402,2026-01-09 00:20:00,2026-01-05/2026-01-11,1.0,0.48027799597694537
21403,2026-01-09 00:23:00,2026-01-05/2026-01-11,0.0,0.25782204111208384
21406,2026-01-09 01:19:00,2026-01-05/2026-01-11,1.0,0.48118575345576475
21407,2026-01-09 01:20:00,2026-01-05/2026-01-11,1.0,0.6020713928568205
21409,2026-01-09 02:02:00,2026-01-05/2026-01-11,1.0,0.4601258081596639
21412,2026-01-09 02:03:00,2026-01-05/2026-01-11,0.0,0.24518784527399515
21413,2026-01-09 02:03:00,2026-01-05/2026-01-11,1.0,0.25945337751616593
21421,2026-01-09 05:02:00,2026-01-05/2026-01-11,0.0,0.612727862855557
21422,2026-01-09 05:35:00,2026-01-05/2026-01-11,1.0,0.444046030787512
21423,2026-01-09 06:08:00,2026-01-05/2026-01-11,0.0,0.25131066998609586
21425,2026-01-09 08:17:00,2026-01-05/2026-01-11,0.0,0.46990827939397456
21427,2026-01-09 08:38:00,2026-01-05/2026-01-11,0.0,0.5438451084688867
21428,2026-01-09 08:57:00,2026-01-05/2026-01-11,1.0,0.47798003740529027
21431,2026-01-09 09:13:00,2026-01-05/2026-01-11,0.0,0.2500243917876973
21432,2026-01-09 09:15:00,2026-01-05/2026-01-11,1.0,0.48253633094711723
21433,2026-01-09 09:15:00,2026-01-05/2026-01-11,1.0,0.24358104686869442
21434,2026-01-09 09:18:00,2026-01-05/2026-01-11,1.0,0.5195037155181789
21435,2026-01-09 09:22:00,2026-01-05/2026-01-11,0.0,0.29609430576796
21436,2026-01-09 09:23:00,2026-01-05/2026-01-11,0.0,0.2915862967349994
21437,2026-01-09 09:55:00,2026-01-05/2026-01-11,1.0,0.42354299780549787
21439,2026-01-09 10:13:00,2026-01-05/2026-01-11,1.0,0.34125895872504447
21442,2026-01-09 11:00:00,2026-01-05/2026-01-11,1.0,0.3089717025484099
21443,2026-01-09 11:00:00,2026-01-05/2026-01-11,1.0,0.3001420350775908
21445,2026-01-09 11:51:00,2026-01-05/2026-01-11,1.0,0.3074636564885448
21446,2026-01-09 12:30:00,2026-01-05/2026-01-11,1.0,0.6262501520358281
21447,2026-01-09 12:35:00,2026-01-05/2026-01-11,1.0,0.6345922463869557
21448,2026-01-09 13:16:00,2026-01-05/2026-01-11,0.0,0.416659783518954
21456,2026-01-09 14:18:00,2026-01-05/2026-01-11,0.0,0.38364202529549457
21457,2026-01-09 14:26:00,2026-01-05/2026-01-11,1.0,0.41906950679640775
21458,2026-01-09 14:30:00,2026-01-05/2026-01-11,1.0,0.2715482255682887
21459,2026-01-09 14:45:00,2026-01-05/2026-01-11,1.0,0.4282613543440279
21460,2026-01-09 15:01:00,2026-01-05/2026-01-11,1.0,0.6847493767410663
21461,2026-01-09 15:01:00,2026-01-05/2026-01-11,1.0,0.6101557460998529
21462,2026-01-09 15:15:00,2026-01-05/2026-01-11,1.0,0.5414947933172517
21463,2026-01-09 15:25:00,2026-01-05/2026-01-11,1.0,0.3618617625561963
21464,2026-01-09 15:52:00,2026-01-05/2026-01-11,0.0,0.3038285360365036
21465,2026-01-09 15:54:00,2026-01-05/2026-01-11,1.0,0.535697279100649
21468,2026-01-09 16:36:00,2026-01-05/2026-01-11,1.0,0.454559762135126
21473,2026-01-09 17:13:00,2026-01-05/2026-01-11,0.0,0.27865837810464006
21475,2026-01-09 17:27:00,2026-01-05/2026-01-11,1.0,0.31138813074849386
21476,2026-01-09 17:30:00,2026-01-05/2026-01-11,1.0,0.44277011362436175
21477,2026-01-09 17:31:00,2026-01-05/2026-01-11,1.0,0.2962425065886984
21478,2026-01-09 17:32:00,2026-01-05/2026-01-11,1.0,0.40020053111906206
21481,2026-01-09 18:15:00,2026-01-05/2026-01-11,1.0,0.24207624683367213
21482,2026-01-09 18:17:00,2026-01-05/2026-01-11,1.0,0.2849315059876546
21484,2026-01-09 19:00:00,2026-01-05/2026-01-11,1.0,0.39413300627030917
21485,2026-01-09 19:02:00,2026-01-05/2026-01-11,0.0,0.3939703910880427
21486,2026-01-09 19:13:00,2026-01-05/2026-01-11,1.0,0.4627220992128532
21487,2026-01-09 19:19:00,2026-01-05/2026-01-11,0.0,0.2831806004341895
21490,2026-01-10 00:21:00,2026-01-05/2026-01-11,1.0,0.4566829690263746
21491,2026-01-10 00:50:00,2026-01-05/2026-01-11,0.0,0.5072289277719195
21492,2026-01-10 01:13:00,2026-01-05/2026-01-11,1.0,0.438303449970422
21494,2026-01-10 02:15:00,2026-01-05/2026-01-11,1.0,0.5246756723596938
21499,2026-01-10 04:29:00,2026-01-05/2026-01-11,1.0,0.3177992265038421
21501,2026-01-10 05:05:00,2026-01-05/2026-01-11,0.0,0.5427602920448134
21504,2026-01-10 05:47:00,2026-01-05/2026-01-11,0.0,0.4414267510892559
21505,2026-01-10 06:05:00,2026-01-05/2026-01-11,1.0,0.3126446702826575
21507,2026-01-10 07:20:00,2026-01-05/2026-01-11,1.0,0.6154720469448097
21509,2026-01-10 07:50:00,2026-01-05/2026-01-11,0.0,0.33259902667515695
21513,2026-01-10 10:08:00,2026-01-05/2026-01-11,1.0,0.3689620304497585
21514,2026-01-10 11:26:00,2026-01-05/2026-01-11,1.0,0.2636842791005608
21515,2026-01-10 11:27:00,2026-01-05/2026-01-11,0.0,0.2723545450938401
21516,2026-01-10 12:05:00,2026-01-05/2026-01-11,0.0,0.30282630913402586
21517,2026-01-10 12:12:00,2026-01-05/2026-01-11,1.0,0.36310734342765205
21519,2026-01-10 12:30:00,2026-01-05/2026-01-11,0.0,0.455228122768031
21520,2026-01-10 12:34:00,2026-01-05/2026-01-11,0.0,0.484997415756386
21521,2026-01-10 13:08:00,2026-01-05/2026-01-11,1.0,0.34885442359899677
21522,2026-01-10 13:29:00,2026-01-05/2026-01-11,0.0,0.5036198188982489
21523,2026-01-10 13:49:00,2026-01-05/2026-01-11,0.0,0.3338718772803898
21525,2026-01-10 14:33:00,2026-01-05/2026-01-11,0.0,0.3443790975787517
21526,2026-01-10 14:41:00,2026-01-05/2026-01-11,0.0,0.24921042650920347
21529,2026-01-10 15:23:00,2026-01-05/2026-01-11,1.0,0.5247391452080016
21531,2026-01-10 15:23:00,2026-01-05/2026-01-11,0.0,0.2778389680605777
21532,2026-01-10 15:24:00,2026-01-05/2026-01-11,1.0,0.4738424275070564
21533,2026-01-10 15:24:00,2026-01-05/2026-01-11,1.0,0.4346311091740508
21535,2026-01-10 15:24:00,2026-01-05/2026-01-11,1.0,0.5672354761302725
21537,2026-01-10 16:46:00,2026-01-05/2026-01-11,0.0,0.3969153565184909
21538,2026-01-10 17:02:00,2026-01-05/2026-01-11,0.0,0.3711329251245468
21539,2026-01-10 17:14:00,2026-01-05/2026-01-11,0.0,0.3518900309608232
21541,2026-01-10 19:38:00,2026-01-05/2026-01-11,1.0,0.24907675075903205
21542,2026-01-10 20:31:00,2026-01-05/2026-01-11,1.0,0.34318743260402085
21543,2026-01-10 21:12:00,2026-01-05/2026-01-11,1.0,0.47183424735038904
21545,2026-01-10 21:25:00,2026-01-05/2026-01-11,0.0,0.3165077007713679
21551,2026-01-11 04:56:00,2026-01-05/2026-01-11,0.0,0.2997277172983519
21552,2026-01-11 05:12:00,2026-01-05/2026-01-11,0.0,0.44445998817954563
21554,2026-01-11 08:35:00,2026-01-05/2026-01-11,0.0,0.2845519847034037
21556,2026-01-11 09:34:00,2026-01-05/2026-01-11,0.0,0.43618265950462587
21558,2026-01-11 13:05:00,2026-01-05/2026-01-11,0.0,0.28816672239622837
21559,2026-01-11 13:48:00,2026-01-05/2026-01-11,0.0,0.3280835767186544
21560,2026-01-11 19:30:00,2026-01-05/2026-01-11,1.0,0.27741401000106886
21563,2026-01-12 07:24:00,2026-01-12/2026-01-18,1.0,0.5533404404197106
21565,2026-01-12 12:42:00,2026-01-12/2026-01-18,1.0,0.4999212809638592
21570,2026-01-12 15:04:00,2026-01-12/2026-01-18,1.0,0.34424984527636726
21573,2026-01-12 20:49:00,2026-01-12/2026-01-18,1.0,0.4350569780517206
21576,2026-01-12 23:55:00,2026-01-12/2026-01-18,1.0,0.6762346764132383
21577,2026-01-13 04:22:00,2026-01-12/2026-01-18,1.0,0.2512935275166082
21578,2026-01-13 05:55:00,2026-01-12/2026-01-18,1.0,0.4494405553572501
21580,2026-01-13 05:55:00,2026-01-12/2026-01-18,1.0,0.4247979972811435
21581,2026-01-13 05:56:00,2026-01-12/2026-01-18,1.0,0.3639788872356596
21582,2026-01-13 05:56:00,2026-01-12/2026-01-18,1.0,0.48292385845502334
21583,2026-01-13 05:56:00,2026-01-12/2026-01-18,1.0,0.2401017731419707
21584,2026-01-13 05:57:00,2026-01-12/2026-01-18,1.0,0.3197125199620569
21585,2026-01-13 05:57:00,2026-01-12/2026-01-18,1.0,0.30341639493440187
21586,2026-01-13 05:58:00,2026-01-12/2026-01-18,1.0,0.4041042010502945
21587,2026-01-13 05:58:00,2026-01-12/2026-01-18,1.0,0.31674837301004183
21588,2026-01-13 05:59:00,2026-01-12/2026-01-18,1.0,0.4309688884274003
21589,2026-01-13 06:00:00,2026-01-12/2026-01-18,1.0,0.42776065806056374
21590,2026-01-13 06:00:00,2026-01-12/2026-01-18,1.0,0.38312934818610184
21591,2026-01-13 06:01:00,2026-01-12/2026-01-18,1.0,0.4571306457912174
21594,2026-01-13 06:01:00,2026-01-12/2026-01-18,1.0,0.41943372524277495
21595,2026-01-13 06:02:00,2026-01-12/2026-01-18,1.0,0.32473750677317637
21596,2026-01-13 06:02:00,2026-01-12/2026-01-18,1.0,0.5446043890338681
21599,2026-01-13 06:10:00,2026-01-12/2026-01-18,1.0,0.44428139826586704
21602,2026-01-13 06:35:00,2026-01-12/2026-01-18,1.0,0.43167940862160853
21603,2026-01-13 06:45:00,2026-01-12/2026-01-18,1.0,0.44046315623418636
21606,2026-01-13 06:53:00,2026-01-12/2026-01-18,1.0,0.3658422831956182
21609,2026-01-13 07:02:00,2026-01-12/2026-01-18,1.0,0.4365010368541198
21610,2026-01-13 07:04:00,2026-01-12/2026-01-18,1.0,0.32732039418357195
21612,2026-01-13 07:06:00,2026-01-12/2026-01-18,1.0,0.4806850388733678
21613,2026-01-13 07:10:00,2026-01-12/2026-01-18,1.0,0.4685357932638806
21616,2026-01-13 07:22:00,2026-01-12/2026-01-18,1.0,0.34103868322697983
21620,2026-01-13 07:46:00,2026-01-12/2026-01-18,1.0,0.3168111568142731
21621,2026-01-13 07:47:00,2026-01-12/2026-01-18,1.0,0.44199763869996966
21623,2026-01-13 07:50:00,2026-01-12/2026-01-18,1.0,0.4498029940803854
21627,2026-01-13 08:02:00,2026-01-12/2026-01-18,1.0,0.48670112381273334
21628,2026-01-13 08:02:00,2026-01-12/2026-01-18,1.0,0.47774852564285836
21629,2026-01-13 08:03:00,2026-01-12/2026-01-18,1.0,0.4610687092453404
21631,2026-01-13 08:10:00,2026-01-12/2026-01-18,1.0,0.3674903614793961
21632,2026-01-13 08:11:00,2026-01-12/2026-01-18,1.0,0.46430271017494323
21633,2026-01-13 08:13:00,2026-01-12/2026-01-18,1.0,0.36540780098076464
21634,2026-01-13 08:15:00,2026-01-12/2026-01-18,1.0,0.35584100356281306
21635,2026-01-13 08:17:00,2026-01-12/2026-01-18,1.0,0.6149435663875643
21636,2026-01-13 08:25:00,2026-01-12/2026-01-18,1.0,0.5003276714260084
21638,2026-01-13 08:27:00,2026-01-12/2026-01-18,1.0,0.4918050376692937
21639,2026-01-13 08:33:00,2026-01-12/2026-01-18,1.0,0.5143031535796626
21640,2026-01-13 08:33:00,2026-01-12/2026-01-18,1.0,0.5220702532941935
21641,2026-01-13 08:34:00,2026-01-12/2026-01-18,1.0,0.4335133231263159
21642,2026-01-13 08:36:00,2026-01-12/2026-01-18,1.0,0.3954072287739275
21643,2026-01-13 08:37:00,2026-01-12/2026-01-18,1.0,0.5555243450000147
21644,2026-01-13 08:38:00,2026-01-12/2026-01-18,1.0,0.49810950135976395
21648,2026-01-13 09:07:00,2026-01-12/2026-01-18,1.0,0.34907112813315583
21650,2026-01-13 09:19:00,2026-01-12/2026-01-18,1.0,0.29705382725693796
21653,2026-01-13 09:33:00,2026-01-12/2026-01-18,1.0,0.47264664655961414
21654,2026-01-13 09:34:00,2026-01-12/2026-01-18,1.0,0.6477750154681031
21657,2026-01-13 09:52:00,2026-01-12/2026-01-18,1.0,0.28693999550350524
21659,2026-01-13 09:59:00,2026-01-12/2026-01-18,1.0,0.4903727232668138
21660,2026-01-13 10:02:00,2026-01-12/2026-01-18,1.0,0.27209976503283156
21664,2026-01-13 10:13:00,2026-01-12/2026-01-18,1.0,0.3928631264999783
21665,2026-01-13 10:14:00,2026-01-12/2026-01-18,1.0,0.49348746965777723
21667,2026-01-13 10:16:00,2026-01-12/2026-01-18,1.0,0.4292701209502671
21668,2026-01-13 10:16:00,2026-01-12/2026-01-18,1.0,0.5764806907139679
21669,2026-01-13 10:17:00,2026-01-12/2026-01-18,1.0,0.4402970416323319
21673,2026-01-13 10:29:00,2026-01-12/2026-01-18,1.0,0.37622728063319716
21674,2026-01-13 10:37:00,2026-01-12/2026-01-18,1.0,0.31474093798952973
21675,2026-01-13 10:40:00,2026-01-12/2026-01-18,1.0,0.4286444338204784
21682,2026-01-13 11:25:00,2026-01-12/2026-01-18,1.0,0.3815638762718811
21684,2026-01-13 11:29:00,2026-01-12/2026-01-18,1.0,0.5375705651944636
21685,2026-01-13 11:30:00,2026-01-12/2026-01-18,1.0,0.3427256628224708
21686,2026-01-13 11:32:00,2026-01-12/2026-01-18,1.0,0.32125450617888507
21687,2026-01-13 11:38:00,2026-01-12/2026-01-18,1.0,0.2532834472304093
21688,2026-01-13 11:38:00,2026-01-12/2026-01-18,1.0,0.48722250557299307
21689,2026-01-13 11:48:00,2026-01-12/2026-01-18,1.0,0.320200067255773
21694,2026-01-13 12:00:00,2026-01-12/2026-01-18,1.0,0.3140720852343373
21698,2026-01-13 12:09:00,2026-01-12/2026-01-18,1.0,0.49452681731194537
21700,2026-01-13 12:21:00,2026-01-12/2026-01-18,1.0,0.3649506515078702
21707,2026-01-13 12:49:00,2026-01-12/2026-01-18,1.0,0.31320703293198415
21708,2026-01-13 12:52:00,2026-01-12/2026-01-18,1.0,0.29133700656001554
21711,2026-01-13 12:58:00,2026-01-12/2026-01-18,1.0,0.45262657226481084
21712,2026-01-13 13:08:00,2026-01-12/2026-01-18,1.0,0.29789654665717974
21713,2026-01-13 13:10:00,2026-01-12/2026-01-18,1.0,0.5819418696963242
21714,2026-01-13 13:11:00,2026-01-12/2026-01-18,1.0,0.5537317843786106
21717,2026-01-13 13:22:00,2026-01-12/2026-01-18,1.0,0.375339706567161
21721,2026-01-13 13:46:00,2026-01-12/2026-01-18,1.0,0.4720549303566437
21723,2026-01-13 13:49:00,2026-01-12/2026-01-18,1.0,0.48405874387109377
21724,2026-01-13 13:59:00,2026-01-12/2026-01-18,1.0,0.5555837637964705
21727,2026-01-13 14:35:00,2026-01-12/2026-01-18,1.0,0.47367511266230655
21737,2026-01-13 16:38:00,2026-01-12/2026-01-18,1.0,0.44811282187754353
21740,2026-01-13 17:01:00,2026-01-12/2026-01-18,1.0,0.43356623037123365
21741,2026-01-13 17:05:00,2026-01-12/2026-01-18,1.0,0.6643390326125466
21742,2026-01-13 17:13:00,2026-01-12/2026-01-18,1.0,0.438300717348538
21750,2026-01-13 18:11:00,2026-01-12/2026-01-18,1.0,0.3466554102052144
21754,2026-01-13 18:27:00,2026-01-12/2026-01-18,1.0,0.25054399159503377
21757,2026-01-13 18:42:00,2026-01-12/2026-01-18,1.0,0.6214326903889572
21759,2026-01-13 18:49:00,2026-01-12/2026-01-18,1.0,0.34730385129069635
21761,2026-01-13 19:12:00,2026-01-12/2026-01-18,1.0,0.4302208457935375
21762,2026-01-13 19:24:00,2026-01-12/2026-01-18,1.0,0.33452818657140676
21766,2026-01-13 20:23:00,2026-01-12/2026-01-18,1.0,0.4140097483494303
21770,2026-01-13 20:53:00,2026-01-12/2026-01-18,1.0,0.26836475859886033
21784,2026-01-14 00:36:00,2026-01-12/2026-01-18,1.0,0.6178219387910231
21785,2026-01-14 01:05:00,2026-01-12/2026-01-18,1.0,0.4334224096272605
21790,2026-01-14 03:04:00,2026-01-12/2026-01-18,1.0,0.37159202962369825
21792,2026-01-14 04:11:00,2026-01-12/2026-01-18,1.0,0.32559144128652745
21797,2026-01-14 05:34:00,2026-01-12/2026-01-18,1.0,0.2661336924034549
21800,2026-01-14 06:31:00,2026-01-12/2026-01-18,1.0,0.27308233202258037
21801,2026-01-14 08:12:00,2026-01-12/2026-01-18,1.0,0.48613690177568386
21802,2026-01-14 08:24:00,2026-01-12/2026-01-18,1.0,0.3280973824969513
21803,2026-01-14 08:58:00,2026-01-12/2026-01-18,1.0,0.4640776211144952
21806,2026-01-14 09:55:00,2026-01-12/2026-01-18,1.0,0.4849745188560097
21808,2026-01-14 10:07:00,2026-01-12/2026-01-18,1.0,0.32932919236713537
21814,2026-01-14 10:52:00,2026-01-12/2026-01-18,1.0,0.25902691017284674
21816,2026-01-14 11:40:00,2026-01-12/2026-01-18,1.0,0.4793071966326234
21817,2026-01-14 11:40:00,2026-01-12/2026-01-18,1.0,0.3714129666519969
21821,2026-01-14 13:12:00,2026-01-12/2026-01-18,1.0,0.481831417459511
21824,2026-01-14 14:30:00,2026-01-12/2026-01-18,1.0,0.5110365614242686
21829,2026-01-14 15:25:00,2026-01-12/2026-01-18,1.0,0.3709023852078901
21834,2026-01-14 17:51:00,2026-01-12/2026-01-18,1.0,0.5271077219154727
21836,2026-01-14 18:15:00,2026-01-12/2026-01-18,1.0,0.25966793918363945
21838,2026-01-14 18:30:00,2026-01-12/2026-01-18,1.0,0.40766240964013084
21839,2026-01-14 18:43:00,2026-01-12/2026-01-18,1.0,0.455807330875462
21840,2026-01-14 19:00:00,2026-01-12/2026-01-18,1.0,0.4755896050325332
21841,2026-01-14 19:01:00,2026-01-12/2026-01-18,1.0,0.3762683908546447
21842,2026-01-14 19:30:00,2026-01-12/2026-01-18,1.0,0.36177666849862733
21843,2026-01-14 19:32:00,2026-01-12/2026-01-18,1.0,0.5254802920184058
21844,2026-01-14 19:42:00,2026-01-12/2026-01-18,1.0,0.39038384808571364
21845,2026-01-14 19:45:00,2026-01-12/2026-01-18,1.0,0.42390192880538835
21846,2026-01-14 19:52:00,2026-01-12/2026-01-18,1.0,0.3341984601385936
21848,2026-01-14 20:15:00,2026-01-12/2026-01-18,1.0,0.5032864712552106
21852,2026-01-14 21:45:00,2026-01-12/2026-01-18,1.0,0.5217778360435357
21853,2026-01-14 21:55:00,2026-01-12/2026-01-18,1.0,0.36364787971303403
21854,2026-01-14 22:30:00,2026-01-12/2026-01-18,1.0,0.3912132278952277
21855,2026-01-14 22:52:00,2026-01-12/2026-01-18,1.0,0.3205661893283945
21856,2026-01-14 23:11:00,2026-01-12/2026-01-18,1.0,0.5011963650116397
21858,2026-01-14 23:46:00,2026-01-12/2026-01-18,1.0,0.3892906481224632
21859,2026-01-15 02:38:00,2026-01-12/2026-01-18,1.0,0.5740949173185129
21860,2026-01-15 03:04:00,2026-01-12/2026-01-18,1.0,0.5936434715949902
21861,2026-01-15 04:00:00,2026-01-12/2026-01-18,1.0,0.4781322077353857
21862,2026-01-15 04:09:00,2026-01-12/2026-01-18,1.0,0.5229294247892059
21865,2026-01-15 07:00:00,2026-01-12/2026-01-18,1.0,0.4221496372678658
21867,2026-01-15 09:04:00,2026-01-12/2026-01-18,1.0,0.4226662944499092
21868,2026-01-15 09:18:00,2026-01-12/2026-01-18,1.0,0.32157416770607206
21869,2026-01-15 09:50:00,2026-01-12/2026-01-18,1.0,0.4382789215229138
21876,2026-01-15 11:00:00,2026-01-12/2026-01-18,1.0,0.5082674435870027
21896,2026-01-15 12:36:00,2026-01-12/2026-01-18,1.0,0.26852548557237954
21897,2026-01-15 12:37:00,2026-01-12/2026-01-18,1.0,0.2850497002953962
21900,2026-01-15 12:37:00,2026-01-12/2026-01-18,1.0,0.27293743514500474
21903,2026-01-15 13:00:00,2026-01-12/2026-01-18,1.0,0.3269529135420003
21909,2026-01-15 14:00:00,2026-01-12/2026-01-18,1.0,0.4713753360577061
21910,2026-01-15 14:01:00,2026-01-12/2026-01-18,1.0,0.2774258217569977
21911,2026-01-15 14:01:00,2026-01-12/2026-01-18,1.0,0.3225277078976965
21912,2026-01-15 14:30:00,2026-01-12/2026-01-18,1.0,0.4805583930880972
21914,2026-01-15 14:42:00,2026-01-12/2026-01-18,1.0,0.3108771136989132
21915,2026-01-15 14:44:00,2026-01-12/2026-01-18,1.0,0.4178227767245772
21917,2026-01-15 14:47:00,2026-01-12/2026-01-18,1.0,0.4709684276797764
21918,2026-01-15 15:00:00,2026-01-12/2026-01-18,1.0,0.2877643990754573
21919,2026-01-15 15:00:00,2026-01-12/2026-01-18,1.0,0.36053088243868203
21920,2026-01-15 15:00:00,2026-01-12/2026-01-18,1.0,0.3523953017313424
21921,2026-01-15 15:01:00,2026-01-12/2026-01-18,1.0,0.28046090908451826
21923,2026-01-15 15:01:00,2026-01-12/2026-01-18,1.0,0.5672911043016522
22164,2026-01-15 18:20:00,2026-01-12/2026-01-18,1.0,0.39816200236513827
22165,2026-01-15 18:20:00,2026-01-12/2026-01-18,1.0,0.27629311839303666
22166,2026-01-15 18:20:00,2026-01-12/2026-01-18,1.0,0.42063107046469156
22167,2026-01-15 18:20:00,2026-01-12/2026-01-18,1.0,0.353402747942415
22168,2026-01-15 18:21:00,2026-01-12/2026-01-18,1.0,0.26936358176584607
22169,2026-01-15 18:21:00,2026-01-12/2026-01-18,1.0,0.14881196561307167
22170,2026-01-15 18:21:00,2026-01-12/2026-01-18,1.0,0.3432095803900923
22171,2026-01-15 18:22:00,2026-01-12/2026-01-18,1.0,0.4313415554810969
22172,2026-01-15 18:22:00,2026-01-12/2026-01-18,1.0,0.4313415554810969
22173,2026-01-15 18:22:00,2026-01-12/2026-01-18,1.0,0.43912697302063713
22174,2026-01-15 18:23:00,2026-01-12/2026-01-18,1.0,0.35557565301885524
22175,2026-01-15 18:23:00,2026-01-12/2026-01-18,1.0,0.35557565301885524
22176,2026-01-15 18:23:00,2026-01-12/2026-01-18,1.0,0.233673214332606
22177,2026-01-15 18:24:00,2026-01-12/2026-01-18,1.0,0.17848514031618828
22178,2026-01-15 18:24:00,2026-01-12/2026-01-18,1.0,0.2741024459239756
22180,2026-01-15 18:24:00,2026-01-12/2026-01-18,1.0,0.44911465334311407
22181,2026-01-15 18:24:00,2026-01-12/2026-01-18,1.0,0.30670368619380944
22183,2026-01-15 18:30:00,2026-01-12/2026-01-18,1.0,0.26936358176584607
22184,2026-01-15 18:58:00,2026-01-12/2026-01-18,1.0,0.37501347091300175
22185,2026-01-15 19:00:00,2026-01-12/2026-01-18,1.0,0.2730044974323446
22187,2026-01-15 19:00:00,2026-01-12/2026-01-18,1.0,0.28900980976201746
22188,2026-01-15 19:01:00,2026-01-12/2026-01-18,1.0,0.3598080097869406
22189,2026-01-15 19:25:00,2026-01-12/2026-01-18,1.0,0.4251269361311092
22191,2026-01-15 19:25:00,2026-01-12/2026-01-18,1.0,0.4404983514666344
22192,2026-01-15 19:30:00,2026-01-12/2026-01-18,1.0,0.2544121256151979
22193,2026-01-15 19:49:00,2026-01-12/2026-01-18,1.0,0.37047190342777453
22194,2026-01-15 20:00:00,2026-01-12/2026-01-18,1.0,0.2836857676551556
22195,2026-01-15 20:15:00,2026-01-12/2026-01-18,1.0,0.44983125545213565
22196,2026-01-15 20:30:00,2026-01-12/2026-01-18,1.0,0.3678324168648013
22197,2026-01-15 20:36:00,2026-01-12/2026-01-18,1.0,0.2962371406770261
22199,2026-01-15 20:37:00,2026-01-12/2026-01-18,1.0,0.2893911185615015
22200,2026-01-15 20:38:00,2026-01-12/2026-01-18,1.0,0.3743016966969636
22203,2026-01-15 21:50:00,2026-01-12/2026-01-18,1.0,0.39613387291937746
22204,2026-01-15 21:52:00,2026-01-12/2026-01-18,1.0,0.23404487366080898
22205,2026-01-15 23:20:00,2026-01-12/2026-01-18,1.0,0.42106368881542816
22206,2026-01-16 00:26:00,2026-01-12/2026-01-18,1.0,0.40390498788933016
22209,2026-01-16 16:11:00,2026-01-12/2026-01-18,1.0,0.37347775720193144
22210,2026-01-16 16:11:00,2026-01-12/2026-01-18,1.0,0.37347775720193144
22211,2026-01-16 16:12:00,2026-01-12/2026-01-18,1.0,0.34688493219348265
22216,2026-01-16 16:13:00,2026-01-12/2026-01-18,1.0,0.45289142248583103
22217,2026-01-16 16:13:00,2026-01-12/2026-01-18,1.0,0.45945470799921373
22218,2026-01-16 16:13:00,2026-01-12/2026-01-18,1.0,0.3397682200474636
22219,2026-01-16 16:14:00,2026-01-12/2026-01-18,1.0,0.3652561971415227
22220,2026-01-16 16:14:00,2026-01-12/2026-01-18,1.0,0.511367306248419
22221,2026-01-16 16:14:00,2026-01-12/2026-01-18,1.0,0.2828679033250756
22223,2026-01-16 16:16:00,2026-01-12/2026-01-18,1.0,0.36611974737545555
22224,2026-01-16 16:16:00,2026-01-12/2026-01-18,1.0,0.43304771565176126
22225,2026-01-16 16:18:00,2026-01-12/2026-01-18,1.0,0.3725410544309614
22226,2026-01-16 16:18:00,2026-01-12/2026-01-18,1.0,0.39301874052346325
22227,2026-01-16 16:18:00,2026-01-12/2026-01-18,1.0,0.4449795905334635
22228,2026-01-16 16:18:00,2026-01-12/2026-01-18,1.0,0.44813175344813005
22229,2026-01-16 16:19:00,2026-01-12/2026-01-18,1.0,0.3561459313551538
22230,2026-01-16 16:19:00,2026-01-12/2026-01-18,1.0,0.39221887883879697
22231,2026-01-16 16:19:00,2026-01-12/2026-01-18,1.0,0.44647868272644914
22233,2026-01-16 16:21:00,2026-01-12/2026-01-18,1.0,0.44780005990192134
22234,2026-01-16 16:22:00,2026-01-12/2026-01-18,1.0,0.4315130502506353
22235,2026-01-16 16:22:00,2026-01-12/2026-01-18,1.0,0.304589404973665
22236,2026-01-16 16:22:00,2026-01-12/2026-01-18,1.0,0.33643801589159356
22237,2026-01-16 16:23:00,2026-01-12/2026-01-18,1.0,0.3585723890542722
22238,2026-01-16 16:23:00,2026-01-12/2026-01-18,1.0,0.3548294342686005
22242,2026-01-16 16:25:00,2026-01-12/2026-01-18,1.0,0.44780005990192134
22243,2026-01-16 16:26:00,2026-01-12/2026-01-18,1.0,0.24640494272311997
22247,2026-01-16 16:27:00,2026-01-12/2026-01-18,1.0,0.4542374205769788
22250,2026-01-16 16:27:00,2026-01-12/2026-01-18,1.0,0.3827268576111984
22251,2026-01-16 16:30:00,2026-01-12/2026-01-18,1.0,0.44780005990192134
22252,2026-01-16 16:37:00,2026-01-12/2026-01-18,1.0,0.3329033123535392
22253,2026-01-16 16:39:00,2026-01-12/2026-01-18,1.0,0.373725247564493
22256,2026-01-16 16:55:00,2026-01-12/2026-01-18,1.0,0.2041124592457072
22257,2026-01-16 16:55:00,2026-01-12/2026-01-18,1.0,0.3481492714427631
22259,2026-01-16 17:30:00,2026-01-12/2026-01-18,1.0,0.42284765981971956
22260,2026-01-16 17:30:00,2026-01-12/2026-01-18,1.0,0.22995511847730457
22261,2026-01-16 17:48:00,2026-01-12/2026-01-18,1.0,0.45517689509313797
22262,2026-01-16 17:48:00,2026-01-12/2026-01-18,1.0,0.28446080838075555
22263,2026-01-16 17:50:00,2026-01-12/2026-01-18,1.0,0.4496550846271091
22264,2026-01-16 17:50:00,2026-01-12/2026-01-18,1.0,0.35746787087565723
22266,2026-01-16 18:15:00,2026-01-12/2026-01-18,1.0,0.3557363870544125
22267,2026-01-16 18:30:00,2026-01-12/2026-01-18,1.0,0.40060808352495686
22268,2026-01-16 18:30:00,2026-01-12/2026-01-18,1.0,0.30495191546171674
22270,2026-01-16 19:00:00,2026-01-12/2026-01-18,1.0,0.1826779622222545
22271,2026-01-16 19:08:00,2026-01-12/2026-01-18,1.0,0.4762368632721502
22273,2026-01-16 19:14:00,2026-01-12/2026-01-18,1.0,0.2456812890521702
22274,2026-01-16 19:23:00,2026-01-12/2026-01-18,1.0,0.2893063572092098
22276,2026-01-16 20:02:00,2026-01-12/2026-01-18,1.0,0.4050395535881883
22278,2026-01-16 20:30:00,2026-01-12/2026-01-18,1.0,0.28576249923050107
22280,2026-01-16 20:45:00,2026-01-12/2026-01-18,1.0,0.3140621930310234
22288,2026-01-17 11:35:00,2026-01-12/2026-01-18,1.0,0.3941567517288722
22290,2026-01-17 11:36:00,2026-01-12/2026-01-18,1.0,0.48223309388009955
22291,2026-01-17 11:36:00,2026-01-12/2026-01-18,1.0,0.4443380516391027
22296,2026-01-17 11:37:00,2026-01-12/2026-01-18,1.0,0.32558472052734516
22299,2026-01-17 11:37:00,2026-01-12/2026-01-18,1.0,0.42589163416827913
22301,2026-01-17 11:38:00,2026-01-12/2026-01-18,1.0,0.4812215832035782
22302,2026-01-17 11:40:00,2026-01-12/2026-01-18,1.0,0.2771044666962017
22303,2026-01-17 11:40:00,2026-01-12/2026-01-18,1.0,0.2857091667470313
22306,2026-01-17 11:40:00,2026-01-12/2026-01-18,1.0,0.5412131185765087
22307,2026-01-17 11:41:00,2026-01-12/2026-01-18,1.0,0.2771044666962017
22312,2026-01-17 11:51:00,2026-01-12/2026-01-18,1.0,0.39171768310617305
22313,2026-01-17 11:56:00,2026-01-12/2026-01-18,1.0,0.32558472052734516
22314,2026-01-17 12:00:00,2026-01-12/2026-01-18,1.0,0.3698578228384362
22316,2026-01-17 12:30:00,2026-01-12/2026-01-18,1.0,0.20156747961145252
22317,2026-01-17 12:40:00,2026-01-12/2026-01-18,1.0,0.21289274640484457
22321,2026-01-17 13:05:00,2026-01-12/2026-01-18,1.0,0.26453280160973813
22539,2026-01-17 17:41:00,2026-01-12/2026-01-18,1.0,0.3930001051904222
22540,2026-01-17 18:00:00,2026-01-12/2026-01-18,1.0,0.27417526710264734
