ID Aposta,BIA_ApostaUTC,week,score_prod_payload_logit_wf12,score_prod_payload_region_logit_wf12,score_prod_payload_logit_notempo_wf12,score_prod_payload_region_logit_notempo_wf12
0,2025-08-16 22:03:00,2025-08-11/2025-08-17,,,,
1,2025-08-17 10:28:00,2025-08-11/2025-08-17,,,,
3,2025-08-18 09:55:00,2025-08-18/2025-08-24,,,,
4,2025-08-18 11:22:00,2025-08-18/2025-08-24,,,,
5,2025-08-18 11:24:00,2025-08-18/2025-08-24,,,,
6,2025-08-19 20:16:00,2025-08-18/2025-08-24,,,,
7,2025-08-19 21:02:00,2025-08-18/2025-08-24,,,,
8,2025-08-19 21:22:00,2025-08-18/2025-08-24,,,,
9,2025-08-19 21:24:00,2025-08-18/2025-08-24,,,,
10,2025-08-19 21:35:00,2025-08-18/2025-08-24,,,,
11,2025-08-19 23:47:00,2025-08-18/2025-08-24,,,,
12,2025-08-20 00:23:00,2025-08-18/2025-08-24,,,,
13,2025-08-20 01:29:00,2025-08-18/2025-08-24,,,,
14,2025-08-20 02:06:00,2025-08-18/2025-08-24,,,,
15,2025-08-20 09:47:00,2025-08-18/2025-08-24,,,,
16,2025-08-20 09:48:00,2025-08-18/2025-08-24,,,,
17,2025-08-20 09:50:00,2025-08-18/2025-08-24,,,,
18,2025-08-20 09:52:00,2025-08-18/2025-08-24,,,,
19,2025-08-20 10:58:00,2025-08-18/2025-08-24,,,,
20,2025-08-20 11:44:00,2025-08-18/2025-08-24,,,,
21,2025-08-20 13:46:00,2025-08-18/2025-08-24,,,,
22,2025-08-20 14:19:00,2025-08-18/2025-08-24,,,,
23,2025-08-20 16:09:00,2025-08-18/2025-08-24,,,,
24,2025-08-20 16:31:00,2025-08-18/2025-08-24,,,,
25,2025-08-20 16:58:00,2025-08-18/2025-08-24,,,,
26,2025-08-20 19:55:00,2025-08-18/2025-08-24,,,,
27,2025-08-21 00:58:00,2025-08-18/2025-08-24,,,,
28,2025-08-21 01:39:00,2025-08-18/2025-08-24,,,,
29,2025-08-21 14:18:00,2025-08-18/2025-08-24,,,,
30,2025-08-21 14:19:00,2025-08-18/2025-08-24,,,,
31,2025-08-21 14:21:00,2025-08-18/2025-08-24,,,,
32,2025-08-21 15:13:00,2025-08-18/2025-08-24,,,,
33,2025-08-21 15:20:00,2025-08-18/2025-08-24,,,,
34,2025-08-21 15:22:00,2025-08-18/2025-08-24,,,,
35,2025-08-21 16:20:00,2025-08-18/2025-08-24,,,,
36,2025-08-21 17:01:00,2025-08-18/2025-08-24,,,,
37,2025-08-21 17:49:00,2025-08-18/2025-08-24,,,,
38,2025-08-22 10:20:00,2025-08-18/2025-08-24,,,,
39,2025-08-22 10:24:00,2025-08-18/2025-08-24,,,,
40,2025-08-22 10:30:00,2025-08-18/2025-08-24,,,,
41,2025-08-22 10:32:00,2025-08-18/2025-08-24,,,,
42,2025-08-22 10:48:00,2025-08-18/2025-08-24,,,,
43,2025-08-22 11:15:00,2025-08-18/2025-08-24,,,,
44,2025-08-22 11:42:00,2025-08-18/2025-08-24,,,,
45,2025-08-22 12:19:00,2025-08-18/2025-08-24,,,,
46,2025-08-22 12:20:00,2025-08-18/2025-08-24,,,,
47,2025-08-22 12:22:00,2025-08-18/2025-08-24,,,,
48,2025-08-22 13:07:00,2025-08-18/2025-08-24,,,,
49,2025-08-22 13:13:00,2025-08-18/2025-08-24,,,,
50,2025-08-22 13:30:00,2025-08-18/2025-08-24,,,,
51,2025-08-22 13:48:00,2025-08-18/2025-08-24,,,,
52,2025-08-22 13:48:00,2025-08-18/2025-08-24,,,,
53,2025-08-22 13:56:00,2025-08-18/2025-08-24,,,,
54,2025-08-22 13:58:00,2025-08-18/2025-08-24,,,,
55,2025-08-22 14:00:00,2025-08-18/2025-08-24,,,,
56,2025-08-22 14:15:00,2025-08-18/2025-08-24,,,,
57,2025-08-22 14:16:00,2025-08-18/2025-08-24,,,,
58,2025-08-22 14:18:00,2025-08-18/2025-08-24,,,,
59,2025-08-23 21:47:00,2025-08-18/2025-08-24,,,,
60,2025-08-23 21:49:00,2025-08-18/2025-08-24,,,,
62,2025-08-26 17:38:00,2025-08-25/2025-08-31,,,,
63,2025-08-26 18:21:00,2025-08-25/2025-08-31,,,,
64,2025-08-26 22:39:00,2025-08-25/2025-08-31,,,,
65,2025-08-26 22:41:00,2025-08-25/2025-08-31,,,,
66,2025-08-27 00:07:00,2025-08-25/2025-08-31,,,,
67,2025-08-27 09:21:00,2025-08-25/2025-08-31,,,,
68,2025-08-27 09:28:00,2025-08-25/2025-08-31,,,,
69,2025-08-27 09:38:00,2025-08-25/2025-08-31,,,,
70,2025-08-27 09:39:00,2025-08-25/2025-08-31,,,,
71,2025-08-27 09:55:00,2025-08-25/2025-08-31,,,,
72,2025-08-27 10:26:00,2025-08-25/2025-08-31,,,,
73,2025-08-27 11:08:00,2025-08-25/2025-08-31,,,,
74,2025-08-28 09:49:00,2025-08-25/2025-08-31,,,,
75,2025-08-28 09:54:00,2025-08-25/2025-08-31,,,,
76,2025-08-28 11:30:00,2025-08-25/2025-08-31,,,,
77,2025-08-28 11:32:00,2025-08-25/2025-08-31,,,,
78,2025-08-28 11:39:00,2025-08-25/2025-08-31,,,,
79,2025-08-28 11:58:00,2025-08-25/2025-08-31,,,,
80,2025-08-28 12:00:00,2025-08-25/2025-08-31,,,,
81,2025-08-28 16:15:00,2025-08-25/2025-08-31,,,,
82,2025-08-28 16:31:00,2025-08-25/2025-08-31,,,,
83,2025-08-28 16:33:00,2025-08-25/2025-08-31,,,,
84,2025-08-28 16:35:00,2025-08-25/2025-08-31,,,,
85,2025-08-28 18:33:00,2025-08-25/2025-08-31,,,,
86,2025-08-28 21:36:00,2025-08-25/2025-08-31,,,,
87,2025-08-28 21:39:00,2025-08-25/2025-08-31,,,,
88,2025-08-28 21:46:00,2025-08-25/2025-08-31,,,,
89,2025-08-29 09:30:00,2025-08-25/2025-08-31,,,,
90,2025-08-29 09:34:00,2025-08-25/2025-08-31,,,,
91,2025-08-29 09:35:00,2025-08-25/2025-08-31,,,,
92,2025-08-29 09:39:00,2025-08-25/2025-08-31,,,,
93,2025-08-29 09:40:00,2025-08-25/2025-08-31,,,,
94,2025-08-29 10:21:00,2025-08-25/2025-08-31,,,,
95,2025-08-29 10:22:00,2025-08-25/2025-08-31,,,,
96,2025-08-29 10:24:00,2025-08-25/2025-08-31,,,,
97,2025-08-29 10:25:00,2025-08-25/2025-08-31,,,,
98,2025-08-29 10:26:00,2025-08-25/2025-08-31,,,,
99,2025-08-29 10:28:00,2025-08-25/2025-08-31,,,,
100,2025-08-29 10:30:00,2025-08-25/2025-08-31,,,,
101,2025-08-29 10:31:00,2025-08-25/2025-08-31,,,,
102,2025-08-29 10:31:00,2025-08-25/2025-08-31,,,,
103,2025-08-29 10:47:00,2025-08-25/2025-08-31,,,,
104,2025-08-29 10:53:00,2025-08-25/2025-08-31,,,,
105,2025-08-29 10:55:00,2025-08-25/2025-08-31,,,,
106,2025-08-29 11:04:00,2025-08-25/2025-08-31,,,,
107,2025-08-29 11:04:00,2025-08-25/2025-08-31,,,,
108,2025-08-30 10:26:00,2025-08-25/2025-08-31,,,,
109,2025-08-30 10:31:00,2025-08-25/2025-08-31,,,,
110,2025-08-30 10:33:00,2025-08-25/2025-08-31,,,,
111,2025-08-30 10:33:00,2025-08-25/2025-08-31,,,,
112,2025-08-30 10:34:00,2025-08-25/2025-08-31,,,,
113,2025-08-30 10:36:00,2025-08-25/2025-08-31,,,,
114,2025-08-30 10:37:00,2025-08-25/2025-08-31,,,,
115,2025-08-30 10:45:00,2025-08-25/2025-08-31,,,,
116,2025-08-30 11:21:00,2025-08-25/2025-08-31,,,,
117,2025-08-30 11:24:00,2025-08-25/2025-08-31,,,,
118,2025-08-30 11:31:00,2025-08-25/2025-08-31,,,,
119,2025-08-30 11:31:00,2025-08-25/2025-08-31,,,,
120,2025-08-30 11:42:00,2025-08-25/2025-08-31,,,,
121,2025-08-30 11:43:00,2025-08-25/2025-08-31,,,,
122,2025-01-09 17:47:00,2025-01-06/2025-01-12,,,,
123,2025-01-09 17:54:00,2025-01-06/2025-01-12,,,,
124,2025-03-09 12:09:00,2025-03-03/2025-03-09,,,,
125,2025-03-09 12:12:00,2025-03-03/2025-03-09,,,,
126,2025-03-09 13:06:00,2025-03-03/2025-03-09,,,,
127,2025-03-09 13:16:00,2025-03-03/2025-03-09,,,,
128,2025-03-09 13:18:00,2025-03-03/2025-03-09,,,,
129,2025-03-09 13:22:00,2025-03-03/2025-03-09,,,,
130,2025-03-09 13:34:00,2025-03-03/2025-03-09,,,,
131,2025-03-09 13:48:00,2025-03-03/2025-03-09,,,,
132,2025-04-09 09:09:00,2025-04-07/2025-04-13,,,,
133,2025-04-09 09:10:00,2025-04-07/2025-04-13,,,,
134,2025-04-09 09:21:00,2025-04-07/2025-04-13,,,,
135,2025-04-09 09:37:00,2025-04-07/2025-04-13,,,,
136,2025-04-09 09:47:00,2025-04-07/2025-04-13,,,,
137,2025-04-09 09:54:00,2025-04-07/2025-04-13,,,,
138,2025-04-09 09:59:00,2025-04-07/2025-04-13,,,,
139,2025-04-09 10:06:00,2025-04-07/2025-04-13,,,,
140,2025-04-09 10:08:00,2025-04-07/2025-04-13,,,,
141,2025-04-09 10:21:00,2025-04-07/2025-04-13,,,,
142,2025-04-09 10:30:00,2025-04-07/2025-04-13,,,,
143,2025-04-09 10:35:00,2025-04-07/2025-04-13,,,,
144,2025-04-09 10:43:00,2025-04-07/2025-04-13,,,,
145,2025-04-09 10:44:00,2025-04-07/2025-04-13,,,,
146,2025-04-09 10:46:00,2025-04-07/2025-04-13,,,,
147,2025-04-09 10:50:00,2025-04-07/2025-04-13,,,,
148,2025-04-09 10:55:00,2025-04-07/2025-04-13,,,,
149,2025-04-09 10:58:00,2025-04-07/2025-04-13,,,,
150,2025-04-09 11:40:00,2025-04-07/2025-04-13,,,,
151,2025-04-09 11:42:00,2025-04-07/2025-04-13,,,,
153,2025-04-09 11:48:00,2025-04-07/2025-04-13,,,,
154,2025-04-09 11:52:00,2025-04-07/2025-04-13,,,,
155,2025-04-09 12:37:00,2025-04-07/2025-04-13,,,,
156,2025-04-09 12:45:00,2025-04-07/2025-04-13,,,,
157,2025-04-09 12:46:00,2025-04-07/2025-04-13,,,,
158,2025-04-09 15:23:00,2025-04-07/2025-04-13,,,,
159,2025-04-09 15:39:00,2025-04-07/2025-04-13,,,,
160,2025-04-09 16:07:00,2025-04-07/2025-04-13,,,,
161,2025-04-09 16:55:00,2025-04-07/2025-04-13,,,,
162,2025-04-09 17:12:00,2025-04-07/2025-04-13,,,,
163,2025-04-09 18:36:00,2025-04-07/2025-04-13,,,,
164,2025-04-09 18:36:00,2025-04-07/2025-04-13,,,,
165,2025-09-04 18:48:00,2025-09-01/2025-09-07,,,,
166,2025-09-04 18:55:00,2025-09-01/2025-09-07,,,,
167,2025-09-04 19:11:00,2025-09-01/2025-09-07,,,,
168,2025-09-04 19:21:00,2025-09-01/2025-09-07,,,,
169,2025-09-04 21:48:00,2025-09-01/2025-09-07,,,,
170,2025-09-04 22:23:00,2025-09-01/2025-09-07,,,,
171,2025-09-04 22:59:00,2025-09-01/2025-09-07,,,,
172,2025-09-05 09:24:00,2025-09-01/2025-09-07,,,,
173,2025-09-05 09:30:00,2025-09-01/2025-09-07,,,,
174,2025-09-05 09:41:00,2025-09-01/2025-09-07,,,,
175,2025-09-05 09:44:00,2025-09-01/2025-09-07,,,,
176,2025-09-05 10:00:00,2025-09-01/2025-09-07,,,,
177,2025-09-05 10:02:00,2025-09-01/2025-09-07,,,,
178,2025-09-05 10:04:00,2025-09-01/2025-09-07,,,,
179,2025-09-05 10:05:00,2025-09-01/2025-09-07,,,,
180,2025-09-05 10:06:00,2025-09-01/2025-09-07,,,,
181,2025-09-05 10:46:00,2025-09-01/2025-09-07,,,,
182,2025-09-05 10:47:00,2025-09-01/2025-09-07,,,,
183,2025-09-05 11:31:00,2025-09-01/2025-09-07,,,,
184,2025-09-05 11:56:00,2025-09-01/2025-09-07,,,,
185,2025-09-05 11:58:00,2025-09-01/2025-09-07,,,,
186,2025-09-05 12:09:00,2025-09-01/2025-09-07,,,,
187,2025-09-05 12:22:00,2025-09-01/2025-09-07,,,,
188,2025-09-05 12:25:00,2025-09-01/2025-09-07,,,,
189,2025-09-05 12:34:00,2025-09-01/2025-09-07,,,,
190,2025-09-05 12:35:00,2025-09-01/2025-09-07,,,,
191,2025-09-05 12:47:00,2025-09-01/2025-09-07,,,,
192,2025-09-05 12:48:00,2025-09-01/2025-09-07,,,,
193,2025-09-05 12:59:00,2025-09-01/2025-09-07,,,,
194,2025-09-05 13:13:00,2025-09-01/2025-09-07,,,,
195,2025-09-05 13:27:00,2025-09-01/2025-09-07,,,,
196,2025-09-05 13:34:00,2025-09-01/2025-09-07,,,,
197,2025-09-05 13:44:00,2025-09-01/2025-09-07,,,,
198,2025-09-05 14:07:00,2025-09-01/2025-09-07,,,,
199,2025-09-05 14:20:00,2025-09-01/2025-09-07,,,,
200,2025-09-05 14:23:00,2025-09-01/2025-09-07,,,,
201,2025-09-05 14:48:00,2025-09-01/2025-09-07,,,,
202,2025-09-05 14:57:00,2025-09-01/2025-09-07,,,,
203,2025-09-05 17:16:00,2025-09-01/2025-09-07,,,,
204,2025-09-05 17:32:00,2025-09-01/2025-09-07,,,,
205,2025-09-05 17:37:00,2025-09-01/2025-09-07,,,,
206,2025-09-05 17:48:00,2025-09-01/2025-09-07,,,,
207,2025-09-05 17:52:00,2025-09-01/2025-09-07,,,,
208,2025-09-05 18:15:00,2025-09-01/2025-09-07,,,,
209,2025-09-06 08:57:00,2025-09-01/2025-09-07,,,,
210,2025-09-06 08:57:00,2025-09-01/2025-09-07,,,,
211,2025-09-06 09:01:00,2025-09-01/2025-09-07,,,,
212,2025-09-06 09:04:00,2025-09-01/2025-09-07,,,,
213,2025-09-06 09:20:00,2025-09-01/2025-09-07,,,,
214,2025-09-06 09:33:00,2025-09-01/2025-09-07,,,,
215,2025-09-06 09:39:00,2025-09-01/2025-09-07,,,,
216,2025-09-06 10:02:00,2025-09-01/2025-09-07,,,,
217,2025-09-06 10:07:00,2025-09-01/2025-09-07,,,,
218,2025-09-06 10:21:00,2025-09-01/2025-09-07,,,,
219,2025-09-06 10:22:00,2025-09-01/2025-09-07,,,,
220,2025-09-06 10:24:00,2025-09-01/2025-09-07,,,,
222,2025-09-06 10:59:00,2025-09-01/2025-09-07,,,,
223,2025-09-06 11:53:00,2025-09-01/2025-09-07,,,,
224,2025-09-06 11:56:00,2025-09-01/2025-09-07,,,,
225,2025-09-07 10:58:00,2025-09-01/2025-09-07,,,,
226,2025-09-07 11:02:00,2025-09-01/2025-09-07,,,,
227,2025-09-07 11:04:00,2025-09-01/2025-09-07,,,,
228,2025-09-07 11:05:00,2025-09-01/2025-09-07,,,,
229,2025-09-07 11:38:00,2025-09-01/2025-09-07,,,,
230,2025-09-07 20:27:00,2025-09-01/2025-09-07,,,,
231,2025-09-07 20:28:00,2025-09-01/2025-09-07,,,,
232,2025-09-07 20:39:00,2025-09-01/2025-09-07,,,,
233,2025-09-07 20:40:00,2025-09-01/2025-09-07,,,,
234,2025-09-11 12:14:00,2025-09-08/2025-09-14,,,,
235,2025-09-11 12:38:00,2025-09-08/2025-09-14,,,,
236,2025-09-11 12:43:00,2025-09-08/2025-09-14,,,,
237,2025-09-11 12:54:00,2025-09-08/2025-09-14,,,,
238,2025-09-11 13:16:00,2025-09-08/2025-09-14,,,,
239,2025-09-11 13:17:00,2025-09-08/2025-09-14,,,,
240,2025-09-11 13:22:00,2025-09-08/2025-09-14,,,,
241,2025-09-11 13:27:00,2025-09-08/2025-09-14,,,,
242,2025-09-11 13:44:00,2025-09-08/2025-09-14,,,,
243,2025-09-11 14:02:00,2025-09-08/2025-09-14,,,,
244,2025-09-11 14:02:00,2025-09-08/2025-09-14,,,,
245,2025-09-11 14:03:00,2025-09-08/2025-09-14,,,,
246,2025-09-11 14:08:00,2025-09-08/2025-09-14,,,,
247,2025-09-11 14:25:00,2025-09-08/2025-09-14,,,,
248,2025-09-11 14:45:00,2025-09-08/2025-09-14,,,,
249,2025-09-11 14:45:00,2025-09-08/2025-09-14,,,,
250,2025-09-11 14:55:00,2025-09-08/2025-09-14,,,,
251,2025-09-11 15:04:00,2025-09-08/2025-09-14,,,,
252,2025-09-11 15:15:00,2025-09-08/2025-09-14,,,,
253,2025-09-11 15:25:00,2025-09-08/2025-09-14,,,,
254,2025-09-11 15:30:00,2025-09-08/2025-09-14,,,,
255,2025-09-11 15:37:00,2025-09-08/2025-09-14,,,,
256,2025-09-11 15:48:00,2025-09-08/2025-09-14,,,,
257,2025-09-11 15:51:00,2025-09-08/2025-09-14,,,,
258,2025-09-11 15:53:00,2025-09-08/2025-09-14,,,,
259,2025-09-11 16:02:00,2025-09-08/2025-09-14,,,,
260,2025-09-11 16:04:00,2025-09-08/2025-09-14,,,,
261,2025-09-11 16:42:00,2025-09-08/2025-09-14,,,,
263,2025-09-11 18:07:00,2025-09-08/2025-09-14,,,,
266,2025-09-11 18:10:00,2025-09-08/2025-09-14,,,,
269,2025-09-11 18:31:00,2025-09-08/2025-09-14,,,,
277,2025-09-11 18:53:00,2025-09-08/2025-09-14,,,,
279,2025-09-11 19:00:00,2025-09-08/2025-09-14,,,,
280,2025-09-11 19:00:00,2025-09-08/2025-09-14,,,,
282,2025-09-11 19:11:00,2025-09-08/2025-09-14,,,,
288,2025-09-12 09:30:00,2025-09-08/2025-09-14,,,,
294,2025-09-12 09:58:00,2025-09-08/2025-09-14,,,,
299,2025-09-12 10:27:00,2025-09-08/2025-09-14,,,,
301,2025-09-12 10:28:00,2025-09-08/2025-09-14,,,,
303,2025-09-12 10:32:00,2025-09-08/2025-09-14,,,,
304,2025-09-12 10:35:00,2025-09-08/2025-09-14,,,,
306,2025-09-12 10:35:00,2025-09-08/2025-09-14,,,,
307,2025-09-12 10:38:00,2025-09-08/2025-09-14,,,,
313,2025-09-12 10:58:00,2025-09-08/2025-09-14,,,,
314,2025-09-12 10:58:00,2025-09-08/2025-09-14,,,,
316,2025-09-12 11:03:00,2025-09-08/2025-09-14,,,,
329,2025-09-12 13:03:00,2025-09-08/2025-09-14,,,,
331,2025-09-12 13:07:00,2025-09-08/2025-09-14,,,,
334,2025-09-12 13:08:00,2025-09-08/2025-09-14,,,,
338,2025-09-12 13:09:00,2025-09-08/2025-09-14,,,,
339,2025-09-12 13:10:00,2025-09-08/2025-09-14,,,,
340,2025-09-12 13:12:00,2025-09-08/2025-09-14,,,,
341,2025-09-12 13:13:00,2025-09-08/2025-09-14,,,,
342,2025-09-12 13:13:00,2025-09-08/2025-09-14,,,,
350,2025-09-12 20:09:00,2025-09-08/2025-09-14,,,,
352,2025-09-12 20:10:00,2025-09-08/2025-09-14,,,,
353,2025-09-12 20:10:00,2025-09-08/2025-09-14,,,,
363,2025-09-12 20:25:00,2025-09-08/2025-09-14,,,,
382,2025-09-13 00:39:00,2025-09-08/2025-09-14,,,,
473,2025-09-19 10:32:00,2025-09-15/2025-09-21,,,,
475,2025-09-19 10:33:00,2025-09-15/2025-09-21,,,,
486,2025-09-19 10:59:00,2025-09-15/2025-09-21,,,,
492,2025-09-19 11:32:00,2025-09-15/2025-09-21,,,,
493,2025-09-19 11:33:00,2025-09-15/2025-09-21,,,,
496,2025-09-19 11:34:00,2025-09-15/2025-09-21,,,,
497,2025-09-19 11:35:00,2025-09-15/2025-09-21,,,,
502,2025-09-19 11:46:00,2025-09-15/2025-09-21,,,,
513,2025-09-19 12:45:00,2025-09-15/2025-09-21,,,,
518,2025-09-19 13:10:00,2025-09-15/2025-09-21,,,,
520,2025-09-19 13:53:00,2025-09-15/2025-09-21,,,,
530,2025-09-19 14:17:00,2025-09-15/2025-09-21,,,,
535,2025-09-19 14:23:00,2025-09-15/2025-09-21,,,,
548,2025-09-19 16:08:00,2025-09-15/2025-09-21,,,,
550,2025-09-19 16:14:00,2025-09-15/2025-09-21,,,,
554,2025-09-19 16:24:00,2025-09-15/2025-09-21,,,,
555,2025-09-19 16:25:00,2025-09-15/2025-09-21,,,,
560,2025-09-19 16:31:00,2025-09-15/2025-09-21,,,,
561,2025-09-19 16:58:00,2025-09-15/2025-09-21,,,,
574,2025-09-19 17:23:00,2025-09-15/2025-09-21,,,,
581,2025-09-19 17:55:00,2025-09-15/2025-09-21,,,,
582,2025-09-19 17:56:00,2025-09-15/2025-09-21,,,,
589,2025-09-19 18:09:00,2025-09-15/2025-09-21,,,,
590,2025-09-19 18:10:00,2025-09-15/2025-09-21,,,,
597,2025-09-20 11:01:00,2025-09-15/2025-09-21,,,,
600,2025-09-20 11:03:00,2025-09-15/2025-09-21,,,,
603,2025-09-20 11:12:00,2025-09-15/2025-09-21,,,,
604,2025-09-20 11:13:00,2025-09-15/2025-09-21,,,,
605,2025-09-20 11:13:00,2025-09-15/2025-09-21,,,,
608,2025-09-20 11:16:00,2025-09-15/2025-09-21,,,,
611,2025-09-20 11:17:00,2025-09-15/2025-09-21,,,,
616,2025-09-20 11:22:00,2025-09-15/2025-09-21,,,,
618,2025-09-20 11:24:00,2025-09-15/2025-09-21,,,,
620,2025-09-20 11:38:00,2025-09-15/2025-09-21,,,,
621,2025-09-20 11:38:00,2025-09-15/2025-09-21,,,,
623,2025-09-20 11:41:00,2025-09-15/2025-09-21,,,,
625,2025-09-20 11:48:00,2025-09-15/2025-09-21,,,,
627,2025-09-20 11:49:00,2025-09-15/2025-09-21,,,,
628,2025-09-20 11:50:00,2025-09-15/2025-09-21,,,,
629,2025-09-20 11:53:00,2025-09-15/2025-09-21,,,,
631,2025-09-20 11:55:00,2025-09-15/2025-09-21,,,,
633,2025-09-20 11:58:00,2025-09-15/2025-09-21,,,,
639,2025-09-20 12:04:00,2025-09-15/2025-09-21,,,,
642,2025-09-20 12:08:00,2025-09-15/2025-09-21,,,,
644,2025-09-20 12:08:00,2025-09-15/2025-09-21,,,,
645,2025-09-20 12:09:00,2025-09-15/2025-09-21,,,,
646,2025-09-20 12:15:00,2025-09-15/2025-09-21,,,,
647,2025-09-20 12:16:00,2025-09-15/2025-09-21,,,,
653,2025-09-20 12:19:00,2025-09-15/2025-09-21,,,,
657,2025-09-20 12:28:00,2025-09-15/2025-09-21,,,,
659,2025-09-20 12:30:00,2025-09-15/2025-09-21,,,,
664,2025-09-20 12:39:00,2025-09-15/2025-09-21,,,,
668,2025-09-20 12:46:00,2025-09-15/2025-09-21,,,,
670,2025-09-20 12:47:00,2025-09-15/2025-09-21,,,,
671,2025-09-20 12:47:00,2025-09-15/2025-09-21,,,,
674,2025-09-20 12:49:00,2025-09-15/2025-09-21,,,,
682,2025-09-20 12:57:00,2025-09-15/2025-09-21,,,,
687,2025-09-20 13:05:00,2025-09-15/2025-09-21,,,,
688,2025-09-20 13:06:00,2025-09-15/2025-09-21,,,,
692,2025-09-20 13:34:00,2025-09-15/2025-09-21,,,,
693,2025-09-20 13:35:00,2025-09-15/2025-09-21,,,,
694,2025-09-20 13:40:00,2025-09-15/2025-09-21,,,,
696,2025-09-20 13:53:00,2025-09-15/2025-09-21,,,,
707,2025-09-20 14:34:00,2025-09-15/2025-09-21,,,,
710,2025-09-20 14:56:00,2025-09-15/2025-09-21,,,,
711,2025-09-20 15:02:00,2025-09-15/2025-09-21,,,,
712,2025-09-20 15:03:00,2025-09-15/2025-09-21,,,,
720,2025-09-20 15:56:00,2025-09-15/2025-09-21,,,,
721,2025-09-20 15:58:00,2025-09-15/2025-09-21,,,,
722,2025-09-20 16:01:00,2025-09-15/2025-09-21,,,,
723,2025-09-20 16:02:00,2025-09-15/2025-09-21,,,,
727,2025-09-20 16:15:00,2025-09-15/2025-09-21,,,,
730,2025-09-20 16:21:00,2025-09-15/2025-09-21,,,,
731,2025-09-20 16:21:00,2025-09-15/2025-09-21,,,,
732,2025-09-20 16:22:00,2025-09-15/2025-09-21,,,,
733,2025-09-20 16:34:00,2025-09-15/2025-09-21,,,,
734,2025-09-20 16:37:00,2025-09-15/2025-09-21,,,,
738,2025-09-20 16:47:00,2025-09-15/2025-09-21,,,,
739,2025-09-20 17:00:00,2025-09-15/2025-09-21,,,,
740,2025-09-20 17:03:00,2025-09-15/2025-09-21,,,,
742,2025-09-20 17:10:00,2025-09-15/2025-09-21,,,,
749,2025-09-20 17:27:00,2025-09-15/2025-09-21,,,,
756,2025-09-20 17:57:00,2025-09-15/2025-09-21,,,,
764,2025-09-20 18:30:00,2025-09-15/2025-09-21,,,,
771,2025-09-20 18:45:00,2025-09-15/2025-09-21,,,,
775,2025-09-20 19:09:00,2025-09-15/2025-09-21,,,,
777,2025-09-20 19:18:00,2025-09-15/2025-09-21,,,,
780,2025-09-20 19:23:00,2025-09-15/2025-09-21,,,,
782,2025-09-20 19:48:00,2025-09-15/2025-09-21,,,,
783,2025-09-20 19:50:00,2025-09-15/2025-09-21,,,,
788,2025-09-20 20:30:00,2025-09-15/2025-09-21,,,,
790,2025-09-20 21:22:00,2025-09-15/2025-09-21,,,,
791,2025-09-20 21:27:00,2025-09-15/2025-09-21,,,,
798,2025-09-20 22:20:00,2025-09-15/2025-09-21,,,,
802,2025-09-20 22:54:00,2025-09-15/2025-09-21,,,,
807,2025-09-20 23:46:00,2025-09-15/2025-09-21,,,,
808,2025-09-21 01:48:00,2025-09-15/2025-09-21,,,,
818,2025-09-21 11:59:00,2025-09-15/2025-09-21,,,,
824,2025-09-21 12:03:00,2025-09-15/2025-09-21,,,,
828,2025-09-21 12:18:00,2025-09-15/2025-09-21,,,,
829,2025-09-21 12:19:00,2025-09-15/2025-09-21,,,,
830,2025-09-21 12:21:00,2025-09-15/2025-09-21,,,,
832,2025-09-21 12:28:00,2025-09-15/2025-09-21,,,,
835,2025-09-21 13:08:00,2025-09-15/2025-09-21,,,,
838,2025-09-21 13:14:00,2025-09-15/2025-09-21,,,,
840,2025-09-21 13:20:00,2025-09-15/2025-09-21,,,,
841,2025-09-21 13:23:00,2025-09-15/2025-09-21,,,,
851,2025-09-21 14:14:00,2025-09-15/2025-09-21,,,,
853,2025-09-21 14:17:00,2025-09-15/2025-09-21,,,,
856,2025-09-21 14:37:00,2025-09-15/2025-09-21,,,,
860,2025-09-21 14:50:00,2025-09-15/2025-09-21,,,,
864,2025-09-21 15:27:00,2025-09-15/2025-09-21,,,,
866,2025-09-21 15:33:00,2025-09-15/2025-09-21,,,,
872,2025-09-21 17:05:00,2025-09-15/2025-09-21,,,,
909,2025-09-21 17:41:00,2025-09-15/2025-09-21,,,,
942,2025-09-21 18:03:00,2025-09-15/2025-09-21,,,,
972,2025-09-21 18:31:00,2025-09-15/2025-09-21,,,,
973,2025-09-21 18:39:00,2025-09-15/2025-09-21,,,,
1001,2025-09-21 21:16:00,2025-09-15/2025-09-21,,,,
1003,2025-09-21 22:13:00,2025-09-15/2025-09-21,,,,
1006,2025-09-21 22:57:00,2025-09-15/2025-09-21,,,,
1031,2025-09-26 10:51:00,2025-09-22/2025-09-28,,,,
1036,2025-09-26 10:58:00,2025-09-22/2025-09-28,,,,
1037,2025-09-26 10:59:00,2025-09-22/2025-09-28,,,,
1039,2025-09-26 11:00:00,2025-09-22/2025-09-28,,,,
1044,2025-09-26 11:06:00,2025-09-22/2025-09-28,,,,
1045,2025-09-26 11:07:00,2025-09-22/2025-09-28,,,,
1048,2025-09-26 11:13:00,2025-09-22/2025-09-28,,,,
1050,2025-09-26 11:14:00,2025-09-22/2025-09-28,,,,
1051,2025-09-26 11:16:00,2025-09-22/2025-09-28,,,,
1055,2025-09-26 11:17:00,2025-09-22/2025-09-28,,,,
1074,2025-09-26 11:33:00,2025-09-22/2025-09-28,,,,
1075,2025-09-26 11:34:00,2025-09-22/2025-09-28,,,,
1077,2025-09-26 12:22:00,2025-09-22/2025-09-28,,,,
1079,2025-09-26 12:29:00,2025-09-22/2025-09-28,,,,
1082,2025-09-26 12:32:00,2025-09-22/2025-09-28,,,,
1084,2025-09-26 12:36:00,2025-09-22/2025-09-28,,,,
1085,2025-09-26 12:37:00,2025-09-22/2025-09-28,,,,
1089,2025-09-26 12:40:00,2025-09-22/2025-09-28,,,,
1092,2025-09-26 12:51:00,2025-09-22/2025-09-28,,,,
1096,2025-09-26 13:01:00,2025-09-22/2025-09-28,,,,
1107,2025-09-26 21:45:00,2025-09-22/2025-09-28,,,,
1110,2025-09-26 22:09:00,2025-09-22/2025-09-28,,,,
1114,2025-09-27 01:04:00,2025-09-22/2025-09-28,,,,
1122,2025-09-27 10:12:00,2025-09-22/2025-09-28,,,,
1125,2025-09-27 10:29:00,2025-09-22/2025-09-28,,,,
1129,2025-09-27 10:30:00,2025-09-22/2025-09-28,,,,
1131,2025-09-27 10:31:00,2025-09-22/2025-09-28,,,,
1132,2025-09-27 10:31:00,2025-09-22/2025-09-28,,,,
1134,2025-09-27 10:32:00,2025-09-22/2025-09-28,,,,
1135,2025-09-27 10:32:00,2025-09-22/2025-09-28,,,,
1136,2025-09-27 10:33:00,2025-09-22/2025-09-28,,,,
1138,2025-09-27 10:34:00,2025-09-22/2025-09-28,,,,
1141,2025-09-27 10:35:00,2025-09-22/2025-09-28,,,,
1143,2025-09-27 10:35:00,2025-09-22/2025-09-28,,,,
1144,2025-09-27 10:36:00,2025-09-22/2025-09-28,,,,
1145,2025-09-27 10:36:00,2025-09-22/2025-09-28,,,,
1147,2025-09-27 10:37:00,2025-09-22/2025-09-28,,,,
1148,2025-09-27 10:37:00,2025-09-22/2025-09-28,,,,
1149,2025-09-27 10:37:00,2025-09-22/2025-09-28,,,,
1151,2025-09-27 10:40:00,2025-09-22/2025-09-28,,,,
1156,2025-09-27 10:45:00,2025-09-22/2025-09-28,,,,
1158,2025-09-27 10:46:00,2025-09-22/2025-09-28,,,,
1159,2025-09-27 10:48:00,2025-09-22/2025-09-28,,,,
1162,2025-09-27 10:49:00,2025-09-22/2025-09-28,,,,
1167,2025-09-27 10:53:00,2025-09-22/2025-09-28,,,,
1169,2025-09-27 10:55:00,2025-09-22/2025-09-28,,,,
1173,2025-09-27 11:20:00,2025-09-22/2025-09-28,,,,
1176,2025-09-27 11:21:00,2025-09-22/2025-09-28,,,,
1178,2025-09-27 11:23:00,2025-09-22/2025-09-28,,,,
1179,2025-09-27 11:23:00,2025-09-22/2025-09-28,,,,
1180,2025-09-27 11:24:00,2025-09-22/2025-09-28,,,,
1181,2025-09-27 11:25:00,2025-09-22/2025-09-28,,,,
1182,2025-09-27 11:27:00,2025-09-22/2025-09-28,,,,
1184,2025-09-27 11:29:00,2025-09-22/2025-09-28,,,,
1186,2025-09-27 11:30:00,2025-09-22/2025-09-28,,,,
1188,2025-09-27 11:35:00,2025-09-22/2025-09-28,,,,
1189,2025-09-27 11:37:00,2025-09-22/2025-09-28,,,,
1192,2025-09-27 11:41:00,2025-09-22/2025-09-28,,,,
1193,2025-09-27 11:48:00,2025-09-22/2025-09-28,,,,
1194,2025-09-27 11:54:00,2025-09-22/2025-09-28,,,,
1195,2025-09-27 11:58:00,2025-09-22/2025-09-28,,,,
1196,2025-09-27 11:58:00,2025-09-22/2025-09-28,,,,
1198,2025-09-27 12:01:00,2025-09-22/2025-09-28,,,,
1200,2025-09-27 12:04:00,2025-09-22/2025-09-28,,,,
1201,2025-09-27 12:04:00,2025-09-22/2025-09-28,,,,
1204,2025-09-27 12:18:00,2025-09-22/2025-09-28,,,,
1205,2025-09-27 12:20:00,2025-09-22/2025-09-28,,,,
1206,2025-09-27 12:21:00,2025-09-22/2025-09-28,,,,
1208,2025-09-27 12:22:00,2025-09-22/2025-09-28,,,,
1209,2025-09-27 12:25:00,2025-09-22/2025-09-28,,,,
1211,2025-09-27 12:31:00,2025-09-22/2025-09-28,,,,
1213,2025-09-27 12:37:00,2025-09-22/2025-09-28,,,,
1214,2025-09-27 12:38:00,2025-09-22/2025-09-28,,,,
1215,2025-09-27 12:39:00,2025-09-22/2025-09-28,,,,
1220,2025-09-27 12:45:00,2025-09-22/2025-09-28,,,,
1223,2025-09-27 12:48:00,2025-09-22/2025-09-28,,,,
1232,2025-09-27 12:54:00,2025-09-22/2025-09-28,,,,
1239,2025-09-27 12:58:00,2025-09-22/2025-09-28,,,,
1249,2025-09-27 13:15:00,2025-09-22/2025-09-28,,,,
1251,2025-09-27 13:22:00,2025-09-22/2025-09-28,,,,
1253,2025-09-27 13:37:00,2025-09-22/2025-09-28,,,,
1257,2025-09-27 13:43:00,2025-09-22/2025-09-28,,,,
1260,2025-09-27 13:57:00,2025-09-22/2025-09-28,,,,
1266,2025-09-27 14:04:00,2025-09-22/2025-09-28,,,,
1278,2025-09-27 14:11:00,2025-09-22/2025-09-28,,,,
1285,2025-09-27 14:40:00,2025-09-22/2025-09-28,,,,
1286,2025-09-27 14:51:00,2025-09-22/2025-09-28,,,,
1288,2025-09-27 14:58:00,2025-09-22/2025-09-28,,,,
1289,2025-09-27 14:59:00,2025-09-22/2025-09-28,,,,
1304,2025-09-27 15:46:00,2025-09-22/2025-09-28,,,,
1305,2025-09-27 15:47:00,2025-09-22/2025-09-28,,,,
1307,2025-09-27 16:00:00,2025-09-22/2025-09-28,,,,
1308,2025-09-27 16:04:00,2025-09-22/2025-09-28,,,,
1312,2025-09-27 18:23:00,2025-09-22/2025-09-28,,,,
1315,2025-09-27 18:27:00,2025-09-22/2025-09-28,,,,
1318,2025-09-27 18:39:00,2025-09-22/2025-09-28,,,,
1320,2025-09-27 18:47:00,2025-09-22/2025-09-28,,,,
1321,2025-09-27 18:48:00,2025-09-22/2025-09-28,,,,
1322,2025-09-27 18:49:00,2025-09-22/2025-09-28,,,,
1324,2025-09-27 19:00:00,2025-09-22/2025-09-28,,,,
1326,2025-09-27 19:22:00,2025-09-22/2025-09-28,,,,
1327,2025-09-27 19:34:00,2025-09-22/2025-09-28,,,,
1328,2025-09-27 19:36:00,2025-09-22/2025-09-28,,,,
1334,2025-09-27 20:34:00,2025-09-22/2025-09-28,,,,
1339,2025-09-27 21:04:00,2025-09-22/2025-09-28,,,,
1340,2025-09-27 21:28:00,2025-09-22/2025-09-28,,,,
1345,2025-09-28 00:03:00,2025-09-22/2025-09-28,,,,
1347,2025-09-28 00:19:00,2025-09-22/2025-09-28,,,,
1349,2025-09-28 00:47:00,2025-09-22/2025-09-28,,,,
1351,2025-09-28 00:53:00,2025-09-22/2025-09-28,,,,
1356,2025-09-28 01:18:00,2025-09-22/2025-09-28,,,,
1358,2025-09-28 01:50:00,2025-09-22/2025-09-28,,,,
1361,2025-09-28 12:50:00,2025-09-22/2025-09-28,,,,
1363,2025-09-28 13:07:00,2025-09-22/2025-09-28,,,,
1364,2025-09-28 13:09:00,2025-09-22/2025-09-28,,,,
1366,2025-09-28 13:09:00,2025-09-22/2025-09-28,,,,
1367,2025-09-28 13:10:00,2025-09-22/2025-09-28,,,,
1370,2025-09-28 13:11:00,2025-09-22/2025-09-28,,,,
1371,2025-09-28 13:11:00,2025-09-22/2025-09-28,,,,
1372,2025-09-28 13:11:00,2025-09-22/2025-09-28,,,,
1373,2025-09-28 13:14:00,2025-09-22/2025-09-28,,,,
1375,2025-09-28 13:18:00,2025-09-22/2025-09-28,,,,
1376,2025-09-28 13:24:00,2025-09-22/2025-09-28,,,,
1377,2025-09-28 13:51:00,2025-09-22/2025-09-28,,,,
1378,2025-09-28 13:57:00,2025-09-22/2025-09-28,,,,
1379,2025-09-28 14:10:00,2025-09-22/2025-09-28,,,,
1381,2025-09-28 14:14:00,2025-09-22/2025-09-28,,,,
1382,2025-09-28 14:15:00,2025-09-22/2025-09-28,,,,
1383,2025-09-28 14:21:00,2025-09-22/2025-09-28,,,,
1393,2025-09-28 14:41:00,2025-09-22/2025-09-28,,,,
1399,2025-09-28 14:44:00,2025-09-22/2025-09-28,,,,
1402,2025-09-28 15:22:00,2025-09-22/2025-09-28,,,,
1405,2025-09-28 15:31:00,2025-09-22/2025-09-28,,,,
1406,2025-09-28 15:35:00,2025-09-22/2025-09-28,,,,
1408,2025-09-28 15:50:00,2025-09-22/2025-09-28,,,,
1410,2025-09-28 16:02:00,2025-09-22/2025-09-28,,,,
1414,2025-09-28 16:21:00,2025-09-22/2025-09-28,,,,
1417,2025-09-28 16:51:00,2025-09-22/2025-09-28,,,,
1419,2025-09-28 16:57:00,2025-09-22/2025-09-28,,,,
1424,2025-09-28 20:04:00,2025-09-22/2025-09-28,,,,
1432,2025-09-28 21:33:00,2025-09-22/2025-09-28,,,,
1434,2025-09-28 21:41:00,2025-09-22/2025-09-28,,,,
1439,2025-09-28 23:26:00,2025-09-22/2025-09-28,,,,
1441,2025-09-29 00:55:00,2025-09-29/2025-10-05,,,,
1442,2025-09-30 00:41:00,2025-09-29/2025-10-05,,,,
1443,2025-09-30 00:41:00,2025-09-29/2025-10-05,,,,
1448,2025-09-30 09:26:00,2025-09-29/2025-10-05,,,,
1450,2025-09-30 09:47:00,2025-09-29/2025-10-05,,,,
1451,2025-09-30 09:51:00,2025-09-29/2025-10-05,,,,
1452,2025-09-30 09:54:00,2025-09-29/2025-10-05,,,,
1453,2025-09-30 09:56:00,2025-09-29/2025-10-05,,,,
1454,2025-09-30 10:07:00,2025-09-29/2025-10-05,,,,
1455,2025-09-30 10:10:00,2025-09-29/2025-10-05,,,,
1457,2025-09-30 10:12:00,2025-09-29/2025-10-05,,,,
1458,2025-09-30 10:18:00,2025-09-29/2025-10-05,,,,
1460,2025-09-30 10:52:00,2025-09-29/2025-10-05,,,,
1461,2025-09-30 10:53:00,2025-09-29/2025-10-05,,,,
1462,2025-09-30 11:03:00,2025-09-29/2025-10-05,,,,
1468,2025-10-02 12:36:00,2025-09-29/2025-10-05,,,,
1471,2025-10-02 12:38:00,2025-09-29/2025-10-05,,,,
1482,2025-10-02 13:03:00,2025-09-29/2025-10-05,,,,
1483,2025-10-02 13:04:00,2025-09-29/2025-10-05,,,,
1495,2025-10-02 13:15:00,2025-09-29/2025-10-05,,,,
1501,2025-10-02 13:19:00,2025-09-29/2025-10-05,,,,
1503,2025-10-02 13:30:00,2025-09-29/2025-10-05,,,,
1504,2025-10-02 13:32:00,2025-09-29/2025-10-05,,,,
1507,2025-10-02 13:55:00,2025-09-29/2025-10-05,,,,
1512,2025-10-02 14:02:00,2025-09-29/2025-10-05,,,,
1518,2025-10-02 14:06:00,2025-09-29/2025-10-05,,,,
1521,2025-10-02 14:07:00,2025-09-29/2025-10-05,,,,
1554,2025-10-02 14:40:00,2025-09-29/2025-10-05,,,,
1558,2025-10-02 14:51:00,2025-09-29/2025-10-05,,,,
1561,2025-10-02 15:03:00,2025-09-29/2025-10-05,,,,
1562,2025-10-02 15:04:00,2025-09-29/2025-10-05,,,,
1563,2025-10-02 15:10:00,2025-09-29/2025-10-05,,,,
1565,2025-10-02 16:22:00,2025-09-29/2025-10-05,,,,
1566,2025-10-02 16:22:00,2025-09-29/2025-10-05,,,,
1570,2025-10-02 16:23:00,2025-09-29/2025-10-05,,,,
1584,2025-10-02 16:38:00,2025-09-29/2025-10-05,,,,
1586,2025-10-02 16:39:00,2025-09-29/2025-10-05,,,,
1599,2025-10-02 16:54:00,2025-09-29/2025-10-05,,,,
1601,2025-10-02 16:56:00,2025-09-29/2025-10-05,,,,
1602,2025-10-02 17:00:00,2025-09-29/2025-10-05,,,,
1603,2025-10-02 17:23:00,2025-09-29/2025-10-05,,,,
1605,2025-10-02 17:33:00,2025-09-29/2025-10-05,,,,
1607,2025-10-02 18:04:00,2025-09-29/2025-10-05,,,,
1608,2025-10-02 18:15:00,2025-09-29/2025-10-05,,,,
1612,2025-10-02 18:42:00,2025-09-29/2025-10-05,,,,
1622,2025-10-02 19:00:00,2025-09-29/2025-10-05,,,,
1637,2025-10-02 19:11:00,2025-09-29/2025-10-05,,,,
1638,2025-10-02 19:17:00,2025-09-29/2025-10-05,,,,
1639,2025-10-02 19:17:00,2025-09-29/2025-10-05,,,,
1641,2025-10-02 19:18:00,2025-09-29/2025-10-05,,,,
1648,2025-10-02 20:08:00,2025-09-29/2025-10-05,,,,
1650,2025-10-02 20:16:00,2025-09-29/2025-10-05,,,,
1653,2025-10-02 20:30:00,2025-09-29/2025-10-05,,,,
1654,2025-10-02 20:34:00,2025-09-29/2025-10-05,,,,
1655,2025-10-02 20:34:00,2025-09-29/2025-10-05,,,,
1660,2025-10-02 21:11:00,2025-09-29/2025-10-05,,,,
1662,2025-10-02 21:14:00,2025-09-29/2025-10-05,,,,
1667,2025-10-02 21:27:00,2025-09-29/2025-10-05,,,,
1675,2025-10-02 22:04:00,2025-09-29/2025-10-05,,,,
1678,2025-10-02 22:29:00,2025-09-29/2025-10-05,,,,
1680,2025-10-02 22:34:00,2025-09-29/2025-10-05,,,,
1696,2025-10-02 22:51:00,2025-09-29/2025-10-05,,,,
1707,2025-10-02 23:02:00,2025-09-29/2025-10-05,,,,
1710,2025-10-02 23:21:00,2025-09-29/2025-10-05,,,,
1713,2025-10-03 00:03:00,2025-09-29/2025-10-05,,,,
1718,2025-10-03 01:15:00,2025-09-29/2025-10-05,,,,
1737,2025-10-03 14:45:00,2025-09-29/2025-10-05,,,,
1738,2025-10-03 14:46:00,2025-09-29/2025-10-05,,,,
1739,2025-10-03 14:46:00,2025-09-29/2025-10-05,,,,
1741,2025-10-03 14:54:00,2025-09-29/2025-10-05,,,,
1743,2025-10-03 14:59:00,2025-09-29/2025-10-05,,,,
1744,2025-10-03 15:01:00,2025-09-29/2025-10-05,,,,
1746,2025-10-03 15:05:00,2025-09-29/2025-10-05,,,,
1747,2025-10-03 15:08:00,2025-09-29/2025-10-05,,,,
1748,2025-10-03 15:10:00,2025-09-29/2025-10-05,,,,
1749,2025-10-03 15:16:00,2025-09-29/2025-10-05,,,,
1754,2025-10-03 15:28:00,2025-09-29/2025-10-05,,,,
1758,2025-10-03 15:47:00,2025-09-29/2025-10-05,,,,
1759,2025-10-03 15:49:00,2025-09-29/2025-10-05,,,,
1763,2025-10-03 16:06:00,2025-09-29/2025-10-05,,,,
1765,2025-10-03 16:08:00,2025-09-29/2025-10-05,,,,
1766,2025-10-03 16:12:00,2025-09-29/2025-10-05,,,,
1905,2025-10-03 19:35:00,2025-09-29/2025-10-05,,,,
1907,2025-10-03 19:37:00,2025-09-29/2025-10-05,,,,
1908,2025-10-03 19:37:00,2025-09-29/2025-10-05,,,,
1911,2025-10-03 19:38:00,2025-09-29/2025-10-05,,,,
1913,2025-10-03 19:55:00,2025-09-29/2025-10-05,,,,
1914,2025-10-03 20:00:00,2025-09-29/2025-10-05,,,,
1918,2025-10-03 20:05:00,2025-09-29/2025-10-05,,,,
1923,2025-10-03 20:15:00,2025-09-29/2025-10-05,,,,
1924,2025-10-03 20:17:00,2025-09-29/2025-10-05,,,,
1930,2025-10-03 20:44:00,2025-09-29/2025-10-05,,,,
1937,2025-10-03 20:54:00,2025-09-29/2025-10-05,,,,
1938,2025-10-03 20:58:00,2025-09-29/2025-10-05,,,,
1940,2025-10-03 20:59:00,2025-09-29/2025-10-05,,,,
1941,2025-10-03 21:01:00,2025-09-29/2025-10-05,,,,
1943,2025-10-03 21:05:00,2025-09-29/2025-10-05,,,,
1950,2025-10-04 01:21:00,2025-09-29/2025-10-05,,,,
1951,2025-10-04 01:21:00,2025-09-29/2025-10-05,,,,
1955,2025-10-04 02:05:00,2025-09-29/2025-10-05,,,,
1956,2025-10-04 02:09:00,2025-09-29/2025-10-05,,,,
1957,2025-10-04 02:10:00,2025-09-29/2025-10-05,,,,
1960,2025-10-04 02:23:00,2025-09-29/2025-10-05,,,,
1962,2025-10-04 02:34:00,2025-09-29/2025-10-05,,,,
1964,2025-10-04 02:40:00,2025-09-29/2025-10-05,,,,
1970,2025-10-04 03:09:00,2025-09-29/2025-10-05,,,,
1972,2025-10-04 03:11:00,2025-09-29/2025-10-05,,,,
1973,2025-10-04 03:13:00,2025-09-29/2025-10-05,,,,
1974,2025-10-04 03:13:00,2025-09-29/2025-10-05,,,,
1976,2025-10-04 03:23:00,2025-09-29/2025-10-05,,,,
1977,2025-10-04 03:24:00,2025-09-29/2025-10-05,,,,
1978,2025-10-04 03:44:00,2025-09-29/2025-10-05,,,,
1979,2025-10-04 03:44:00,2025-09-29/2025-10-05,,,,
1980,2025-10-04 03:45:00,2025-09-29/2025-10-05,,,,
1981,2025-10-04 03:45:00,2025-09-29/2025-10-05,,,,
1982,2025-10-04 03:52:00,2025-09-29/2025-10-05,,,,
1985,2025-10-04 04:05:00,2025-09-29/2025-10-05,,,,
1986,2025-10-04 04:06:00,2025-09-29/2025-10-05,,,,
1987,2025-10-04 04:07:00,2025-09-29/2025-10-05,,,,
1988,2025-10-04 04:07:00,2025-09-29/2025-10-05,,,,
1989,2025-10-04 04:08:00,2025-09-29/2025-10-05,,,,
1991,2025-10-04 04:08:00,2025-09-29/2025-10-05,,,,
1992,2025-10-04 04:09:00,2025-09-29/2025-10-05,,,,
1993,2025-10-04 04:09:00,2025-09-29/2025-10-05,,,,
1995,2025-10-04 04:10:00,2025-09-29/2025-10-05,,,,
1996,2025-10-04 04:11:00,2025-09-29/2025-10-05,,,,
1997,2025-10-04 04:11:00,2025-09-29/2025-10-05,,,,
1998,2025-10-04 04:12:00,2025-09-29/2025-10-05,,,,
1999,2025-10-04 04:12:00,2025-09-29/2025-10-05,,,,
2000,2025-10-04 04:12:00,2025-09-29/2025-10-05,,,,
2002,2025-10-04 04:14:00,2025-09-29/2025-10-05,,,,
2003,2025-10-04 04:14:00,2025-09-29/2025-10-05,,,,
2004,2025-10-04 04:14:00,2025-09-29/2025-10-05,,,,
2005,2025-10-04 04:15:00,2025-09-29/2025-10-05,,,,
2007,2025-10-04 04:15:00,2025-09-29/2025-10-05,,,,
2008,2025-10-04 04:16:00,2025-09-29/2025-10-05,,,,
2009,2025-10-04 04:16:00,2025-09-29/2025-10-05,,,,
2010,2025-10-04 04:18:00,2025-09-29/2025-10-05,,,,
2011,2025-10-04 04:18:00,2025-09-29/2025-10-05,,,,
2012,2025-10-04 04:19:00,2025-09-29/2025-10-05,,,,
2013,2025-10-04 04:20:00,2025-09-29/2025-10-05,,,,
2015,2025-10-04 04:25:00,2025-09-29/2025-10-05,,,,
2016,2025-10-04 04:27:00,2025-09-29/2025-10-05,,,,
2017,2025-10-04 04:27:00,2025-09-29/2025-10-05,,,,
2019,2025-10-04 04:28:00,2025-09-29/2025-10-05,,,,
2020,2025-10-04 04:28:00,2025-09-29/2025-10-05,,,,
2021,2025-10-04 04:31:00,2025-09-29/2025-10-05,,,,
2023,2025-10-04 04:37:00,2025-09-29/2025-10-05,,,,
2024,2025-10-04 04:47:00,2025-09-29/2025-10-05,,,,
2027,2025-10-04 04:52:00,2025-09-29/2025-10-05,,,,
2028,2025-10-04 04:56:00,2025-09-29/2025-10-05,,,,
2030,2025-10-04 04:57:00,2025-09-29/2025-10-05,,,,
2031,2025-10-04 05:00:00,2025-09-29/2025-10-05,,,,
2032,2025-10-04 05:02:00,2025-09-29/2025-10-05,,,,
2033,2025-10-04 05:04:00,2025-09-29/2025-10-05,,,,
2036,2025-10-04 05:09:00,2025-09-29/2025-10-05,,,,
2037,2025-10-04 05:10:00,2025-09-29/2025-10-05,,,,
2040,2025-10-04 05:12:00,2025-09-29/2025-10-05,,,,
2045,2025-10-04 05:19:00,2025-09-29/2025-10-05,,,,
2049,2025-10-04 05:22:00,2025-09-29/2025-10-05,,,,
2051,2025-10-04 05:26:00,2025-09-29/2025-10-05,,,,
2054,2025-10-04 05:30:00,2025-09-29/2025-10-05,,,,
2055,2025-10-04 05:42:00,2025-09-29/2025-10-05,,,,
2056,2025-10-04 05:42:00,2025-09-29/2025-10-05,,,,
2057,2025-10-04 05:44:00,2025-09-29/2025-10-05,,,,
2058,2025-10-04 05:47:00,2025-09-29/2025-10-05,,,,
2060,2025-10-04 05:51:00,2025-09-29/2025-10-05,,,,
2062,2025-10-04 05:54:00,2025-09-29/2025-10-05,,,,
2063,2025-10-04 05:57:00,2025-09-29/2025-10-05,,,,
2064,2025-10-04 06:01:00,2025-09-29/2025-10-05,,,,
2065,2025-10-04 06:04:00,2025-09-29/2025-10-05,,,,
2066,2025-10-04 06:05:00,2025-09-29/2025-10-05,,,,
2068,2025-10-04 06:06:00,2025-09-29/2025-10-05,,,,
2070,2025-10-04 06:07:00,2025-09-29/2025-10-05,,,,
2071,2025-10-04 06:08:00,2025-09-29/2025-10-05,,,,
2072,2025-10-04 06:09:00,2025-09-29/2025-10-05,,,,
2080,2025-10-04 06:18:00,2025-09-29/2025-10-05,,,,
2081,2025-10-04 06:18:00,2025-09-29/2025-10-05,,,,
2089,2025-10-04 14:10:00,2025-09-29/2025-10-05,,,,
2096,2025-10-04 15:12:00,2025-09-29/2025-10-05,,,,
2101,2025-10-04 15:19:00,2025-09-29/2025-10-05,,,,
2107,2025-10-04 15:31:00,2025-09-29/2025-10-05,,,,
2111,2025-10-04 15:36:00,2025-09-29/2025-10-05,,,,
2113,2025-10-04 15:48:00,2025-09-29/2025-10-05,,,,
2124,2025-10-04 16:10:00,2025-09-29/2025-10-05,,,,
2139,2025-10-04 16:31:00,2025-09-29/2025-10-05,,,,
2144,2025-10-04 16:39:00,2025-09-29/2025-10-05,,,,
2145,2025-10-04 16:43:00,2025-09-29/2025-10-05,,,,
2146,2025-10-04 16:44:00,2025-09-29/2025-10-05,,,,
2159,2025-10-04 17:09:00,2025-09-29/2025-10-05,,,,
2196,2025-10-04 18:16:00,2025-09-29/2025-10-05,,,,
2201,2025-10-04 18:43:00,2025-09-29/2025-10-05,,,,
2205,2025-10-04 19:12:00,2025-09-29/2025-10-05,,,,
2206,2025-10-04 19:15:00,2025-09-29/2025-10-05,,,,
2208,2025-10-04 19:32:00,2025-09-29/2025-10-05,,,,
2210,2025-10-04 19:39:00,2025-09-29/2025-10-05,,,,
2213,2025-10-04 19:58:00,2025-09-29/2025-10-05,,,,
2215,2025-10-04 20:14:00,2025-09-29/2025-10-05,,,,
2216,2025-10-04 20:15:00,2025-09-29/2025-10-05,,,,
2220,2025-10-04 20:29:00,2025-09-29/2025-10-05,,,,
2222,2025-10-04 20:40:00,2025-09-29/2025-10-05,,,,
2223,2025-10-04 20:43:00,2025-09-29/2025-10-05,,,,
2229,2025-10-04 21:03:00,2025-09-29/2025-10-05,,,,
2231,2025-10-04 21:07:00,2025-09-29/2025-10-05,,,,
2232,2025-10-04 21:11:00,2025-09-29/2025-10-05,,,,
2236,2025-10-04 22:53:00,2025-09-29/2025-10-05,,,,
2237,2025-10-04 22:55:00,2025-09-29/2025-10-05,,,,
2238,2025-10-04 23:01:00,2025-09-29/2025-10-05,,,,
2239,2025-10-04 23:29:00,2025-09-29/2025-10-05,,,,
2241,2025-10-05 00:16:00,2025-09-29/2025-10-05,,,,
2243,2025-10-05 00:30:00,2025-09-29/2025-10-05,,,,
2244,2025-10-05 00:47:00,2025-09-29/2025-10-05,,,,
2246,2025-10-05 01:12:00,2025-09-29/2025-10-05,,,,
2247,2025-10-05 01:14:00,2025-09-29/2025-10-05,,,,
2249,2025-10-05 01:16:00,2025-09-29/2025-10-05,,,,
2253,2025-10-05 02:11:00,2025-09-29/2025-10-05,,,,
2254,2025-10-05 02:12:00,2025-09-29/2025-10-05,,,,
2255,2025-10-05 02:13:00,2025-09-29/2025-10-05,,,,
2260,2025-10-05 02:42:00,2025-09-29/2025-10-05,,,,
2262,2025-10-05 03:02:00,2025-09-29/2025-10-05,,,,
2263,2025-10-05 03:03:00,2025-09-29/2025-10-05,,,,
2264,2025-10-05 03:07:00,2025-09-29/2025-10-05,,,,
2265,2025-10-05 03:16:00,2025-09-29/2025-10-05,,,,
2266,2025-10-05 03:16:00,2025-09-29/2025-10-05,,,,
2267,2025-10-05 03:23:00,2025-09-29/2025-10-05,,,,
2268,2025-10-05 03:43:00,2025-09-29/2025-10-05,,,,
2269,2025-10-05 03:46:00,2025-09-29/2025-10-05,,,,
2270,2025-10-05 03:53:00,2025-09-29/2025-10-05,,,,
2271,2025-10-05 03:53:00,2025-09-29/2025-10-05,,,,
2274,2025-10-05 04:04:00,2025-09-29/2025-10-05,,,,
2275,2025-10-05 04:04:00,2025-09-29/2025-10-05,,,,
2278,2025-10-05 04:07:00,2025-09-29/2025-10-05,,,,
2280,2025-10-05 04:08:00,2025-09-29/2025-10-05,,,,
2281,2025-10-05 04:08:00,2025-09-29/2025-10-05,,,,
2284,2025-10-05 04:10:00,2025-09-29/2025-10-05,,,,
2285,2025-10-05 04:10:00,2025-09-29/2025-10-05,,,,
2288,2025-10-05 04:12:00,2025-09-29/2025-10-05,,,,
2290,2025-10-05 04:13:00,2025-09-29/2025-10-05,,,,
2292,2025-10-05 04:14:00,2025-09-29/2025-10-05,,,,
2299,2025-10-05 04:19:00,2025-09-29/2025-10-05,,,,
2351,2025-10-05 11:54:00,2025-09-29/2025-10-05,,,,
2352,2025-10-05 11:55:00,2025-09-29/2025-10-05,,,,
2359,2025-10-05 12:03:00,2025-09-29/2025-10-05,,,,
2363,2025-10-05 12:50:00,2025-09-29/2025-10-05,,,,
2364,2025-10-05 13:00:00,2025-09-29/2025-10-05,,,,
2367,2025-10-05 13:10:00,2025-09-29/2025-10-05,,,,
2369,2025-10-05 13:19:00,2025-09-29/2025-10-05,,,,
2372,2025-10-05 14:05:00,2025-09-29/2025-10-05,,,,
2377,2025-10-05 14:35:00,2025-09-29/2025-10-05,,,,
2378,2025-10-05 14:41:00,2025-09-29/2025-10-05,,,,
2379,2025-10-05 14:54:00,2025-09-29/2025-10-05,,,,
2381,2025-10-05 15:10:00,2025-09-29/2025-10-05,,,,
2383,2025-10-05 15:24:00,2025-09-29/2025-10-05,,,,
2389,2025-10-05 16:27:00,2025-09-29/2025-10-05,,,,
2390,2025-10-05 16:35:00,2025-09-29/2025-10-05,,,,
2391,2025-10-05 16:37:00,2025-09-29/2025-10-05,,,,
2392,2025-10-05 16:48:00,2025-09-29/2025-10-05,,,,
2393,2025-10-05 16:53:00,2025-09-29/2025-10-05,,,,
2394,2025-10-05 17:01:00,2025-09-29/2025-10-05,,,,
2400,2025-10-05 17:34:00,2025-09-29/2025-10-05,,,,
2401,2025-10-05 17:43:00,2025-09-29/2025-10-05,,,,
2402,2025-10-05 17:53:00,2025-09-29/2025-10-05,,,,
2443,2025-10-07 17:03:00,2025-10-06/2025-10-12,0.4195437906130012,0.41711055750983356,0.41315762471941875,0.4134094047971602
2456,2025-10-08 09:46:00,2025-10-06/2025-10-12,0.406326631685118,0.4046175183745328,0.4553540210922148,0.4641701191997166
2459,2025-10-08 09:51:00,2025-10-06/2025-10-12,0.4222447434622743,0.4555492901474242,0.41669353319209773,0.4520230796309673
2462,2025-10-08 09:57:00,2025-10-06/2025-10-12,0.3685652753128222,0.37955552917708,0.36213753591884196,0.3720319043163698
2465,2025-10-08 10:19:00,2025-10-06/2025-10-12,0.35147409043508476,0.3474214948808159,0.3451041955844577,0.3382513716284599
2472,2025-10-08 10:31:00,2025-10-06/2025-10-12,0.3391014404524742,0.34084873543541705,0.3342642390196316,0.3351670208204032
2475,2025-10-08 10:44:00,2025-10-06/2025-10-12,0.4478793270333276,0.4483858438395119,0.44118919186378275,0.44122978160896564
2476,2025-10-08 10:50:00,2025-10-06/2025-10-12,0.5533514890894287,0.5679697823953783,0.5478302011664274,0.5609460872690744
2477,2025-10-08 11:03:00,2025-10-06/2025-10-12,0.4732365305985198,0.4737094272016875,0.4658460315855466,0.46435005732836204
2479,2025-10-08 11:33:00,2025-10-06/2025-10-12,0.3301966141929552,0.32917740729868844,0.32435689992018346,0.32245669655509457
2481,2025-10-08 13:03:00,2025-10-06/2025-10-12,0.3457064830376052,0.35587267050932775,0.34110404077415907,0.3503164181421964
2482,2025-10-08 13:23:00,2025-10-06/2025-10-12,0.36406744401615665,0.3727584837255928,0.3558673928739047,0.3617646031336548
2490,2025-10-08 13:35:00,2025-10-06/2025-10-12,0.2282980129501559,0.23231786614431768,0.22570897732848028,0.2290030931062774
2491,2025-10-08 13:37:00,2025-10-06/2025-10-12,0.313283557657679,0.321053785352855,0.31532483850579446,0.3229270774600904
2492,2025-10-08 13:37:00,2025-10-06/2025-10-12,0.20351092378769223,0.219240729807405,0.19931983968954145,0.21410578124203106
2493,2025-10-08 13:50:00,2025-10-06/2025-10-12,0.47678890609988833,0.4860293491457793,0.46994448036935005,0.47596313941462615
2496,2025-10-08 14:19:00,2025-10-06/2025-10-12,0.47857918140838696,0.5074239755453567,0.4728182608664479,0.5021338531485976
2501,2025-10-08 14:36:00,2025-10-06/2025-10-12,0.38693150302952983,0.43630654654895,0.3820537193884815,0.43136670544954353
2503,2025-10-08 14:45:00,2025-10-06/2025-10-12,0.36112786059585383,0.37599572238386925,0.3555843691728918,0.3688700173842371
2506,2025-10-08 14:47:00,2025-10-06/2025-10-12,0.28707915168799963,0.2939455077952879,0.2813007986434986,0.28615585898327256
2510,2025-10-08 15:03:00,2025-10-06/2025-10-12,0.31995972160668257,0.33013486631250316,0.31545765785522667,0.3242165949454074
2511,2025-10-08 15:06:00,2025-10-06/2025-10-12,0.5176323049064643,0.5780803119536184,0.5124354872268645,0.5731071693269835
2515,2025-10-08 15:48:00,2025-10-06/2025-10-12,0.26777879584745823,0.37179890614034505,0.27008856980653456,0.3695413634705837
2517,2025-10-08 15:57:00,2025-10-06/2025-10-12,0.2604820433456611,0.28878960428528183,0.2550077575954422,0.28107382380484613
2519,2025-10-08 16:07:00,2025-10-06/2025-10-12,0.24610570485820368,0.1435134639979181,0.24852515667122302,0.1453604552874609
2520,2025-10-08 16:09:00,2025-10-06/2025-10-12,0.5604699076107708,0.664235326386798,0.56236483344229,0.6605846018146714
2521,2025-10-08 16:10:00,2025-10-06/2025-10-12,0.2909000792862938,0.2939999963723717,0.28534489853904643,0.2882699347441282
2522,2025-10-08 16:15:00,2025-10-06/2025-10-12,0.504630160104536,0.5461505494968795,0.5073388505095379,0.5513378208508953
2536,2025-10-08 16:30:00,2025-10-06/2025-10-12,0.331198563870207,0.25339108953293343,0.33538222273728435,0.2579242443766022
2541,2025-10-08 16:56:00,2025-10-06/2025-10-12,0.48247680454780134,0.37965046875721753,0.4754914781173803,0.3717492288100236
2544,2025-10-08 17:12:00,2025-10-06/2025-10-12,0.35213151147383326,0.3707753744103584,0.343893987201224,0.3606200041298725
2548,2025-10-08 18:26:00,2025-10-06/2025-10-12,0.2761450614979549,0.28233638043798315,0.26948124611434227,0.27433603030323944
2550,2025-10-08 18:29:00,2025-10-06/2025-10-12,0.36825152890640317,0.36954438297663655,0.3606515675805517,0.3604476767790045
2552,2025-10-08 19:01:00,2025-10-06/2025-10-12,0.33344998370281664,0.22805177524958958,0.32767710049164356,0.22297054030521102
2554,2025-10-08 19:37:00,2025-10-06/2025-10-12,0.15134979936873938,0.15856585515768162,0.14811132415247485,0.15528828194327599
2557,2025-10-08 19:57:00,2025-10-06/2025-10-12,0.21173194782142474,0.22799502152751724,0.20613029091660642,0.22084676363354083
2560,2025-10-08 20:07:00,2025-10-06/2025-10-12,0.4125162381736463,0.4525737699959526,0.4077732674766339,0.44766949082446067
2561,2025-10-08 20:16:00,2025-10-06/2025-10-12,0.256919419046243,0.26062518767670056,0.25215507858144376,0.2553905853964268
2564,2025-10-08 22:02:00,2025-10-06/2025-10-12,0.44308128157246035,0.44271624207650545,0.4399049627325122,0.43933241570255444
2565,2025-10-08 22:06:00,2025-10-06/2025-10-12,0.2265598395157453,0.3198091585793866,0.22149441035629552,0.3083204885679837
2566,2025-10-08 22:08:00,2025-10-06/2025-10-12,0.24495110256635222,0.24436537031697184,0.2402287708261755,0.23782359171606157
2572,2025-10-08 23:16:00,2025-10-06/2025-10-12,0.44304753044755113,0.5709062344771582,0.44652400090775973,0.5711341420082763
2576,2025-10-09 00:42:00,2025-10-06/2025-10-12,0.4447029228383674,0.4448971642157872,0.434594982821698,0.43371255943834786
2580,2025-10-09 01:32:00,2025-10-06/2025-10-12,0.3548217902526341,0.3544083141638065,0.3524212828162911,0.3525602154733093
2584,2025-10-09 03:45:00,2025-10-06/2025-10-12,0.49891017933200954,0.4994068001819784,0.4908428527437912,0.4880495184705399
2586,2025-10-09 04:02:00,2025-10-06/2025-10-12,0.5587705593853438,0.4407132871695244,0.5536917373920403,0.4348585875295939
2662,2025-10-09 09:39:00,2025-10-06/2025-10-12,0.578696672198851,0.47486303565708865,0.5802702637273323,0.4766842706520247
2665,2025-10-09 09:45:00,2025-10-06/2025-10-12,0.5548827715019737,0.46543439539496245,0.5588639965027079,0.47042527695892167
2668,2025-10-09 10:40:00,2025-10-06/2025-10-12,0.5005100694218068,0.5105231643290933,0.49339573863680536,0.5030403282982548
2669,2025-10-09 10:48:00,2025-10-06/2025-10-12,0.3955339563679209,0.40235064649856533,0.389565419421458,0.3945878927875831
2671,2025-10-09 10:58:00,2025-10-06/2025-10-12,0.5550404567048695,0.5598860993027773,0.5495792750027816,0.5538136809869939
2673,2025-10-09 11:30:00,2025-10-06/2025-10-12,0.474217857965216,0.5159483579902331,0.4735568864814056,0.5164138868931202
2674,2025-10-09 11:31:00,2025-10-06/2025-10-12,0.5184742548665713,0.5373918151769433,0.5110469047146396,0.5306561933327975
2679,2025-10-09 12:01:00,2025-10-06/2025-10-12,0.488531100096288,0.5272179195656356,0.4849588960123704,0.5234303347260866
2689,2025-10-09 12:36:00,2025-10-06/2025-10-12,0.3831945792917317,0.4036026866967249,0.3789438214506317,0.40048509340704397
2691,2025-10-09 12:51:00,2025-10-06/2025-10-12,0.46624837734480606,0.48242834230702086,0.45979883766094354,0.4746140581472508
2692,2025-10-09 12:56:00,2025-10-06/2025-10-12,0.4944148064774602,0.4912396834724299,0.49499735638285985,0.48878179241412156
2695,2025-10-09 13:11:00,2025-10-06/2025-10-12,0.5628124350865941,0.5996775472987176,0.5567154707470973,0.5919170583122398
2702,2025-10-09 14:08:00,2025-10-06/2025-10-12,0.4648593622809429,0.49967583036599045,0.46560753684980766,0.5019395570486326
2703,2025-10-09 14:13:00,2025-10-06/2025-10-12,0.4638984242526427,0.4925048465422113,0.46759230573787913,0.497977609064529
2707,2025-10-09 14:47:00,2025-10-06/2025-10-12,0.47067316550409033,0.5235340470608332,0.4656252494639568,0.5179258210478319
2711,2025-10-09 15:09:00,2025-10-06/2025-10-12,0.4466227586893627,0.4665719475953102,0.4404495040948453,0.4601054467864611
2712,2025-10-09 15:32:00,2025-10-06/2025-10-12,0.43436824425650195,0.4695736148481087,0.42733235938941133,0.46106277909838017
2716,2025-10-09 16:12:00,2025-10-06/2025-10-12,0.6711506862052341,0.6912544904626706,0.6712956181714942,0.6930956607750269
2719,2025-10-09 16:39:00,2025-10-06/2025-10-12,0.4237818181210371,0.314903322796776,0.4245577911483768,0.3163252257119569
2721,2025-10-09 16:52:00,2025-10-06/2025-10-12,0.5053040867215147,0.5496714918264204,0.5028951879826284,0.5461131795152439
2722,2025-10-09 17:15:00,2025-10-06/2025-10-12,0.44860890335131964,0.4913662581276113,0.4491955380852201,0.4952267956700295
2723,2025-10-09 17:21:00,2025-10-06/2025-10-12,0.38429371574652266,0.42046894653423816,0.38166575358157906,0.4186156607394997
2724,2025-10-09 17:37:00,2025-10-06/2025-10-12,0.5653207791538832,0.5929796556408131,0.5605113197573233,0.5870029189977406
2725,2025-10-09 17:49:00,2025-10-06/2025-10-12,0.36710059615976304,0.3956590963585915,0.3649550667273583,0.39519271167615794
2726,2025-10-09 17:51:00,2025-10-06/2025-10-12,0.6232827392090652,0.653995228909462,0.6254778425998521,0.6548679656877895
2728,2025-10-09 18:27:00,2025-10-06/2025-10-12,0.36042944859276005,0.38526551741160237,0.3530030821670105,0.3769267112905661
2730,2025-10-09 18:43:00,2025-10-06/2025-10-12,0.4872385973497334,0.49513048521473324,0.4831822781261833,0.49143301239838394
2732,2025-10-09 20:31:00,2025-10-06/2025-10-12,0.3686904678165755,0.39864482222825826,0.3650388641048839,0.39716986131098614
2734,2025-10-09 20:32:00,2025-10-06/2025-10-12,0.4966802132785271,0.529656521944977,0.49331751998378137,0.5274540231066384
2735,2025-10-09 20:44:00,2025-10-06/2025-10-12,0.4568360482375387,0.4659651143672616,0.45645719602073687,0.46704773010044676
2736,2025-10-09 20:44:00,2025-10-06/2025-10-12,0.391739805343856,0.41770331354839274,0.3857761047309447,0.4120831364571901
2738,2025-10-09 21:20:00,2025-10-06/2025-10-12,0.49782068608965807,0.5302196951818123,0.4959879198930146,0.5298431468048482
2739,2025-10-09 21:27:00,2025-10-06/2025-10-12,0.6211194969691994,0.6367750401629292,0.6198005226349436,0.6375621334688749
2742,2025-10-09 21:49:00,2025-10-06/2025-10-12,0.5261784785062428,0.5422844767670831,0.5205539479102161,0.5359056223427962
2743,2025-10-09 22:08:00,2025-10-06/2025-10-12,0.4842767482428759,0.5174636784489257,0.48357380370685144,0.5173246296212225
2744,2025-10-09 22:22:00,2025-10-06/2025-10-12,0.4784553077081976,0.48745054829427126,0.47154135044605383,0.48061888683976184
2748,2025-10-09 23:38:00,2025-10-06/2025-10-12,0.5763265018661579,0.7039503062701445,0.5723197198979485,0.696872835671872
2752,2025-10-10 00:25:00,2025-10-06/2025-10-12,0.35684086129282255,0.349592613100117,0.3479809352428758,0.3396727085274874
2755,2025-10-10 01:42:00,2025-10-06/2025-10-12,0.44258336866492237,0.5530234602891659,0.43698883320355525,0.5425190343277771
2760,2025-10-10 03:19:00,2025-10-06/2025-10-12,0.34121305946218916,0.34864755782951884,0.335885324151699,0.34327323584190234
2762,2025-10-10 03:44:00,2025-10-06/2025-10-12,0.33091055946471,0.3368873309536466,0.32742512187601075,0.333990661001763
2763,2025-10-10 03:55:00,2025-10-06/2025-10-12,0.45875204628150046,0.4595143454863691,0.4495816281668615,0.4475610780110209
2764,2025-10-10 04:02:00,2025-10-06/2025-10-12,0.42410975557600405,0.4264064070048555,0.4149273940462568,0.4173668856836157
2766,2025-10-10 04:03:00,2025-10-06/2025-10-12,0.4723719195216227,0.47741026885128296,0.46728283629630696,0.47320763130114246
2767,2025-10-10 04:04:00,2025-10-06/2025-10-12,0.3742106574500516,0.37784134153247606,0.3679967901398307,0.3713720237849842
2768,2025-10-10 04:05:00,2025-10-06/2025-10-12,0.4593215552425992,0.46507144241201775,0.4528069431759476,0.4591861748610716
2771,2025-10-10 04:06:00,2025-10-06/2025-10-12,0.3936658560216151,0.4095528111264142,0.39051708391167755,0.405497612255343
2772,2025-10-10 04:07:00,2025-10-06/2025-10-12,0.5129521886950766,0.5321287122621499,0.5090993308886569,0.5293008178475157
2775,2025-10-10 04:08:00,2025-10-06/2025-10-12,0.4435356609794691,0.45123835851776334,0.4389655893174713,0.44772347677781793
2776,2025-10-10 04:09:00,2025-10-06/2025-10-12,0.4704061310922182,0.4951905422004809,0.46212709876869534,0.48688825375008477
2777,2025-10-10 04:10:00,2025-10-06/2025-10-12,0.2566774180240975,0.2742131701745843,0.24983750033592292,0.2664939783417075
2778,2025-10-10 04:11:00,2025-10-06/2025-10-12,0.3889110713612829,0.384487489284939,0.38569873654330644,0.3839782795613025
2780,2025-10-10 04:22:00,2025-10-06/2025-10-12,0.42848304193744535,0.43887007700899,0.4373271349868222,0.45329453048644247
2783,2025-10-10 04:42:00,2025-10-06/2025-10-12,0.2893580948924518,0.28244666243329253,0.29140402394891307,0.2845877907720704
2784,2025-10-10 04:47:00,2025-10-06/2025-10-12,0.4255042432387907,0.4228187727352818,0.4157505003127485,0.41159600202804253
2785,2025-10-10 04:55:00,2025-10-06/2025-10-12,0.35197537175485827,0.3561865101978057,0.34780544368917843,0.352330802521017
2786,2025-10-10 05:06:00,2025-10-06/2025-10-12,0.4451322565728136,0.4424663324121538,0.4353425513009691,0.43243308035003253
2787,2025-10-10 05:13:00,2025-10-06/2025-10-12,0.303325301474893,0.2977900199432311,0.2985967874558322,0.2932897270121914
2789,2025-10-10 05:43:00,2025-10-06/2025-10-12,0.3525905953499271,0.35151459949850006,0.344453242517483,0.343483144856866
2792,2025-10-10 05:54:00,2025-10-06/2025-10-12,0.30768343511407586,0.3028815253136169,0.29893665140663367,0.29359467226576436
2793,2025-10-10 06:01:00,2025-10-06/2025-10-12,0.5690009455335058,0.5819307154150939,0.5660441672659194,0.5780432400906284
2795,2025-10-10 06:20:00,2025-10-06/2025-10-12,0.3894694497111976,0.39453605868640773,0.38485113298564344,0.39182436893662864
2796,2025-10-10 06:21:00,2025-10-06/2025-10-12,0.40525491926272283,0.41259118147652196,0.4037465730600652,0.4126897135038306
2799,2025-10-10 06:34:00,2025-10-06/2025-10-12,0.6541257346887711,0.6496113375995423,0.6477247686409469,0.6449847105174449
2800,2025-10-10 06:39:00,2025-10-06/2025-10-12,0.49825808880092354,0.5136378950748131,0.4925816186701626,0.5077445539944763
2801,2025-10-10 06:46:00,2025-10-06/2025-10-12,0.4160635906826275,0.422085256945756,0.41474984198120046,0.4224090071933239
2803,2025-10-10 06:53:00,2025-10-06/2025-10-12,0.3660996467500507,0.3691350269421731,0.35929465880045197,0.3622305855493509
2804,2025-10-10 06:58:00,2025-10-06/2025-10-12,0.3929870528201075,0.41692131145500205,0.3890436460838871,0.4155805395371235
2805,2025-10-10 07:00:00,2025-10-06/2025-10-12,0.4193401077283584,0.4344121530148295,0.4164299381139126,0.4321976421030287
2806,2025-10-10 07:01:00,2025-10-06/2025-10-12,0.45203524932048234,0.48101849329930446,0.44518127970574806,0.47430828576387146
2810,2025-10-10 07:07:00,2025-10-06/2025-10-12,0.4173588745008367,0.4507512967753359,0.41100158680911647,0.4462228199719085
2812,2025-10-10 07:24:00,2025-10-06/2025-10-12,0.5170094828783627,0.5323176148891382,0.5138171647833397,0.5306651345333189
2814,2025-10-10 07:26:00,2025-10-06/2025-10-12,0.4471462853734397,0.45214523906425086,0.4415547455559823,0.44767302520287355
2815,2025-10-10 07:29:00,2025-10-06/2025-10-12,0.500978580095568,0.5080771143293294,0.5008854394081949,0.5099086636291157
2816,2025-10-10 07:33:00,2025-10-06/2025-10-12,0.4489389066315076,0.4542349523073605,0.4417852501132547,0.447879712242989
2818,2025-10-10 07:38:00,2025-10-06/2025-10-12,0.43820440398006383,0.4343787262593435,0.43240993674366673,0.42942458180093657
2819,2025-10-10 07:50:00,2025-10-06/2025-10-12,0.47140312313662364,0.48967531828755834,0.47012749891442734,0.4903348007879563
2820,2025-10-10 07:52:00,2025-10-06/2025-10-12,0.3535508536866264,0.357719508189619,0.3470527380396911,0.3511925497542153
2822,2025-10-10 07:53:00,2025-10-06/2025-10-12,0.5789743165850452,0.5887048648944085,0.5760174189134385,0.5868217118784248
2823,2025-10-10 07:57:00,2025-10-06/2025-10-12,0.5709192182874315,0.5836507584997396,0.5679337277911686,0.5797237128913434
2824,2025-10-10 07:59:00,2025-10-06/2025-10-12,0.46482061796220403,0.4836762623789908,0.45870530839039825,0.4768274399785156
2825,2025-10-10 08:03:00,2025-10-06/2025-10-12,0.41506266617801174,0.42646330993360654,0.40980037202030745,0.4173750812021423
2826,2025-10-10 08:13:00,2025-10-06/2025-10-12,0.6073262330740475,0.6341932265156517,0.5995846622629514,0.6243282249311415
2828,2025-10-10 08:16:00,2025-10-06/2025-10-12,0.4881380403186924,0.5045651313838366,0.4823760682226271,0.4984681467476093
2829,2025-10-10 08:24:00,2025-10-06/2025-10-12,0.46543342119065806,0.4783158260008864,0.46576627872775367,0.478599157266594
2831,2025-10-10 08:27:00,2025-10-06/2025-10-12,0.30243663345339017,0.323604448969407,0.29969342386583875,0.3231381884132305
2834,2025-10-10 08:31:00,2025-10-06/2025-10-12,0.5856109437031437,0.6209106694907934,0.5810802830503651,0.6152256802046738
2835,2025-10-10 08:34:00,2025-10-06/2025-10-12,0.4731586829957483,0.49858921639479414,0.4688460452336116,0.4970973404666771
2836,2025-10-10 08:35:00,2025-10-06/2025-10-12,0.5308192227364812,0.5444576996941624,0.5247973219996129,0.539877970652444
2837,2025-10-10 08:37:00,2025-10-06/2025-10-12,0.3536719588252978,0.3592869955186625,0.34668211102756474,0.35203916456851647
2841,2025-10-10 09:07:00,2025-10-06/2025-10-12,0.6013364857504706,0.4450642854642263,0.5962482447088105,0.4381152648074328
2843,2025-10-10 09:14:00,2025-10-06/2025-10-12,0.6032946816766172,0.6372237735112356,0.6032034573429111,0.6349392779980887
2844,2025-10-10 09:17:00,2025-10-06/2025-10-12,0.574074835577132,0.5957372835177189,0.5758475911082751,0.596513209521407
2846,2025-10-10 09:21:00,2025-10-06/2025-10-12,0.2260617991529304,0.22903692176700993,0.22325009553851557,0.22731175542958781
2847,2025-10-10 09:35:00,2025-10-06/2025-10-12,0.4478287614914338,0.45015205217415755,0.4558199224388133,0.4611870061159745
2849,2025-10-10 09:55:00,2025-10-06/2025-10-12,0.327388752307124,0.33260315628777054,0.3256157074607855,0.33181042663480925
2852,2025-10-10 10:26:00,2025-10-06/2025-10-12,0.3159886328325902,0.32217875846980154,0.3144314850571568,0.3216579415656421
2854,2025-10-10 10:37:00,2025-10-06/2025-10-12,0.3092663231084853,0.32530979846735314,0.30198223999969653,0.3163549888258169
2855,2025-10-10 10:48:00,2025-10-06/2025-10-12,0.379561240381521,0.39893481214138815,0.37725901779132803,0.39740696996165414
2856,2025-10-10 10:50:00,2025-10-06/2025-10-12,0.4005118127603791,0.4083641320741754,0.40028490435682973,0.4104379904019205
2858,2025-10-10 11:03:00,2025-10-06/2025-10-12,0.4588062007684579,0.4627265912130155,0.4529987679186748,0.4579716609052447
2860,2025-10-10 11:19:00,2025-10-06/2025-10-12,0.4187439303521601,0.4460049908765728,0.4138692433814641,0.44274669024382385
2862,2025-10-10 11:33:00,2025-10-06/2025-10-12,0.5707821068198782,0.5925705479918966,0.5649869969142826,0.587198182906016
2867,2025-10-10 12:02:00,2025-10-06/2025-10-12,0.2772008724315011,0.283789415162877,0.27211662625463773,0.2782149736867759
2869,2025-10-10 12:05:00,2025-10-06/2025-10-12,0.43664880265169465,0.4451027760814954,0.43068275775481846,0.4391218401760134
2870,2025-10-10 12:14:00,2025-10-06/2025-10-12,0.39851834481072257,0.4238606550194746,0.3943107502630167,0.41795597974686544
2872,2025-10-10 12:18:00,2025-10-06/2025-10-12,0.2458526109190482,0.2692204249231948,0.24166833048121147,0.2651661256089106
2874,2025-10-10 12:30:00,2025-10-06/2025-10-12,0.23205118260979785,0.24971486452566902,0.2301383761535321,0.24870799838826121
2876,2025-10-10 12:36:00,2025-10-06/2025-10-12,0.46561377396395753,0.49338090971379794,0.45906411258360375,0.48698817562368196
2877,2025-10-10 12:38:00,2025-10-06/2025-10-12,0.3150364541405861,0.3365838718254012,0.3140914268323166,0.335730472297796
2878,2025-10-10 12:46:00,2025-10-06/2025-10-12,0.364637816690705,0.3987154893729628,0.35865055919041117,0.3927967715395206
2879,2025-10-10 12:48:00,2025-10-06/2025-10-12,0.35902483122240514,0.3722713403910795,0.35419053634938763,0.3671463209916223
2881,2025-10-10 13:01:00,2025-10-06/2025-10-12,0.42017020896379875,0.44015358557311357,0.4193147897861159,0.44049665147021966
2883,2025-10-10 13:19:00,2025-10-06/2025-10-12,0.2388698115791499,0.2473194899806372,0.23820369959742274,0.24718337642159033
2884,2025-10-10 13:20:00,2025-10-06/2025-10-12,0.1689989625156921,0.1740841789732324,0.165463557250944,0.17072218100337122
2885,2025-10-10 13:21:00,2025-10-06/2025-10-12,0.21231662786671077,0.22289633475876952,0.21108508447379115,0.22208427264964803
2886,2025-10-10 13:22:00,2025-10-06/2025-10-12,0.3220088175013264,0.3341592758601998,0.31568607821549216,0.3279681329267041
2887,2025-10-10 13:24:00,2025-10-06/2025-10-12,0.41741336583141914,0.29025536347851516,0.4104008073630732,0.28373159105022033
2888,2025-10-10 13:32:00,2025-10-06/2025-10-12,0.436796116830831,0.455659726712596,0.42806953081622406,0.44655720549607547
2889,2025-10-10 14:02:00,2025-10-06/2025-10-12,0.45715768013903885,0.4956545862938189,0.45211764487497585,0.4917207338103987
2893,2025-10-10 14:14:00,2025-10-06/2025-10-12,0.35793113550072797,0.3758563355505068,0.360704785787218,0.3804483943742597
2894,2025-10-10 14:17:00,2025-10-06/2025-10-12,0.38022391434538994,0.3813081788085711,0.38271413681471456,0.38238797864468027
2896,2025-10-10 14:42:00,2025-10-06/2025-10-12,0.2559348174683061,0.2819191908404724,0.2516948775602657,0.2771905986806039
2898,2025-10-10 14:46:00,2025-10-06/2025-10-12,0.26652854355707817,0.2699034873764352,0.27512088857221934,0.2809558780365375
2899,2025-10-10 14:58:00,2025-10-06/2025-10-12,0.2198860643508616,0.23189461985711668,0.22024439826370043,0.23287811854927248
2900,2025-10-10 14:59:00,2025-10-06/2025-10-12,0.38415628085981884,0.4073160551373674,0.3766129089868091,0.39966203853924237
2903,2025-10-10 15:10:00,2025-10-06/2025-10-12,0.5977434385873567,0.6245122406165743,0.5919190651957973,0.6180787770906403
2909,2025-10-10 16:09:00,2025-10-06/2025-10-12,0.21115069963460337,0.29217149027712686,0.21210625494441376,0.2899722117460751
2911,2025-10-10 16:10:00,2025-10-06/2025-10-12,0.2764617795887287,0.28152215642630685,0.2852994097866395,0.29234553133342756
2912,2025-10-10 16:18:00,2025-10-06/2025-10-12,0.20503563760525836,0.2081277608654649,0.20036355643907944,0.20184256500660233
2913,2025-10-10 16:21:00,2025-10-06/2025-10-12,0.2956142946064175,0.3077082226078067,0.2964224684821784,0.3102737085202459
2914,2025-10-10 16:29:00,2025-10-06/2025-10-12,0.24414493216404504,0.2518573985707138,0.24452547253550552,0.25299840966950016
2916,2025-10-10 16:32:00,2025-10-06/2025-10-12,0.4090845891733393,0.41948465629337156,0.40406064810047304,0.41468956635175663
2917,2025-10-10 16:33:00,2025-10-06/2025-10-12,0.2113989369170234,0.22565925859842792,0.20788126001842622,0.22179354393908307
2918,2025-10-10 16:38:00,2025-10-06/2025-10-12,0.2909458293713707,0.3041739628216585,0.2892688843072019,0.3036807704051776
2919,2025-10-10 16:52:00,2025-10-06/2025-10-12,0.2391576280395448,0.2553262918411022,0.23485522384167937,0.25088944397586427
2921,2025-10-10 17:13:00,2025-10-06/2025-10-12,0.33234260016085787,0.354818965607874,0.32686475607310855,0.34853429519402757
2922,2025-10-10 17:19:00,2025-10-06/2025-10-12,0.21290726903440138,0.22689257745490748,0.2083851350751344,0.22184957786297987
2924,2025-10-10 17:20:00,2025-10-06/2025-10-12,0.40846933133238267,0.4400942698371126,0.40059453179741716,0.4323616448783593
2925,2025-10-10 17:21:00,2025-10-06/2025-10-12,0.44758079469450973,0.4545224677874032,0.441805471828151,0.4487504590237899
2933,2025-10-10 18:54:00,2025-10-06/2025-10-12,0.32161114976141253,0.3526260308499444,0.31602335115740343,0.3477931015824198
2937,2025-10-10 19:01:00,2025-10-06/2025-10-12,0.21845717086475364,0.22724027340283498,0.22412228474371812,0.2352813174053253
2939,2025-10-10 19:10:00,2025-10-06/2025-10-12,0.3637226902458104,0.38688382136972344,0.3616860073524237,0.3864236428686348
2940,2025-10-10 19:25:00,2025-10-06/2025-10-12,0.4417694504596275,0.4701546105077642,0.4351187732836877,0.46428265412784286
2943,2025-10-10 19:58:00,2025-10-06/2025-10-12,0.28963471726952134,0.29078323557064667,0.2842616696491801,0.28475848514423036
2948,2025-10-10 20:23:00,2025-10-06/2025-10-12,0.40246264833990614,0.42078960463521803,0.39509686477469835,0.4133434403747552
3012,2025-10-10 21:21:00,2025-10-06/2025-10-12,0.5494893712785611,0.5465432504767782,0.5477592698275108,0.5449320720892165
3014,2025-10-10 21:24:00,2025-10-06/2025-10-12,0.48685374157477057,0.5175034337056412,0.4863709701859062,0.5184546402110222
3017,2025-10-10 21:50:00,2025-10-06/2025-10-12,0.3574739461467332,0.3866462066044972,0.357277528253708,0.38847207179635024
3024,2025-10-10 22:38:00,2025-10-06/2025-10-12,0.3332118106619208,0.34567110448768384,0.33303880736403063,0.34666542846852016
3027,2025-10-10 22:48:00,2025-10-06/2025-10-12,0.3414635457213666,0.358615792137759,0.338468474887646,0.3558140523092233
3029,2025-10-10 23:15:00,2025-10-06/2025-10-12,0.2744817335596086,0.29034384812769004,0.27254764858431046,0.28980681379957174
3031,2025-10-10 23:30:00,2025-10-06/2025-10-12,0.3263826506902401,0.3979100976250367,0.31856971719559635,0.39069130458047163
3033,2025-10-11 01:03:00,2025-10-06/2025-10-12,0.4877168117253041,0.5072795664159419,0.4839508794313027,0.5012102738271931
3034,2025-10-11 01:06:00,2025-10-06/2025-10-12,0.44398319936119107,0.4509705480024702,0.43603013922000927,0.4418398891336779
3035,2025-10-11 01:22:00,2025-10-06/2025-10-12,0.5474914442580396,0.5678840567090702,0.5474602688933433,0.5685999401572889
3037,2025-10-11 01:34:00,2025-10-06/2025-10-12,0.594953126240031,0.6221343330014787,0.5889668644235738,0.6135602608556344
3039,2025-10-11 01:44:00,2025-10-06/2025-10-12,0.5178748226593048,0.5350145478275355,0.5120703399632395,0.5264323369150841
3040,2025-10-11 01:49:00,2025-10-06/2025-10-12,0.42283151131767377,0.42381548412756787,0.42190404289659383,0.42295127799706106
3042,2025-10-11 01:51:00,2025-10-06/2025-10-12,0.29872825747915055,0.3059872885380893,0.2931777342196019,0.29940906213263446
3043,2025-10-11 02:03:00,2025-10-06/2025-10-12,0.3626601130387853,0.36251510481085614,0.36362957087450354,0.3644554572983303
3044,2025-10-11 02:03:00,2025-10-06/2025-10-12,0.43307648609794036,0.44535779288896116,0.4337775309906605,0.44452498314820355
3045,2025-10-11 02:04:00,2025-10-06/2025-10-12,0.2925830330565204,0.2975990433749477,0.2961580549848089,0.302118265671383
3046,2025-10-11 02:05:00,2025-10-06/2025-10-12,0.45383448097602697,0.4662764790581182,0.45226783143406807,0.4648290061143403
3047,2025-10-11 02:06:00,2025-10-06/2025-10-12,0.3076825614181367,0.3207748311367591,0.3079275302034412,0.32247248857558586
3048,2025-10-11 02:07:00,2025-10-06/2025-10-12,0.2952397985758512,0.30081279254640564,0.29619999147470916,0.3021543699937266
3049,2025-10-11 02:08:00,2025-10-06/2025-10-12,0.4049470258271014,0.42131323026918954,0.39802529642075235,0.41230635808309435
3051,2025-10-11 02:09:00,2025-10-06/2025-10-12,0.326446618075836,0.35741004170246715,0.3230026862515558,0.3550468509031221
3052,2025-10-11 02:10:00,2025-10-06/2025-10-12,0.292736247538495,0.29774034005109623,0.29631002285347746,0.30225741610540613
3054,2025-10-11 02:23:00,2025-10-06/2025-10-12,0.36246115289658754,0.37637168913245783,0.3670429510629956,0.38203976499957176
3055,2025-10-11 02:34:00,2025-10-06/2025-10-12,0.43280561231377446,0.4672787546874343,0.4285930428715564,0.461164808443115
3056,2025-10-11 02:35:00,2025-10-06/2025-10-12,0.30425569275608877,0.30621183703629096,0.31668107362795095,0.3221180580649433
3057,2025-10-11 02:37:00,2025-10-06/2025-10-12,0.44483732906997936,0.4628772185647067,0.45242634792592107,0.47260166893242883
3058,2025-10-11 02:38:00,2025-10-06/2025-10-12,0.3308065565853385,0.3674888783089325,0.3312520254353506,0.3686902995599598
3059,2025-10-11 02:42:00,2025-10-06/2025-10-12,0.43728381732368704,0.45334956477994115,0.4329701436503783,0.4486594321393616
3060,2025-10-11 02:45:00,2025-10-06/2025-10-12,0.45926006258821267,0.46483851068412896,0.45100622751032643,0.4553113822650646
3061,2025-10-11 02:46:00,2025-10-06/2025-10-12,0.5142469834928508,0.5380199364829494,0.5122193494677824,0.5361258690827898
3063,2025-10-11 03:15:00,2025-10-06/2025-10-12,0.34804881870160415,0.37389577010525077,0.3431256239462934,0.36995116643147974
3065,2025-10-11 03:18:00,2025-10-06/2025-10-12,0.3539756008028874,0.3813533265916628,0.34702057320652807,0.3747681027573513
3066,2025-10-11 03:44:00,2025-10-06/2025-10-12,0.29548173948889406,0.300254267285347,0.2990301968751411,0.3047296489660808
3067,2025-10-11 03:45:00,2025-10-06/2025-10-12,0.3752460864439159,0.37609719359228,0.36878281726710516,0.3690840356101218
3068,2025-10-11 04:03:00,2025-10-06/2025-10-12,0.5541306026495255,0.5757536325219843,0.5521790233843069,0.5741679657166319
3069,2025-10-11 04:05:00,2025-10-06/2025-10-12,0.3592315055882502,0.38082507634559076,0.35643092176581476,0.37724326710482686
3070,2025-10-11 04:06:00,2025-10-06/2025-10-12,0.46248524910635225,0.356720045051884,0.4594041295649916,0.3535587681347108
3071,2025-10-11 04:06:00,2025-10-06/2025-10-12,0.48766727530797244,0.5289076252118443,0.48318183351921173,0.5245279397759418
3073,2025-10-11 04:08:00,2025-10-06/2025-10-12,0.3548498634135177,0.3680906709826062,0.36679115484434216,0.38276234025619826
3075,2025-10-11 04:09:00,2025-10-06/2025-10-12,0.4458703672969092,0.462231129950636,0.455593614775488,0.47492604510178765
3076,2025-10-11 04:10:00,2025-10-06/2025-10-12,0.3683147092872186,0.37678680140584264,0.36955115817612266,0.37932087120480407
3078,2025-10-11 04:11:00,2025-10-06/2025-10-12,0.38337142639673016,0.410757983189238,0.3761333299529249,0.4022439345093307
3080,2025-10-11 04:14:00,2025-10-06/2025-10-12,0.4696614338316743,0.5085058737576205,0.463248934965228,0.5013281149345608
3082,2025-10-11 04:15:00,2025-10-06/2025-10-12,0.3141762003526197,0.3205584998837261,0.3068936625795631,0.3118561247753396
3083,2025-10-11 04:16:00,2025-10-06/2025-10-12,0.44357972258561595,0.4633972740512871,0.4426073440421943,0.46319243789123893
3084,2025-10-11 04:17:00,2025-10-06/2025-10-12,0.34872618129118593,0.3677738182047804,0.3463986222994854,0.36492756893453615
3085,2025-10-11 04:18:00,2025-10-06/2025-10-12,0.5427679654367988,0.5819793624528031,0.5375730445038167,0.5766210636422593
3086,2025-10-11 04:22:00,2025-10-06/2025-10-12,0.5275120212314719,0.5714703457456124,0.5222273024454042,0.563091372434907
3087,2025-10-11 04:23:00,2025-10-06/2025-10-12,0.4624783029463387,0.4815473961483295,0.45811234974839554,0.4771988795737578
3088,2025-10-11 04:25:00,2025-10-06/2025-10-12,0.3635684422022403,0.37421783326870217,0.35694380034371115,0.3668260477454144
3089,2025-10-11 04:26:00,2025-10-06/2025-10-12,0.33204200729209277,0.3604125495844763,0.32565612605522537,0.3527120412097251
3090,2025-10-11 04:28:00,2025-10-06/2025-10-12,0.40766193445191884,0.5137565259484509,0.39934339602730207,0.4990634279159462
3091,2025-10-11 04:31:00,2025-10-06/2025-10-12,0.45185049102306146,0.46708430314898297,0.44573794972926367,0.46019106399924375
3092,2025-10-11 04:41:00,2025-10-06/2025-10-12,0.40907908206011434,0.44598089398178176,0.4033080031296683,0.4400547278104719
3093,2025-10-11 04:43:00,2025-10-06/2025-10-12,0.3037906741301633,0.3098359225099503,0.30070370181497746,0.3062445306723709
3094,2025-10-11 04:46:00,2025-10-06/2025-10-12,0.32702658580645705,0.3514152558328018,0.3260744353670685,0.350891820067403
3095,2025-10-11 05:06:00,2025-10-06/2025-10-12,0.6733111399123343,0.5039687592752545,0.669904906286126,0.5014808403117583
3096,2025-10-11 05:08:00,2025-10-06/2025-10-12,0.37195196608380177,0.38871270450113604,0.37085656546697526,0.38743048208840647
3097,2025-10-11 05:18:00,2025-10-06/2025-10-12,0.36717366397029894,0.3829036453665149,0.3644964366279056,0.37970763404013796
3098,2025-10-11 05:20:00,2025-10-06/2025-10-12,0.3651264509563202,0.38134620326495294,0.35832802459662033,0.373241617244758
3101,2025-10-11 05:44:00,2025-10-06/2025-10-12,0.3698173091506743,0.3698651731615792,0.3677916349472079,0.3681936468071764
3102,2025-10-11 05:56:00,2025-10-06/2025-10-12,0.3931508708918876,0.4189101117418151,0.39178938695295235,0.41911757643173553
3103,2025-10-11 06:00:00,2025-10-06/2025-10-12,0.3543119766812198,0.37114779534991565,0.34958342932730174,0.3656138940703822
3104,2025-10-11 06:01:00,2025-10-06/2025-10-12,0.4577271361815895,0.4754338051857691,0.4538906195681172,0.4718876252960409
3108,2025-10-11 06:08:00,2025-10-06/2025-10-12,0.42844052026131685,0.43857907240521354,0.4262735488688264,0.43684708044895226
3109,2025-10-11 06:13:00,2025-10-06/2025-10-12,0.4976990424900296,0.517867760092038,0.49950508362692936,0.5208269375373968
3112,2025-10-11 06:32:00,2025-10-06/2025-10-12,0.38797835932505975,0.4097056403348642,0.39130293351842754,0.4150415272187478
3114,2025-10-11 06:48:00,2025-10-06/2025-10-12,0.4303592796793868,0.44078732432218715,0.42664243336388663,0.43718016046253444
3115,2025-10-11 06:51:00,2025-10-06/2025-10-12,0.37035862317659773,0.3938729191353726,0.37380072938858383,0.40004690481092625
3117,2025-10-11 06:59:00,2025-10-06/2025-10-12,0.3992149135548729,0.44126509103478434,0.39626771772141867,0.4388587186255421
3118,2025-10-11 07:03:00,2025-10-06/2025-10-12,0.36771506495000195,0.39527588560772514,0.36491056787135945,0.3928959503483379
3119,2025-10-11 07:04:00,2025-10-06/2025-10-12,0.5305774756345227,0.5617058537464245,0.5265749423411973,0.5567671137130794
3120,2025-10-11 07:05:00,2025-10-06/2025-10-12,0.5217927089958333,0.5473292653132891,0.5235914728260449,0.550586383323545
3121,2025-10-11 07:08:00,2025-10-06/2025-10-12,0.4668094598479781,0.5122447472828715,0.46985626173182454,0.5182205089094049
3124,2025-10-11 07:20:00,2025-10-06/2025-10-12,0.4093630317377838,0.4355524030082667,0.4190561826678957,0.4475741603519535
3125,2025-10-11 07:20:00,2025-10-06/2025-10-12,0.6751262298084256,0.6745089301205777,0.6715299142982706,0.6719741393080683
3126,2025-10-11 07:30:00,2025-10-06/2025-10-12,0.3164049812289091,0.3324514887522876,0.31148748720229663,0.3248361416893452
3136,2025-10-11 07:44:00,2025-10-06/2025-10-12,0.48330546950512243,0.5107653503828464,0.4806746577667677,0.5082627250917515
3137,2025-10-11 07:45:00,2025-10-06/2025-10-12,0.5723755429497936,0.6143424342825928,0.5677878975437609,0.6087318685779824
3138,2025-10-11 07:46:00,2025-10-06/2025-10-12,0.5473748037623861,0.587722572439844,0.5486504331774066,0.5896234905249972
3139,2025-10-11 08:02:00,2025-10-06/2025-10-12,0.630571290335911,0.662268746388445,0.626562741707075,0.6572174615719968
3140,2025-10-11 08:03:00,2025-10-06/2025-10-12,0.5978421715514124,0.6273583770110512,0.6004129937428033,0.6309406233679592
3141,2025-10-11 08:04:00,2025-10-06/2025-10-12,0.4329413219179321,0.4477311532515595,0.446321302106107,0.46504733916545443
3142,2025-10-11 08:04:00,2025-10-06/2025-10-12,0.517614527127996,0.5471072595228733,0.5177938346755182,0.5482018869212449
3143,2025-10-11 08:05:00,2025-10-06/2025-10-12,0.5200044991162177,0.5477378080296462,0.5218230838790813,0.5508990216385851
3146,2025-10-11 08:07:00,2025-10-06/2025-10-12,0.3588368373767292,0.3748872119769871,0.35542538995720424,0.3709578975446699
3148,2025-10-11 08:08:00,2025-10-06/2025-10-12,0.35080267620256594,0.36790625271076055,0.3461530057562248,0.36247419443050194
3149,2025-10-11 08:09:00,2025-10-06/2025-10-12,0.34454773537012623,0.3653854130017654,0.33977517027128096,0.3596742586078059
3150,2025-10-11 08:11:00,2025-10-06/2025-10-12,0.45604008816004393,0.4743645939932037,0.4506991374276202,0.4690067226343534
3151,2025-10-11 08:13:00,2025-10-06/2025-10-12,0.5103078407516124,0.5611160145791623,0.5078472745845756,0.5592320269992538
3152,2025-10-11 08:14:00,2025-10-06/2025-10-12,0.45196473284726596,0.4706530894616051,0.4466985749467136,0.4653932154497403
3156,2025-10-11 08:22:00,2025-10-06/2025-10-12,0.40522453463465463,0.42697791513271266,0.40152117952285404,0.42328117144466826
3157,2025-10-11 08:23:00,2025-10-06/2025-10-12,0.3322912606149526,0.36288390240500484,0.32968100152878044,0.3607542687374666
3158,2025-10-11 08:26:00,2025-10-06/2025-10-12,0.7337214875533176,0.8187204120373603,0.7348965736887219,0.8159207087312035
3161,2025-10-11 08:32:00,2025-10-06/2025-10-12,0.4551378496211586,0.47307291636112553,0.4513464860207174,0.46958716115958954
3163,2025-10-11 08:37:00,2025-10-06/2025-10-12,0.4071353714347791,0.427337719763067,0.4101985078217648,0.4322877107177398
3165,2025-10-11 08:42:00,2025-10-06/2025-10-12,0.5698040431957326,0.6009671270530585,0.5656945859169609,0.5964427626405633
3166,2025-10-11 08:51:00,2025-10-06/2025-10-12,0.4963008765354741,0.5249050403395088,0.49671468189450063,0.5264805446387227
3169,2025-10-11 09:06:00,2025-10-06/2025-10-12,0.5066963780823606,0.5224490088417227,0.5032069610945918,0.5187870471375295
3175,2025-10-11 09:10:00,2025-10-06/2025-10-12,0.4731673296751794,0.4798608106640705,0.47014277490512424,0.4767022228935628
3176,2025-10-11 09:11:00,2025-10-06/2025-10-12,0.3220547319185262,0.346200246425947,0.3190051678768112,0.34264427555594534
3183,2025-10-11 09:28:00,2025-10-06/2025-10-12,0.3397678042512457,0.3797059239236612,0.3450229416681646,0.38639041141697594
3186,2025-10-11 09:30:00,2025-10-06/2025-10-12,0.38586955309391724,0.4141361854901493,0.3883871105262241,0.41762970688367207
3188,2025-10-11 09:41:00,2025-10-06/2025-10-12,0.47585320378832013,0.5132303823712968,0.47298735825287797,0.5105133370556459
3190,2025-10-11 09:51:00,2025-10-06/2025-10-12,0.45790005483054613,0.47559117033393006,0.45406048780911773,0.4720409189699937
3193,2025-10-11 09:53:00,2025-10-06/2025-10-12,0.3376420533142289,0.34496523186277683,0.3340032974467752,0.34079600908171925
3201,2025-10-11 10:09:00,2025-10-06/2025-10-12,0.41024968028599024,0.43111413852728653,0.41026782036150633,0.43235120904898455
3202,2025-10-11 10:10:00,2025-10-06/2025-10-12,0.45970542496492617,0.48978185948383696,0.4559347595590827,0.4859614919016807
3203,2025-10-11 10:11:00,2025-10-06/2025-10-12,0.36151553952934945,0.3884573858817963,0.3568764955040452,0.3835467468439839
3204,2025-10-11 10:12:00,2025-10-06/2025-10-12,0.46301988981915204,0.4866034140764562,0.47963352571167595,0.5068767285927466
3205,2025-10-11 10:33:00,2025-10-06/2025-10-12,0.36885046206909217,0.38980972155776183,0.37742859897066855,0.4012415621368757
3209,2025-10-11 10:41:00,2025-10-06/2025-10-12,0.4192550341295931,0.45465875692034025,0.415055614058283,0.44970148440017543
3210,2025-10-11 10:45:00,2025-10-06/2025-10-12,0.46617588589637815,0.49561201747516936,0.46252737942155836,0.4929252044864362
3212,2025-10-11 10:46:00,2025-10-06/2025-10-12,0.3576493453038726,0.3738423258176666,0.35530812847810583,0.37122301747131636
3215,2025-10-11 11:09:00,2025-10-06/2025-10-12,0.49983636238709656,0.5257217323453459,0.49693237248897615,0.5228480995555145
3216,2025-10-11 11:17:00,2025-10-06/2025-10-12,0.5051782315336136,0.5264949222431667,0.500667120798724,0.5218677085096775
3217,2025-10-11 11:27:00,2025-10-06/2025-10-12,0.4180498287523413,0.42881678874197476,0.4227546739800152,0.4328176801911518
3219,2025-10-11 11:31:00,2025-10-06/2025-10-12,0.45565992382598547,0.47401847910723116,0.4503259259702405,0.4686697269845238
3231,2025-10-11 12:15:00,2025-10-06/2025-10-12,0.24189652860263816,0.2616627428641692,0.23922106153907877,0.2580888419178089
3232,2025-10-11 12:16:00,2025-10-06/2025-10-12,0.23956756424362596,0.2587142710990834,0.23919390290530512,0.2580561715545159
3234,2025-10-11 12:28:00,2025-10-06/2025-10-12,0.2387653661060321,0.2575966379819576,0.23953310927180188,0.25838184536074554
3235,2025-10-11 12:41:00,2025-10-06/2025-10-12,0.2629862709711856,0.2779192210291903,0.2718961865589928,0.28871636828570335
3236,2025-10-11 12:45:00,2025-10-06/2025-10-12,0.23843196136906805,0.2572782974637887,0.23920432741844294,0.2580707830315041
3237,2025-10-11 13:01:00,2025-10-06/2025-10-12,0.2540407452615233,0.3101650795776979,0.252024318677512,0.3073734770398248
3242,2025-10-11 13:28:00,2025-10-06/2025-10-12,0.35310560925426626,0.39918228218012836,0.3476853169182434,0.39268284308042223
3243,2025-10-11 13:34:00,2025-10-06/2025-10-12,0.29240361843518636,0.2994280099757711,0.2899969403593838,0.29528680178470057
3247,2025-10-11 13:45:00,2025-10-06/2025-10-12,0.4437755630903295,0.5033543662372716,0.4412103155005774,0.4981475190712025
3257,2025-10-11 14:19:00,2025-10-06/2025-10-12,0.35754023395213846,0.3792391089947272,0.35350129745391373,0.3747017921582622
3261,2025-10-11 14:41:00,2025-10-06/2025-10-12,0.33728273313420254,0.3639152713170189,0.33808390736508287,0.36444334033220877
3262,2025-10-11 14:52:00,2025-10-06/2025-10-12,0.4055306380388941,0.43536344570425806,0.40207711299492527,0.43108862481058896
3271,2025-10-11 15:12:00,2025-10-06/2025-10-12,0.28133276356548526,0.3068066029234373,0.27949431838679695,0.30475676410052005
3278,2025-10-11 15:31:00,2025-10-06/2025-10-12,0.30728348453076637,0.34883587523333925,0.31383316486355933,0.3563785262202352
3279,2025-10-11 15:33:00,2025-10-06/2025-10-12,0.22724693316065195,0.2524064068325472,0.2238900732113504,0.24747355891709807
3283,2025-10-11 16:02:00,2025-10-06/2025-10-12,0.3028673326670449,0.3168314982960643,0.30661540375826635,0.32108919677734565
3285,2025-10-11 16:05:00,2025-10-06/2025-10-12,0.41547137232666337,0.4482619030510244,0.4169844698579013,0.4506158183799679
3288,2025-10-11 16:25:00,2025-10-06/2025-10-12,0.29472460920803256,0.32311997692812705,0.2999753356398316,0.33175075999175707
3290,2025-10-11 16:31:00,2025-10-06/2025-10-12,0.2300065611544702,0.2566158999801222,0.22735799905911552,0.25304374441712835
3291,2025-10-11 16:36:00,2025-10-06/2025-10-12,0.36701261644351735,0.24452628106530142,0.36685909931816507,0.2442929392500358
3292,2025-10-11 16:48:00,2025-10-06/2025-10-12,0.38951304651725954,0.27916653120479973,0.38556597716921603,0.2754062295234779
3293,2025-10-11 17:02:00,2025-10-06/2025-10-12,0.4017966541037728,0.41806527588222464,0.40547363070718706,0.42039923160321807
3299,2025-10-11 17:34:00,2025-10-06/2025-10-12,0.30261979822536605,0.34004294702778964,0.3061426478675922,0.34470607849492
3307,2025-10-11 19:37:00,2025-10-06/2025-10-12,0.27221773538736443,0.30734674503351705,0.2766070520145078,0.311956804715011
3313,2025-10-11 20:16:00,2025-10-06/2025-10-12,0.38915522976138484,0.4275772101461202,0.38400425577010655,0.4217681749693595
3317,2025-10-11 21:25:00,2025-10-06/2025-10-12,0.2805158058579589,0.31165564121042116,0.27876183292643836,0.3109456988898669
3319,2025-10-12 01:13:00,2025-10-06/2025-10-12,0.34263584327633123,0.35433108699332233,0.3395162661476165,0.35140014553024457
3320,2025-10-12 01:32:00,2025-10-06/2025-10-12,0.36999561885948107,0.39031976184133993,0.37163808377386026,0.39340321935037736
3326,2025-10-12 03:05:00,2025-10-06/2025-10-12,0.36075360871181866,0.4203213374739193,0.35546122071194003,0.4151214642577078
3327,2025-10-12 03:08:00,2025-10-06/2025-10-12,0.36999523411402013,0.4067274625377919,0.3645264405868414,0.40004590626627556
3328,2025-10-12 03:12:00,2025-10-06/2025-10-12,0.35167595145775304,0.3630806332393295,0.34696630249648247,0.3581994960061754
3330,2025-10-12 03:22:00,2025-10-06/2025-10-12,0.44133510377120067,0.4577388807889994,0.43566577536055306,0.451582044998714
3331,2025-10-12 03:29:00,2025-10-06/2025-10-12,0.49182130102367033,0.5180887185657692,0.4901495427353795,0.5167435051860156
3333,2025-10-12 04:03:00,2025-10-06/2025-10-12,0.3902785666535598,0.3974946533221844,0.3899402677020977,0.3982452934903735
3334,2025-10-12 04:05:00,2025-10-06/2025-10-12,0.3557527620974624,0.3668242757672345,0.35095183947183833,0.3618275907589545
3335,2025-10-12 04:08:00,2025-10-06/2025-10-12,0.3545827561348447,0.37157754552808553,0.35827652914453456,0.37638121862999796
3336,2025-10-12 04:08:00,2025-10-06/2025-10-12,0.3335934638281573,0.366420469162435,0.3294072165050313,0.36233530073365
3337,2025-10-12 04:10:00,2025-10-06/2025-10-12,0.274676142792648,0.30395894706430343,0.27169192178549584,0.3003816963899566
3338,2025-10-12 04:14:00,2025-10-06/2025-10-12,0.41232468396224414,0.4275131292482061,0.41385064425120033,0.4320865861794112
3340,2025-10-12 04:27:00,2025-10-06/2025-10-12,0.37639828690457894,0.3854162942458331,0.3788886155081468,0.38683510899146833
3342,2025-10-12 04:29:00,2025-10-06/2025-10-12,0.42238077899232473,0.44381445611642883,0.41528064569098555,0.43461063058522875
3343,2025-10-12 04:33:00,2025-10-06/2025-10-12,0.5201642536319924,0.5368429342307384,0.5161176925141054,0.5305409826820758
3344,2025-10-12 04:43:00,2025-10-06/2025-10-12,0.4424695346822807,0.4573830422892744,0.4413564758786125,0.45672765002088184
3346,2025-10-12 04:51:00,2025-10-06/2025-10-12,0.4522247249341516,0.4607520078876501,0.4476667712531047,0.45611031109897104
3351,2025-10-12 05:27:00,2025-10-06/2025-10-12,0.48463714342222164,0.5008916616775996,0.4826365137473159,0.4980832931429241
3353,2025-10-12 05:33:00,2025-10-06/2025-10-12,0.47647014728071835,0.5358075175825273,0.4690183780770261,0.5291165646746521
3354,2025-10-12 05:50:00,2025-10-06/2025-10-12,0.3849016594277095,0.3934836633585752,0.3817239135585628,0.39081081155809
3358,2025-10-12 06:13:00,2025-10-06/2025-10-12,0.44848508278658195,0.4779076427325747,0.4512858134936009,0.4822463756835937
3360,2025-10-12 06:41:00,2025-10-06/2025-10-12,0.5380369062650391,0.5713028681093442,0.5198135977273527,0.5488409886831979
3361,2025-10-12 06:44:00,2025-10-06/2025-10-12,0.5628701118753521,0.589998896767026,0.562185297522087,0.5879021168343921
3362,2025-10-12 07:01:00,2025-10-06/2025-10-12,0.30649678664215235,0.33396655181098384,0.30598878609910635,0.3346088540455117
3365,2025-10-12 07:12:00,2025-10-06/2025-10-12,0.49078656451972974,0.5015958434282897,0.4899242134306986,0.5010565865913447
3367,2025-10-12 07:24:00,2025-10-06/2025-10-12,0.5544085394439704,0.5820036166017414,0.5553895194178109,0.5818945075005844
3368,2025-10-12 07:29:00,2025-10-06/2025-10-12,0.33013825015255505,0.24901189915160932,0.32836455055225333,0.24689777212403843
3369,2025-10-12 07:34:00,2025-10-06/2025-10-12,0.4898226483471452,0.515494621377938,0.4919741314576914,0.5188903863057991
3370,2025-10-12 07:45:00,2025-10-06/2025-10-12,0.5628527365349225,0.6052151799887555,0.5602777877467712,0.6032531922493856
3371,2025-10-12 07:52:00,2025-10-06/2025-10-12,0.5224912270445747,0.5525843757275032,0.5232136724755337,0.5546116091539046
3372,2025-10-12 07:55:00,2025-10-06/2025-10-12,0.5283030903812963,0.5458346570639848,0.5255968752935731,0.543511190083902
3373,2025-10-12 07:59:00,2025-10-06/2025-10-12,0.3461128144309496,0.3629267233675635,0.3427078157103273,0.3591991362524445
3374,2025-10-12 08:02:00,2025-10-06/2025-10-12,0.349208900448657,0.3514393258344444,0.3476482917509468,0.3485841720988684
3375,2025-10-12 08:06:00,2025-10-06/2025-10-12,0.3832852347605378,0.40226178936235524,0.3808811749426038,0.40129005334718
3376,2025-10-12 08:08:00,2025-10-06/2025-10-12,0.6837361214814381,0.5486272905109506,0.6820679868727751,0.5459430583578236
3378,2025-10-12 08:11:00,2025-10-06/2025-10-12,0.35660294083655836,0.3717275562962933,0.3577211942370518,0.37351039502754124
3380,2025-10-12 08:13:00,2025-10-06/2025-10-12,0.49057989526173756,0.5175730403137209,0.4880730835647635,0.5153831875895156
3382,2025-10-12 08:19:00,2025-10-06/2025-10-12,0.3733601768344853,0.39176733271006947,0.3754895029473036,0.3963545390707185
3384,2025-10-12 08:29:00,2025-10-06/2025-10-12,0.40544419753405825,0.42556677226981254,0.4079438035873861,0.42960220868618326
3401,2025-10-12 14:40:00,2025-10-06/2025-10-12,0.3357755264496373,0.3943422596894349,0.33754797496317585,0.3960532104672921
3402,2025-10-12 14:41:00,2025-10-06/2025-10-12,0.34920839270819404,0.2609416723915741,0.3469723357660784,0.25878204965388474
3403,2025-10-12 14:54:00,2025-10-06/2025-10-12,0.6532625028047282,0.5391235957660028,0.6560879386258126,0.5440162128127063
3409,2025-10-12 15:57:00,2025-10-06/2025-10-12,0.2894906008485777,0.3020108620009704,0.28873158308592534,0.29777674125944836
3410,2025-10-12 16:13:00,2025-10-06/2025-10-12,0.41772940725935054,0.4413270271538613,0.41529475687876233,0.43842487197710894
3411,2025-10-12 16:18:00,2025-10-06/2025-10-12,0.25777827142127574,0.22827624770893593,0.26294200985395133,0.23416394237551802
3418,2025-10-12 17:02:00,2025-10-06/2025-10-12,0.4695385530971801,0.5013656357301463,0.4696806895544171,0.49954655192763614
3421,2025-10-12 17:59:00,2025-10-06/2025-10-12,0.3013479244697412,0.33101461351090194,0.30204983600275587,0.3317582152222058
3423,2025-10-12 18:42:00,2025-10-06/2025-10-12,0.3804186920398093,0.3987618909925137,0.3837417613594751,0.40327091680330934
3425,2025-10-12 19:13:00,2025-10-06/2025-10-12,0.24753415179166316,0.26527925767972554,0.25370966047394317,0.273311320389477
3433,2025-10-12 21:10:00,2025-10-06/2025-10-12,0.5734030824028487,0.4337121526400329,0.5681809083782167,0.42824664952439906
3434,2025-10-12 22:06:00,2025-10-06/2025-10-12,0.4346389759280176,0.4618187007308758,0.44720404297770816,0.477988779289734
3444,2025-10-13 03:57:00,2025-10-13/2025-10-19,0.7423591020921191,0.7378962601088185,0.742805240367417,0.7403909381088767
3448,2025-10-13 04:08:00,2025-10-13/2025-10-19,0.5870860270985904,0.6216367495531958,0.5869462089402387,0.6219546387323356
3449,2025-10-13 04:09:00,2025-10-13/2025-10-19,0.6067174700151744,0.6268590206426271,0.610871117704999,0.6330536558863007
3450,2025-10-13 04:10:00,2025-10-13/2025-10-19,0.6052540346616312,0.6237204302039399,0.6025855935227743,0.6239957339049533
3451,2025-10-13 04:12:00,2025-10-13/2025-10-19,0.7318730674186394,0.6954549366047724,0.729841929111436,0.6952978941123948
3452,2025-10-13 04:53:00,2025-10-13/2025-10-19,0.7448833207949537,0.7552782823136118,0.7427392078682136,0.7550724845932499
3454,2025-10-13 05:44:00,2025-10-13/2025-10-19,0.7073770352472307,0.7263320573613175,0.7050711127137398,0.7266732389667588
3459,2025-10-13 06:28:00,2025-10-13/2025-10-19,0.6649317362367155,0.6788736330842152,0.6638676084620485,0.6798485951973658
3461,2025-10-13 06:42:00,2025-10-13/2025-10-19,0.7987015932465863,0.8151103251006311,0.7972881262583242,0.8160587811285495
3462,2025-10-13 06:53:00,2025-10-13/2025-10-19,0.5230589949549554,0.5641904974895284,0.5218222728246057,0.5655783575122032
3464,2025-10-13 07:03:00,2025-10-13/2025-10-19,0.47234382218601134,0.497792327201386,0.4703091296090848,0.49732338100916984
3466,2025-10-13 07:25:00,2025-10-13/2025-10-19,0.6695950086046161,0.690399802802863,0.6691635527456735,0.6919460238896948
3467,2025-10-13 07:43:00,2025-10-13/2025-10-19,0.6801326350246004,0.6988157869768155,0.6771416082227341,0.6980938208021312
3468,2025-10-13 07:48:00,2025-10-13/2025-10-19,0.7859113016411096,0.8045398249677828,0.7867803753937879,0.8075698547539522
3469,2025-10-13 08:14:00,2025-10-13/2025-10-19,0.7589469760302706,0.7736026387209367,0.7571043467681838,0.7737905932782347
3470,2025-10-13 08:28:00,2025-10-13/2025-10-19,0.75211690175517,0.6603038568518257,0.7514384739775521,0.6621296342319473
3471,2025-10-13 08:35:00,2025-10-13/2025-10-19,0.6753258849973341,0.6824336995819028,0.6746717810063533,0.6833459167220274
3472,2025-10-13 09:01:00,2025-10-13/2025-10-19,0.6531712745941552,0.6879800577800189,0.6517473183017571,0.6894454366592278
3473,2025-10-13 09:04:00,2025-10-13/2025-10-19,0.7277330277368415,0.7407126064453131,0.7259547661811646,0.7410687522281946
3475,2025-10-13 09:31:00,2025-10-13/2025-10-19,0.6846341717736665,0.6969027551659301,0.6867799295520469,0.7003429891144832
3476,2025-10-13 09:32:00,2025-10-13/2025-10-19,0.7459054614545632,0.7709888574369492,0.7452922465536382,0.7719619893614684
3479,2025-10-13 10:10:00,2025-10-13/2025-10-19,0.7421035868566385,0.7603943353771656,0.7443163243902298,0.7617544023700165
3480,2025-10-13 10:11:00,2025-10-13/2025-10-19,0.7686691783886315,0.7902228461323519,0.7676498481065854,0.7912124166442934
3482,2025-10-13 10:21:00,2025-10-13/2025-10-19,0.8493930312086625,0.8615755018504939,0.8486315749025746,0.8621161627124047
3485,2025-10-13 10:58:00,2025-10-13/2025-10-19,0.6753925528051302,0.6948282500595363,0.6752750986912266,0.6953265193418648
3488,2025-10-13 11:02:00,2025-10-13/2025-10-19,0.7197345421853705,0.7815071570558043,0.7116607751677354,0.7775853785188938
3490,2025-10-13 11:08:00,2025-10-13/2025-10-19,0.7240469414662177,0.7400088112018222,0.7225183535256654,0.7406905619656228
3492,2025-10-13 11:26:00,2025-10-13/2025-10-19,0.7624194328902154,0.7739353288316537,0.761601772186589,0.7751470311473365
3493,2025-10-13 11:26:00,2025-10-13/2025-10-19,0.6807033779957334,0.6988439752372457,0.6778295935334244,0.6981642045088688
3498,2025-10-13 12:11:00,2025-10-13/2025-10-19,0.6921770886263254,0.6105085391138206,0.6917245016339146,0.6129471868289857
3501,2025-10-13 12:58:00,2025-10-13/2025-10-19,0.7791195140284779,0.7081457823105973,0.7781809850049374,0.7095725331222814
3502,2025-10-13 13:48:00,2025-10-13/2025-10-19,0.5639471823801845,0.5535628073694956,0.5665958327492412,0.5566251318188542
3506,2025-10-13 15:27:00,2025-10-13/2025-10-19,0.6547400288637106,0.6875273107537352,0.6530800347005512,0.6880581526328612
3507,2025-10-13 15:27:00,2025-10-13/2025-10-19,0.7592870877294943,0.6791922110293581,0.7571447886322589,0.6788465516559037
3508,2025-10-13 15:33:00,2025-10-13/2025-10-19,0.653657125121537,0.6652047497858244,0.6532326956896571,0.667226066984392
3509,2025-10-13 15:40:00,2025-10-13/2025-10-19,0.6939603512355323,0.7151624252293359,0.6915697863507589,0.7150982486998658
3514,2025-10-13 16:19:00,2025-10-13/2025-10-19,0.6590312001358808,0.6908635333481341,0.6640043557051525,0.6945991090750718
3515,2025-10-13 16:34:00,2025-10-13/2025-10-19,0.6178689427746994,0.626257846044888,0.6156675325051175,0.6264371785988068
3520,2025-10-13 18:02:00,2025-10-13/2025-10-19,0.7157633854347671,0.7423103548559791,0.7151013821314638,0.7437936561287238
3523,2025-10-13 18:18:00,2025-10-13/2025-10-19,0.7346740145445327,0.7319396187641803,0.7336582969995236,0.7325029445533522
3530,2025-10-13 19:17:00,2025-10-13/2025-10-19,0.6245214615603606,0.642457618053744,0.6246280616389579,0.6447963430004439
3533,2025-10-13 20:47:00,2025-10-13/2025-10-19,0.6217393112638842,0.6600938651630575,0.6183591776840344,0.65621420546921
3534,2025-10-13 21:20:00,2025-10-13/2025-10-19,0.7295306748047897,0.7651340050401723,0.7357131933818535,0.7716809493390966
3536,2025-10-13 21:31:00,2025-10-13/2025-10-19,0.7297266249726896,0.7455983903152175,0.7262269670982329,0.7448512265827586
3539,2025-10-13 22:46:00,2025-10-13/2025-10-19,0.6675331953094544,0.6776107375328749,0.6666051916721145,0.6785082287838516
3540,2025-10-14 00:17:00,2025-10-13/2025-10-19,0.28224663922562404,0.27566329193420186,0.28248381515838483,0.2757324533920239
3543,2025-10-14 02:02:00,2025-10-13/2025-10-19,0.3152414157532709,0.32097489349981057,0.31076946080303436,0.31735483961710287
3547,2025-10-14 04:07:00,2025-10-13/2025-10-19,0.31068675726215766,0.3201121654562775,0.3092852702190687,0.31898094093165086
3549,2025-10-14 05:02:00,2025-10-13/2025-10-19,0.2419301514869001,0.25233602405698025,0.2409205707398451,0.2515433451812464
3552,2025-10-14 06:11:00,2025-10-13/2025-10-19,0.34179012840599676,0.3458258257335582,0.3395864806891861,0.34401452798793336
3553,2025-10-14 06:13:00,2025-10-13/2025-10-19,0.34296274587783654,0.33988629405576254,0.3445565279450783,0.3404283930402084
3560,2025-10-14 07:35:00,2025-10-13/2025-10-19,0.32457176382452724,0.3301254724605423,0.32515513091331777,0.3307384537879542
3562,2025-10-14 07:41:00,2025-10-13/2025-10-19,0.34871361743958273,0.37211110425225136,0.34735237066549085,0.3708924204608515
3563,2025-10-14 07:50:00,2025-10-13/2025-10-19,0.2962018181653583,0.30140426494243006,0.29546747803052065,0.3007247900010087
3565,2025-10-14 08:13:00,2025-10-13/2025-10-19,0.2966793339219085,0.30184273949997725,0.295938093462314,0.30115905783039654
3568,2025-10-14 08:29:00,2025-10-13/2025-10-19,0.3373210343538469,0.2945594088332952,0.33433143595805204,0.2916759209554339
3569,2025-10-14 08:37:00,2025-10-13/2025-10-19,0.38405375845887046,0.3937934288070323,0.3835663256508335,0.39310993180187737
3570,2025-10-14 08:39:00,2025-10-13/2025-10-19,0.49610768565421287,0.5120959384203116,0.4917333345499879,0.5086776022767768
3571,2025-10-14 08:40:00,2025-10-13/2025-10-19,0.427347662552857,0.4417872963836325,0.42619453440141764,0.44037438192628
3577,2025-10-14 10:49:00,2025-10-13/2025-10-19,0.42835680395952314,0.3810751952712021,0.4346797258989033,0.3856214472800965
3580,2025-10-14 12:53:00,2025-10-13/2025-10-19,0.24791207707985852,0.27439204634996095,0.24973687748322684,0.27624128213742805
3582,2025-10-14 13:23:00,2025-10-13/2025-10-19,0.38165349743706023,0.4004257877457278,0.3815630061510542,0.40038562209976974
3584,2025-10-14 14:03:00,2025-10-13/2025-10-19,0.3119643573156424,0.22971059597296256,0.3110663238213124,0.2288847922983144
3585,2025-10-14 14:27:00,2025-10-13/2025-10-19,0.3063688572093073,0.3130159417079183,0.29835492985784395,0.30625780963849575
3586,2025-10-14 14:50:00,2025-10-13/2025-10-19,0.4062439209689365,0.4324336069908706,0.4035829562290387,0.428595070456214
3587,2025-10-14 14:51:00,2025-10-13/2025-10-19,0.3144509438209047,0.31739801808347523,0.31291851732409126,0.315692335149809
3616,2025-10-14 16:33:00,2025-10-13/2025-10-19,0.2830745283311635,0.2929320284615569,0.27996747866721133,0.2902600992757495
3617,2025-10-14 16:34:00,2025-10-13/2025-10-19,0.4092431500416911,0.4278256421852149,0.4064241451808328,0.4250594486945668
3624,2025-10-14 17:22:00,2025-10-13/2025-10-19,0.27850395055996346,0.29550186990658256,0.2740913616754913,0.29143342687274154
3625,2025-10-14 17:53:00,2025-10-13/2025-10-19,0.4264047937813945,0.43649571193274833,0.4232022532995904,0.4343004054802852
3626,2025-10-14 17:54:00,2025-10-13/2025-10-19,0.3133129235981101,0.34223804005871655,0.3204014218608784,0.34944264964363636
3633,2025-10-14 20:06:00,2025-10-13/2025-10-19,0.40936498033198526,0.4206669947630462,0.40701363795195444,0.4192004394049207
3634,2025-10-14 21:01:00,2025-10-13/2025-10-19,0.24498222234239056,0.2559905678225064,0.24606699389458525,0.25697794255338846
3641,2025-10-15 04:03:00,2025-10-13/2025-10-19,0.4998556043768485,0.5031360793087135,0.5055292512410339,0.5080673259929758
3648,2025-10-15 06:02:00,2025-10-13/2025-10-19,0.4963432005034305,0.5007897087919658,0.4950925165331381,0.49954118969941724
3649,2025-10-15 06:06:00,2025-10-13/2025-10-19,0.5453223627096182,0.5412350930352161,0.5453346253119309,0.5403697531500415
3651,2025-10-15 06:17:00,2025-10-13/2025-10-19,0.6060812980468758,0.6123642794744159,0.6045248787229688,0.611061588290713
3652,2025-10-15 06:20:00,2025-10-13/2025-10-19,0.45046634293183346,0.4599779915169572,0.45142150283055554,0.4604008264520843
3653,2025-10-15 06:21:00,2025-10-13/2025-10-19,0.25519979468346954,0.2561851547834374,0.2552241455531217,0.25491772861574025
3654,2025-10-15 07:07:00,2025-10-13/2025-10-19,0.4915199268829582,0.4993727842548111,0.4900835299737402,0.49810918653330666
3659,2025-10-15 08:25:00,2025-10-13/2025-10-19,0.5734274126907004,0.57428072815452,0.572300168699523,0.5723982978060491
3661,2025-10-15 08:29:00,2025-10-13/2025-10-19,0.4248258435180468,0.43530899088450437,0.42270987661646625,0.4332315608655781
3662,2025-10-15 08:39:00,2025-10-13/2025-10-19,0.4476457877317664,0.44784752535663186,0.4459269487344686,0.4461318220786158
3663,2025-10-15 09:06:00,2025-10-13/2025-10-19,0.29025094484980557,0.29890839706124556,0.28820203900431773,0.2961549640064773
3665,2025-10-15 10:11:00,2025-10-13/2025-10-19,0.47132964225787377,0.46782772230214725,0.47556790922498354,0.47125049858638646
3666,2025-10-15 10:14:00,2025-10-13/2025-10-19,0.6295737422438605,0.6378701174028297,0.6289500397363663,0.6377880142860721
3669,2025-10-15 11:22:00,2025-10-13/2025-10-19,0.4856272691849949,0.4978957391911667,0.4862440953611339,0.49813941663630007
3670,2025-10-15 11:24:00,2025-10-13/2025-10-19,0.566557856965868,0.5720433449171687,0.5663864509946024,0.5712352593418414
3671,2025-10-15 11:29:00,2025-10-13/2025-10-19,0.40078925760073636,0.4073895834434278,0.39839494417568805,0.4051500077566866
3672,2025-10-15 11:31:00,2025-10-13/2025-10-19,0.5341445684651238,0.5443188279834573,0.5385844027458295,0.54737890839692
3674,2025-10-15 11:52:00,2025-10-13/2025-10-19,0.4915597052625197,0.5052301586791275,0.49311483500411096,0.50683116246967
3675,2025-10-15 12:18:00,2025-10-13/2025-10-19,0.397023684153682,0.41162916663538845,0.39808692303064513,0.4122269155307797
3677,2025-10-15 12:20:00,2025-10-13/2025-10-19,0.39543215246143215,0.4110091868012644,0.39596488380816397,0.4111690497717248
3680,2025-10-15 12:33:00,2025-10-13/2025-10-19,0.5014799051142554,0.5108055199806792,0.5022465245363775,0.5116608411792793
3681,2025-10-15 12:35:00,2025-10-13/2025-10-19,0.5361420381159211,0.54543312601206,0.5338938502676401,0.5424724567315056
3684,2025-10-15 13:06:00,2025-10-13/2025-10-19,0.4365548044000653,0.45327535834067106,0.4358540392971671,0.45221330548290684
3694,2025-10-15 15:59:00,2025-10-13/2025-10-19,0.3287338480716502,0.3346416022078119,0.3357141642670562,0.33924914373724213
3699,2025-10-15 16:14:00,2025-10-13/2025-10-19,0.5106313309926773,0.5264800102286684,0.5190344748189157,0.5333096717520718
3700,2025-10-15 16:49:00,2025-10-13/2025-10-19,0.35620793319408744,0.37778061463364754,0.35726483804453546,0.37852058447791515
3703,2025-10-15 17:14:00,2025-10-13/2025-10-19,0.31970762193159175,0.3285623245433212,0.3226045649720785,0.33053556040165744
3718,2025-10-15 17:33:00,2025-10-13/2025-10-19,0.4247470378573863,0.44608100250135513,0.42600748858600607,0.44666999762698045
3723,2025-10-15 17:42:00,2025-10-13/2025-10-19,0.47161173479296625,0.5011692646143225,0.474449587224992,0.5026591729708146
3725,2025-10-15 17:48:00,2025-10-13/2025-10-19,0.3489255371551408,0.35754418720572556,0.353662423206679,0.3614676335643842
3726,2025-10-15 17:51:00,2025-10-13/2025-10-19,0.4054396630681232,0.3974740507615837,0.4071770515909605,0.39855633973586235
3730,2025-10-15 18:13:00,2025-10-13/2025-10-19,0.672963160564344,0.5659318461999917,0.6746707340665342,0.5680351280282057
3739,2025-10-15 18:39:00,2025-10-13/2025-10-19,0.3990334551416104,0.4268128072481875,0.3982503977025028,0.42664773985860316
3744,2025-10-15 19:44:00,2025-10-13/2025-10-19,0.4497728404911236,0.46892596819962007,0.45063927550209515,0.469291084833756
3745,2025-10-15 19:56:00,2025-10-13/2025-10-19,0.5436228898689837,0.5779649248891232,0.5421814798543446,0.5761468733827355
3750,2025-10-15 20:23:00,2025-10-13/2025-10-19,0.37124969406355773,0.3802653691146674,0.3687775909668971,0.37800629282803444
3751,2025-10-15 21:05:00,2025-10-13/2025-10-19,0.42705329633529054,0.465169659312915,0.42541829822660204,0.4634719391749145
3753,2025-10-15 21:55:00,2025-10-13/2025-10-19,0.3421684163398753,0.35583939054135433,0.3394357349079006,0.35329053243248787
3755,2025-10-15 22:26:00,2025-10-13/2025-10-19,0.17688633827422848,0.1874864372258431,0.17512381284576256,0.18525115159001004
3757,2025-10-15 22:55:00,2025-10-13/2025-10-19,0.365038450391609,0.3933253126029926,0.36278394874606823,0.3912407706665102
3759,2025-10-15 22:59:00,2025-10-13/2025-10-19,0.4122629393634667,0.4349975857679529,0.4114470757490527,0.4344441954304534
3761,2025-10-15 23:13:00,2025-10-13/2025-10-19,0.42751139545447814,0.4479468211024947,0.4245792345119874,0.4448856067608563
3766,2025-10-16 01:30:00,2025-10-13/2025-10-19,0.3359761929851122,0.3500188962276159,0.3375982522889983,0.35116988972852864
3770,2025-10-16 03:08:00,2025-10-13/2025-10-19,0.49389935659704015,0.5113684222160939,0.49407622293037096,0.5112095053847726
3772,2025-10-16 04:06:00,2025-10-13/2025-10-19,0.46527031480778513,0.48015520322837096,0.46389815517381355,0.47950104457664194
3774,2025-10-16 04:07:00,2025-10-13/2025-10-19,0.3454086149839664,0.36066597617885443,0.34872755276126044,0.36395000356139984
3775,2025-10-16 04:59:00,2025-10-13/2025-10-19,0.4306853444839031,0.4583212723608015,0.4315080534367331,0.45891893801009176
3777,2025-10-16 05:00:00,2025-10-13/2025-10-19,0.4355602389287935,0.44961657529318083,0.43497276282530417,0.44996013386686734
3778,2025-10-16 05:05:00,2025-10-13/2025-10-19,0.35216434193612844,0.3701474524205258,0.34756446252741424,0.36664873263986825
3782,2025-10-16 05:21:00,2025-10-13/2025-10-19,0.3454405433697095,0.3427597369881519,0.34187765393409203,0.33916062772377886
3783,2025-10-16 05:32:00,2025-10-13/2025-10-19,0.37371346612879197,0.36409640039065566,0.37331662019243983,0.36239809636878734
3784,2025-10-16 05:48:00,2025-10-13/2025-10-19,0.4105840896737076,0.413496293892665,0.4071918832285466,0.4112616745164335
3786,2025-10-16 06:05:00,2025-10-13/2025-10-19,0.44025576545249856,0.4483048510267325,0.4396971191129254,0.4475250450254037
3788,2025-10-16 06:29:00,2025-10-13/2025-10-19,0.5520812178822753,0.5671238467808117,0.5513528944299078,0.5672230205818285
3791,2025-10-16 07:18:00,2025-10-13/2025-10-19,0.4146713640283263,0.430583626294642,0.41196427197355606,0.42861411533408106
3792,2025-10-16 07:18:00,2025-10-13/2025-10-19,0.4016032793158025,0.42572304538756095,0.4012706065246479,0.4253687403653118
3793,2025-10-16 07:19:00,2025-10-13/2025-10-19,0.43654903245638826,0.458864403590271,0.4375461201605054,0.4599481649859926
3797,2025-10-16 07:39:00,2025-10-13/2025-10-19,0.4341758807662711,0.4561185716703648,0.4330130777700401,0.45523331835765746
3798,2025-10-16 07:47:00,2025-10-13/2025-10-19,0.6410944995705586,0.6571650689321388,0.6398688328457881,0.6565889769754245
3800,2025-10-16 07:53:00,2025-10-13/2025-10-19,0.4400191542865581,0.46130181163244066,0.43991324095370743,0.4613510598796835
3802,2025-10-16 08:09:00,2025-10-13/2025-10-19,0.5958028290232604,0.6170482479521433,0.5951971728811966,0.6174097940441479
3803,2025-10-16 08:14:00,2025-10-13/2025-10-19,0.5055086460589922,0.5199891041379768,0.5023802282400568,0.5176156864026618
3805,2025-10-16 08:49:00,2025-10-13/2025-10-19,0.433212016570905,0.45889024321960237,0.43003133629125523,0.4566073775371864
3806,2025-10-16 08:57:00,2025-10-13/2025-10-19,0.3981544647397549,0.40800782641848604,0.3984577756919716,0.407155179323444
3807,2025-10-16 09:02:00,2025-10-13/2025-10-19,0.464567383381333,0.47658937749107433,0.466455397593519,0.4787619790543003
3809,2025-10-16 09:37:00,2025-10-13/2025-10-19,0.5721111832662377,0.6023992983255413,0.5772515798588512,0.6066669501647152
3810,2025-10-16 09:47:00,2025-10-13/2025-10-19,0.4140197798649254,0.4273260935215435,0.41551949908528824,0.42895770637809344
3811,2025-10-16 09:50:00,2025-10-13/2025-10-19,0.4122557665391764,0.4446454395936078,0.41131944729537745,0.44372047721967456
3814,2025-10-16 10:23:00,2025-10-13/2025-10-19,0.48043916035066425,0.5084219780449276,0.48122665588592173,0.5099021697068771
3815,2025-10-16 10:50:00,2025-10-13/2025-10-19,0.43765679490649956,0.4644523605527262,0.4363790617328808,0.4642495619714477
3817,2025-10-16 11:00:00,2025-10-13/2025-10-19,0.3788547580089079,0.40566797772415897,0.38054708119664793,0.407804497964161
3820,2025-10-16 11:23:00,2025-10-13/2025-10-19,0.42830077905578184,0.4434155943089653,0.4287609146538199,0.4441640594893839
3821,2025-10-16 11:36:00,2025-10-13/2025-10-19,0.4271108628963695,0.329979379836084,0.4317924584216611,0.3333738953663623
3823,2025-10-16 12:00:00,2025-10-13/2025-10-19,0.3815136142278149,0.4144686184670525,0.3871263312901977,0.42054251698687095
3827,2025-10-16 12:22:00,2025-10-13/2025-10-19,0.40813486862768183,0.4339203750892878,0.4164559758545419,0.44168005012857475
3828,2025-10-16 12:38:00,2025-10-13/2025-10-19,0.30596685835750836,0.3357413922049585,0.3018483865137726,0.3324876903511867
3829,2025-10-16 12:41:00,2025-10-13/2025-10-19,0.6191334857510075,0.6524060657953678,0.6162434074207751,0.6507223575167335
3833,2025-10-16 13:00:00,2025-10-13/2025-10-19,0.40124371718077523,0.4348627122940296,0.4002105786881924,0.43441388675158016
3835,2025-10-16 13:07:00,2025-10-13/2025-10-19,0.4790156397098103,0.5226664217789877,0.48132421622064453,0.5251580975712891
3840,2025-10-16 13:32:00,2025-10-13/2025-10-19,0.4768868193727402,0.5001172951906081,0.47673346918641274,0.5007012137837008
3843,2025-10-16 13:41:00,2025-10-13/2025-10-19,0.381922252275479,0.4235358769945445,0.380065375228223,0.4227778987071321
3849,2025-10-16 14:04:00,2025-10-13/2025-10-19,0.4207674445247884,0.4566235995319755,0.4182002399979477,0.4552641005355599
3850,2025-10-16 14:16:00,2025-10-13/2025-10-19,0.44237977364215314,0.475248980853587,0.43989225987326525,0.47309710506420877
3851,2025-10-16 14:29:00,2025-10-13/2025-10-19,0.46411349523257894,0.49551327324165734,0.4677686474805231,0.49899835848310353
3853,2025-10-16 14:37:00,2025-10-13/2025-10-19,0.5703495608529896,0.5874230875737495,0.5677242734707861,0.5859372683205315
3856,2025-10-16 15:06:00,2025-10-13/2025-10-19,0.3607889431038784,0.38082253598440147,0.3610624151174156,0.38134835202429773
3857,2025-10-16 15:07:00,2025-10-13/2025-10-19,0.39673266567834675,0.41432194836254654,0.3983906391221703,0.4157461063021951
3858,2025-10-16 15:09:00,2025-10-13/2025-10-19,0.35551350674849347,0.3745351547610304,0.3545355565987947,0.37329097006658263
3859,2025-10-16 15:14:00,2025-10-13/2025-10-19,0.35784683888108326,0.3781498284668267,0.36079511498767003,0.38109892850614363
3861,2025-10-16 15:34:00,2025-10-13/2025-10-19,0.34010348795465445,0.3614611206414867,0.3372148080051649,0.35900122648942245
3862,2025-10-16 15:53:00,2025-10-13/2025-10-19,0.4259976120815018,0.4122813516040394,0.42609382031806914,0.41177954245367665
3864,2025-10-16 16:11:00,2025-10-13/2025-10-19,0.1821605746249043,0.19696101867290117,0.1799439440562271,0.1945020306158648
3865,2025-10-16 16:12:00,2025-10-13/2025-10-19,0.47643586203250327,0.5066643992741479,0.4761288830635281,0.5066569531689114
3866,2025-10-16 16:24:00,2025-10-13/2025-10-19,0.3786936113111396,0.4045756440091375,0.3825451182043686,0.40810576352053957
3869,2025-10-16 16:53:00,2025-10-13/2025-10-19,0.5357078526382105,0.566991843588855,0.532931288272571,0.5654377440801981
3871,2025-10-16 17:00:00,2025-10-13/2025-10-19,0.34542994269461463,0.37665484658070175,0.3454548878830926,0.37671689477516845
3878,2025-10-16 18:33:00,2025-10-13/2025-10-19,0.46481837975239026,0.5020034935633687,0.461498089535783,0.49961670080880954
3879,2025-10-16 18:43:00,2025-10-13/2025-10-19,0.4566798335539949,0.49423144409998815,0.45296017467471716,0.49146768153582565
3881,2025-10-16 18:45:00,2025-10-13/2025-10-19,0.284862943400804,0.3133639731262026,0.28285910416344195,0.31074904741747983
3882,2025-10-16 19:13:00,2025-10-13/2025-10-19,0.4179288162718194,0.4549666004994784,0.41522408953483525,0.45386992992113123
3883,2025-10-16 19:30:00,2025-10-13/2025-10-19,0.4231147437688852,0.45498694582825944,0.41997574543874505,0.45337325401041567
3885,2025-10-16 19:39:00,2025-10-13/2025-10-19,0.5177053997899193,0.5657604996264496,0.5145000839679056,0.5638342799760828
3886,2025-10-16 19:41:00,2025-10-13/2025-10-19,0.4740690661848045,0.49817653614557755,0.4717840879263483,0.496241136465672
3887,2025-10-16 19:48:00,2025-10-13/2025-10-19,0.45127931157484386,0.47912904367707815,0.4499012747943322,0.4784316495549048
3894,2025-10-16 21:28:00,2025-10-13/2025-10-19,0.24184782256623258,0.265065762489404,0.24121106803059633,0.26445730194707573
3896,2025-10-16 21:41:00,2025-10-13/2025-10-19,0.43425831452048125,0.45380158381516195,0.43522543123090407,0.4550165811374794
3897,2025-10-16 21:52:00,2025-10-13/2025-10-19,0.4793964240529034,0.5053974710942419,0.4758837781189794,0.5025335231231959
3898,2025-10-16 22:03:00,2025-10-13/2025-10-19,0.521305993352213,0.5599664430934694,0.5168438740484116,0.5571151787229852
3902,2025-10-16 22:14:00,2025-10-13/2025-10-19,0.3659596167992644,0.3853508780444526,0.3649647949070207,0.3847911781390259
3903,2025-10-16 22:24:00,2025-10-13/2025-10-19,0.47131162182963976,0.5017316327796214,0.4707327994399465,0.5015078768970993
3904,2025-10-16 22:31:00,2025-10-13/2025-10-19,0.42478858643685746,0.4467939605372402,0.42130798202788783,0.4439195580169156
3905,2025-10-16 23:17:00,2025-10-13/2025-10-19,0.44205723116163825,0.4718956568655803,0.443182417703526,0.4718150441372354
3908,2025-10-16 23:30:00,2025-10-13/2025-10-19,0.3542282673845471,0.37463828204198746,0.3612913022132721,0.38136532291638686
3909,2025-10-16 23:33:00,2025-10-13/2025-10-19,0.41854715512188123,0.43378245105690866,0.41401895228715835,0.430288036916412
3912,2025-10-17 00:01:00,2025-10-13/2025-10-19,0.2889590481696176,0.2672573904195494,0.28634629576952186,0.26584505033291284
3913,2025-10-17 00:03:00,2025-10-13/2025-10-19,0.38660356598825707,0.383947330243655,0.3839653878767895,0.3823388095501416
3916,2025-10-17 01:20:00,2025-10-13/2025-10-19,0.3658151682648331,0.3752796614920495,0.37164914216574385,0.38154282229733055
3917,2025-10-17 01:27:00,2025-10-13/2025-10-19,0.2868949964181735,0.2853083911370386,0.2847529492432747,0.28387901562942114
3920,2025-10-17 02:07:00,2025-10-13/2025-10-19,0.46213904836283604,0.45785869029506715,0.4601101916886611,0.4570800389202286
3921,2025-10-17 02:08:00,2025-10-13/2025-10-19,0.2963994927322636,0.29396656209493804,0.29647418501068257,0.29455319569299004
3924,2025-10-17 02:10:00,2025-10-13/2025-10-19,0.30903752920927297,0.3143189082058347,0.3143798563847882,0.31949261582840094
3926,2025-10-17 02:20:00,2025-10-13/2025-10-19,0.273577363508657,0.27328057705403935,0.2739398087288616,0.27401130656661676
3927,2025-10-17 02:25:00,2025-10-13/2025-10-19,0.28523607399900597,0.3007167385118877,0.2925706435317269,0.30742705974481094
3928,2025-10-17 02:26:00,2025-10-13/2025-10-19,0.2724890152452841,0.2722415570978199,0.2705986730051816,0.27096051887053557
3929,2025-10-17 02:27:00,2025-10-13/2025-10-19,0.29047398504918676,0.2998310050680739,0.28820360288024105,0.2981836789544425
3930,2025-10-17 02:28:00,2025-10-13/2025-10-19,0.29472449748061397,0.3036897217218103,0.29371918131824254,0.303391254117573
3931,2025-10-17 02:29:00,2025-10-13/2025-10-19,0.2694024287868274,0.2717623695479136,0.2666231566822817,0.2697952864990107
3933,2025-10-17 02:35:00,2025-10-13/2025-10-19,0.3037142068967076,0.3005214525884807,0.30127634142674176,0.2989183654099348
3935,2025-10-17 02:42:00,2025-10-13/2025-10-19,0.41049730898420395,0.4104341581078232,0.40947106491229984,0.41052438926478374
3936,2025-10-17 02:44:00,2025-10-13/2025-10-19,0.325412323284995,0.33130254826054156,0.3233086581265051,0.33001870172787556
3939,2025-10-17 03:59:00,2025-10-13/2025-10-19,0.2964359250417508,0.30640002464086197,0.30201153672453096,0.3120727904897757
3940,2025-10-17 04:05:00,2025-10-13/2025-10-19,0.38206877701556463,0.3910494908785,0.3830015999238835,0.3924789529507741
3941,2025-10-17 04:06:00,2025-10-13/2025-10-19,0.3190333455586182,0.3317260433181482,0.31604101738467394,0.32974270637888664
3942,2025-10-17 04:07:00,2025-10-13/2025-10-19,0.3143017523716048,0.3193659260785541,0.3155379843307587,0.3209005127952513
3943,2025-10-17 04:08:00,2025-10-13/2025-10-19,0.2973020590359116,0.30707026886550887,0.29726239202444854,0.30765275178492396
3944,2025-10-17 04:08:00,2025-10-13/2025-10-19,0.30087791895871324,0.29708441109843725,0.301594624301986,0.2973318210260535
3945,2025-10-17 04:09:00,2025-10-13/2025-10-19,0.40041919094652245,0.4068793866056407,0.4046258912557994,0.4112343440249131
3946,2025-10-17 04:10:00,2025-10-13/2025-10-19,0.39082711980659024,0.4087661038804967,0.38972614720146115,0.40857035675614417
3947,2025-10-17 04:11:00,2025-10-13/2025-10-19,0.40224805121730167,0.4082720884261836,0.4029499462664457,0.40945974023073217
3948,2025-10-17 04:12:00,2025-10-13/2025-10-19,0.3968984793374269,0.4037682630051905,0.40573349483521165,0.4122508505927392
3949,2025-10-17 04:13:00,2025-10-13/2025-10-19,0.4417040792637503,0.45518271933652404,0.4432505392491163,0.45702372874970676
3950,2025-10-17 04:14:00,2025-10-13/2025-10-19,0.3025237091042012,0.3114060804698069,0.30372697812071336,0.31303682718702286
3951,2025-10-17 04:14:00,2025-10-13/2025-10-19,0.37363853574054606,0.3826072456518836,0.37366683660035294,0.38313031145381676
3955,2025-10-17 04:28:00,2025-10-13/2025-10-19,0.3036625091731428,0.3005311855335612,0.30364212728922496,0.30106963557815636
3957,2025-10-17 04:41:00,2025-10-13/2025-10-19,0.35345226919929656,0.35393509947472457,0.35482420319177016,0.35573755327265116
3960,2025-10-17 04:59:00,2025-10-13/2025-10-19,0.30304839070143935,0.37609733927706335,0.3029326406026193,0.37726012189303165
3964,2025-10-17 05:06:00,2025-10-13/2025-10-19,0.40551622645049934,0.4180271580117083,0.4055399368701451,0.41826081824763217
3965,2025-10-17 05:08:00,2025-10-13/2025-10-19,0.3358499809160617,0.34583432964691574,0.3349119282871602,0.3456901935890456
3966,2025-10-17 05:15:00,2025-10-13/2025-10-19,0.470964540780975,0.4637603689038231,0.4675401059070401,0.46165778421133746
3967,2025-10-17 05:17:00,2025-10-13/2025-10-19,0.3491712735914923,0.35418091632190785,0.3561752845125334,0.3610390281079942
3968,2025-10-17 05:18:00,2025-10-13/2025-10-19,0.42526574415683316,0.42387286477682207,0.42496791788727906,0.42468130712279445
3969,2025-10-17 05:25:00,2025-10-13/2025-10-19,0.3777198734610597,0.3886206681012124,0.3789212981664241,0.39026650203337654
3972,2025-10-17 05:40:00,2025-10-13/2025-10-19,0.3093768408343714,0.30571006245576976,0.3100969981560149,0.30693250534056427
3974,2025-10-17 05:44:00,2025-10-13/2025-10-19,0.3897844675911922,0.39672455305900683,0.39039431152662374,0.397785647692653
3975,2025-10-17 06:01:00,2025-10-13/2025-10-19,0.49373491588910556,0.49994855137141614,0.49292429885545713,0.5000530925139167
3976,2025-10-17 06:03:00,2025-10-13/2025-10-19,0.3397833299441812,0.3456502311855085,0.342206201529279,0.348075917940283
3978,2025-10-17 06:07:00,2025-10-13/2025-10-19,0.5045152551315097,0.5277806173884102,0.5095865484010399,0.5326963110037394
3980,2025-10-17 06:12:00,2025-10-13/2025-10-19,0.313890104769831,0.33827723772800156,0.31325236648115473,0.3379969649916471
3981,2025-10-17 06:13:00,2025-10-13/2025-10-19,0.37467623511764336,0.3910147120664361,0.37838300844028516,0.3952198635623701
3982,2025-10-17 06:15:00,2025-10-13/2025-10-19,0.40606111992436933,0.4190762801112063,0.40841907036296665,0.42148772227960185
3985,2025-10-17 06:23:00,2025-10-13/2025-10-19,0.4475139995758715,0.4690542667202233,0.44788313944860053,0.4702965438726302
3986,2025-10-17 06:29:00,2025-10-13/2025-10-19,0.4309804208047712,0.4224171759117341,0.4299229683885879,0.4207069488378157
3991,2025-10-17 07:15:00,2025-10-13/2025-10-19,0.46997350036308744,0.4717033872112276,0.47112640874077666,0.47245698753946785
3997,2025-10-17 07:27:00,2025-10-13/2025-10-19,0.2077981074823386,0.2142564539329523,0.20744249971303003,0.21339497863814524
3998,2025-10-17 07:35:00,2025-10-13/2025-10-19,0.32992746940043993,0.34314991440177073,0.3290014004458019,0.34278162189251915
3999,2025-10-17 07:38:00,2025-10-13/2025-10-19,0.41706402213436394,0.4313813119761261,0.4148790557955604,0.4302280645862235
4000,2025-10-17 07:45:00,2025-10-13/2025-10-19,0.4957499640427147,0.506689564255237,0.4952452124516924,0.5059448960907638
4003,2025-10-17 07:47:00,2025-10-13/2025-10-19,0.31769027053385807,0.35821114750253735,0.31838162444037177,0.3591022119360141
4005,2025-10-17 07:53:00,2025-10-13/2025-10-19,0.40300690628492225,0.4068163897199796,0.4084027577300614,0.41161345910590397
4008,2025-10-17 08:03:00,2025-10-13/2025-10-19,0.5012486860562851,0.506779553967884,0.5003400200765846,0.5068272373928928
4009,2025-10-17 08:07:00,2025-10-13/2025-10-19,0.475112278070431,0.4816906481693058,0.47393599784059226,0.48066029121341697
4010,2025-10-17 08:08:00,2025-10-13/2025-10-19,0.4355926661461417,0.45949877593873767,0.43985736251806135,0.463175461341645
4011,2025-10-17 08:08:00,2025-10-13/2025-10-19,0.44284469763677997,0.4496023721055066,0.44127952946300875,0.44864505152021467
4012,2025-10-17 08:09:00,2025-10-13/2025-10-19,0.496054398740454,0.5088612028286325,0.4998524916890732,0.5119268466111894
4013,2025-10-17 08:11:00,2025-10-13/2025-10-19,0.31047002822897185,0.32034251025597654,0.3127898253397929,0.3226388603236738
4014,2025-10-17 08:18:00,2025-10-13/2025-10-19,0.4009854877610785,0.4155009816233506,0.40126514661187296,0.4163533148597985
4015,2025-10-17 08:21:00,2025-10-13/2025-10-19,0.5074973887851703,0.5872135123542714,0.5065494405649555,0.5875277156004729
4016,2025-10-17 08:23:00,2025-10-13/2025-10-19,0.3377188795232924,0.35731636167165687,0.33840729641233147,0.35817665606870347
4017,2025-10-17 08:25:00,2025-10-13/2025-10-19,0.39153331503180483,0.3981010237748866,0.390203551935756,0.39752786683237923
4018,2025-10-17 08:30:00,2025-10-13/2025-10-19,0.44053024857018896,0.4612761073740504,0.440906042081623,0.46219627792874796
4020,2025-10-17 08:53:00,2025-10-13/2025-10-19,0.3344533559521919,0.3553776780921356,0.333387597131339,0.3553338084973986
4022,2025-10-17 08:55:00,2025-10-13/2025-10-19,0.4545294929229047,0.47017994327824325,0.4578553701695343,0.47342561245017206
4025,2025-10-17 09:03:00,2025-10-13/2025-10-19,0.5253347582769126,0.5271965214735502,0.527303773387108,0.5295604789136192
4030,2025-10-17 09:06:00,2025-10-13/2025-10-19,0.3340272085433206,0.3472582747816819,0.33623732335786,0.3497491390941796
4033,2025-10-17 09:08:00,2025-10-13/2025-10-19,0.5199062903073918,0.5340044701323322,0.5193588965871141,0.534194243363355
4034,2025-10-17 09:14:00,2025-10-13/2025-10-19,0.4480973309536677,0.46405010922993656,0.4561713386336896,0.4714898587910341
4035,2025-10-17 09:17:00,2025-10-13/2025-10-19,0.3361349019574391,0.3611439637885684,0.3353933826497338,0.36068454750675155
4036,2025-10-17 09:18:00,2025-10-13/2025-10-19,0.4843948876078353,0.4986579065813717,0.48383525659025967,0.49810500089163046
4038,2025-10-17 09:21:00,2025-10-13/2025-10-19,0.34435092119465077,0.34995436979620476,0.35193584254106186,0.35702580886471397
4040,2025-10-17 09:31:00,2025-10-13/2025-10-19,0.4423418842076504,0.4058562921910799,0.4450726776193612,0.4087444357248398
4045,2025-10-17 09:53:00,2025-10-13/2025-10-19,0.45187927640966163,0.48522309874831276,0.4518532788125995,0.48510048761443847
4049,2025-10-17 10:04:00,2025-10-13/2025-10-19,0.4757025856961598,0.47684402660164177,0.4770889026059781,0.47851024939680076
4051,2025-10-17 10:06:00,2025-10-13/2025-10-19,0.44063852367047424,0.4466522319741818,0.4394483265002512,0.44603581081332766
4053,2025-10-17 10:14:00,2025-10-13/2025-10-19,0.3588178194797662,0.36587295061481356,0.3593551555457644,0.3666818840923939
4054,2025-10-17 10:21:00,2025-10-13/2025-10-19,0.2553493944018325,0.2748895580642924,0.25548432216763134,0.2749605847774057
4055,2025-10-17 10:22:00,2025-10-13/2025-10-19,0.3169030466331122,0.3372128262920781,0.319776248913913,0.340020627864455
4056,2025-10-17 10:28:00,2025-10-13/2025-10-19,0.3800179986272202,0.3913542964165574,0.38596863083229804,0.39689573251239
4058,2025-10-17 10:45:00,2025-10-13/2025-10-19,0.49024187756648424,0.5039741174335548,0.48960498516404144,0.5033764151735397
4060,2025-10-17 10:55:00,2025-10-13/2025-10-19,0.5199964205531186,0.5238121684904458,0.5196434443024647,0.5241428917684609
4061,2025-10-17 10:57:00,2025-10-13/2025-10-19,0.3324044668194487,0.3487559481726562,0.33787031649069643,0.35378645106642437
4062,2025-10-17 11:02:00,2025-10-13/2025-10-19,0.4275746500513657,0.43800139066534766,0.42619491853217706,0.43744965161412636
4063,2025-10-17 11:02:00,2025-10-13/2025-10-19,0.3442787863649431,0.3484291144000671,0.3453549408498736,0.34907329732932096
4065,2025-10-17 11:04:00,2025-10-13/2025-10-19,0.48482306868857666,0.502587021293043,0.4876557907733961,0.5056761468355323
4066,2025-10-17 11:05:00,2025-10-13/2025-10-19,0.42885151919325193,0.44931003615889215,0.42774476035929115,0.44860898492776424
4067,2025-10-17 11:08:00,2025-10-13/2025-10-19,0.4290128908392318,0.4360537328657023,0.42798237182943233,0.43552950264815105
4069,2025-10-17 11:09:00,2025-10-13/2025-10-19,0.3158069611521801,0.3303950363959477,0.31474030431832095,0.32989942658488464
4070,2025-10-17 11:12:00,2025-10-13/2025-10-19,0.45216341452197717,0.47926953729576227,0.45242227115346834,0.4799315402491352
4071,2025-10-17 11:14:00,2025-10-13/2025-10-19,0.1595978696977925,0.21423350657491202,0.1583290203335651,0.2130012315006884
4075,2025-10-17 11:24:00,2025-10-13/2025-10-19,0.44550615365595797,0.46797517321035104,0.4455662439073041,0.4690408874410704
4076,2025-10-17 11:27:00,2025-10-13/2025-10-19,0.318631018227717,0.33617244528505386,0.3229432910414585,0.34009232773114545
4078,2025-10-17 11:33:00,2025-10-13/2025-10-19,0.3678361595346279,0.371979940692283,0.36808823572680577,0.37215750525492686
4080,2025-10-17 11:34:00,2025-10-13/2025-10-19,0.3155997770114561,0.3234380561629066,0.31824517259860235,0.3259692157430536
4081,2025-10-17 11:35:00,2025-10-13/2025-10-19,0.3637124262442944,0.37985726750709237,0.3658192409630022,0.3818408714154709
4086,2025-10-17 11:42:00,2025-10-13/2025-10-19,0.3387599541119212,0.35521957659078446,0.3414857220091546,0.35845811577240244
4087,2025-10-17 11:43:00,2025-10-13/2025-10-19,0.34889946518729953,0.36398532666717703,0.35078666199619557,0.3658212954260078
4093,2025-10-17 11:50:00,2025-10-13/2025-10-19,0.395338134771865,0.4170469122131629,0.3944767369153567,0.417248256806174
4096,2025-10-17 11:55:00,2025-10-13/2025-10-19,0.40121492740768255,0.42163364196971104,0.40382357012059045,0.4241196172948117
4099,2025-10-17 12:04:00,2025-10-13/2025-10-19,0.3532952759906266,0.3835649307360019,0.3577779881560308,0.3882606975943233
4101,2025-10-17 12:07:00,2025-10-13/2025-10-19,0.43791230433508577,0.45916439455418623,0.44669092167779684,0.4680488641399329
4102,2025-10-17 12:07:00,2025-10-13/2025-10-19,0.365031000259353,0.39278144289877026,0.3631907229031706,0.39232199755713115
4103,2025-10-17 12:09:00,2025-10-13/2025-10-19,0.47407041529163885,0.5027454538127197,0.47709223055676625,0.5053504817166441
4104,2025-10-17 12:09:00,2025-10-13/2025-10-19,0.47346402131280957,0.48855531657858536,0.4714138101452086,0.48650044215964056
4106,2025-10-17 12:10:00,2025-10-13/2025-10-19,0.31646217322368336,0.3444096064560879,0.32320413675590165,0.3504661929514489
4110,2025-10-17 12:28:00,2025-10-13/2025-10-19,0.3284009636158581,0.3375638407802688,0.3266529949485205,0.3363921496849008
4111,2025-10-17 12:29:00,2025-10-13/2025-10-19,0.30047241121255636,0.31172328998637366,0.29836256594442967,0.31008293543786036
4112,2025-10-17 12:30:00,2025-10-13/2025-10-19,0.4163824453733542,0.42897469834957014,0.41496601247043985,0.4276792037483369
4113,2025-10-17 12:31:00,2025-10-13/2025-10-19,0.4294128215813695,0.4549234576440363,0.428217376069407,0.45443978688803705
4114,2025-10-17 12:38:00,2025-10-13/2025-10-19,0.2983778316725459,0.21222267409645557,0.29949832398512133,0.21295966597815416
4115,2025-10-17 12:43:00,2025-10-13/2025-10-19,0.49541304731193714,0.5145080085189982,0.49415689113126854,0.5141988636555861
4117,2025-10-17 12:47:00,2025-10-13/2025-10-19,0.2988561456672073,0.3102995212736042,0.2999710736144375,0.31158430050958785
4119,2025-10-17 12:54:00,2025-10-13/2025-10-19,0.3690733051598028,0.3953199643749873,0.36714556098122714,0.3938469593481334
4120,2025-10-17 13:00:00,2025-10-13/2025-10-19,0.48734836973353574,0.5151356858758914,0.4864137469845798,0.5144957817770108
4122,2025-10-17 13:04:00,2025-10-13/2025-10-19,0.28769249495528115,0.293824431757029,0.28513929021597084,0.2911403456004233
4123,2025-10-17 13:08:00,2025-10-13/2025-10-19,0.3049541306434245,0.31595678382603737,0.30600171710184537,0.31720672621273793
4124,2025-10-17 13:09:00,2025-10-13/2025-10-19,0.32478606462309373,0.34576972694199115,0.32644351833323565,0.3481093234658465
4127,2025-10-17 13:19:00,2025-10-13/2025-10-19,0.44427309359931805,0.45763178411827105,0.44404131577351474,0.4582729824970864
4128,2025-10-17 13:21:00,2025-10-13/2025-10-19,0.29301022445311264,0.3049071442242236,0.29577710168554394,0.3076710663503055
4130,2025-10-17 13:30:00,2025-10-13/2025-10-19,0.33230327550831307,0.33798188953948793,0.33170483879168217,0.33725908581429836
4131,2025-10-17 13:36:00,2025-10-13/2025-10-19,0.2985858142777373,0.31930242677217574,0.30727898866809245,0.32790697552166437
4132,2025-10-17 13:50:00,2025-10-13/2025-10-19,0.41194808120221355,0.42364649430204254,0.41061223444972705,0.42228124525012184
4135,2025-10-17 13:57:00,2025-10-13/2025-10-19,0.29531258988700565,0.30447637696483026,0.29567491784593836,0.30446286877369494
4137,2025-10-17 14:00:00,2025-10-13/2025-10-19,0.3614818825001793,0.3874837235104968,0.37172094953175694,0.39762409924116754
4138,2025-10-17 14:03:00,2025-10-13/2025-10-19,0.3259665214251271,0.33532052244238747,0.32425712804923634,0.3341715425309917
4140,2025-10-17 16:21:00,2025-10-13/2025-10-19,0.3275694817268242,0.3525460581241956,0.32625179130459125,0.35235870637144223
4143,2025-10-17 16:30:00,2025-10-13/2025-10-19,0.2867638516799047,0.3035052742580403,0.28459526499668897,0.3019545342017423
4145,2025-10-17 16:38:00,2025-10-13/2025-10-19,0.3009063647058386,0.3121093943123715,0.29799040044917463,0.30973796185025043
4146,2025-10-17 16:40:00,2025-10-13/2025-10-19,0.30579648485521593,0.31671694773957626,0.30602288331393995,0.3172251477944958
4147,2025-10-17 16:50:00,2025-10-13/2025-10-19,0.36861629395146633,0.39417479825054647,0.36995670737061176,0.39560128184497656
4149,2025-10-17 16:52:00,2025-10-13/2025-10-19,0.30022763066799646,0.31157370805678336,0.3013277668195384,0.31285091400317994
4150,2025-10-17 16:53:00,2025-10-13/2025-10-19,0.2957055729831271,0.3073935856024019,0.297652767042937,0.3094221637740229
4152,2025-10-17 16:54:00,2025-10-13/2025-10-19,0.36052783782172876,0.38571317773488334,0.36710099323826806,0.3918050500196909
4163,2025-10-17 17:24:00,2025-10-13/2025-10-19,0.3207915543030523,0.3397747996292876,0.32135273653587654,0.3404387035009059
4164,2025-10-17 17:36:00,2025-10-13/2025-10-19,0.46283260671686655,0.4745260836296716,0.4604580430410602,0.4733334482071375
4165,2025-10-17 18:01:00,2025-10-13/2025-10-19,0.1762172145700072,0.18474302172464485,0.17352284588198405,0.18214967531571916
4166,2025-10-17 18:11:00,2025-10-13/2025-10-19,0.29871698851606693,0.3099259094790377,0.29874711117808106,0.31026410674982713
4167,2025-10-17 18:12:00,2025-10-13/2025-10-19,0.22411502302809586,0.25176428634882647,0.2238335281852494,0.2523309346288986
4168,2025-10-17 18:23:00,2025-10-13/2025-10-19,0.36402063606489754,0.3729609940654893,0.3641085968986906,0.3736495068401142
4169,2025-10-17 18:31:00,2025-10-13/2025-10-19,0.31391575974205765,0.32423295984871303,0.3236926146804564,0.33346195481420715
4171,2025-10-17 18:48:00,2025-10-13/2025-10-19,0.3105255269843553,0.33211279819239903,0.308982031526688,0.3310448170530415
4172,2025-10-17 18:51:00,2025-10-13/2025-10-19,0.3404533377914596,0.35837608347187766,0.33948253398730155,0.3578339589551803
4174,2025-10-17 18:53:00,2025-10-13/2025-10-19,0.19110512420229653,0.19133171019379364,0.18842780391431063,0.18808467361885267
4175,2025-10-17 19:03:00,2025-10-13/2025-10-19,0.3268094520784206,0.3358235411087203,0.3231157888996506,0.3329285085717109
4176,2025-10-17 19:08:00,2025-10-13/2025-10-19,0.47037413718518284,0.5024811859740087,0.46902931210348797,0.5013933673423357
4179,2025-10-17 19:20:00,2025-10-13/2025-10-19,0.4018090306293567,0.4136211592745282,0.40166864734922025,0.41404524916501606
4180,2025-10-17 19:21:00,2025-10-13/2025-10-19,0.14814342305310652,0.1566600179479747,0.14534421729271124,0.15377632161784435
4184,2025-10-17 19:28:00,2025-10-13/2025-10-19,0.44659879423958576,0.45996996971174076,0.44353904805121885,0.4574407836274261
4187,2025-10-17 19:35:00,2025-10-13/2025-10-19,0.4038377282823308,0.41546009635986486,0.4027518368028033,0.4150438250257389
4188,2025-10-17 19:37:00,2025-10-13/2025-10-19,0.4436235776640578,0.45330317618450616,0.44331375167698356,0.453131208801218
4189,2025-10-17 19:38:00,2025-10-13/2025-10-19,0.18544779891611288,0.19806532205628946,0.1826553283071313,0.19516131744508716
4191,2025-10-17 19:46:00,2025-10-13/2025-10-19,0.32693120184111385,0.3422213479013247,0.3231213629279051,0.3394297922959643
4193,2025-10-17 19:48:00,2025-10-13/2025-10-19,0.33013999341094646,0.35145232418512923,0.3303471073595042,0.3520484885045173
4199,2025-10-17 20:09:00,2025-10-13/2025-10-19,0.4024783056705901,0.41421362687278246,0.40141138420590894,0.41380815748166877
4201,2025-10-17 20:11:00,2025-10-13/2025-10-19,0.31792676374703605,0.3276871114444794,0.31687512396716866,0.3271357436704953
4205,2025-10-17 20:25:00,2025-10-13/2025-10-19,0.4994216934025283,0.5075575863416194,0.49621265464933284,0.5058273226698762
4210,2025-10-17 20:44:00,2025-10-13/2025-10-19,0.42411429790647465,0.43395390210468826,0.41995220051145543,0.4308741366283926
4212,2025-10-17 20:47:00,2025-10-13/2025-10-19,0.3098595147036003,0.35404956910717367,0.3108983248153615,0.3557162943742337
4214,2025-10-17 20:53:00,2025-10-13/2025-10-19,0.4146518128749924,0.42363226274885657,0.41145536141597316,0.420551164190878
4215,2025-10-17 20:55:00,2025-10-13/2025-10-19,0.30411711264918206,0.32747701125858875,0.3033344042202497,0.3271429208891222
4217,2025-10-17 21:07:00,2025-10-13/2025-10-19,0.46133932142458445,0.46839871372840935,0.46391936131650036,0.47073912289799086
4219,2025-10-17 21:11:00,2025-10-13/2025-10-19,0.4130842280688711,0.4239530314166597,0.4127944561987631,0.42429322410261205
4221,2025-10-17 21:15:00,2025-10-13/2025-10-19,0.3122420722202986,0.33919140360340705,0.3080586522160541,0.3358759576657798
4223,2025-10-17 21:17:00,2025-10-13/2025-10-19,0.3970158270534997,0.4092652382469667,0.3987677271463071,0.41136946762768667
4224,2025-10-17 21:19:00,2025-10-13/2025-10-19,0.4504164501738084,0.4886122505129816,0.4472541095408585,0.486667975492402
4225,2025-10-17 21:24:00,2025-10-13/2025-10-19,0.5428414734818097,0.5585707532710653,0.5392511710070559,0.5564097988917153
4229,2025-10-17 21:37:00,2025-10-13/2025-10-19,0.38366418565363747,0.40656294837021417,0.37974512784814307,0.4035829920080888
4237,2025-10-17 22:01:00,2025-10-13/2025-10-19,0.428339317040062,0.4494368944479446,0.43378301503530475,0.4555503724612007
4238,2025-10-17 22:04:00,2025-10-13/2025-10-19,0.22990449280940672,0.23855575649237662,0.2267669153203307,0.23494144073927886
4240,2025-10-17 22:05:00,2025-10-13/2025-10-19,0.3630902065463696,0.37609964422964687,0.3624472342504376,0.3758089517981731
4242,2025-10-17 22:26:00,2025-10-13/2025-10-19,0.2956448688768034,0.30698221862640385,0.2917551976297687,0.30373736781087324
4243,2025-10-17 22:30:00,2025-10-13/2025-10-19,0.292919397832653,0.3045421970593089,0.2930247357876925,0.3049220867979238
4251,2025-10-17 23:23:00,2025-10-13/2025-10-19,0.42560293264239507,0.44364735804746774,0.42170932456514953,0.4410141089374893
4254,2025-10-17 23:37:00,2025-10-13/2025-10-19,0.37756305816303765,0.379028574352369,0.37421170948482996,0.37607764050904985
4256,2025-10-17 23:53:00,2025-10-13/2025-10-19,0.4906917185904912,0.5173719707479257,0.49003977024771816,0.5168268880673031
4257,2025-10-18 00:03:00,2025-10-13/2025-10-19,0.36481011552119635,0.3880129158952287,0.3639478516561184,0.38550819321011215
4260,2025-10-18 00:17:00,2025-10-13/2025-10-19,0.4065204939151012,0.41913946908272326,0.4052037647552723,0.4185415496677008
4262,2025-10-18 00:46:00,2025-10-13/2025-10-19,0.37225458002319073,0.3931512066486819,0.36888828738457474,0.3906419609472865
4263,2025-10-18 00:54:00,2025-10-13/2025-10-19,0.3710513836587695,0.38731558538140237,0.36947539684240815,0.38606258304105767
4268,2025-10-18 01:15:00,2025-10-13/2025-10-19,0.3983798679440125,0.41269203376435776,0.3962081787401571,0.4110659807872771
4271,2025-10-18 02:16:00,2025-10-13/2025-10-19,0.30236596531808924,0.30631655301017696,0.3017879789377286,0.30612215021016065
4272,2025-10-18 02:22:00,2025-10-13/2025-10-19,0.47603838797015086,0.47655340218155107,0.4709126701997104,0.47268000026368
4273,2025-10-18 02:25:00,2025-10-13/2025-10-19,0.3816456515680158,0.38732766529050133,0.3820431525462863,0.3881413622096614
4275,2025-10-18 02:28:00,2025-10-13/2025-10-19,0.33972808851741965,0.34323406801636797,0.3412441229906997,0.34508183879015875
4277,2025-10-18 03:01:00,2025-10-13/2025-10-19,0.35924833398920103,0.395853179069101,0.3557362203169989,0.3933498994980208
4278,2025-10-18 03:16:00,2025-10-13/2025-10-19,0.4285743191620952,0.44215647433577787,0.43236886952163095,0.4455530157232377
4280,2025-10-18 03:22:00,2025-10-13/2025-10-19,0.32139184292355466,0.333443941880023,0.32117323492366057,0.33349073957814157
4281,2025-10-18 03:34:00,2025-10-13/2025-10-19,0.4610941846359034,0.4769040820198358,0.45750296978665583,0.47365102468304926
4282,2025-10-18 03:37:00,2025-10-13/2025-10-19,0.40112605823094605,0.354705748964658,0.40277276298903436,0.3558855667319167
4283,2025-10-18 03:43:00,2025-10-13/2025-10-19,0.3515679137273527,0.35389750666121,0.3468727130681049,0.35024729761173673
4285,2025-10-18 04:01:00,2025-10-13/2025-10-19,0.3143431005952484,0.35099706858410196,0.3104114983255459,0.3477228715992416
4288,2025-10-18 04:05:00,2025-10-13/2025-10-19,0.33137901168849804,0.3414794890338797,0.3293532676404807,0.33982327532233
4290,2025-10-18 04:06:00,2025-10-13/2025-10-19,0.45228767492086036,0.46971076001913503,0.4522677809894058,0.46972333212328266
4291,2025-10-18 04:08:00,2025-10-13/2025-10-19,0.47595003158978655,0.49553122657411247,0.4730934747779477,0.4929627755548425
4293,2025-10-18 04:10:00,2025-10-13/2025-10-19,0.3298424506231989,0.3433969870616825,0.3268587930084254,0.34124023845694357
4294,2025-10-18 04:11:00,2025-10-13/2025-10-19,0.4243827104299677,0.4447748394858581,0.4248899178631946,0.4454302039448148
4295,2025-10-18 04:12:00,2025-10-13/2025-10-19,0.4002389693178622,0.41424908021461276,0.4000618874389037,0.41438845164009247
4296,2025-10-18 04:14:00,2025-10-13/2025-10-19,0.3693744205813878,0.37618423255067535,0.3734927341482178,0.38028065584910653
4298,2025-10-18 04:15:00,2025-10-13/2025-10-19,0.3232221495308553,0.3347920317750301,0.32209151248237305,0.33399429251501817
4299,2025-10-18 04:17:00,2025-10-13/2025-10-19,0.3955810809489922,0.4110160659804915,0.40179631495348933,0.41698960348318675
4300,2025-10-18 04:19:00,2025-10-13/2025-10-19,0.2966623178076112,0.3011641690928814,0.29935771331827,0.30388280582119326
4302,2025-10-18 04:21:00,2025-10-13/2025-10-19,0.3861107205976726,0.3913012027937878,0.3819347432188173,0.3880407687791848
4304,2025-10-18 04:22:00,2025-10-13/2025-10-19,0.30509854008378234,0.3087399784772518,0.3012567611069161,0.3056307861227549
4315,2025-10-18 04:28:00,2025-10-13/2025-10-19,0.3980674476958642,0.4142909439156293,0.3940872165247192,0.4115322290876932
4317,2025-10-18 04:29:00,2025-10-13/2025-10-19,0.2757902220647374,0.2746605358528479,0.27169151536781316,0.2705709401499683
4319,2025-10-18 04:31:00,2025-10-13/2025-10-19,0.31525841781356856,0.3278752100159965,0.3200866455898212,0.3324789499426861
4326,2025-10-18 04:36:00,2025-10-13/2025-10-19,0.4004615387742477,0.4151394530801737,0.39948066229397067,0.41461250023357854
4328,2025-10-18 04:37:00,2025-10-13/2025-10-19,0.3423327414920295,0.34557257277141484,0.342099412664802,0.34586686572324293
4332,2025-10-18 04:39:00,2025-10-13/2025-10-19,0.4027432818724662,0.41675220812542174,0.4046208676896785,0.41873983132442927
4334,2025-10-18 04:41:00,2025-10-13/2025-10-19,0.45267210083915776,0.4755352010738127,0.44944276166444586,0.4739653311276918
4336,2025-10-18 04:43:00,2025-10-13/2025-10-19,0.332028303533671,0.3417980443772014,0.3330312201558671,0.3429409617503622
4337,2025-10-18 04:45:00,2025-10-13/2025-10-19,0.5159326478884664,0.5214697358032885,0.5110757679589152,0.517906471527624
4343,2025-10-18 04:54:00,2025-10-13/2025-10-19,0.4326153274907945,0.4369064700142372,0.42946963957010026,0.43414051676851606
4344,2025-10-18 04:55:00,2025-10-13/2025-10-19,0.3238299580117026,0.3359576163101381,0.32256865160319587,0.3356998881721952
4345,2025-10-18 04:59:00,2025-10-13/2025-10-19,0.40559259690258337,0.4191428767274976,0.41292094407653157,0.4260096435575929
4348,2025-10-18 05:02:00,2025-10-13/2025-10-19,0.32924890569087073,0.33984117966282623,0.32731055433784473,0.3382792090985222
4350,2025-10-18 05:04:00,2025-10-13/2025-10-19,0.3083538039572498,0.30922119052481917,0.30607064098788417,0.3069362302904765
4351,2025-10-18 05:05:00,2025-10-13/2025-10-19,0.41559931921711935,0.42711559151173956,0.41127099689017366,0.42283890091445814
4352,2025-10-18 05:13:00,2025-10-13/2025-10-19,0.3137047074316809,0.3147062783156991,0.3125002686861079,0.31409470248356586
4355,2025-10-18 05:18:00,2025-10-13/2025-10-19,0.4485679882859154,0.4627156490833365,0.44587584460381774,0.46057952956873044
4358,2025-10-18 05:23:00,2025-10-13/2025-10-19,0.4397639042128514,0.43669067329687605,0.4368472663170955,0.4329555895318156
4360,2025-10-18 05:32:00,2025-10-13/2025-10-19,0.30933386183453154,0.31259675640873147,0.30459818174448905,0.3087084488657514
4362,2025-10-18 05:38:00,2025-10-13/2025-10-19,0.2622944493622329,0.22618456506295864,0.2594213232372952,0.22331857138183833
4363,2025-10-18 05:41:00,2025-10-13/2025-10-19,0.400278959643469,0.4042092068116187,0.3949499527116979,0.39998757815292674
4364,2025-10-18 05:43:00,2025-10-13/2025-10-19,0.4082360332675819,0.42236471469952863,0.41473321943052843,0.42920742685734575
4366,2025-10-18 05:47:00,2025-10-13/2025-10-19,0.40801292821788554,0.42227000697526684,0.4067344636772956,0.42154826010549573
4367,2025-10-18 05:48:00,2025-10-13/2025-10-19,0.3618788487264281,0.3734100490969566,0.35741420950936487,0.3698086265686909
4374,2025-10-18 05:56:00,2025-10-13/2025-10-19,0.3064586048603271,0.2123229314082004,0.30258966403382015,0.20961468439265468
4375,2025-10-18 05:59:00,2025-10-13/2025-10-19,0.36800515861905725,0.37815331780725064,0.37078324010040403,0.3809798455063217
4376,2025-10-18 06:06:00,2025-10-13/2025-10-19,0.3471377359353609,0.36194469026069814,0.34593664818668945,0.3609919980507138
4379,2025-10-18 06:08:00,2025-10-13/2025-10-19,0.45894462246310624,0.48220034302225745,0.45843656693518164,0.48177335617226125
4380,2025-10-18 06:13:00,2025-10-13/2025-10-19,0.4883723065546842,0.5104846734308139,0.486124248400814,0.5081711105128327
4381,2025-10-18 06:14:00,2025-10-13/2025-10-19,0.3448960176672456,0.35780740002954015,0.34406132551351554,0.3570760195186781
4383,2025-10-18 06:17:00,2025-10-13/2025-10-19,0.5270546828587478,0.5368525268525688,0.5235619331033844,0.5340964982697913
4384,2025-10-18 06:22:00,2025-10-13/2025-10-19,0.39333530934233557,0.4052809145561733,0.39005348239898663,0.4025470914915781
4385,2025-10-18 06:24:00,2025-10-13/2025-10-19,0.4048661250824559,0.4346145435272767,0.4037783864202001,0.43403754164902963
4387,2025-10-18 06:26:00,2025-10-13/2025-10-19,0.3596348685574623,0.37134502279326237,0.3559588692408103,0.3681121449651912
4389,2025-10-18 06:27:00,2025-10-13/2025-10-19,0.45433639526078534,0.47706137358168255,0.4539681842780285,0.4766424843314955
4392,2025-10-18 06:33:00,2025-10-13/2025-10-19,0.35549370353889503,0.37692768576910257,0.36486521697719443,0.38523052202870284
4394,2025-10-18 06:34:00,2025-10-13/2025-10-19,0.27286638556346926,0.2959756435044773,0.27120954396484875,0.29458816724145065
4395,2025-10-18 06:35:00,2025-10-13/2025-10-19,0.45711685678242503,0.48124697081237877,0.45838962416748047,0.48314234515830184
4396,2025-10-18 06:37:00,2025-10-13/2025-10-19,0.366044120536074,0.3870249497762799,0.37276562566646715,0.3929699699320755
4397,2025-10-18 06:39:00,2025-10-13/2025-10-19,0.35445503310489856,0.3666718390758436,0.35523023268999415,0.3674362357367357
4398,2025-10-18 06:40:00,2025-10-13/2025-10-19,0.4675467015934479,0.4903523539429733,0.46813331743124575,0.49159505942854786
4400,2025-10-18 06:46:00,2025-10-13/2025-10-19,0.3686676162904811,0.38942119239438,0.36539481675579416,0.3863278956484847
4402,2025-10-18 06:49:00,2025-10-13/2025-10-19,0.4822637759065856,0.49106312665308366,0.48067086029668205,0.4891460087031709
4403,2025-10-18 06:57:00,2025-10-13/2025-10-19,0.35035661275752983,0.36287197672765603,0.35031250337160524,0.3628790648335641
4404,2025-10-18 06:58:00,2025-10-13/2025-10-19,0.5968699468597364,0.47022040022971234,0.5962578466562884,0.46959535723653023
4407,2025-10-18 07:00:00,2025-10-13/2025-10-19,0.40977121894357404,0.4310686096791631,0.4103673150809086,0.43171598313816245
4408,2025-10-18 07:02:00,2025-10-13/2025-10-19,0.4090400812545719,0.4258214728546666,0.4067022010060074,0.42376166571879287
4415,2025-10-18 07:05:00,2025-10-13/2025-10-19,0.42036488806493305,0.43816687017586003,0.4213219123421798,0.4396595457732737
4416,2025-10-18 07:06:00,2025-10-13/2025-10-19,0.5009641825522081,0.5288644802342461,0.5000239488948035,0.5289063297553822
4417,2025-10-18 07:12:00,2025-10-13/2025-10-19,0.5147183027839511,0.5487808011286035,0.5131111234347939,0.5480720745018167
4419,2025-10-18 07:13:00,2025-10-13/2025-10-19,0.6656617634472454,0.6733501253135431,0.6634465755926239,0.6726346962190054
4420,2025-10-18 07:14:00,2025-10-13/2025-10-19,0.4924063947673449,0.5303882596916343,0.4911662876687281,0.5290797676092349
4422,2025-10-18 07:19:00,2025-10-13/2025-10-19,0.460101678515427,0.557723818152627,0.45776603729845505,0.5558010722294171
4425,2025-10-18 07:25:00,2025-10-13/2025-10-19,0.1823187284930504,0.19395212543159734,0.17999506698894974,0.1913344100980829
4427,2025-10-18 07:27:00,2025-10-13/2025-10-19,0.4359158745869801,0.3386898680464213,0.43701600028025184,0.3389859791194488
4428,2025-10-18 07:29:00,2025-10-13/2025-10-19,0.3772265094076742,0.40243839335306225,0.37514519437594956,0.40094180293373893
4430,2025-10-18 07:34:00,2025-10-13/2025-10-19,0.4111576402598676,0.4361067149529455,0.40850914896868695,0.43349188837142955
4434,2025-10-18 07:47:00,2025-10-13/2025-10-19,0.4461207869668777,0.4713663984531277,0.4534597036968087,0.47798222003971963
4440,2025-10-18 07:59:00,2025-10-13/2025-10-19,0.5247185956039135,0.5348419891582084,0.5260160581811649,0.5363299296649188
4441,2025-10-18 08:07:00,2025-10-13/2025-10-19,0.29200770797030323,0.3062901518685883,0.29106278226349064,0.305283914149391
4442,2025-10-18 08:09:00,2025-10-13/2025-10-19,0.37311401830386803,0.393978759483267,0.37338878650088453,0.39415788614609165
4443,2025-10-18 08:10:00,2025-10-13/2025-10-19,0.34142630929455986,0.35479932481316045,0.3492672527107122,0.36190791087358365
4444,2025-10-18 08:12:00,2025-10-13/2025-10-19,0.35027006661860033,0.3628506457852388,0.3528374422226173,0.36521828617033986
4446,2025-10-18 08:13:00,2025-10-13/2025-10-19,0.44204470560005577,0.4560746622132289,0.4392231398141716,0.45372947160469046
4447,2025-10-18 08:17:00,2025-10-13/2025-10-19,0.38830853972712187,0.40408138343024663,0.38564345903547687,0.40210297431471465
4449,2025-10-18 08:23:00,2025-10-13/2025-10-19,0.36185903831779226,0.38714048768741394,0.35715457269978795,0.3830205307195861
4454,2025-10-18 08:29:00,2025-10-13/2025-10-19,0.4365562524080832,0.45105564570944334,0.4338142212075193,0.448757006540757
4457,2025-10-18 08:32:00,2025-10-13/2025-10-19,0.3491152715692814,0.3617242171164415,0.3490870960592222,0.3617405947595902
4460,2025-10-18 08:35:00,2025-10-13/2025-10-19,0.39641175977508764,0.4346898377140137,0.39498692963733145,0.43296099133417193
4462,2025-10-18 08:36:00,2025-10-13/2025-10-19,0.5130855834879029,0.5339788668347853,0.5118386752780918,0.5336736413286749
4463,2025-10-18 08:44:00,2025-10-13/2025-10-19,0.38590034021468933,0.4136836613535646,0.3829700922870726,0.4118648371772669
4466,2025-10-18 08:53:00,2025-10-13/2025-10-19,0.4600139286678515,0.48290208419585073,0.46322715600053277,0.4857794831717082
4467,2025-10-18 08:59:00,2025-10-13/2025-10-19,0.437140442952304,0.45167598727863884,0.4381454589892481,0.45273790487707877
4468,2025-10-18 09:01:00,2025-10-13/2025-10-19,0.4154304815723717,0.44881171187964175,0.41516412853800766,0.4480656152180866
4471,2025-10-18 09:05:00,2025-10-13/2025-10-19,0.4234834921156822,0.4496896248505884,0.4243764131330634,0.4503787796878588
4472,2025-10-18 09:07:00,2025-10-13/2025-10-19,0.4367040100937825,0.46220116865117206,0.4438202513942481,0.4685737157231997
4474,2025-10-18 09:09:00,2025-10-13/2025-10-19,0.488229366059538,0.5140420610895463,0.4892641709899432,0.5141053967603186
4475,2025-10-18 09:12:00,2025-10-13/2025-10-19,0.367131608723001,0.3894647963644917,0.3678693094688127,0.390819253071918
4476,2025-10-18 09:18:00,2025-10-13/2025-10-19,0.47867749409522065,0.5016906960167614,0.4775126916812502,0.5003005653895151
4480,2025-10-18 09:42:00,2025-10-13/2025-10-19,0.4547495878971042,0.4150480196218267,0.4589740924227342,0.41818041897480757
4481,2025-10-18 09:44:00,2025-10-13/2025-10-19,0.5420863443031718,0.566300851189682,0.5387147678271944,0.5637781413633061
4483,2025-10-18 09:46:00,2025-10-13/2025-10-19,0.37676233629936523,0.3974982223545925,0.37633757240682864,0.3970463143493124
4485,2025-10-18 09:50:00,2025-10-13/2025-10-19,0.48599303205228167,0.4944547352192663,0.48435035479012295,0.4925086629796849
4488,2025-10-18 09:53:00,2025-10-13/2025-10-19,0.6665200290692281,0.6601395286087348,0.6642960206384476,0.6583194875756327
4489,2025-10-18 09:55:00,2025-10-13/2025-10-19,0.5015790506948683,0.5209921444723012,0.49873394936857707,0.5188364073704537
4490,2025-10-18 09:57:00,2025-10-13/2025-10-19,0.5302371804277074,0.551523516087298,0.5288762943104894,0.5507625302312362
4492,2025-10-18 10:03:00,2025-10-13/2025-10-19,0.3773138632320607,0.4025192816158325,0.375231123890919,0.40102183948129405
4494,2025-10-18 10:04:00,2025-10-13/2025-10-19,0.382663527118988,0.39974650557415103,0.38691504295308143,0.4034375316917357
4496,2025-10-18 10:06:00,2025-10-13/2025-10-19,0.43282292742315004,0.44765884515736215,0.43107082589647316,0.44623131449078207
4501,2025-10-18 10:16:00,2025-10-13/2025-10-19,0.3973976721989179,0.4090051189626098,0.394049888738157,0.4062313768974587
4505,2025-10-18 10:20:00,2025-10-13/2025-10-19,0.42214153866992526,0.46058250970323433,0.4208592570601043,0.45956160085724707
4514,2025-10-18 10:58:00,2025-10-13/2025-10-19,0.3150024187321936,0.3301313044145516,0.31706185524416364,0.33191179093543133
4527,2025-10-18 11:23:00,2025-10-13/2025-10-19,0.3942446246888124,0.39976979104191707,0.3930933878689517,0.39831848165433975
4544,2025-10-18 11:37:00,2025-10-13/2025-10-19,0.5114248569220713,0.5400481148989865,0.5106317492836085,0.5390335414645322
4546,2025-10-18 11:39:00,2025-10-13/2025-10-19,0.3142708445002242,0.3295470640672325,0.3204801677151408,0.3351070506811383
4556,2025-10-18 11:59:00,2025-10-13/2025-10-19,0.3689038258794641,0.39296060448410264,0.36667081617706093,0.39116669411207927
4557,2025-10-18 12:02:00,2025-10-13/2025-10-19,0.5704590872517425,0.5773198650471091,0.5690088101371368,0.5765547932192282
4565,2025-10-18 12:13:00,2025-10-13/2025-10-19,0.3322774278483549,0.3468777274602759,0.336152330805628,0.3500018188676921
4570,2025-10-18 12:18:00,2025-10-13/2025-10-19,0.3266918931885353,0.34335780966487206,0.3235366824712149,0.3406332710297065
4573,2025-10-18 12:21:00,2025-10-13/2025-10-19,0.337915275937574,0.36420258140548617,0.3375829260498727,0.36396056924816833
4574,2025-10-18 12:22:00,2025-10-13/2025-10-19,0.35815254009742753,0.37591770782092954,0.35703192775551124,0.37465906639885016
4583,2025-10-18 12:36:00,2025-10-13/2025-10-19,0.42955808860745426,0.45841449046993576,0.4322333467931048,0.460991156101753
4589,2025-10-18 12:41:00,2025-10-13/2025-10-19,0.3740927874539954,0.4041178016573525,0.3715969523244451,0.40217318100076904
4592,2025-10-18 12:43:00,2025-10-13/2025-10-19,0.5019352631498759,0.5444509360820798,0.5024733290002816,0.5450466772160298
4599,2025-10-18 12:51:00,2025-10-13/2025-10-19,0.5204019554098208,0.5597110106913125,0.5185238438141135,0.5584288175669067
4601,2025-10-18 13:01:00,2025-10-13/2025-10-19,0.33861118853803723,0.35730455907599096,0.33700938819971493,0.35604125172428797
4603,2025-10-18 13:04:00,2025-10-13/2025-10-19,0.4282134738775692,0.45827038053868896,0.42952064860866723,0.45912420401422865
4605,2025-10-18 13:07:00,2025-10-13/2025-10-19,0.4170611776497953,0.44222772266022825,0.41495286685325317,0.4401906386477359
4607,2025-10-18 13:18:00,2025-10-13/2025-10-19,0.3294953650264898,0.3490165931368235,0.33735649901924436,0.356364948468034
4610,2025-10-18 13:26:00,2025-10-13/2025-10-19,0.29962051334032425,0.3180736609101486,0.29855220464402316,0.317130487433869
4613,2025-10-18 13:40:00,2025-10-13/2025-10-19,0.33897619486330394,0.35762211743845346,0.3365152543331866,0.3555759132504045
4620,2025-10-18 14:05:00,2025-10-13/2025-10-19,0.3635038086776597,0.3838912878900378,0.3598832946951825,0.3799557823549662
4621,2025-10-18 14:06:00,2025-10-13/2025-10-19,0.4212505477836555,0.4607535350480052,0.42093648804446915,0.4603952514475583
4624,2025-10-18 14:24:00,2025-10-13/2025-10-19,0.3576795196069266,0.3750735643339424,0.35753658309397446,0.3752267821642003
4625,2025-10-18 14:29:00,2025-10-13/2025-10-19,0.3250627329923524,0.3419010692586106,0.3244427350958113,0.34148406377085655
4627,2025-10-18 14:48:00,2025-10-13/2025-10-19,0.34383793158428155,0.36924300050384246,0.3435506675973033,0.36900392462863935
4628,2025-10-18 15:02:00,2025-10-13/2025-10-19,0.3755509910124118,0.39718292403917294,0.3749842644660401,0.3966829276309778
4632,2025-10-18 15:05:00,2025-10-13/2025-10-19,0.3030250120220711,0.32132958785170884,0.3043250246674299,0.3225786775501001
4634,2025-10-18 15:17:00,2025-10-13/2025-10-19,0.47348999678686393,0.49091625029917646,0.469673844497178,0.4878693377469285
4636,2025-10-18 15:30:00,2025-10-13/2025-10-19,0.4242934840781628,0.44085209618694127,0.4224797449938888,0.4387247596294706
4637,2025-10-18 15:38:00,2025-10-13/2025-10-19,0.30044026149464764,0.32526644570877583,0.29850073563949986,0.3237619218206406
4638,2025-10-18 15:40:00,2025-10-13/2025-10-19,0.2968466461637038,0.31552282936227577,0.29821150899896554,0.31680789183724595
4639,2025-10-18 15:46:00,2025-10-13/2025-10-19,0.3417141627804988,0.3757494483794291,0.3398122003409328,0.3742390940788673
4643,2025-10-18 15:55:00,2025-10-13/2025-10-19,0.4159645723495331,0.43485965513702124,0.4125259825818901,0.4320613024731499
4645,2025-10-18 16:13:00,2025-10-13/2025-10-19,0.38672068048049824,0.41916128519419193,0.3858991611575126,0.41826033524164624
4648,2025-10-18 16:22:00,2025-10-13/2025-10-19,0.31585950700623894,0.35793943004411616,0.3130438982941704,0.35539745347894525
4653,2025-10-18 17:01:00,2025-10-13/2025-10-19,0.37582209803346484,0.408614041840899,0.3725874025646664,0.4058201184493071
4654,2025-10-18 17:03:00,2025-10-13/2025-10-19,0.42607175379842305,0.445413228771513,0.42398924539286265,0.4432165272843642
4656,2025-10-18 17:05:00,2025-10-13/2025-10-19,0.3303768675982428,0.34968143852682326,0.3314345961499513,0.35081277812669137
4660,2025-10-18 17:18:00,2025-10-13/2025-10-19,0.37413163597278504,0.4102270473107103,0.37173263604963863,0.40843896143108716
4663,2025-10-18 17:24:00,2025-10-13/2025-10-19,0.35244925270225774,0.36179892433985616,0.35425152022374884,0.3628139382232603
4672,2025-10-18 17:50:00,2025-10-13/2025-10-19,0.42936768500950323,0.4528258334816197,0.42834794969042905,0.45171660808268593
4680,2025-10-18 22:05:00,2025-10-13/2025-10-19,0.4235787986471819,0.46238090443397833,0.47133711360636593,0.5060084775458376
4685,2025-10-18 22:14:00,2025-10-13/2025-10-19,0.3553780161936273,0.4083472099073279,0.35208891639233614,0.4057628247261982
4687,2025-10-18 22:29:00,2025-10-13/2025-10-19,0.3182255035351443,0.33546329514377055,0.3248970885072627,0.341722167011135
4688,2025-10-18 22:54:00,2025-10-13/2025-10-19,0.5378581071505697,0.5643604935239191,0.5325805355053446,0.5607389733915701
4690,2025-10-18 23:02:00,2025-10-13/2025-10-19,0.5077134206568023,0.5364206687142407,0.5039648166645151,0.5328554139244477
4693,2025-10-18 23:47:00,2025-10-13/2025-10-19,0.3346709552864673,0.3506426451439304,0.33531135429722114,0.35146000085993434
4695,2025-10-18 23:52:00,2025-10-13/2025-10-19,0.4683622597204875,0.4808237570255813,0.46369297689711436,0.4763787942487331
5309,2025-10-19 02:17:00,2025-10-13/2025-10-19,0.24467539411424047,0.2841690960998812,0.29507690435146905,0.33290858020246816
5311,2025-10-19 02:20:00,2025-10-13/2025-10-19,0.26358698710949674,0.26919763387791884,0.26286796659231293,0.2690311455751993
5312,2025-10-19 02:22:00,2025-10-13/2025-10-19,0.26023230184510193,0.2661576754503561,0.26177023713343617,0.2680136033423781
5314,2025-10-19 02:27:00,2025-10-13/2025-10-19,0.34336670094989646,0.3671987341938381,0.34044845136059804,0.36457724584217355
5353,2025-10-19 10:38:00,2025-10-13/2025-10-19,0.37928718800742095,0.39707920876085456,0.3964927098622246,0.4129572222171681
5356,2025-10-19 10:41:00,2025-10-13/2025-10-19,0.3808847335024245,0.40840772231838135,0.41057347356854573,0.4354336820162679
5357,2025-10-19 10:46:00,2025-10-13/2025-10-19,0.4506726994476211,0.48682399812877963,0.45227212830687413,0.48852652260807256
5358,2025-10-19 10:48:00,2025-10-13/2025-10-19,0.4385889212392836,0.4494595096566349,0.43860997175990724,0.44923064164089577
5365,2025-10-19 11:16:00,2025-10-13/2025-10-19,0.4171736409489119,0.44408274501973183,0.44122675378286763,0.46557817183580635
5370,2025-10-19 11:26:00,2025-10-13/2025-10-19,0.4057182795173617,0.43166800889421747,0.40580143002335756,0.43201229035293637
5373,2025-10-19 13:21:00,2025-10-13/2025-10-19,0.2882958073419526,0.30618522758466576,0.28912138523154374,0.3075071647896771
5374,2025-10-19 13:38:00,2025-10-13/2025-10-19,0.28034772002901714,0.2044355729828542,0.2850525767382306,0.20774288819429834
5375,2025-10-19 13:43:00,2025-10-13/2025-10-19,0.40649235894975655,0.42273749674809435,0.4059363492886426,0.42208655510032767
5379,2025-10-19 14:01:00,2025-10-13/2025-10-19,0.3130641945437227,0.35131540713590226,0.31977152924532576,0.358154081775911
5381,2025-10-19 14:21:00,2025-10-13/2025-10-19,0.3042568298137759,0.35399846734672324,0.3050441790948421,0.3549935788110059
5382,2025-10-19 14:27:00,2025-10-13/2025-10-19,0.2787708930135016,0.3128474871119591,0.27847085343501343,0.3125476994945669
5383,2025-10-19 14:28:00,2025-10-13/2025-10-19,0.30819004582478676,0.3394063469772127,0.31195423954074536,0.34328434406374453
5385,2025-10-19 14:44:00,2025-10-13/2025-10-19,0.28178925902695584,0.2997922369295825,0.28337799869678476,0.3015821126983839
5387,2025-10-19 14:53:00,2025-10-13/2025-10-19,0.24635066058650767,0.26613638033882403,0.24754228855936505,0.2674083626494244
5390,2025-10-19 15:01:00,2025-10-13/2025-10-19,0.4041630111370188,0.435923952711539,0.4036394046583678,0.43682666141689747
5393,2025-10-19 15:28:00,2025-10-13/2025-10-19,0.5564802129951161,0.5900316976385922,0.5588744438167489,0.5949308827345411
5395,2025-10-19 15:34:00,2025-10-13/2025-10-19,0.2892647772283518,0.31920169293061007,0.2900564730683309,0.3203611066009983
5397,2025-10-19 16:05:00,2025-10-13/2025-10-19,0.2972604795538822,0.31958840795573185,0.29743874218491995,0.3195293178113876
5399,2025-10-19 16:53:00,2025-10-13/2025-10-19,0.29927871205887896,0.3454759786179321,0.30162967010912634,0.34786138747098516
5401,2025-10-19 17:32:00,2025-10-13/2025-10-19,0.36255562184556916,0.3838686095223147,0.3662258407029896,0.3876876392522142
5409,2025-10-19 18:28:00,2025-10-13/2025-10-19,0.3361135563366361,0.3651021797877424,0.33734764389488514,0.36604940654909596
5414,2025-10-20 03:13:00,2025-10-20/2025-10-26,0.5874613982771438,0.5432909814144699,0.5882863711987857,0.5437560165872061
5416,2025-10-20 03:25:00,2025-10-20/2025-10-26,0.4667421656867096,0.48875111525889936,0.46500844442301037,0.4878010951117823
5418,2025-10-20 04:01:00,2025-10-20/2025-10-26,0.328076582891756,0.3380571862701255,0.32652090837028824,0.3370202934763688
5419,2025-10-20 04:05:00,2025-10-20/2025-10-26,0.5042547567454928,0.5289930873434624,0.5026451064919362,0.5284998856386562
5420,2025-10-20 04:06:00,2025-10-20/2025-10-26,0.4783258337482986,0.4811783630142888,0.4787394602229009,0.4817650821137057
5421,2025-10-20 04:07:00,2025-10-20/2025-10-26,0.49035886599256123,0.5155213296586338,0.48882531476180235,0.5154618542165221
5422,2025-10-20 04:13:00,2025-10-20/2025-10-26,0.5047835550424092,0.509102960084377,0.5037250359249169,0.5088108343104998
5423,2025-10-20 04:16:00,2025-10-20/2025-10-26,0.3428057048518466,0.3466771507977737,0.3417802863986701,0.34591217517888345
5424,2025-10-20 04:17:00,2025-10-20/2025-10-26,0.511587574755712,0.5473876314822593,0.510955061617289,0.546341851275246
5425,2025-10-20 04:21:00,2025-10-20/2025-10-26,0.48441317636236214,0.4976809392793124,0.4826057996049562,0.49674190832202
5428,2025-10-20 04:58:00,2025-10-20/2025-10-26,0.37617910869427296,0.3915141588600281,0.3766306693869558,0.3911815650131241
5429,2025-10-20 05:30:00,2025-10-20/2025-10-26,0.3476262480079169,0.3644247395381102,0.3463015429140538,0.3633356505441954
5430,2025-10-20 05:39:00,2025-10-20/2025-10-26,0.3514188829416159,0.3644765055794517,0.35013355520803574,0.3633744789221416
5432,2025-10-20 06:03:00,2025-10-20/2025-10-26,0.49216045537162956,0.5011754767273089,0.4919002225430394,0.5012678248846443
5437,2025-10-20 06:23:00,2025-10-20/2025-10-26,0.5281465952602207,0.549589772323989,0.5283884670674233,0.5502038514449598
5438,2025-10-20 06:56:00,2025-10-20/2025-10-26,0.5922033305317518,0.6082215111217949,0.5920046802042811,0.6087211355977751
5442,2025-10-20 08:31:00,2025-10-20/2025-10-26,0.5134946267066477,0.534075336834163,0.5149942240756771,0.535437522008077
5443,2025-10-20 08:32:00,2025-10-20/2025-10-26,0.5105226912571811,0.5439557945648831,0.5100282105871138,0.5447116409935998
5445,2025-10-20 08:59:00,2025-10-20/2025-10-26,0.5380298976898995,0.5670835787741156,0.5374357541560468,0.5679208597303159
5447,2025-10-20 09:47:00,2025-10-20/2025-10-26,0.35957821358559716,0.3720849445615172,0.3590670212086229,0.37161967559555664
5448,2025-10-20 09:48:00,2025-10-20/2025-10-26,0.5136876311103329,0.5445305767796933,0.5129213147258239,0.5450775513694373
5454,2025-10-20 10:27:00,2025-10-20/2025-10-26,0.2998779720077587,0.31885193792942157,0.3008895624906839,0.31867663528332035
5458,2025-10-20 11:09:00,2025-10-20/2025-10-26,0.4987969489122528,0.5072193551410489,0.4994296209557206,0.5079417750226881
5461,2025-10-20 11:29:00,2025-10-20/2025-10-26,0.3683764764777791,0.3879910514036905,0.36800120918379997,0.38763339549099035
5462,2025-10-20 11:40:00,2025-10-20/2025-10-26,0.3734958248952672,0.3926955725653663,0.37313321005654826,0.3922746377276009
5467,2025-10-20 12:15:00,2025-10-20/2025-10-26,0.4881877561435569,0.5224082265538452,0.4875765340617112,0.5222980002906957
5472,2025-10-20 13:07:00,2025-10-20/2025-10-26,0.49706133221204035,0.5274150567661584,0.4959961918098319,0.5270159931351852
5473,2025-10-20 13:07:00,2025-10-20/2025-10-26,0.5648440975157782,0.583850550752127,0.5642581723295572,0.5830147755043888
5475,2025-10-20 13:10:00,2025-10-20/2025-10-26,0.4034240848461738,0.4364103690445319,0.4045679211690449,0.4358155932302489
5477,2025-10-20 13:39:00,2025-10-20/2025-10-26,0.369957024719461,0.40434793794186036,0.3705662920074247,0.40347162412282706
5478,2025-10-20 13:40:00,2025-10-20/2025-10-26,0.36087874865255,0.3797527570497649,0.3602767353824506,0.3784313134985857
5480,2025-10-20 14:03:00,2025-10-20/2025-10-26,0.4960120063941668,0.5379476375044187,0.4973243687830418,0.5384350074956396
5481,2025-10-20 14:32:00,2025-10-20/2025-10-26,0.5535334784718174,0.5803950344427519,0.5534495738063124,0.5802581139170588
5486,2025-10-20 14:45:00,2025-10-20/2025-10-26,0.35999641226388407,0.38118221692802645,0.36199213326468954,0.381906392795846
5503,2025-10-20 15:51:00,2025-10-20/2025-10-26,0.4021467259274445,0.4151682780783983,0.40240832403308985,0.4145918107829523
5505,2025-10-20 15:53:00,2025-10-20/2025-10-26,0.4741261242482095,0.5074811852267571,0.4718110164709362,0.5063589951028977
5506,2025-10-20 15:54:00,2025-10-20/2025-10-26,0.37017972955654116,0.3972611363422925,0.37044119001904136,0.39644730482921525
5510,2025-10-20 16:00:00,2025-10-20/2025-10-26,0.3698779964434904,0.39336157560346785,0.36945955576954165,0.39216125071249247
5511,2025-10-20 16:05:00,2025-10-20/2025-10-26,0.603392041061593,0.6267295383922655,0.6035856332378968,0.6263869727717318
5514,2025-10-20 17:04:00,2025-10-20/2025-10-26,0.5873604233455086,0.6276539253207086,0.5868849237974317,0.6267406918902306
5515,2025-10-20 17:05:00,2025-10-20/2025-10-26,0.3944977868067203,0.4214546510928969,0.39412985282641594,0.4205527885868717
5516,2025-10-20 17:09:00,2025-10-20/2025-10-26,0.5799677283633669,0.6109527439761537,0.5793176725610611,0.6111191696075372
5517,2025-10-20 17:24:00,2025-10-20/2025-10-26,0.5509069973521891,0.588349227255193,0.5502002778453217,0.5872095497727664
5521,2025-10-20 19:16:00,2025-10-20/2025-10-26,0.35741762942843847,0.37296048470508714,0.3577290520016232,0.37268374044989616
5529,2025-10-20 20:35:00,2025-10-20/2025-10-26,0.4807565492434214,0.511407938412831,0.47985168871661943,0.5107112774133585
5530,2025-10-20 20:48:00,2025-10-20/2025-10-26,0.5391105189216261,0.5574794602374892,0.5394411544696605,0.5565810949767969
5531,2025-10-20 20:49:00,2025-10-20/2025-10-26,0.5340060443515748,0.5551455655438217,0.5329618313924183,0.5540902974865808
5534,2025-10-20 21:08:00,2025-10-20/2025-10-26,0.5146905471521505,0.5508776422604926,0.5138236447135619,0.5505913050802859
5535,2025-10-20 21:12:00,2025-10-20/2025-10-26,0.5461067687102895,0.5892747250759302,0.5453554288559594,0.5895573234825059
5545,2025-10-21 00:16:00,2025-10-20/2025-10-26,0.2858462636278694,0.28575875019514035,0.286819327342452,0.286621226564983
5557,2025-10-21 10:18:00,2025-10-20/2025-10-26,0.4224769407943177,0.42730968901035987,0.42334769351266477,0.42838314970512587
5577,2025-10-21 10:54:00,2025-10-20/2025-10-26,0.3919875704937606,0.3905936898790313,0.39349010840632276,0.39062923715433145
5578,2025-10-21 10:56:00,2025-10-20/2025-10-26,0.42845887507799313,0.4443258746848646,0.4301846033295941,0.44475598411864087
5588,2025-10-21 11:42:00,2025-10-20/2025-10-26,0.5057411515482397,0.5259887536061069,0.5063035497457692,0.5257685353204102
5590,2025-10-21 11:55:00,2025-10-20/2025-10-26,0.4917985836398226,0.5202370103119844,0.4902921568909663,0.5204266432771318
5593,2025-10-21 11:57:00,2025-10-20/2025-10-26,0.49002817063313053,0.5170664172191911,0.4882648225149272,0.5170010677875834
5596,2025-10-21 12:06:00,2025-10-20/2025-10-26,0.31087526434197355,0.3215566773082038,0.3109395967168115,0.3206632315846293
5598,2025-10-21 12:15:00,2025-10-20/2025-10-26,0.3177266918243287,0.3400845358429649,0.31787044257272934,0.3394618834881321
5599,2025-10-21 12:20:00,2025-10-20/2025-10-26,0.5552029119384373,0.5854976129051517,0.5551741569873538,0.5854026777905208
5600,2025-10-21 12:22:00,2025-10-20/2025-10-26,0.31416215113404744,0.333163273810744,0.31422897773324504,0.33215620033601806
5602,2025-10-21 12:39:00,2025-10-20/2025-10-26,0.45379331313185944,0.48019251135436175,0.45298764130902286,0.47948402570698473
5671,2025-10-21 15:27:00,2025-10-20/2025-10-26,0.4160488110169861,0.4364246881591966,0.4174466661936796,0.4371315415439119
5676,2025-10-21 16:03:00,2025-10-20/2025-10-26,0.4186389906894266,0.4343853682373309,0.41898747250548046,0.4343351646102503
5678,2025-10-21 16:10:00,2025-10-20/2025-10-26,0.4415673422406389,0.46165715491846715,0.4410925019145575,0.46160580093823717
5679,2025-10-21 16:14:00,2025-10-20/2025-10-26,0.29981121245057807,0.3234825274409513,0.29927095535489834,0.32226333595984213
5680,2025-10-21 16:19:00,2025-10-20/2025-10-26,0.5585061348532039,0.5861440943693577,0.5579244684495481,0.5855512647213782
5682,2025-10-21 16:29:00,2025-10-20/2025-10-26,0.4345689437601386,0.45388551480529493,0.43477348748918365,0.4534529994017214
5844,2025-10-21 21:27:00,2025-10-20/2025-10-26,0.5333996046859155,0.5558248603611016,0.5337864993504403,0.5559466575856191
5845,2025-10-21 21:28:00,2025-10-20/2025-10-26,0.5505479831674716,0.5676990489139333,0.5498369159472896,0.5682407593439457
5848,2025-10-21 21:49:00,2025-10-20/2025-10-26,0.48889155206973706,0.5183890812935608,0.48815835733475765,0.5182326045798218
5850,2025-10-21 22:01:00,2025-10-20/2025-10-26,0.5050406223245748,0.5258458883036238,0.5047880776983009,0.5255755176489452
5852,2025-10-21 22:05:00,2025-10-20/2025-10-26,0.44335822412906617,0.4655776973432923,0.44404145988941357,0.46462598692724316
5854,2025-10-21 23:34:00,2025-10-20/2025-10-26,0.6435530885207679,0.66561401602788,0.6410706871184504,0.6651952821832888
5859,2025-10-22 00:02:00,2025-10-20/2025-10-26,0.35438519780843003,0.36542236343051926,0.3535641268964098,0.364418923742603
5861,2025-10-22 01:16:00,2025-10-20/2025-10-26,0.4541343615455584,0.4533982899707523,0.45321815565031676,0.4534383555107436
5865,2025-10-22 01:47:00,2025-10-20/2025-10-26,0.44299306004240624,0.439178843393852,0.44341915943131155,0.4404329771161333
5866,2025-10-22 01:49:00,2025-10-20/2025-10-26,0.31264052476311566,0.3080113225384701,0.3122118262627066,0.30809229288182344
5871,2025-10-22 03:14:00,2025-10-20/2025-10-26,0.559693454675209,0.565752561180266,0.5589094928014063,0.565326030859534
5872,2025-10-22 03:47:00,2025-10-20/2025-10-26,0.4878124879411684,0.5013596623727385,0.4879775816936744,0.5034176432507672
5875,2025-10-22 04:04:00,2025-10-20/2025-10-26,0.4665111227047742,0.4729546164412909,0.46498793491933105,0.47308417409585724
5876,2025-10-22 04:05:00,2025-10-20/2025-10-26,0.4799655650342307,0.48561227024632897,0.4793673879628167,0.48586531131252925
5877,2025-10-22 04:06:00,2025-10-20/2025-10-26,0.46173271326171716,0.46342216404701553,0.46057620083721407,0.4633270340158286
5878,2025-10-22 04:07:00,2025-10-20/2025-10-26,0.3060196775149981,0.30907684126183194,0.30469466276143314,0.30862847213108036
5879,2025-10-22 04:08:00,2025-10-20/2025-10-26,0.30578805305764956,0.30888574045460887,0.3047096756364485,0.3086418826303733
5880,2025-10-22 04:09:00,2025-10-20/2025-10-26,0.465932322027521,0.4773942150651936,0.464661411464846,0.4779438815918434
5881,2025-10-22 04:09:00,2025-10-20/2025-10-26,0.46645885825572786,0.4888307666688859,0.46411218908037766,0.48847950372458493
5882,2025-10-22 04:10:00,2025-10-20/2025-10-26,0.3025554704052307,0.3065916924242995,0.3014968282357259,0.30635404527163906
5887,2025-10-22 04:14:00,2025-10-20/2025-10-26,0.29436594513360786,0.29170987786339936,0.2946257845580964,0.29258555247485235
5888,2025-10-22 04:15:00,2025-10-20/2025-10-26,0.388589374885525,0.43165471986545684,0.3884053954485267,0.4316612705962331
5889,2025-10-22 04:16:00,2025-10-20/2025-10-26,0.4651740543354336,0.47636643579259713,0.4638358086321974,0.4769363391657879
5893,2025-10-22 04:27:00,2025-10-20/2025-10-26,0.3500876992154428,0.3586056250883839,0.3483595150262333,0.35779101289937165
5896,2025-10-22 04:32:00,2025-10-20/2025-10-26,0.4169593813355207,0.41694846841198424,0.4166853865281339,0.4157999039713181
5901,2025-10-22 04:53:00,2025-10-20/2025-10-26,0.4521656779239356,0.47963016533455494,0.45060035964653966,0.4798095955271587
5904,2025-10-22 06:01:00,2025-10-20/2025-10-26,0.504545161818291,0.5205981312418192,0.5041475545699086,0.521501886836144
5909,2025-10-22 06:14:00,2025-10-20/2025-10-26,0.3182589272800441,0.327140188349117,0.3176402860356377,0.3272675690022474
5912,2025-10-22 06:34:00,2025-10-20/2025-10-26,0.3329089913450127,0.3328341623911241,0.33292511063812263,0.3332203438699053
5913,2025-10-22 06:40:00,2025-10-20/2025-10-26,0.4780018142328163,0.4843578348858831,0.4780074991705718,0.4848751020795824
5914,2025-10-22 06:43:00,2025-10-20/2025-10-26,0.45650545279470917,0.463089726498283,0.4572320919418567,0.46436714124505485
5918,2025-10-22 07:24:00,2025-10-20/2025-10-26,0.34994615544597674,0.3583844510827494,0.34864501692495065,0.3574703851163548
5920,2025-10-22 07:27:00,2025-10-20/2025-10-26,0.45872462203126096,0.4546900355600953,0.4584859483639034,0.4552176152967644
5921,2025-10-22 07:29:00,2025-10-20/2025-10-26,0.4847130587061462,0.4920829597908817,0.48315519546808205,0.49159237464856215
5923,2025-10-22 08:22:00,2025-10-20/2025-10-26,0.48025904412342135,0.4909869847535778,0.4803417606455785,0.492254816680743
5931,2025-10-22 08:55:00,2025-10-20/2025-10-26,0.44962659123259574,0.4544932183024147,0.44871230742771545,0.4548912348955674
5932,2025-10-22 08:56:00,2025-10-20/2025-10-26,0.4792193791654847,0.4878809755073724,0.4786502570516043,0.4881410092832422
5938,2025-10-22 09:29:00,2025-10-20/2025-10-26,0.34775035294214124,0.3567358628030859,0.34614768330654083,0.3556080123133288
5939,2025-10-22 09:30:00,2025-10-20/2025-10-26,0.3292043838405162,0.33222030870635594,0.32947981305502266,0.3328262111857732
5944,2025-10-22 10:23:00,2025-10-20/2025-10-26,0.4152097425774545,0.4432337172776405,0.416335374203685,0.44360577190515504
5945,2025-10-22 10:24:00,2025-10-20/2025-10-26,0.5790151091375204,0.5938128339662971,0.5784619983793867,0.593858231644027
5950,2025-10-22 11:10:00,2025-10-20/2025-10-26,0.34387877561334845,0.35605466818517006,0.34399337122785495,0.3562454840863075
5955,2025-10-22 11:42:00,2025-10-20/2025-10-26,0.4992673322647872,0.5066151793841809,0.4995422081751242,0.5075056726001081
5958,2025-10-22 12:08:00,2025-10-20/2025-10-26,0.4838581812442613,0.4334009592690858,0.48245924393247397,0.43152754710212493
5962,2025-10-22 12:55:00,2025-10-20/2025-10-26,0.37341600000070424,0.39691073482103884,0.3741355413338747,0.3973213695116673
5964,2025-10-22 13:17:00,2025-10-20/2025-10-26,0.33528749630828447,0.35365923830183804,0.3351524163490329,0.3529970382731895
5965,2025-10-22 13:18:00,2025-10-20/2025-10-26,0.3138496646825953,0.32266176247269635,0.3156524260689975,0.323906424182069
6006,2025-10-22 16:48:00,2025-10-20/2025-10-26,0.36653570121525275,0.3938681842387263,0.36789480575998385,0.3944515122188285
6013,2025-10-22 18:31:00,2025-10-20/2025-10-26,0.4803035281444668,0.49691280214259387,0.4806682626598071,0.4980842798467748
6019,2025-10-22 20:48:00,2025-10-20/2025-10-26,0.47214745695714766,0.49379730546996564,0.47302961276583677,0.4933504905563824
6021,2025-10-22 21:15:00,2025-10-20/2025-10-26,0.3187085186134559,0.3302775534663293,0.31802043830548166,0.3296553855665167
6022,2025-10-22 21:16:00,2025-10-20/2025-10-26,0.5921732795750397,0.6179656211271258,0.5911030358259063,0.6178590582860978
6024,2025-10-22 21:53:00,2025-10-20/2025-10-26,0.43160155936732664,0.4411622961149035,0.43113225607923167,0.4411301978407807
6029,2025-10-22 22:52:00,2025-10-20/2025-10-26,0.3450372609378421,0.3629116903452016,0.3462835434821962,0.36363209128512025
6034,2025-10-23 00:07:00,2025-10-20/2025-10-26,0.46795564858500377,0.46694497726002726,0.4683204127184967,0.46715635731857974
6035,2025-10-23 00:16:00,2025-10-20/2025-10-26,0.4733950227260544,0.47477863879319454,0.4746114348129103,0.4758345409167388
6041,2025-10-23 02:10:00,2025-10-20/2025-10-26,0.4368031654236059,0.44762668210798773,0.43934674958701586,0.4478880126111725
6044,2025-10-23 02:56:00,2025-10-20/2025-10-26,0.5470895632600415,0.5636357182941207,0.5447031944233932,0.5628851676024387
6046,2025-10-23 03:28:00,2025-10-20/2025-10-26,0.46968097722441504,0.47967942641451605,0.46945444584431395,0.4798176584128122
6049,2025-10-23 04:06:00,2025-10-20/2025-10-26,0.4079569901775572,0.40402553330331914,0.40570134131753965,0.4029879961826928
6051,2025-10-23 04:09:00,2025-10-20/2025-10-26,0.3368917815212408,0.35052594695795997,0.3369703363730509,0.3500243115566303
6052,2025-10-23 04:17:00,2025-10-20/2025-10-26,0.3276548003345825,0.3455204506604628,0.32570418326519446,0.34402067789106877
6053,2025-10-23 05:00:00,2025-10-20/2025-10-26,0.3213723248138182,0.3258951990991719,0.32036611279509225,0.32435845293077237
6054,2025-10-23 05:17:00,2025-10-20/2025-10-26,0.430104325247314,0.4328389251083869,0.4306413874070169,0.43372252258766597
6056,2025-10-23 05:30:00,2025-10-20/2025-10-26,0.3725724595872514,0.3908363489176079,0.37300858507858,0.3902939971960318
6057,2025-10-23 06:16:00,2025-10-20/2025-10-26,0.4092955369131633,0.4334645764692239,0.4095976491525765,0.4341101139743272
6058,2025-10-23 06:25:00,2025-10-20/2025-10-26,0.42788244125037017,0.4402398103343299,0.4278778589181902,0.4400824988497661
6059,2025-10-23 06:31:00,2025-10-20/2025-10-26,0.5227766852507472,0.5483454070696077,0.5223885548264192,0.5487460444132706
6060,2025-10-23 06:38:00,2025-10-20/2025-10-26,0.3143488096836231,0.3231936366731982,0.3136605078309913,0.3228878514440097
6063,2025-10-23 06:47:00,2025-10-20/2025-10-26,0.5335926937047987,0.5430709509333029,0.5350391726657399,0.5429008170852208
6067,2025-10-23 07:06:00,2025-10-20/2025-10-26,0.3522747469961196,0.3736944768356226,0.35165531683279017,0.3730041009259478
6070,2025-10-23 07:34:00,2025-10-20/2025-10-26,0.3329660765771794,0.3498895542701092,0.33259514602627,0.3497351612858979
6071,2025-10-23 07:35:00,2025-10-20/2025-10-26,0.5550165320178208,0.569702430421171,0.5538851344848293,0.5699560483004541
6074,2025-10-23 07:42:00,2025-10-20/2025-10-26,0.3423484806713568,0.37093469083931574,0.34444622416200227,0.37045368478744267
6075,2025-10-23 07:47:00,2025-10-20/2025-10-26,0.5607713364706111,0.5811283782483437,0.5602458846127747,0.58107920537373
6076,2025-10-23 07:50:00,2025-10-20/2025-10-26,0.3264028737635035,0.3389909205676861,0.3257375013318467,0.3384986273802886
6078,2025-10-23 08:25:00,2025-10-20/2025-10-26,0.45899431334517016,0.4772984504715823,0.4603815528877271,0.4791454523015018
6079,2025-10-23 08:42:00,2025-10-20/2025-10-26,0.47094658412088625,0.4954519930388996,0.46995934218401664,0.4950312057127238
6082,2025-10-23 08:59:00,2025-10-20/2025-10-26,0.4102479928257332,0.4278670907539739,0.4094117413863617,0.42741281039840684
6083,2025-10-23 09:06:00,2025-10-20/2025-10-26,0.4964441741777967,0.5095017217825196,0.49679119518976195,0.5094809335058718
6086,2025-10-23 09:23:00,2025-10-20/2025-10-26,0.5592139345618982,0.5833147117750117,0.5581936942058962,0.5837009182439947
6087,2025-10-23 09:24:00,2025-10-20/2025-10-26,0.3634172913163226,0.37565355131376,0.3643839406481174,0.3760616182676404
6091,2025-10-23 09:46:00,2025-10-20/2025-10-26,0.49981750668012065,0.5280551219318859,0.49919320354259833,0.5283189837595884
6093,2025-10-23 09:51:00,2025-10-20/2025-10-26,0.48189867803374814,0.502856011453764,0.4833092196789492,0.5049809978750603
6094,2025-10-23 09:54:00,2025-10-20/2025-10-26,0.3614908421507899,0.38462126489579623,0.360256266796996,0.38424400565113737
6098,2025-10-23 10:21:00,2025-10-20/2025-10-26,0.49637400471033616,0.5085017311490553,0.49644012857754083,0.5084758674572794
6099,2025-10-23 10:23:00,2025-10-20/2025-10-26,0.34925537217290226,0.357860862596849,0.3494392791234277,0.3577295454778077
6101,2025-10-23 10:36:00,2025-10-20/2025-10-26,0.557716772919559,0.5621529297347017,0.5575534231748612,0.5622307169113839
6102,2025-10-23 10:43:00,2025-10-20/2025-10-26,0.435808507529224,0.44848227812698077,0.4356433471972029,0.4480791956200885
6104,2025-10-23 10:50:00,2025-10-20/2025-10-26,0.45011114544821074,0.4673010963534714,0.44931665678567345,0.467267029791249
6108,2025-10-23 11:04:00,2025-10-20/2025-10-26,0.5620321157946316,0.5800931712209073,0.5616474126520493,0.5795587116029857
6110,2025-10-23 11:11:00,2025-10-20/2025-10-26,0.5978906319204915,0.6076444881468697,0.5984308500623876,0.6081994617038877
6115,2025-10-23 11:48:00,2025-10-20/2025-10-26,0.4825863459752064,0.5002345714985292,0.48190342197911895,0.4999315092738849
6116,2025-10-23 12:01:00,2025-10-20/2025-10-26,0.47692956833046346,0.5038960979725101,0.4792891409646286,0.5056361323765702
6118,2025-10-23 12:02:00,2025-10-20/2025-10-26,0.4764117102560448,0.5106313641396807,0.4749192121772861,0.5093769580218481
6125,2025-10-23 12:14:00,2025-10-20/2025-10-26,0.3292717953712679,0.34864608938807257,0.33067883689310745,0.3482948076859845
6127,2025-10-23 12:34:00,2025-10-20/2025-10-26,0.33427654013411495,0.3506996354630668,0.3336047450086029,0.34928396917825777
6128,2025-10-23 12:38:00,2025-10-20/2025-10-26,0.4625544372183091,0.48056616927523976,0.4651491030739381,0.48214941378446025
6137,2025-10-23 13:33:00,2025-10-20/2025-10-26,0.5254195205329026,0.5410092287723587,0.5271527442961417,0.539997477771041
6144,2025-10-23 14:29:00,2025-10-20/2025-10-26,0.5085215958878723,0.4037153048946019,0.5071205892631893,0.40277386096498224
6145,2025-10-23 14:31:00,2025-10-20/2025-10-26,0.6392305449972339,0.6414707194491902,0.6381785389488529,0.6411477510119491
6146,2025-10-23 14:32:00,2025-10-20/2025-10-26,0.3470435155139171,0.36758827339024225,0.345764661543436,0.3655707919698775
6147,2025-10-23 14:59:00,2025-10-20/2025-10-26,0.4775376771849394,0.4887869618633073,0.4793598393426006,0.49063768961060983
6148,2025-10-23 15:04:00,2025-10-20/2025-10-26,0.4756096837135244,0.49163722296792955,0.4770982520179672,0.4931432065935512
6149,2025-10-23 15:13:00,2025-10-20/2025-10-26,0.4404815789081537,0.46044446023154145,0.44155468440841916,0.4611072267470264
6150,2025-10-23 15:29:00,2025-10-20/2025-10-26,0.4992061441066377,0.5087314615210125,0.5010548780315096,0.5102993210678077
6153,2025-10-23 15:36:00,2025-10-20/2025-10-26,0.31060679300772753,0.3294217194651159,0.310255655951779,0.3285185546990128
6154,2025-10-23 15:45:00,2025-10-20/2025-10-26,0.48062385986314493,0.5039657333622454,0.4812767208624579,0.5039673965443833
6156,2025-10-23 16:14:00,2025-10-20/2025-10-26,0.4640225026902749,0.4818255947531414,0.4657530514289467,0.48268352233670747
6157,2025-10-23 16:18:00,2025-10-20/2025-10-26,0.46661584032785663,0.48116948294739814,0.46665065942702555,0.4803798485743187
6158,2025-10-23 16:24:00,2025-10-20/2025-10-26,0.4461815016747602,0.46012207494246954,0.44588124965555703,0.4609382282496214
6159,2025-10-23 16:29:00,2025-10-20/2025-10-26,0.5355672074391911,0.5764529446840555,0.5354774904795271,0.5753720749381201
6160,2025-10-23 16:31:00,2025-10-20/2025-10-26,0.4564540656484211,0.4863658200640124,0.45529870502954894,0.4850512123320699
6166,2025-10-23 16:41:00,2025-10-20/2025-10-26,0.21386565911865227,0.22843656590129083,0.21395550981303318,0.22715478071193104
6167,2025-10-23 17:01:00,2025-10-20/2025-10-26,0.3294591591493773,0.3443322773441313,0.3317162464757383,0.345346400202025
6168,2025-10-23 17:07:00,2025-10-20/2025-10-26,0.3369688144693507,0.3521836584932714,0.3362195095462399,0.35077861710145775
6169,2025-10-23 17:15:00,2025-10-20/2025-10-26,0.33197155914645976,0.3569458432014504,0.3313229670839815,0.35532020118550983
6170,2025-10-23 17:17:00,2025-10-20/2025-10-26,0.5093371097379423,0.544352147852986,0.5079774328812297,0.5429528197122673
6171,2025-10-23 17:38:00,2025-10-20/2025-10-26,0.5086119177442199,0.5247398360296227,0.5132078745970707,0.5289314569572585
6178,2025-10-23 18:23:00,2025-10-20/2025-10-26,0.5143515744511449,0.5291875241157727,0.5150387178549981,0.5302790578790467
6179,2025-10-23 18:45:00,2025-10-20/2025-10-26,0.3269555823291837,0.3405560120911533,0.3281790610237231,0.3410502841581923
6181,2025-10-23 19:12:00,2025-10-20/2025-10-26,0.595320434836878,0.6186172673215957,0.5942641798651687,0.6185015496097042
6183,2025-10-23 19:29:00,2025-10-20/2025-10-26,0.5333982449168967,0.5520067129073507,0.532868127240005,0.5512400771534007
6185,2025-10-23 20:05:00,2025-10-20/2025-10-26,0.4645072537918057,0.48588239875682343,0.4636447851859525,0.4849134127940015
6187,2025-10-23 20:39:00,2025-10-20/2025-10-26,0.3420007241726444,0.36644239929661604,0.341346582954883,0.36522220030635805
6189,2025-10-23 20:51:00,2025-10-20/2025-10-26,0.35307129860159187,0.37007267536531036,0.3522186692644391,0.36841945465435727
6190,2025-10-23 20:54:00,2025-10-20/2025-10-26,0.3481238265958131,0.36003652731445235,0.3502418304525823,0.36094023566466465
6192,2025-10-23 21:01:00,2025-10-20/2025-10-26,0.3340105023025096,0.3526062368375452,0.3375795156871275,0.35178392950762355
6193,2025-10-23 21:02:00,2025-10-20/2025-10-26,0.33265885525207733,0.3556526929732668,0.3317193852728614,0.3543233918390539
6194,2025-10-23 21:04:00,2025-10-20/2025-10-26,0.33384296511214034,0.3502019660064195,0.3333213359418245,0.34904505876376346
6195,2025-10-23 21:22:00,2025-10-20/2025-10-26,0.5583838539218665,0.5945607128026844,0.5567649889167726,0.5935746733624822
6197,2025-10-23 21:26:00,2025-10-20/2025-10-26,0.5025849608751705,0.5259498999372786,0.5015293160361158,0.525327619749381
6198,2025-10-23 21:28:00,2025-10-20/2025-10-26,0.35008450130493446,0.36976334307868436,0.3510593576388483,0.36975890045566184
6200,2025-10-23 21:47:00,2025-10-20/2025-10-26,0.6766828825247406,0.7000510912299799,0.6756420943301549,0.6985628254795871
6202,2025-10-23 22:14:00,2025-10-20/2025-10-26,0.35817923075013475,0.3732469578603437,0.35747934897538336,0.3716291456791865
6206,2025-10-23 22:51:00,2025-10-20/2025-10-26,0.31944921509543117,0.31380537875847625,0.32312975858473103,0.3139958413544114
6207,2025-10-23 23:05:00,2025-10-20/2025-10-26,0.5053346998088786,0.5279377185559279,0.507791549905757,0.5296767566714062
6208,2025-10-23 23:30:00,2025-10-20/2025-10-26,0.49449033136701676,0.5209908918714573,0.49600678065899717,0.52235402461166
6210,2025-10-24 01:14:00,2025-10-20/2025-10-26,0.2733439270291951,0.27030359862912995,0.275031862957165,0.27176008837356536
6212,2025-10-24 01:15:00,2025-10-20/2025-10-26,0.2817490095842539,0.28548631863052576,0.2819179652522268,0.285381323531369
6215,2025-10-24 02:01:00,2025-10-20/2025-10-26,0.2542187240546776,0.25949483664153306,0.25661727599279277,0.2618779340457352
6218,2025-10-24 02:51:00,2025-10-20/2025-10-26,0.2750183691915007,0.27171453522647093,0.27555334538901427,0.2722189471086451
6219,2025-10-24 02:53:00,2025-10-20/2025-10-26,0.5101582580302845,0.5242296679006074,0.5095951616026917,0.523706645416396
6220,2025-10-24 03:29:00,2025-10-20/2025-10-26,0.26860008953172526,0.22222054900980256,0.2686761130363542,0.22225546577137884
6221,2025-10-24 03:32:00,2025-10-20/2025-10-26,0.31588859065110875,0.3257231160572245,0.316205740668678,0.32547636504556565
6222,2025-10-24 03:51:00,2025-10-20/2025-10-26,0.23336518122159544,0.23371038921769313,0.23573254852199232,0.23448874137975675
6223,2025-10-24 04:02:00,2025-10-20/2025-10-26,0.26796747861565545,0.26688513511418727,0.2697996273106701,0.268757695250691
6224,2025-10-24 04:05:00,2025-10-20/2025-10-26,0.3875047833129966,0.38599825915567515,0.387334036825117,0.3865063704315526
6227,2025-10-24 04:08:00,2025-10-20/2025-10-26,0.25729258045363806,0.2156155690117092,0.2583473474188812,0.21652455635467668
6228,2025-10-24 04:09:00,2025-10-20/2025-10-26,0.41495615729800855,0.42363056703791324,0.4143482758705468,0.4233950075170011
6229,2025-10-24 04:10:00,2025-10-20/2025-10-26,0.41116011679444886,0.4172601664337838,0.41012191409479226,0.4166015124911273
6231,2025-10-24 04:12:00,2025-10-20/2025-10-26,0.38734065433653136,0.39186082244400733,0.38900698226910346,0.39371946026551446
6232,2025-10-24 04:13:00,2025-10-20/2025-10-26,0.4083753462503833,0.4130979052503452,0.4078829289274224,0.4131257707704091
6236,2025-10-24 04:25:00,2025-10-20/2025-10-26,0.28094796506618913,0.2882573595514283,0.27922758701654554,0.28691047956500765
6241,2025-10-24 04:36:00,2025-10-20/2025-10-26,0.2683862193102215,0.27194370505836124,0.26756844774786454,0.27159767870448753
6242,2025-10-24 04:39:00,2025-10-20/2025-10-26,0.3203980072836755,0.31960285181908543,0.3212381647004811,0.3197578749473327
6244,2025-10-24 04:47:00,2025-10-20/2025-10-26,0.27943724832772,0.28552191474155353,0.2810645204684245,0.28688950671365554
6248,2025-10-24 05:05:00,2025-10-20/2025-10-26,0.38113460844239244,0.3776187527105243,0.38180508577375655,0.3786742408569008
6249,2025-10-24 05:06:00,2025-10-20/2025-10-26,0.27012949102341544,0.27148868512980806,0.2697208119783719,0.27076466868578636
6252,2025-10-24 05:39:00,2025-10-20/2025-10-26,0.4177755920982678,0.4286101573172606,0.4161904010266076,0.42746192863164517
6255,2025-10-24 05:55:00,2025-10-20/2025-10-26,0.43906585705002443,0.45772459841041907,0.4379311193960122,0.45774359634685124
6258,2025-10-24 06:03:00,2025-10-20/2025-10-26,0.29229136548998563,0.3024306485919136,0.29155738719173685,0.30186222518580236
6259,2025-10-24 06:20:00,2025-10-20/2025-10-26,0.2712212004693928,0.27851846831806826,0.27071727918295846,0.2783992966393945
6261,2025-10-24 06:21:00,2025-10-20/2025-10-26,0.32227024445420255,0.3340215945716494,0.32320264383835107,0.3351450998993703
6262,2025-10-24 06:22:00,2025-10-20/2025-10-26,0.299470987339821,0.3064640493327905,0.2983347422400206,0.30562826822491007
6263,2025-10-24 06:36:00,2025-10-20/2025-10-26,0.4576242220741016,0.4783149469482361,0.45633792068915635,0.4780626861041915
6264,2025-10-24 06:39:00,2025-10-20/2025-10-26,0.43288288044623546,0.44600157379414884,0.43184294949270885,0.44549262269115486
6266,2025-10-24 06:53:00,2025-10-20/2025-10-26,0.43075325675077386,0.3795490236075386,0.4302523899349157,0.3787277728389358
6271,2025-10-24 07:10:00,2025-10-20/2025-10-26,0.29698004946554657,0.298382541775338,0.29644774430302273,0.298199697789528
6273,2025-10-24 07:11:00,2025-10-20/2025-10-26,0.5211208054334951,0.5243553821892704,0.5254634091478579,0.5285894279936605
6274,2025-10-24 07:17:00,2025-10-20/2025-10-26,0.42119724651908047,0.43995643838657805,0.42130199975262833,0.44080105432166133
6275,2025-10-24 07:20:00,2025-10-20/2025-10-26,0.2879604978546819,0.2893871068262457,0.2874850391605455,0.2890936993981566
6276,2025-10-24 07:21:00,2025-10-20/2025-10-26,0.4455273729821891,0.4494223995305561,0.44588013333342974,0.4500578249948682
6277,2025-10-24 07:24:00,2025-10-20/2025-10-26,0.3949051158666816,0.3999404946623641,0.3951852829884205,0.40095571635048327
6278,2025-10-24 07:29:00,2025-10-20/2025-10-26,0.29850228149439617,0.3060950829654931,0.30034961504230917,0.3076720250417185
6279,2025-10-24 07:30:00,2025-10-20/2025-10-26,0.28491641217673586,0.2997145729591613,0.2854060818689031,0.30094735427164504
6280,2025-10-24 07:31:00,2025-10-20/2025-10-26,0.24163709002348516,0.24615785446957514,0.2433793472766744,0.24597425752441898
6281,2025-10-24 07:35:00,2025-10-20/2025-10-26,0.4307669446185973,0.4496659267617437,0.4313943443204129,0.4510215616544624
6285,2025-10-24 07:45:00,2025-10-20/2025-10-26,0.44948391930786946,0.46114312769857996,0.4494991407911842,0.4615126257495019
6286,2025-10-24 07:48:00,2025-10-20/2025-10-26,0.2880487864257542,0.2895981360354293,0.28924659956928694,0.29066598562661655
6288,2025-10-24 07:51:00,2025-10-20/2025-10-26,0.40191255055734443,0.42547023453282456,0.4000235274194921,0.4257135714710212
6290,2025-10-24 08:07:00,2025-10-20/2025-10-26,0.5270486815672086,0.5414831767864774,0.5266918409590334,0.5413259122418459
6292,2025-10-24 08:13:00,2025-10-20/2025-10-26,0.4222135746499979,0.4245589931813692,0.42172601767888246,0.4245741401482463
6293,2025-10-24 08:17:00,2025-10-20/2025-10-26,0.33307783854894135,0.3382202276645385,0.3320445570675761,0.33828053222609283
6296,2025-10-24 08:22:00,2025-10-20/2025-10-26,0.4146546022867573,0.41792619699128797,0.4166939616207085,0.42010083902756123
6297,2025-10-24 08:23:00,2025-10-20/2025-10-26,0.279200798646652,0.281483788551932,0.27894315064873293,0.2814894557478999
6300,2025-10-24 08:38:00,2025-10-20/2025-10-26,0.3890509781503967,0.39655941905121866,0.39089473808929776,0.3968248069130616
6302,2025-10-24 08:44:00,2025-10-20/2025-10-26,0.338147581677685,0.3362930934950565,0.33848807016526317,0.3362796446201596
6303,2025-10-24 08:47:00,2025-10-20/2025-10-26,0.2704424536850724,0.27371565618125115,0.27246817756291336,0.2757071619311555
6304,2025-10-24 08:50:00,2025-10-20/2025-10-26,0.4546241534792574,0.4628916122283392,0.45524151889295905,0.4643074594181806
6308,2025-10-24 09:01:00,2025-10-20/2025-10-26,0.5293458058787974,0.5461199329598377,0.5297361518902259,0.5475230214733169
6311,2025-10-24 09:11:00,2025-10-20/2025-10-26,0.400037977190111,0.40179809998965277,0.40008878524370955,0.402332921862124
6314,2025-10-24 09:29:00,2025-10-20/2025-10-26,0.28624901211832426,0.29046289463912756,0.2872106227178084,0.29132751134596174
6315,2025-10-24 09:31:00,2025-10-20/2025-10-26,0.26505192740073474,0.2757254704413496,0.26428225986145093,0.27550110754695256
6316,2025-10-24 09:33:00,2025-10-20/2025-10-26,0.6086689147556864,0.627256213289296,0.6081938892667731,0.6270347792453166
6319,2025-10-24 09:43:00,2025-10-20/2025-10-26,0.2687448258453752,0.27198206818766574,0.2682350642031928,0.2719230098897455
6320,2025-10-24 09:45:00,2025-10-20/2025-10-26,0.43503456800690177,0.44102573903191844,0.4358196038299621,0.441522058375857
6322,2025-10-24 09:54:00,2025-10-20/2025-10-26,0.29087725573485884,0.29204527747323517,0.29064706939783935,0.29191144483501047
6324,2025-10-24 09:57:00,2025-10-20/2025-10-26,0.3231667036984059,0.3347762168699157,0.32408986814453083,0.33484513958950696
6326,2025-10-24 10:04:00,2025-10-20/2025-10-26,0.4281030342609862,0.4361702683210783,0.43162783521695536,0.4391477014857818
6328,2025-10-24 10:31:00,2025-10-20/2025-10-26,0.426809603250966,0.4422257696468298,0.42769111763665835,0.44407819408347937
6331,2025-10-24 10:52:00,2025-10-20/2025-10-26,0.398754450985566,0.40078503242270747,0.40075838153528515,0.4029247457198365
6332,2025-10-24 10:55:00,2025-10-20/2025-10-26,0.27030171477571313,0.27344832708410827,0.2704835489287488,0.27393410326495005
6333,2025-10-24 10:58:00,2025-10-20/2025-10-26,0.2735431583385924,0.27653094017838215,0.27559223316334447,0.27849806319574305
6334,2025-10-24 11:06:00,2025-10-20/2025-10-26,0.4400601761774208,0.45126140586297847,0.44450903382420054,0.455601734486977
6338,2025-10-24 11:10:00,2025-10-20/2025-10-26,0.510924789379116,0.5188383571457919,0.5103684694798017,0.5188736533709041
6342,2025-10-24 11:32:00,2025-10-20/2025-10-26,0.43241153214399547,0.4443655099113437,0.4318808797502709,0.4452538699363155
6344,2025-10-24 11:34:00,2025-10-20/2025-10-26,0.41286998648756573,0.41620163598960763,0.41348890321034315,0.417244983246904
6346,2025-10-24 11:36:00,2025-10-20/2025-10-26,0.432740203558599,0.4462390621018395,0.4323891580674513,0.4460311904314087
6350,2025-10-24 11:43:00,2025-10-20/2025-10-26,0.39690658873593265,0.4018603643169268,0.3985881425492772,0.40399091269405163
6351,2025-10-24 11:48:00,2025-10-20/2025-10-26,0.44458553198309664,0.444070908378745,0.444856543185624,0.44469753440203635
6352,2025-10-24 11:52:00,2025-10-20/2025-10-26,0.36945247246197715,0.3773967797761669,0.3688313911696872,0.3770812252092825
6353,2025-10-24 11:55:00,2025-10-20/2025-10-26,0.4588599548696024,0.3542940587272661,0.4577705055920291,0.35431722746565214
6354,2025-10-24 11:57:00,2025-10-20/2025-10-26,0.3003354488388387,0.3080639457559216,0.30224994598742017,0.309614809294693
6390,2025-10-24 12:45:00,2025-10-20/2025-10-26,0.4592764862469605,0.4807454435011214,0.45953959881643813,0.4810298180872381
6391,2025-10-24 12:46:00,2025-10-20/2025-10-26,0.4133534093268166,0.43089493672457607,0.41449529439063165,0.4321106107438299
6392,2025-10-24 12:51:00,2025-10-20/2025-10-26,0.2905764214055025,0.2984255935098577,0.29114511545293337,0.29811415783772494
6393,2025-10-24 12:55:00,2025-10-20/2025-10-26,0.27504520014328165,0.2943073745675369,0.27520760780963666,0.2939485493474237
6394,2025-10-24 13:00:00,2025-10-20/2025-10-26,0.3191504548869072,0.3226937180074374,0.3216647870224735,0.3244434522985043
6396,2025-10-24 13:02:00,2025-10-20/2025-10-26,0.2586577809283955,0.2600451265585663,0.26062861175128976,0.2616653499892561
6397,2025-10-24 13:11:00,2025-10-20/2025-10-26,0.4334790444308512,0.452290043239076,0.4378094596950329,0.45605473823162396
6399,2025-10-24 13:42:00,2025-10-20/2025-10-26,0.3846812950130903,0.3952056051690229,0.38863854887837485,0.3973725305799364
6402,2025-10-24 14:00:00,2025-10-20/2025-10-26,0.29849191130987995,0.2958516482847108,0.3000284045651438,0.2965248192936897
6403,2025-10-24 14:02:00,2025-10-20/2025-10-26,0.3971576036250794,0.40695749296758327,0.3989663854998557,0.4080063443247461
6408,2025-10-24 14:09:00,2025-10-20/2025-10-26,0.3323108969412027,0.3417206783420331,0.3331127370381379,0.34138676847536353
6410,2025-10-24 14:15:00,2025-10-20/2025-10-26,0.29772714881015355,0.2032818971893802,0.3002372107179921,0.2045018456764376
6413,2025-10-24 14:16:00,2025-10-20/2025-10-26,0.38440269715083447,0.399983413244532,0.3852746025597264,0.4010455298372215
6414,2025-10-24 14:19:00,2025-10-20/2025-10-26,0.40518647812790504,0.41695295381867775,0.4058717174938061,0.4171903478543348
6422,2025-10-24 14:25:00,2025-10-20/2025-10-26,0.4510090044342849,0.4678914425162686,0.4516949224460384,0.4683170550846958
6423,2025-10-24 14:26:00,2025-10-20/2025-10-26,0.421209538280841,0.4286807779798733,0.4219839292167549,0.4285314525072767
6429,2025-10-24 14:29:00,2025-10-20/2025-10-26,0.3016154707077444,0.30029723405713843,0.30310424014529047,0.3009497234996241
6432,2025-10-24 14:31:00,2025-10-20/2025-10-26,0.32065722339521535,0.33445314680007765,0.32244828166021444,0.33441832627253315
6434,2025-10-24 14:32:00,2025-10-20/2025-10-26,0.29204837543464574,0.29973711619986343,0.2921408616788879,0.29901109021317235
6438,2025-10-24 14:39:00,2025-10-20/2025-10-26,0.4266906282355082,0.4458521835690931,0.42786909689184355,0.44702958000852105
6439,2025-10-24 14:40:00,2025-10-20/2025-10-26,0.2917240166204968,0.29940044564002516,0.291334521956694,0.29828273204216293
6440,2025-10-24 14:45:00,2025-10-20/2025-10-26,0.2762299361751952,0.2852688134491746,0.27674081742085904,0.2851353802734372
6441,2025-10-24 14:49:00,2025-10-20/2025-10-26,0.38925230053862553,0.40242920608871824,0.38960556415843794,0.4026256650444302
6447,2025-10-24 14:53:00,2025-10-20/2025-10-26,0.4141849553852379,0.3024940738946141,0.4180716865854074,0.3053952707478869
6448,2025-10-24 14:54:00,2025-10-20/2025-10-26,0.274560057950087,0.28380220193340305,0.27576040818976005,0.284267070380597
6449,2025-10-24 15:01:00,2025-10-20/2025-10-26,0.45389913941215065,0.45113048327877825,0.4555714636469258,0.4522334642319155
6451,2025-10-24 15:05:00,2025-10-20/2025-10-26,0.27487890979327045,0.28395307985664486,0.27445571858363843,0.283068272555144
6454,2025-10-24 15:10:00,2025-10-20/2025-10-26,0.528036176016777,0.5357133219964686,0.5273579794881874,0.5355809047001985
6455,2025-10-24 15:11:00,2025-10-20/2025-10-26,0.2741407727148883,0.28327651628817035,0.27371600269419594,0.28240203320459645
6456,2025-10-24 15:11:00,2025-10-20/2025-10-26,0.2989244311106008,0.31431968648754566,0.2998522298323973,0.31393345100831765
6457,2025-10-24 15:13:00,2025-10-20/2025-10-26,0.2544064958365464,0.26507209141630994,0.25394641195613754,0.2644658175755552
6459,2025-10-24 15:14:00,2025-10-20/2025-10-26,0.27714564429447786,0.28603834565377156,0.2767266348739191,0.28512257069562275
6460,2025-10-24 15:18:00,2025-10-20/2025-10-26,0.40413856049435837,0.4073864110999799,0.40574484481977563,0.4088414944422322
6462,2025-10-24 15:21:00,2025-10-20/2025-10-26,0.418803819826458,0.42864183760740104,0.419941534193293,0.42935719641313846
6463,2025-10-24 15:22:00,2025-10-20/2025-10-26,0.3941879586175266,0.40705225226201686,0.3962279993933363,0.4085597289627466
6464,2025-10-24 15:23:00,2025-10-20/2025-10-26,0.27227374298056745,0.28168398067787015,0.27346252035348856,0.282172851281647
6465,2025-10-24 15:24:00,2025-10-20/2025-10-26,0.26322941417669127,0.3003117901300926,0.2625203545267456,0.3001555689392912
6469,2025-10-24 15:39:00,2025-10-20/2025-10-26,0.3974049294378646,0.40987703380021173,0.39806333646492204,0.4102058324868929
6474,2025-10-24 15:53:00,2025-10-20/2025-10-26,0.2586252101282119,0.2670481430798775,0.26240469768893954,0.2691345393552294
6483,2025-10-24 16:05:00,2025-10-20/2025-10-26,0.44225267212036423,0.47144967919570613,0.44396281147861777,0.4716260214628763
6485,2025-10-24 16:07:00,2025-10-20/2025-10-26,0.41936759282564434,0.23641354469553866,0.42420034038210125,0.23856904770643603
6488,2025-10-24 16:10:00,2025-10-20/2025-10-26,0.4108691315842142,0.22474489699343245,0.41242009666450763,0.22491686334688357
6490,2025-10-24 16:15:00,2025-10-20/2025-10-26,0.4384557385605595,0.3433514652995908,0.4402097180147965,0.3448156549297666
6495,2025-10-24 16:29:00,2025-10-20/2025-10-26,0.3977394078940302,0.410181109574866,0.39839899461152695,0.4105059638568228
6499,2025-10-24 16:41:00,2025-10-20/2025-10-26,0.2844357332760372,0.29996874853846894,0.2844230644439163,0.2993220411473436
6500,2025-10-24 16:47:00,2025-10-20/2025-10-26,0.2732998205875401,0.2825744102919398,0.27379895726985726,0.2824768526033018
6502,2025-10-24 16:54:00,2025-10-20/2025-10-26,0.35691449553542165,0.3613646548094178,0.35844376982133425,0.36085840844900086
6503,2025-10-24 16:55:00,2025-10-20/2025-10-26,0.27622339454964046,0.2922081803805836,0.27643060332562114,0.291802606875644
6508,2025-10-24 17:16:00,2025-10-20/2025-10-26,0.40431824158298857,0.4133927788767203,0.4053158658602511,0.4136733291769792
6509,2025-10-24 17:20:00,2025-10-20/2025-10-26,0.43509817650960114,0.4457801220884662,0.4377275223758464,0.44615720009132204
6510,2025-10-24 17:23:00,2025-10-20/2025-10-26,0.28380676404367466,0.28862490166766647,0.28415072271310304,0.28854088239605485
6511,2025-10-24 17:25:00,2025-10-20/2025-10-26,0.279582348667793,0.28833036361592157,0.2798718609050504,0.2879618769912818
6512,2025-10-24 17:30:00,2025-10-20/2025-10-26,0.44152754127736554,0.45383139046344895,0.442332415094657,0.4547852164907116
6515,2025-10-24 17:36:00,2025-10-20/2025-10-26,0.4130461479274756,0.414704524304897,0.4146628423799253,0.4160996977095457
6516,2025-10-24 18:00:00,2025-10-20/2025-10-26,0.43633700464436886,0.3312383457539453,0.43687039722496046,0.33154300190661684
6518,2025-10-24 18:11:00,2025-10-20/2025-10-26,0.5283734165803452,0.5358724574005752,0.528399330817171,0.5362039928301884
6519,2025-10-24 18:13:00,2025-10-20/2025-10-26,0.3019219254849318,0.30807196009202814,0.30361655929340675,0.30916905110475373
6520,2025-10-24 18:28:00,2025-10-20/2025-10-26,0.2934439357376528,0.30197859567047913,0.29326628411123207,0.3012975533576805
6527,2025-10-24 19:09:00,2025-10-20/2025-10-26,0.44447123755504103,0.450265293305954,0.4445598411497297,0.450083644386922
6528,2025-10-24 19:12:00,2025-10-20/2025-10-26,0.46866508243523025,0.47943440732328485,0.4694165151618356,0.4789626331352809
6529,2025-10-24 19:13:00,2025-10-20/2025-10-26,0.4638178039997029,0.47335709317373376,0.4645119328081177,0.47269983825203016
6530,2025-10-24 19:15:00,2025-10-20/2025-10-26,0.30972403715612296,0.3161489525173078,0.3125043334432779,0.3177505852069386
6532,2025-10-24 19:27:00,2025-10-20/2025-10-26,0.2938286912212828,0.3042085660981477,0.2934871949319341,0.3033348271298445
6533,2025-10-24 19:29:00,2025-10-20/2025-10-26,0.33961936341741117,0.35490215200465003,0.3416360373146721,0.3562802071586796
6535,2025-10-24 19:43:00,2025-10-20/2025-10-26,0.21613545739956475,0.23071556707142432,0.21808742259701516,0.23085062388851688
6538,2025-10-24 20:00:00,2025-10-20/2025-10-26,0.3082060968086216,0.3290499586709224,0.3088859867440132,0.32970500696428634
6540,2025-10-24 20:05:00,2025-10-20/2025-10-26,0.31399841592852035,0.3235635997709437,0.3142326263735653,0.32333863982277694
6541,2025-10-24 20:07:00,2025-10-20/2025-10-26,0.4119055788610065,0.43605224296455364,0.4144494996552777,0.43732963879470177
6549,2025-10-24 20:19:00,2025-10-20/2025-10-26,0.2480078879660437,0.1662277944448909,0.2503556888675152,0.1667165209379039
6565,2025-10-24 20:31:00,2025-10-20/2025-10-26,0.2923027978737177,0.3292891117882186,0.29493407284481216,0.33167627847638254
6566,2025-10-24 20:31:00,2025-10-20/2025-10-26,0.29951827791161023,0.3052723266446407,0.2998879977073199,0.3049372279325809
6584,2025-10-24 20:46:00,2025-10-20/2025-10-26,0.49943168989493414,0.5172163460081128,0.5001032245738709,0.5187629128056178
6595,2025-10-24 20:54:00,2025-10-20/2025-10-26,0.32832704381393923,0.34813395952885245,0.32842872210031304,0.34706216318243005
6617,2025-10-24 21:17:00,2025-10-20/2025-10-26,0.45667445574990195,0.35443454994863477,0.4577876824321994,0.3554604852074349
6619,2025-10-24 21:20:00,2025-10-20/2025-10-26,0.33978507583645384,0.3587351998284385,0.3399438023326257,0.3577551963082651
6620,2025-10-24 21:21:00,2025-10-20/2025-10-26,0.30033064444775753,0.3059374833141134,0.2997243742892461,0.30479072903586557
6625,2025-10-24 21:26:00,2025-10-20/2025-10-26,0.567840087703195,0.5879258401900777,0.5664454176208384,0.5879346465701255
6626,2025-10-24 21:31:00,2025-10-20/2025-10-26,0.3024442091548564,0.3090776308399515,0.3025590185583532,0.30872153301694233
6627,2025-10-24 21:33:00,2025-10-20/2025-10-26,0.25448295657203557,0.253240849364409,0.25697942765586607,0.25390763845576986
6628,2025-10-24 22:09:00,2025-10-20/2025-10-26,0.45396377084088907,0.48088371774602573,0.4526407527615955,0.4800339293989889
6634,2025-10-24 22:28:00,2025-10-20/2025-10-26,0.4697121443055691,0.49801360552499074,0.47040793969011757,0.4986028426380758
6639,2025-10-24 23:44:00,2025-10-20/2025-10-26,0.4382834396095941,0.4714512022416422,0.43944310003924913,0.47129795501310334
6641,2025-10-25 00:15:00,2025-10-20/2025-10-26,0.2740347743760128,0.27811298019053976,0.2744888884062545,0.2786433228411052
6643,2025-10-25 00:44:00,2025-10-20/2025-10-26,0.400616596119563,0.40647350281151,0.3989915493740447,0.405702986108014
6645,2025-10-25 01:02:00,2025-10-20/2025-10-26,0.281106136227748,0.19782273225143934,0.28242821289095155,0.19889176697697325
6646,2025-10-25 01:04:00,2025-10-20/2025-10-26,0.35421517710871114,0.36926538212897425,0.3535830119148161,0.36913786681570193
6656,2025-10-25 02:09:00,2025-10-20/2025-10-26,0.5741436357474137,0.5873501690166721,0.5744914352920465,0.5881117373478404
6657,2025-10-25 02:12:00,2025-10-20/2025-10-26,0.27490231013797145,0.27882956460063657,0.2744311622772968,0.2785899183754705
6658,2025-10-25 02:18:00,2025-10-20/2025-10-26,0.40068366145660333,0.4065341515752525,0.39905872247600543,0.40576279782414365
6659,2025-10-25 02:24:00,2025-10-20/2025-10-26,0.49563123026278033,0.49918513369197903,0.4943390366687437,0.49941000799342417
6660,2025-10-25 02:25:00,2025-10-20/2025-10-26,0.4297420683460563,0.4423206424302232,0.4305867536214206,0.4440078059802821
6661,2025-10-25 02:33:00,2025-10-20/2025-10-26,0.4893936070320795,0.49517737883802637,0.4869624596117015,0.49477483982470216
6663,2025-10-25 02:51:00,2025-10-20/2025-10-26,0.3559407358566935,0.35456076349057275,0.35634024308138956,0.3539299251791464
6666,2025-10-25 03:02:00,2025-10-20/2025-10-26,0.41456081648553106,0.409201225666792,0.41638195724419186,0.41160590964296656
6667,2025-10-25 03:03:00,2025-10-20/2025-10-26,0.3169830266446537,0.3191001344232158,0.317326919015554,0.3202459366856878
6670,2025-10-25 03:05:00,2025-10-20/2025-10-26,0.429760238401491,0.45118658833399305,0.4313286038963986,0.45275927952975803
6671,2025-10-25 03:08:00,2025-10-20/2025-10-26,0.37227433253425257,0.4056125672387989,0.3725541819489994,0.4050699541384647
6672,2025-10-25 03:12:00,2025-10-20/2025-10-26,0.44195548993814193,0.4487916270720375,0.4422230247258067,0.44860995585425933
6674,2025-10-25 03:29:00,2025-10-20/2025-10-26,0.31556741567702823,0.3383746720162284,0.3189350513055431,0.34095446908090365
6675,2025-10-25 03:32:00,2025-10-20/2025-10-26,0.29384196413871855,0.3013791203188172,0.29406220795219595,0.30193411544612414
6677,2025-10-25 03:43:00,2025-10-20/2025-10-26,0.2750323895042915,0.28083887366694865,0.27345775449620274,0.27980938829401414
6678,2025-10-25 03:45:00,2025-10-20/2025-10-26,0.4439964727492431,0.25174722761726154,0.4486468619722784,0.253971253608343
6680,2025-10-25 03:47:00,2025-10-20/2025-10-26,0.44686574343528074,0.25355746235029886,0.4486468619722784,0.253971253608343
6681,2025-10-25 03:51:00,2025-10-20/2025-10-26,0.41159280536170256,0.43462724074694686,0.4118333511829746,0.43392300680480395
6682,2025-10-25 03:54:00,2025-10-20/2025-10-26,0.44846494567373896,0.4546498589503026,0.4484640131751703,0.4541562549548936
6683,2025-10-25 04:00:00,2025-10-20/2025-10-26,0.4371360566144538,0.3248813454602464,0.4390386604983049,0.32751831400154074
6684,2025-10-25 04:01:00,2025-10-20/2025-10-26,0.2826966005902059,0.27781306269059564,0.28350041346317467,0.27891861382171307
6686,2025-10-25 04:04:00,2025-10-20/2025-10-26,0.4415372121856848,0.4384390875385558,0.4423310727983427,0.44016207627428644
6688,2025-10-25 04:06:00,2025-10-20/2025-10-26,0.4365983940240035,0.4338127672075913,0.44028319949844913,0.4379416431750755
6690,2025-10-25 04:08:00,2025-10-20/2025-10-26,0.4104046513566701,0.2971588265266424,0.4115293587626179,0.2987003866404644
6691,2025-10-25 04:09:00,2025-10-20/2025-10-26,0.28316840634955176,0.29395330739341424,0.28472909085953346,0.2953381006412333
6692,2025-10-25 04:10:00,2025-10-20/2025-10-26,0.4385359378014811,0.45907678516969314,0.44121639002316315,0.4622842555454465
6693,2025-10-25 04:11:00,2025-10-20/2025-10-26,0.5004086912282374,0.489600507832493,0.5006761107494926,0.4910327755690032
6694,2025-10-25 04:13:00,2025-10-20/2025-10-26,0.2757951544052048,0.3141057446932161,0.27664129669035814,0.31562676269284523
6695,2025-10-25 04:15:00,2025-10-20/2025-10-26,0.4904842917336066,0.37039363462717206,0.49267067335746284,0.3734551859191576
6696,2025-10-25 04:16:00,2025-10-20/2025-10-26,0.37434443021270497,0.37364150913336713,0.3752927993690229,0.3757495717569525
6697,2025-10-25 04:17:00,2025-10-20/2025-10-26,0.4061838558331935,0.30288221647434055,0.40665313820948207,0.303876375400789
6698,2025-10-25 04:18:00,2025-10-20/2025-10-26,0.49985780598239454,0.49450167564901304,0.5012946412008481,0.49613560341832036
6700,2025-10-25 04:19:00,2025-10-20/2025-10-26,0.2767953069495032,0.2806762765211784,0.2779610146614895,0.2817500305806636
6701,2025-10-25 04:21:00,2025-10-20/2025-10-26,0.38768217807425953,0.39490138624221016,0.3879732063309269,0.3958718986619203
6704,2025-10-25 04:22:00,2025-10-20/2025-10-26,0.4079447192499921,0.42185089342921744,0.40978994687417003,0.423952657527006
6705,2025-10-25 04:23:00,2025-10-20/2025-10-26,0.41097594686394096,0.40972706628127953,0.4124078987246392,0.4114262003308092
6706,2025-10-25 04:24:00,2025-10-20/2025-10-26,0.41137508164871767,0.36109620133456266,0.41242560128426586,0.36196114227854576
6707,2025-10-25 04:25:00,2025-10-20/2025-10-26,0.27713169917725783,0.2669015208872295,0.2780651917535445,0.26801533424075297
6708,2025-10-25 04:26:00,2025-10-20/2025-10-26,0.277359054539336,0.18163487893202995,0.2780599264635627,0.18240745550687823
6710,2025-10-25 04:27:00,2025-10-20/2025-10-26,0.4078401503798023,0.40415526787764905,0.4088777616704824,0.4058972422678197
6712,2025-10-25 04:28:00,2025-10-20/2025-10-26,0.282232329232696,0.28709117470400164,0.28091994615622234,0.28617713845820597
6713,2025-10-25 04:29:00,2025-10-20/2025-10-26,0.43779728524151806,0.44944699628746665,0.43637560114912366,0.4491721984225532
6715,2025-10-25 04:31:00,2025-10-20/2025-10-26,0.32452755080502954,0.32971109819880867,0.3239813057890566,0.3293806564869353
6716,2025-10-25 04:32:00,2025-10-20/2025-10-26,0.44462737744652514,0.44624042928862606,0.4461548745031448,0.44879462344327475
6718,2025-10-25 04:33:00,2025-10-20/2025-10-26,0.43119443315855194,0.32783870357371503,0.4318011820731038,0.32923632577335094
6719,2025-10-25 04:35:00,2025-10-20/2025-10-26,0.3557147298186646,0.35453885826143006,0.3585210112186063,0.3558578915339805
6720,2025-10-25 04:36:00,2025-10-20/2025-10-26,0.41867359859630215,0.30523670670739816,0.4191852478708737,0.30632534349060814
6721,2025-10-25 04:37:00,2025-10-20/2025-10-26,0.27749128840051596,0.1816067669869849,0.27609230782895483,0.1811133739457199
6722,2025-10-25 04:38:00,2025-10-20/2025-10-26,0.3186231767131644,0.3235077264593676,0.3180515661636391,0.32300279170451207
6724,2025-10-25 04:40:00,2025-10-20/2025-10-26,0.28009107977115083,0.2834756870829972,0.2786915048173552,0.28240533330396633
6725,2025-10-25 04:41:00,2025-10-20/2025-10-26,0.2781945408954726,0.2819318717528026,0.2791332902556487,0.2828003028064446
6726,2025-10-25 04:42:00,2025-10-20/2025-10-26,0.2785980575875335,0.2840939629277208,0.27780572650062857,0.2836032165655019
6727,2025-10-25 04:43:00,2025-10-20/2025-10-26,0.49710790040453506,0.5004748561266844,0.49523724281337045,0.5002100796598662
6731,2025-10-25 04:54:00,2025-10-20/2025-10-26,0.41409765328116127,0.40903237095036005,0.4148492369296786,0.4105161046135546
6732,2025-10-25 04:55:00,2025-10-20/2025-10-26,0.44581328993632446,0.45229946966064294,0.44638027656391294,0.4523059529413041
6734,2025-10-25 05:00:00,2025-10-20/2025-10-26,0.2840045818206401,0.28032839766719364,0.28676017229497924,0.2828929780066848
6736,2025-10-25 05:02:00,2025-10-20/2025-10-26,0.4001872635882945,0.42085886716548987,0.40060842479270803,0.4210654629921278
6737,2025-10-25 05:03:00,2025-10-20/2025-10-26,0.29056493619548485,0.30894546443897636,0.29235771731077015,0.30989855420343554
6738,2025-10-25 05:06:00,2025-10-20/2025-10-26,0.25605398012124914,0.18205013619247493,0.2584358818706189,0.1839740496141739
6739,2025-10-25 05:06:00,2025-10-20/2025-10-26,0.3799913628890782,0.40098782396314286,0.3794439251390045,0.4014191404684242
6740,2025-10-25 05:09:00,2025-10-20/2025-10-26,0.41710610723601893,0.30844753590674334,0.4168909782775644,0.3091642152583724
6741,2025-10-25 05:11:00,2025-10-20/2025-10-26,0.42089373180489065,0.42540071530225365,0.42037192541308516,0.426549958301509
6744,2025-10-25 05:13:00,2025-10-20/2025-10-26,0.4268360687305571,0.4551290567341051,0.4264636846020024,0.45598088763222394
6747,2025-10-25 05:22:00,2025-10-20/2025-10-26,0.2844042032587289,0.2943959512542669,0.2850002553902363,0.2950126491087453
6749,2025-10-25 05:34:00,2025-10-20/2025-10-26,0.44838331104251794,0.4545540823902217,0.4480940609234163,0.4538271910939211
6750,2025-10-25 05:36:00,2025-10-20/2025-10-26,0.4328286088580903,0.4449051823965495,0.4308246513328508,0.44422353637255996
6752,2025-10-25 05:41:00,2025-10-20/2025-10-26,0.4117864575499785,0.2934365920715449,0.41424796069506215,0.29578650375669613
6754,2025-10-25 05:43:00,2025-10-20/2025-10-26,0.33911697604675217,0.34797725300408605,0.34070045424887874,0.3485740069771794
6755,2025-10-25 05:48:00,2025-10-20/2025-10-26,0.2808468919140695,0.28416177968692646,0.2794471692002243,0.28308090078293713
6756,2025-10-25 05:55:00,2025-10-20/2025-10-26,0.4348225286905095,0.43135627874855687,0.4352616174747936,0.43244645231366896
6758,2025-10-25 06:00:00,2025-10-20/2025-10-26,0.32163119890597486,0.3249329263765633,0.3232402466501423,0.32691420555225525
6763,2025-10-25 06:04:00,2025-10-20/2025-10-26,0.32088244720183623,0.327030490814955,0.322917628857421,0.32939697861938366
6764,2025-10-25 06:05:00,2025-10-20/2025-10-26,0.5152382031645494,0.5159965347960418,0.5174585885431952,0.5182957604290669
6765,2025-10-25 06:06:00,2025-10-20/2025-10-26,0.335534618278233,0.3430169798835757,0.3360742056540015,0.3438101847568966
6767,2025-10-25 06:09:00,2025-10-20/2025-10-26,0.3201340797125648,0.33498772649743674,0.32099223695336015,0.33515783059092213
6768,2025-10-25 06:12:00,2025-10-20/2025-10-26,0.3090064574274586,0.3320171256000298,0.3090380644591715,0.33075855450171693
6769,2025-10-25 06:13:00,2025-10-20/2025-10-26,0.2815289249059375,0.29111260664750904,0.2816697921007944,0.29148759856317596
6770,2025-10-25 06:14:00,2025-10-20/2025-10-26,0.373057810836474,0.40499421233326427,0.3732349339488865,0.4048894955409382
6771,2025-10-25 06:18:00,2025-10-20/2025-10-26,0.43226548830728195,0.4499204952843981,0.4337421763635959,0.4517433876612072
6772,2025-10-25 06:22:00,2025-10-20/2025-10-26,0.42410532221362734,0.4432626468761343,0.4268198603983424,0.44608870042048593
6776,2025-10-25 06:34:00,2025-10-20/2025-10-26,0.447732092494849,0.45003096773475126,0.45064110629763493,0.45342011695566997
6779,2025-10-25 06:41:00,2025-10-20/2025-10-26,0.3645326269434999,0.4064315966547791,0.3649549500284692,0.4066211847462499
6780,2025-10-25 06:42:00,2025-10-20/2025-10-26,0.4257938173312363,0.44447179633676676,0.4281356532943073,0.4466182969486572
6783,2025-10-25 06:47:00,2025-10-20/2025-10-26,0.4287642084272801,0.43025797167207197,0.4328259996666448,0.4344835883529524
6784,2025-10-25 06:49:00,2025-10-20/2025-10-26,0.4464315894026686,0.4547630151135161,0.4463245590435462,0.4551450120279307
6785,2025-10-25 06:53:00,2025-10-20/2025-10-26,0.3170409388407902,0.31675400912849117,0.319402894902449,0.31847493191211373
6786,2025-10-25 06:55:00,2025-10-20/2025-10-26,0.2751954177632506,0.29904903183205306,0.2761548705305317,0.2996204668259748
6787,2025-10-25 07:02:00,2025-10-20/2025-10-26,0.419222040519199,0.41283326850302227,0.42086146729906354,0.41486640815109593
6790,2025-10-25 07:12:00,2025-10-20/2025-10-26,0.4119795437282199,0.3609254469242682,0.4127835959097752,0.36169759112454347
6792,2025-10-25 07:15:00,2025-10-20/2025-10-26,0.31799976421239956,0.2209200225245182,0.3211296571452894,0.22285136713425022
6793,2025-10-25 07:16:00,2025-10-20/2025-10-26,0.4376018855936671,0.4511442616764639,0.43903410879396393,0.4532941169442445
6797,2025-10-25 07:27:00,2025-10-20/2025-10-26,0.28896612074735234,0.29805535952246714,0.2905692631376804,0.2995339543423525
6803,2025-10-25 07:38:00,2025-10-20/2025-10-26,0.34383982926227563,0.34493302215932414,0.3450587731500138,0.3462294351762335
6804,2025-10-25 07:39:00,2025-10-20/2025-10-26,0.36858241610113485,0.39313409512135633,0.37005639041880894,0.39427034525176596
6808,2025-10-25 07:45:00,2025-10-20/2025-10-26,0.4324864646619446,0.45491694183027787,0.4313422847358393,0.4552707253221882
6815,2025-10-25 08:00:00,2025-10-20/2025-10-26,0.2923929357537914,0.30110453023958295,0.29280971473948414,0.30155412916320873
6820,2025-10-25 08:10:00,2025-10-20/2025-10-26,0.5185713110010773,0.5231505930766382,0.5195108828726419,0.526225210263906
6821,2025-10-25 08:11:00,2025-10-20/2025-10-26,0.28762202832536193,0.29674605868114,0.2882601354769705,0.2974463457967527
6823,2025-10-25 08:14:00,2025-10-20/2025-10-26,0.3650693221757013,0.26558205398028534,0.36603023914865074,0.2663519596749201
6825,2025-10-25 08:17:00,2025-10-20/2025-10-26,0.28905180860368845,0.28372839296019564,0.29306297636874595,0.28736779725920275
6827,2025-10-25 08:20:00,2025-10-20/2025-10-26,0.41275033807898137,0.4251417816824241,0.4149700320889494,0.4275893762163312
6828,2025-10-25 08:23:00,2025-10-20/2025-10-26,0.4502551543985373,0.45148334787828615,0.4525073243738974,0.4543498509019683
6829,2025-10-25 08:24:00,2025-10-20/2025-10-26,0.43323829474144854,0.4520136485947818,0.4355654179355025,0.45446342527992567
6832,2025-10-25 08:33:00,2025-10-20/2025-10-26,0.4196509843618466,0.43116319388399255,0.4187795737187939,0.43098523426627827
6833,2025-10-25 08:43:00,2025-10-20/2025-10-26,0.3380988327862267,0.34570627709713875,0.33921565293776873,0.34749873182674756
6834,2025-10-25 08:46:00,2025-10-20/2025-10-26,0.46198011221784935,0.47443792423205217,0.4624661875777983,0.4743924847609638
6836,2025-10-25 08:48:00,2025-10-20/2025-10-26,0.32657158189856683,0.33785300205452995,0.3285095180997302,0.3394481049166837
6837,2025-10-25 08:53:00,2025-10-20/2025-10-26,0.35676034289936304,0.3613991217195643,0.35707469901474564,0.361170094033388
6839,2025-10-25 08:57:00,2025-10-20/2025-10-26,0.46694195932369587,0.4829540074053708,0.4682963761267108,0.48534375262035956
6841,2025-10-25 08:59:00,2025-10-20/2025-10-26,0.4503986370561253,0.5143300617298376,0.45134474940861724,0.5168248776462948
6843,2025-10-25 09:01:00,2025-10-20/2025-10-26,0.42364176474146975,0.30868844944098983,0.4257813941051772,0.3109250104716264
6846,2025-10-25 09:05:00,2025-10-20/2025-10-26,0.3102044649162986,0.3115915420246405,0.31041698337744517,0.3121933158242891
6849,2025-10-25 09:13:00,2025-10-20/2025-10-26,0.29210382673835683,0.30087811624298866,0.29300178728179815,0.30172919805345644
6850,2025-10-25 09:14:00,2025-10-20/2025-10-26,0.450643268088766,0.46865165348300913,0.449696100651684,0.4688329131944494
6854,2025-10-25 09:21:00,2025-10-20/2025-10-26,0.4531567081003018,0.4523203137831743,0.45447726590366266,0.45409974910224243
6855,2025-10-25 09:25:00,2025-10-20/2025-10-26,0.29568689858993324,0.2971037057692522,0.29998576874859034,0.3009402253684623
6857,2025-10-25 09:27:00,2025-10-20/2025-10-26,0.2901909393799284,0.2990487410476772,0.2901194930456018,0.2991265840647314
6860,2025-10-25 09:34:00,2025-10-20/2025-10-26,0.26905809775218104,0.2400654171647985,0.27186889979766815,0.24108261817644439
6861,2025-10-25 09:35:00,2025-10-20/2025-10-26,0.32324524711435665,0.3379374835551428,0.325138110805124,0.338917356280237
6863,2025-10-25 09:37:00,2025-10-20/2025-10-26,0.42130769089606,0.43266861741264123,0.42043991766044003,0.43247102692467454
6866,2025-10-25 09:40:00,2025-10-20/2025-10-26,0.37293719625437477,0.3814152455738616,0.37491329112286625,0.38361678286317036
6868,2025-10-25 09:48:00,2025-10-20/2025-10-26,0.2905268791952007,0.2995232029525333,0.29262172676565545,0.30138485134542586
6871,2025-10-25 10:01:00,2025-10-20/2025-10-26,0.292005798322395,0.30071347482235894,0.29193924992858417,0.3007698259016191
6875,2025-10-25 10:10:00,2025-10-20/2025-10-26,0.31869552034467397,0.22137226129291665,0.32106878037748093,0.22280855653077963
6876,2025-10-25 10:11:00,2025-10-20/2025-10-26,0.27172657325236693,0.291347019168183,0.27232527922060495,0.29220695920989115
6878,2025-10-25 10:15:00,2025-10-20/2025-10-26,0.4632895855315335,0.5062232666261297,0.46451457800159246,0.507416123935052
6879,2025-10-25 10:18:00,2025-10-20/2025-10-26,0.30269156739843345,0.30235846595895594,0.3050104918974025,0.3045886709022619
6880,2025-10-25 10:19:00,2025-10-20/2025-10-26,0.4200708138094044,0.43169956448443186,0.42118662823237435,0.43314044460330975
6881,2025-10-25 10:21:00,2025-10-20/2025-10-26,0.2953970063187947,0.3037813100453076,0.2948553193380521,0.30339742588792123
6884,2025-10-25 10:30:00,2025-10-20/2025-10-26,0.46699037021241396,0.4789681588915128,0.4674913713826354,0.47886359981478877
6887,2025-10-25 10:42:00,2025-10-20/2025-10-26,0.2942630394587233,0.33101743324863286,0.2951712680205569,0.33248060926018447
6888,2025-10-25 10:47:00,2025-10-20/2025-10-26,0.5151911459712586,0.5627650221094832,0.5147382737968065,0.5643117168784966
6889,2025-10-25 10:48:00,2025-10-20/2025-10-26,0.30360122400493034,0.3033372084554764,0.3042537346343365,0.30414912273752537
6890,2025-10-25 10:50:00,2025-10-20/2025-10-26,0.32566140346459793,0.23022875688542388,0.32773695579430334,0.23217225038861353
6892,2025-10-25 10:55:00,2025-10-20/2025-10-26,0.4206766155417427,0.41498287052484706,0.4217945825741107,0.4167266328563431
6893,2025-10-25 10:58:00,2025-10-20/2025-10-26,0.2885566467446846,0.2897066472811419,0.29011674797864295,0.2913897005793595
6895,2025-10-25 11:14:00,2025-10-20/2025-10-26,0.2912417352379075,0.2472733484395663,0.29213567036288723,0.24766806063291433
6896,2025-10-25 11:15:00,2025-10-20/2025-10-26,0.4286521620696195,0.44876553768605565,0.4287932463262066,0.4501415892094586
6897,2025-10-25 11:21:00,2025-10-20/2025-10-26,0.42552420771297744,0.32184795798990906,0.4275428629555936,0.3238771147253051
6900,2025-10-25 11:36:00,2025-10-20/2025-10-26,0.4000825782138101,0.4107198334176559,0.4008798197829712,0.41195289071037966
6901,2025-10-25 11:42:00,2025-10-20/2025-10-26,0.3632052362407429,0.333259720082574,0.36609494628915346,0.33494026140789657
6902,2025-10-25 11:45:00,2025-10-20/2025-10-26,0.20180202436956668,0.2113164502272565,0.20175855916817595,0.21047915004375087
6903,2025-10-25 12:01:00,2025-10-20/2025-10-26,0.2898042008286011,0.30554899279889924,0.2919729773654014,0.30665482812675265
6904,2025-10-25 12:06:00,2025-10-20/2025-10-26,0.4521935377611045,0.48643595587531147,0.4522388612009988,0.48644480754228403
6907,2025-10-25 12:17:00,2025-10-20/2025-10-26,0.2995496200146711,0.3228956502147372,0.30113411884441754,0.3231234698683942
6908,2025-10-25 12:21:00,2025-10-20/2025-10-26,0.39721013577631026,0.3529234537112863,0.3986471224549694,0.35325680662109205
6909,2025-10-25 12:25:00,2025-10-20/2025-10-26,0.3122685638369192,0.353232607159734,0.3127836125230636,0.3526913716663594
6910,2025-10-25 12:31:00,2025-10-20/2025-10-26,0.2896279450644176,0.29057617505688044,0.2915546050308138,0.2917337883296596
6911,2025-10-25 12:36:00,2025-10-20/2025-10-26,0.3508649887108603,0.3896169608998632,0.3508188015912115,0.388806891558197
6912,2025-10-25 12:37:00,2025-10-20/2025-10-26,0.5945636355267756,0.6202340462129117,0.5940871369939158,0.619335476521626
6914,2025-10-25 12:45:00,2025-10-20/2025-10-26,0.2856295158574884,0.307697661561549,0.2866015138126892,0.3080933440751142
6915,2025-10-25 12:46:00,2025-10-20/2025-10-26,0.42977829612440627,0.4403356552383663,0.4319925419383929,0.44283135310197974
6922,2025-10-25 13:20:00,2025-10-20/2025-10-26,0.35715425673189855,0.3691099125402259,0.35755790498291695,0.36801475906346676
6923,2025-10-25 13:21:00,2025-10-20/2025-10-26,0.5210595237794823,0.5821630805378659,0.5241206568332069,0.5850713402324766
6924,2025-10-25 13:22:00,2025-10-20/2025-10-26,0.45953649531401924,0.4802983433271712,0.46213607394038914,0.481011780697052
6925,2025-10-25 13:27:00,2025-10-20/2025-10-26,0.42281678948617935,0.3311145610209919,0.42506624259675396,0.33326537656791955
6927,2025-10-25 13:36:00,2025-10-20/2025-10-26,0.3947753920807285,0.3966937665670009,0.3978756560446972,0.3992234356839886
6930,2025-10-25 14:04:00,2025-10-20/2025-10-26,0.2879417586303382,0.259357994750666,0.2900250142095711,0.259799482871694
6947,2025-10-25 15:29:00,2025-10-20/2025-10-26,0.44919847957806674,0.48324131404049325,0.4495564564098618,0.4820554455386596
6948,2025-10-25 15:31:00,2025-10-20/2025-10-26,0.2810775757845578,0.1437599276504905,0.28200111636497033,0.14356783508280407
6952,2025-10-25 15:51:00,2025-10-20/2025-10-26,0.3500179725987249,0.3618201303805209,0.35169540020758644,0.36314451892948246
6953,2025-10-25 15:52:00,2025-10-20/2025-10-26,0.2704668588881875,0.19509440943011855,0.272491741035753,0.1961895305358362
6955,2025-10-25 16:00:00,2025-10-20/2025-10-26,0.3144198139734261,0.3570976170986902,0.3157205561504012,0.3572036160744021
6957,2025-10-25 16:08:00,2025-10-20/2025-10-26,0.2720723712187664,0.2047138142515733,0.27432486256305466,0.20599054380327847
6959,2025-10-25 16:11:00,2025-10-20/2025-10-26,0.32121707805791017,0.29833179017539363,0.32396085025326893,0.29904026267862927
6962,2025-10-25 16:16:00,2025-10-20/2025-10-26,0.38402763671950346,0.41133343701763625,0.3831705470690904,0.41057435942089965
6964,2025-10-25 16:25:00,2025-10-20/2025-10-26,0.39482155467395447,0.41663805209293653,0.39872513102400453,0.4197674668862177
6965,2025-10-25 16:26:00,2025-10-20/2025-10-26,0.4382471653427296,0.46084118878098873,0.4390418484473606,0.460394291147971
6967,2025-10-25 16:36:00,2025-10-20/2025-10-26,0.5345821347475036,0.5630894270798036,0.5348233508571106,0.563715271185875
6968,2025-10-25 16:37:00,2025-10-20/2025-10-26,0.4037705955826923,0.3663184578042242,0.4071413902126847,0.36813216760681416
6971,2025-10-25 17:14:00,2025-10-20/2025-10-26,0.2664840406003604,0.28370182771601415,0.2673364305885244,0.28407811512485104
6972,2025-10-25 17:19:00,2025-10-20/2025-10-26,0.4496980728237743,0.47367098794518864,0.4477777123945503,0.47305998478898226
6974,2025-10-25 17:25:00,2025-10-20/2025-10-26,0.40063342088739556,0.4217473127263398,0.40176984160276513,0.4225097811043296
6975,2025-10-25 17:26:00,2025-10-20/2025-10-26,0.2777306137078784,0.2950654785220579,0.2793536997003151,0.2961375785334346
6977,2025-10-25 17:40:00,2025-10-20/2025-10-26,0.4202563155035125,0.43900860297388655,0.42215709603721646,0.4404180703913257
6978,2025-10-25 17:54:00,2025-10-20/2025-10-26,0.32461961316374666,0.3616936974912597,0.3272522527293424,0.3625419311087145
6982,2025-10-25 18:02:00,2025-10-20/2025-10-26,0.45137604381581586,0.45526007112986744,0.4522863180185765,0.45632137388234845
6984,2025-10-25 18:09:00,2025-10-20/2025-10-26,0.3314752810314791,0.3645025773366703,0.33281199922658805,0.36463075946137147
6985,2025-10-25 18:21:00,2025-10-20/2025-10-26,0.4410465280653146,0.45637842951513496,0.44304097356165845,0.4578872966710759
6987,2025-10-25 18:33:00,2025-10-20/2025-10-26,0.44686350814987336,0.4575478155645644,0.44872209812159164,0.4597808083678135
6992,2025-10-25 19:25:00,2025-10-20/2025-10-26,0.38365842825900487,0.40562918789259433,0.3837309812318344,0.40592646239833485
6995,2025-10-25 19:55:00,2025-10-20/2025-10-26,0.3265246496296621,0.35059303763349664,0.3265549153539701,0.3503334324829088
6996,2025-10-25 19:56:00,2025-10-20/2025-10-26,0.2935289422639422,0.30744879730790126,0.2925900600820094,0.3061871563503034
6997,2025-10-25 20:02:00,2025-10-20/2025-10-26,0.37501273153082065,0.3895745228911835,0.3760384988348318,0.3887078419129959
7002,2025-10-25 21:09:00,2025-10-20/2025-10-26,0.3110993071554577,0.3225863531962269,0.3114559430193559,0.32282414316975333
7003,2025-10-25 21:13:00,2025-10-20/2025-10-26,0.42531272269831877,0.4427926682722288,0.42712213962050555,0.4440696361134193
7005,2025-10-25 21:26:00,2025-10-20/2025-10-26,0.402091764582043,0.42120119413319035,0.4060289927926016,0.4226839509769997
7006,2025-10-25 21:43:00,2025-10-20/2025-10-26,0.4578147074887932,0.4816822289084363,0.459015784563832,0.4828483043175797
7007,2025-10-25 21:47:00,2025-10-20/2025-10-26,0.3063988503520517,0.3329850791750606,0.3051204901948216,0.33140812128234254
7009,2025-10-25 21:50:00,2025-10-20/2025-10-26,0.27736788096700854,0.30140047484792776,0.27643816226389256,0.30051247445337315
7010,2025-10-25 21:52:00,2025-10-20/2025-10-26,0.5442935125728393,0.5746318726134872,0.5430013568802166,0.573894849466618
7011,2025-10-25 22:00:00,2025-10-20/2025-10-26,0.5273927231313845,0.5496892621561913,0.5273904139571988,0.550280539779037
7013,2025-10-25 22:04:00,2025-10-20/2025-10-26,0.48148593859144684,0.49699366114276666,0.4826695872225315,0.4981337389295798
7014,2025-10-25 22:05:00,2025-10-20/2025-10-26,0.38017900058703974,0.3979945486486685,0.38116516334849515,0.39697038230691667
7016,2025-10-25 22:22:00,2025-10-20/2025-10-26,0.3080177643490825,0.32555423335648603,0.30758526655261015,0.32389309839670327
7017,2025-10-25 22:27:00,2025-10-20/2025-10-26,0.46173276006719766,0.47765586382574043,0.4627224340049331,0.47677543219892693
7018,2025-10-25 22:29:00,2025-10-20/2025-10-26,0.29148726052673024,0.3187283997806032,0.29051954188704615,0.3172891065698535
7019,2025-10-25 22:30:00,2025-10-20/2025-10-26,0.2673629335796578,0.2915786986516586,0.2664278229749336,0.29052164403562236
7022,2025-10-25 23:05:00,2025-10-20/2025-10-26,0.3036599221739921,0.3301686939042864,0.303868694595561,0.32967203539570117
7023,2025-10-25 23:24:00,2025-10-20/2025-10-26,0.4190743733540613,0.4392285836846699,0.417908297721361,0.4382350059214881
7024,2025-10-25 23:37:00,2025-10-20/2025-10-26,0.4952026008939162,0.523934102731118,0.49530318678606905,0.5225812271598319
7026,2025-10-26 00:02:00,2025-10-20/2025-10-26,0.2838853780359963,0.3038078017634197,0.28295376032243014,0.3034266679985946
7029,2025-10-26 00:28:00,2025-10-20/2025-10-26,0.26087547623034985,0.2786398209577858,0.26011948460997375,0.27872024780853016
7031,2025-10-26 00:42:00,2025-10-20/2025-10-26,0.2325059353567509,0.2384282925724546,0.23254241136194911,0.2388698943885494
7032,2025-10-26 00:45:00,2025-10-20/2025-10-26,0.30605641561712266,0.30756879255375064,0.3062293262073753,0.3071523645293753
7035,2025-10-26 01:19:00,2025-10-20/2025-10-26,0.36817443638586644,0.3881999104508085,0.36679546195241647,0.38776962239332424
7038,2025-10-26 01:38:00,2025-10-20/2025-10-26,0.3682743961333638,0.38760443006471135,0.3671298900661564,0.38730727104883256
7039,2025-10-26 01:44:00,2025-10-20/2025-10-26,0.3914822157493524,0.4007834220033356,0.3909766955861398,0.4002955681802228
7040,2025-10-26 01:45:00,2025-10-20/2025-10-26,0.35025535270498337,0.3587354276816688,0.35036518035430314,0.3596789468307784
7043,2025-10-26 01:57:00,2025-10-20/2025-10-26,0.35071278716392734,0.3591318541067118,0.3505587425942301,0.3598526492042305
7045,2025-10-26 02:04:00,2025-10-20/2025-10-26,0.23493550850500872,0.2405475052308498,0.23351619629210682,0.23975514827221223
7046,2025-10-26 02:05:00,2025-10-20/2025-10-26,0.34401962806695663,0.3524604396415156,0.34501373524748163,0.3544989035644648
7048,2025-10-26 02:14:00,2025-10-20/2025-10-26,0.3506938531363547,0.3564914018319868,0.350837724247385,0.3572417120019342
7049,2025-10-26 02:15:00,2025-10-20/2025-10-26,0.23624829792978222,0.24179509190667217,0.23545601094906032,0.24150287430808406
7051,2025-10-26 02:31:00,2025-10-20/2025-10-26,0.4452973277739273,0.45144594932245946,0.4432333782376517,0.45133076995246363
7052,2025-10-26 03:00:00,2025-10-20/2025-10-26,0.23680339808198875,0.24231944839396405,0.23622152436825544,0.24219355021170932
7054,2025-10-26 03:02:00,2025-10-20/2025-10-26,0.2507578910163476,0.2613862198998343,0.24963210870548178,0.26071485913835174
7055,2025-10-26 03:04:00,2025-10-20/2025-10-26,0.2355893564511351,0.24114320494361277,0.23416943133182533,0.240341394686101
7057,2025-10-26 03:08:00,2025-10-20/2025-10-26,0.23659605524007285,0.24206494856763194,0.23517480967230958,0.24124900459154663
7058,2025-10-26 03:17:00,2025-10-20/2025-10-26,0.31682203607206605,0.3434674758089076,0.3148474571794686,0.3418796168420867
7061,2025-10-26 04:03:00,2025-10-20/2025-10-26,0.2465133785515961,0.25802628929861926,0.24540807494915207,0.25738207927215073
7063,2025-10-26 04:04:00,2025-10-20/2025-10-26,0.24641474458784296,0.25705157844233206,0.2453185798922914,0.25646077589883526
7064,2025-10-26 04:05:00,2025-10-20/2025-10-26,0.3629360622778238,0.3807570430944199,0.3616947200480255,0.3804326691889859
7065,2025-10-26 04:06:00,2025-10-20/2025-10-26,0.3615352738874677,0.3802336483416984,0.3602200350922971,0.3798744580372492
7066,2025-10-26 04:07:00,2025-10-20/2025-10-26,0.3598269414523556,0.3589785243765867,0.35853216534083654,0.3590155256405573
7067,2025-10-26 04:09:00,2025-10-20/2025-10-26,0.24155970087610013,0.25290401638118837,0.24107470588527186,0.2528925901195508
7068,2025-10-26 04:09:00,2025-10-20/2025-10-26,0.22941561298153654,0.24254026093385755,0.23019137616341384,0.24184120021552705
7069,2025-10-26 04:10:00,2025-10-20/2025-10-26,0.36895192660439385,0.3827984556272685,0.3674859617809255,0.3824432902919064
7070,2025-10-26 04:11:00,2025-10-20/2025-10-26,0.2688508804298027,0.2900976361297127,0.26888534579570306,0.28983466194412455
7071,2025-10-26 04:12:00,2025-10-20/2025-10-26,0.3919124102964915,0.41258940244102615,0.39147971374259644,0.4136024611597371
7072,2025-10-26 04:13:00,2025-10-20/2025-10-26,0.25946677203089424,0.27054542545050975,0.25921270988932205,0.2701607787346598
7073,2025-10-26 04:14:00,2025-10-20/2025-10-26,0.3614041505871091,0.3766793698234084,0.36193175537742345,0.377949075759694
7078,2025-10-26 04:42:00,2025-10-20/2025-10-26,0.4171742971727639,0.44191629469197785,0.4168035620664645,0.44382154123689155
7080,2025-10-26 04:54:00,2025-10-20/2025-10-26,0.35780206908312256,0.3715066731639501,0.35433605364598153,0.3704090012522847
7081,2025-10-26 05:03:00,2025-10-20/2025-10-26,0.3429586072361623,0.34362968028418506,0.3417190748629761,0.3434086883891949
7082,2025-10-26 05:04:00,2025-10-20/2025-10-26,0.4210886443905209,0.4428808129552189,0.419340790956259,0.4428002596316183
7083,2025-10-26 05:05:00,2025-10-20/2025-10-26,0.3509239124636523,0.3592420576687372,0.3497101371856293,0.35908990889147974
7085,2025-10-26 05:13:00,2025-10-20/2025-10-26,0.38894345136187547,0.39847638213171477,0.3884318462771154,0.3980196021225474
7086,2025-10-26 05:14:00,2025-10-20/2025-10-26,0.26419073244265295,0.27651384564111264,0.26357908396948115,0.27587460522749285
7088,2025-10-26 05:28:00,2025-10-20/2025-10-26,0.2989914064865434,0.3125974095479537,0.29816950237222106,0.31246228801325393
7089,2025-10-26 05:43:00,2025-10-20/2025-10-26,0.3900064856174097,0.40776231796895646,0.3888981933224427,0.4079806596870329
7095,2025-10-26 05:58:00,2025-10-20/2025-10-26,0.41900935301224645,0.4477400571223199,0.41742771526006367,0.4479869504922979
7096,2025-10-26 06:01:00,2025-10-20/2025-10-26,0.36972427894927606,0.3965882050091321,0.36873702171569084,0.3968385043408124
7098,2025-10-26 06:07:00,2025-10-20/2025-10-26,0.3531036947177416,0.35975463160881693,0.35228785399559914,0.3599719108297009
7104,2025-10-26 06:23:00,2025-10-20/2025-10-26,0.32494071507086614,0.33133655096184506,0.32582580742723727,0.3314273424750101
7105,2025-10-26 06:30:00,2025-10-20/2025-10-26,0.25243977387925953,0.2624650445488665,0.2524376557693992,0.26279659350552326
7107,2025-10-26 06:34:00,2025-10-20/2025-10-26,0.3690036424616028,0.3828506795662828,0.36823424678847017,0.38305529154658935
7108,2025-10-26 06:35:00,2025-10-20/2025-10-26,0.3538581002975522,0.37047211918706835,0.35410105312592166,0.37137195247224375
7109,2025-10-26 06:43:00,2025-10-20/2025-10-26,0.2754313180824982,0.29322614342808945,0.2756602699717434,0.2933239061361346
7115,2025-10-26 07:02:00,2025-10-20/2025-10-26,0.2792325172580106,0.30410523190277927,0.2798797216394797,0.30452543271240373
7116,2025-10-26 07:04:00,2025-10-20/2025-10-26,0.47639700919756206,0.5003248497936225,0.4741447676919412,0.4999683101784507
7123,2025-10-26 07:26:00,2025-10-20/2025-10-26,0.5608882698453174,0.587553273652525,0.5593105898264711,0.5870563993211617
7126,2025-10-26 07:31:00,2025-10-20/2025-10-26,0.24939323231302718,0.25973413000298845,0.2504741016171101,0.26101079857094356
7128,2025-10-26 07:54:00,2025-10-20/2025-10-26,0.4790453416509568,0.5053207868151627,0.4786608787146508,0.5064166743397043
7130,2025-10-26 08:00:00,2025-10-20/2025-10-26,0.25562584035666996,0.2749172129691466,0.25509426340365793,0.27477899709331044
7132,2025-10-26 08:02:00,2025-10-20/2025-10-26,0.2579287578459461,0.2774806348420607,0.2573354454233049,0.27758079545652753
7133,2025-10-26 08:07:00,2025-10-20/2025-10-26,0.2561121234492856,0.2727280653343194,0.25523533382344865,0.2724043909698979
7134,2025-10-26 08:10:00,2025-10-20/2025-10-26,0.24861628360583507,0.25893030171467707,0.24860308545013574,0.25930526652988534
7135,2025-10-26 08:16:00,2025-10-20/2025-10-26,0.24428934923000065,0.2549884674023136,0.24512513372615927,0.2561314666795355
7136,2025-10-26 08:24:00,2025-10-20/2025-10-26,0.2614847775834316,0.2766127303969071,0.2622089297507359,0.2776393023903939
7137,2025-10-26 08:28:00,2025-10-20/2025-10-26,0.47724317569596775,0.49105662837183855,0.4787175005215243,0.4932652574293934
7139,2025-10-26 08:32:00,2025-10-20/2025-10-26,0.25854115547767315,0.2743532905327675,0.2579320885463604,0.27424960221323197
7140,2025-10-26 08:34:00,2025-10-20/2025-10-26,0.2514156623706245,0.2615859982166569,0.2522885838996108,0.2626606308258262
7141,2025-10-26 08:43:00,2025-10-20/2025-10-26,0.2530781228264581,0.2630045380863364,0.2524177600981293,0.26277926111152056
7142,2025-10-26 08:44:00,2025-10-20/2025-10-26,0.37916725721528616,0.4107005134980589,0.37776841419050516,0.41011445630101956
7143,2025-10-26 08:47:00,2025-10-20/2025-10-26,0.3716885836335613,0.3827479559654668,0.3731355315407776,0.3845171443925927
7145,2025-10-26 08:49:00,2025-10-20/2025-10-26,0.2890150548801914,0.32007734741439037,0.2889566887375203,0.31968804966873754
7150,2025-10-26 08:58:00,2025-10-20/2025-10-26,0.3918817575331363,0.30666662014795515,0.39093343673436,0.3071418078264391
7152,2025-10-26 09:02:00,2025-10-20/2025-10-26,0.2518177627296553,0.26194187323863766,0.25247277140393687,0.2628295225471505
7154,2025-10-26 09:03:00,2025-10-20/2025-10-26,0.40781839025296196,0.42304284264347874,0.4080696060071108,0.42318007967786986
7155,2025-10-26 09:06:00,2025-10-20/2025-10-26,0.3283579049268805,0.3344413224112934,0.32925799551575285,0.3344913424366092
7163,2025-10-26 09:26:00,2025-10-20/2025-10-26,0.40259884202577173,0.40892848715453595,0.40216989503565126,0.40963096326533605
7164,2025-10-26 09:27:00,2025-10-20/2025-10-26,0.25621581689729345,0.2730421460668491,0.25567412334942924,0.2729272864714135
7165,2025-10-26 09:30:00,2025-10-20/2025-10-26,0.4460075727612235,0.4757672786058515,0.4458470091373947,0.47612945483538094
7167,2025-10-26 09:34:00,2025-10-20/2025-10-26,0.3716029915465168,0.3951899134422536,0.37054467608691954,0.39512547831366346
7168,2025-10-26 09:38:00,2025-10-20/2025-10-26,0.31874156214159854,0.35142070584537344,0.3185170773993408,0.3514180226749234
7169,2025-10-26 09:39:00,2025-10-20/2025-10-26,0.2494852336507174,0.25966683667911944,0.24860308545013574,0.25930526652988534
7170,2025-10-26 09:40:00,2025-10-20/2025-10-26,0.3678097706468213,0.3790672366934457,0.3673421120010445,0.3793176795961652
7171,2025-10-26 09:42:00,2025-10-20/2025-10-26,0.37029918543749174,0.38133502012101955,0.369837582593696,0.38155605677773746
7173,2025-10-26 09:47:00,2025-10-20/2025-10-26,0.39278536308921436,0.4039613299833429,0.3935759338410306,0.4054216480052524
7174,2025-10-26 09:48:00,2025-10-20/2025-10-26,0.4422859270905297,0.46094648457342696,0.44081483125197346,0.4609565518282479
7175,2025-10-26 09:49:00,2025-10-20/2025-10-26,0.2529587324888483,0.26289428136774473,0.2522982280036756,0.26267051449858303
7176,2025-10-26 09:50:00,2025-10-20/2025-10-26,0.25103961098018657,0.26123906363243804,0.2519105104390848,0.2623174217517679
7178,2025-10-26 09:52:00,2025-10-20/2025-10-26,0.5105255134295197,0.5301482318801972,0.5083840372646815,0.5303633953466358
7179,2025-10-26 09:54:00,2025-10-20/2025-10-26,0.3716535630655286,0.38267756881913234,0.37255533152599035,0.3840001685518895
7180,2025-10-26 09:58:00,2025-10-20/2025-10-26,0.2516701831984833,0.2640711036652219,0.2510190792507091,0.26383297326010724
7188,2025-10-26 10:07:00,2025-10-20/2025-10-26,0.25319846215940234,0.263115755848215,0.2525382355166202,0.2628889649271227
7189,2025-10-26 10:11:00,2025-10-20/2025-10-26,0.2749652143262762,0.29789345106448717,0.27529157678657945,0.29870537845245476
7195,2025-10-26 10:16:00,2025-10-20/2025-10-26,0.3712621413261252,0.3850387900184167,0.3721290206043233,0.38656031862117557
7205,2025-10-26 10:27:00,2025-10-20/2025-10-26,0.4584775043012267,0.5067701797224597,0.457113636962882,0.5076296204308612
7208,2025-10-26 10:33:00,2025-10-20/2025-10-26,0.4321727722025017,0.48275614259896377,0.43046435558076057,0.4836923274480245
7209,2025-10-26 10:34:00,2025-10-20/2025-10-26,0.4751540055867992,0.5049492701951362,0.47296917819627415,0.5054519886918365
7213,2025-10-26 10:51:00,2025-10-20/2025-10-26,0.3657792886102835,0.37994006455813745,0.36554384517257377,0.38062787555110505
7216,2025-10-26 10:59:00,2025-10-20/2025-10-26,0.17691820735530317,0.19285435594584432,0.1776709254659232,0.19319215102442394
7224,2025-10-26 11:06:00,2025-10-20/2025-10-26,0.3927510579601886,0.4137327814700162,0.39271981683844365,0.4150561072623553
7241,2025-10-26 11:18:00,2025-10-20/2025-10-26,0.17964307850716735,0.19809125260866361,0.18041759317535105,0.19806492842771586
7264,2025-10-26 11:36:00,2025-10-20/2025-10-26,0.41390856224201156,0.4360616002092345,0.41426789591749147,0.4378734855755351
7267,2025-10-26 11:37:00,2025-10-20/2025-10-26,0.36658653479170716,0.3878947642690105,0.36580296079176966,0.38809560141825467
7269,2025-10-26 11:48:00,2025-10-20/2025-10-26,0.2515047934525552,0.26160287990424747,0.2514998119092274,0.26194524573935923
7271,2025-10-26 12:02:00,2025-10-20/2025-10-26,0.2504224439639006,0.27939483390320813,0.2541900949265372,0.2828847566966816
7273,2025-10-26 12:08:00,2025-10-20/2025-10-26,0.3697798892839172,0.39106565012596145,0.36882998814846135,0.39015845214135264
7276,2025-10-26 12:33:00,2025-10-20/2025-10-26,0.249946473183551,0.2705217950200947,0.25001053694055864,0.270133065822083
7284,2025-10-26 12:42:00,2025-10-20/2025-10-26,0.2504008196452786,0.2667213698496133,0.25024597393065756,0.266174658108521
7285,2025-10-26 12:55:00,2025-10-20/2025-10-26,0.24726748978112353,0.26391555777364034,0.2488426974956009,0.264880514521965
7286,2025-10-26 12:56:00,2025-10-20/2025-10-26,0.32642807051311534,0.35569270950805326,0.3256488079464104,0.3547592131488341
7287,2025-10-26 12:57:00,2025-10-20/2025-10-26,0.25326443018862355,0.2767964077068421,0.25291959728027474,0.27598257921260755
7289,2025-10-26 13:09:00,2025-10-20/2025-10-26,0.3250653158255584,0.36299802877437926,0.32386535645768016,0.36122286604330306
7292,2025-10-26 13:35:00,2025-10-20/2025-10-26,0.37836009255365455,0.407646772682228,0.3779405297776166,0.4070540122757488
7313,2025-10-26 13:52:00,2025-10-20/2025-10-26,0.3694119176357194,0.39080970891266176,0.3695463540147897,0.3908066473921343
7315,2025-10-26 13:55:00,2025-10-20/2025-10-26,0.3041980657616965,0.34732390501781407,0.30287551509432153,0.3455702459656573
7318,2025-10-26 14:06:00,2025-10-20/2025-10-26,0.5424341500470785,0.5678948368585843,0.5414070107259586,0.5677730519397314
7319,2025-10-26 14:10:00,2025-10-20/2025-10-26,0.5065907778082579,0.5397653836488236,0.5047879000379293,0.5389327240934277
7320,2025-10-26 14:23:00,2025-10-20/2025-10-26,0.26887254223452167,0.29574912301022444,0.2690551707131295,0.2953486129125608
7346,2025-10-26 14:49:00,2025-10-20/2025-10-26,0.4582622174376807,0.5144984386484412,0.45699298661888954,0.5144373084102745
7347,2025-10-26 14:50:00,2025-10-20/2025-10-26,0.280890809202597,0.31054992414002314,0.281504241459094,0.3094738394293542
7359,2025-10-26 15:00:00,2025-10-20/2025-10-26,0.2502032728338316,0.271425414841574,0.25117271982919576,0.27185545914057485
7361,2025-10-26 15:20:00,2025-10-20/2025-10-26,0.48064588943468195,0.3953247030982647,0.48070514770765477,0.3952470782954709
7362,2025-10-26 15:21:00,2025-10-20/2025-10-26,0.36234913083804154,0.3884025114186681,0.3622557923682005,0.3883381872596459
7363,2025-10-26 15:23:00,2025-10-20/2025-10-26,0.25688793625266965,0.2846471183147268,0.2564719049399906,0.28373074621152167
7369,2025-10-26 15:38:00,2025-10-20/2025-10-26,0.25892145148134205,0.2848381471918404,0.2583932944547086,0.2840669307975837
7372,2025-10-26 16:13:00,2025-10-20/2025-10-26,0.2510554667035892,0.2672829652457821,0.2502460896585487,0.2661732375772148
7373,2025-10-26 16:16:00,2025-10-20/2025-10-26,0.30080751744455125,0.3288768600330434,0.30160858592692424,0.32817993137706847
7376,2025-10-26 16:35:00,2025-10-20/2025-10-26,0.4597831500495107,0.49493227245078303,0.4609878798768462,0.4960901045572258
7378,2025-10-26 17:05:00,2025-10-20/2025-10-26,0.24185495072846744,0.25840016299995155,0.24215627000916304,0.25824244193174906
7379,2025-10-26 17:09:00,2025-10-20/2025-10-26,0.4568189255439119,0.5012425796321804,0.4560800612335652,0.5004193501251354
7382,2025-10-26 17:37:00,2025-10-20/2025-10-26,0.2751941188330094,0.29803070178445484,0.27704243279384155,0.29854924597814025
7388,2025-10-26 19:40:00,2025-10-20/2025-10-26,0.254708478674904,0.2834386335032433,0.2553023850963323,0.28348117652530236
7389,2025-10-26 19:50:00,2025-10-20/2025-10-26,0.39185562174026944,0.4163505112280281,0.3912982860786787,0.41564336855109457
7396,2025-10-26 20:43:00,2025-10-20/2025-10-26,0.395581490630796,0.4289117067978873,0.39455770533736634,0.4281800246947503
7399,2025-10-26 21:28:00,2025-10-20/2025-10-26,0.38116252295068376,0.2911148468248268,0.37962804671314837,0.2906766646236313
7401,2025-10-26 21:30:00,2025-10-20/2025-10-26,0.2943241842338426,0.31697319071365454,0.29448716678213305,0.3160955841157519
7402,2025-10-26 21:49:00,2025-10-20/2025-10-26,0.2646519182147517,0.2788390690810794,0.2647687835793278,0.2785631490337261
7406,2025-10-26 22:18:00,2025-10-20/2025-10-26,0.43648113702878005,0.47229948989681214,0.4345368727780182,0.47112316862134906
7407,2025-10-26 22:56:00,2025-10-20/2025-10-26,0.3831745127113953,0.41569481466429703,0.3814046230277904,0.41418739577295116
7409,2025-10-26 23:04:00,2025-10-20/2025-10-26,0.4773331353715304,0.44329176652249797,0.47458810792263606,0.4413501547404586
7411,2025-10-27 03:03:00,2025-10-27/2025-11-02,0.24173234733746557,0.22565304190947244,0.2555366023070707,0.2335665222761077
7413,2025-10-27 04:03:00,2025-10-27/2025-11-02,0.303294768980919,0.30646470694650935,0.3035453870207216,0.3057440107612812
7414,2025-10-27 04:04:00,2025-10-27/2025-11-02,0.4444141299353832,0.44928405058414467,0.4413128237948165,0.447928815039726
7415,2025-10-27 04:05:00,2025-10-27/2025-11-02,0.29416737053289493,0.2980167885339237,0.2953998141781271,0.29806001842372276
7416,2025-10-27 04:06:00,2025-10-27/2025-11-02,0.3013365776857704,0.3088986529951425,0.30247197383488206,0.3085015248162386
7425,2025-10-27 04:14:00,2025-10-27/2025-11-02,0.540438720485685,0.5399434892983519,0.5337583313416832,0.5385842799253155
7426,2025-10-27 04:15:00,2025-10-27/2025-11-02,0.2927364644986226,0.2993512144252949,0.2935243471371812,0.2987735361953461
7427,2025-10-27 04:15:00,2025-10-27/2025-11-02,0.5108787637806051,0.5252324937856092,0.5100552795425017,0.5226589902455362
7428,2025-10-27 04:16:00,2025-10-27/2025-11-02,0.4965674949628731,0.5059548171510326,0.5002191073740774,0.5070382069232214
7429,2025-10-27 04:29:00,2025-10-27/2025-11-02,0.5175035137383387,0.5084527988818986,0.5155684072416934,0.5060250429036746
7430,2025-10-27 04:44:00,2025-10-27/2025-11-02,0.38966013649137315,0.425924875363358,0.39113260661733823,0.42692179380833767
7432,2025-10-27 05:16:00,2025-10-27/2025-11-02,0.28548743014756406,0.2820920403169637,0.2836601839620946,0.27969194273290376
7452,2025-10-27 06:16:00,2025-10-27/2025-11-02,0.30370005056070987,0.3077332100491951,0.3055490885627646,0.3085212211540627
7455,2025-10-27 06:18:00,2025-10-27/2025-11-02,0.3024257520489083,0.3110001181274971,0.29887186583993336,0.3103062723441936
7458,2025-10-27 07:08:00,2025-10-27/2025-11-02,0.6488556172892672,0.6647684844261792,0.6541462275057038,0.6638252375174047
7459,2025-10-27 07:11:00,2025-10-27/2025-11-02,0.4623604087954101,0.5035937682057272,0.46948909605475364,0.5054723269572986
7461,2025-10-27 07:27:00,2025-10-27/2025-11-02,0.5104574000910004,0.5165727069402957,0.5146167397522841,0.5173851753381331
7462,2025-10-27 07:44:00,2025-10-27/2025-11-02,0.3101321236688919,0.3160099884566093,0.3105864953201113,0.31548353461208006
7466,2025-10-27 08:13:00,2025-10-27/2025-11-02,0.5381117722764568,0.5537641009522717,0.5381532764865442,0.5513478928916424
7467,2025-10-27 08:26:00,2025-10-27/2025-11-02,0.26837868271471665,0.24792553006049664,0.27190153438110126,0.24883444087958675
7468,2025-10-27 08:42:00,2025-10-27/2025-11-02,0.46878980893607197,0.44035462840701445,0.48689319087020844,0.45203827084084297
7469,2025-10-27 08:49:00,2025-10-27/2025-11-02,0.28295156946617855,0.28536022420461404,0.29170878854443905,0.29199212726735757
7474,2025-10-27 10:46:00,2025-10-27/2025-11-02,0.29024790850395454,0.2894756413446065,0.28916127667872454,0.2881667095053648
7478,2025-10-27 11:38:00,2025-10-27/2025-11-02,0.3199345045852277,0.3315746314310716,0.32003303593284593,0.33107733658841887
7483,2025-10-27 12:24:00,2025-10-27/2025-11-02,0.3767435158246485,0.3147906806970679,0.39084094821545406,0.3246368260857039
7520,2025-10-27 14:17:00,2025-10-27/2025-11-02,0.3354646145917097,0.35465062598237074,0.33465323568414196,0.352584680348802
7521,2025-10-27 14:23:00,2025-10-27/2025-11-02,0.3562070968476684,0.35878731896889143,0.35453149374304754,0.3582939543894632
7522,2025-10-27 14:24:00,2025-10-27/2025-11-02,0.2842074313808497,0.2920314723721193,0.29227350558266035,0.29707393923258646
7523,2025-10-27 14:55:00,2025-10-27/2025-11-02,0.25404575713819777,0.24964009568115192,0.260933358458019,0.25418428778139973
7526,2025-10-27 15:15:00,2025-10-27/2025-11-02,0.388893098965982,0.3954703693807124,0.3922778646435759,0.3986427608388421
7527,2025-10-27 15:15:00,2025-10-27/2025-11-02,0.49751210460276385,0.4812016698299637,0.5077955495856833,0.48578881030805376
7528,2025-10-27 15:20:00,2025-10-27/2025-11-02,0.28690796368875365,0.2000512092380219,0.30062699194963904,0.2079378767490836
7531,2025-10-27 15:42:00,2025-10-27/2025-11-02,0.48142472505449013,0.4873220439934371,0.4822535431064672,0.48998432834242495
7532,2025-10-27 15:51:00,2025-10-27/2025-11-02,0.3339241360362264,0.3247484740888767,0.3417378509758522,0.32673105744517944
7533,2025-10-27 16:03:00,2025-10-27/2025-11-02,0.42488991296625794,0.40948083997621604,0.43086172186415833,0.4116300295083564
7534,2025-10-27 16:15:00,2025-10-27/2025-11-02,0.5560969619616017,0.5616909210128953,0.5549690890205773,0.5602842151237388
7535,2025-10-27 16:34:00,2025-10-27/2025-11-02,0.2916764542731857,0.3160119564330384,0.3033667756075391,0.3247635498147309
7539,2025-10-27 17:01:00,2025-10-27/2025-11-02,0.3994766318243398,0.3823279606702089,0.411410136787598,0.3891207136977506
7540,2025-10-27 17:11:00,2025-10-27/2025-11-02,0.30986236569812003,0.32583833652020766,0.3117780238678573,0.3263635080528648
7541,2025-10-27 17:24:00,2025-10-27/2025-11-02,0.5333063248907316,0.5570266045345096,0.5331286166058387,0.5546233969826179
7544,2025-10-27 17:49:00,2025-10-27/2025-11-02,0.43900873669729534,0.4324869459017825,0.44834978015614985,0.43841932942057926
7552,2025-10-27 17:59:00,2025-10-27/2025-11-02,0.49256539143897327,0.49922381513586356,0.495306658841521,0.5010762610119488
7561,2025-10-27 18:33:00,2025-10-27/2025-11-02,0.5295112190235428,0.5412057261226794,0.5292638431585569,0.5388835876675088
7570,2025-10-27 18:51:00,2025-10-27/2025-11-02,0.3073471693694127,0.31088282377152304,0.3056810805900566,0.30871077907737654
7627,2025-10-27 19:54:00,2025-10-27/2025-11-02,0.2896434583097373,0.30450891705475397,0.28840209699191405,0.30294926544089423
7632,2025-10-27 19:58:00,2025-10-27/2025-11-02,0.47261801101298156,0.458984491226332,0.4779790337379564,0.46112238129928734
7635,2025-10-27 20:01:00,2025-10-27/2025-11-02,0.3011984165843767,0.2885229382668481,0.3064905102344554,0.290108261438301
7636,2025-10-27 20:02:00,2025-10-27/2025-11-02,0.473765943051251,0.5124423516977896,0.4794420156813243,0.5144749490745262
7641,2025-10-27 20:05:00,2025-10-27/2025-11-02,0.4602392418729863,0.4405005596660964,0.4699327759028815,0.44513981191877483
7666,2025-10-27 20:23:00,2025-10-27/2025-11-02,0.37392359344051057,0.3889335287802687,0.37536387549091493,0.3887232918638893
7701,2025-10-27 20:55:00,2025-10-27/2025-11-02,0.30919776992893794,0.3122626545595178,0.3073177253100244,0.309984316179505
7702,2025-10-27 21:10:00,2025-10-27/2025-11-02,0.5456831574029674,0.5562986557631925,0.549887199786041,0.557150562223041
7703,2025-10-27 21:25:00,2025-10-27/2025-11-02,0.43473253858720207,0.44535163459921656,0.4426477238746318,0.45031431895083357
7707,2025-10-27 22:13:00,2025-10-27/2025-11-02,0.4451529354569645,0.4295386527525296,0.45374910855857314,0.433441191872915
7708,2025-10-27 22:29:00,2025-10-27/2025-11-02,0.5264515391307916,0.5433232659294946,0.5273185842593295,0.5426324564538116
7711,2025-10-27 23:44:00,2025-10-27/2025-11-02,0.4803324331638657,0.48556147756135626,0.48330334326388424,0.48653956231769097
7712,2025-10-27 23:51:00,2025-10-27/2025-11-02,0.3124001021894785,0.3239789240110253,0.31432199072698974,0.32365534625936954
7716,2025-10-28 00:42:00,2025-10-27/2025-11-02,0.3943850221730333,0.3996827722427444,0.3886024890103385,0.3966907913892776
7717,2025-10-28 02:18:00,2025-10-27/2025-11-02,0.385374832604734,0.3927386646514008,0.3896841924590696,0.3975450626416781
7720,2025-10-28 03:21:00,2025-10-27/2025-11-02,0.4290266783067254,0.35167500242691385,0.4351910217404982,0.3608906594283092
7722,2025-10-28 04:03:00,2025-10-27/2025-11-02,0.3963446446233817,0.3961684427621707,0.399665662313804,0.3995708525956825
7723,2025-10-28 04:05:00,2025-10-27/2025-11-02,0.39424003954778636,0.4006088874802543,0.3933624849920254,0.4015715126712052
7725,2025-10-28 04:06:00,2025-10-27/2025-11-02,0.26218026344895723,0.2679558599723538,0.2607898978438661,0.26748442110649
7726,2025-10-28 04:07:00,2025-10-27/2025-11-02,0.4100015219843425,0.41615581118299966,0.4074657318119268,0.4154426180842534
7727,2025-10-28 04:08:00,2025-10-27/2025-11-02,0.238944739701517,0.23912576267035968,0.24526873922426148,0.24438015810400288
7728,2025-10-28 04:09:00,2025-10-27/2025-11-02,0.4175830913607187,0.4266722735083783,0.4169724938173506,0.42717010914178094
7729,2025-10-28 04:11:00,2025-10-27/2025-11-02,0.45158633625368333,0.46010895078114056,0.4510350115320135,0.4600410222896668
7732,2025-10-28 04:26:00,2025-10-27/2025-11-02,0.2515466233618171,0.24730984255356633,0.2474999444125507,0.24490351797235607
7734,2025-10-28 04:46:00,2025-10-27/2025-11-02,0.2530870212744505,0.2571665519399743,0.25929903837536833,0.26272073438580645
7735,2025-10-28 05:19:00,2025-10-27/2025-11-02,0.34922050686654915,0.34096781870185705,0.3439372178500084,0.3397389634566694
7742,2025-10-28 06:44:00,2025-10-27/2025-11-02,0.42429536551934804,0.4385794451380293,0.42050390221762335,0.4363459879345882
7744,2025-10-28 07:04:00,2025-10-27/2025-11-02,0.40537753930574066,0.4043968534300683,0.4000601874500772,0.40167920764054615
7750,2025-10-28 08:14:00,2025-10-27/2025-11-02,0.4049869416069165,0.40330316697996943,0.40792490390453595,0.40645848793864037
7751,2025-10-28 08:29:00,2025-10-27/2025-11-02,0.4895353300644244,0.4917980235000011,0.4880345888960706,0.4958753134827106
7753,2025-10-28 08:37:00,2025-10-27/2025-11-02,0.26749185450727875,0.26965869956186894,0.2648108109446812,0.2687547099353709
7755,2025-10-28 08:47:00,2025-10-27/2025-11-02,0.4119591837752997,0.4234123978207487,0.4067858318356769,0.42082261786403397
7757,2025-10-28 08:56:00,2025-10-27/2025-11-02,0.314967533718681,0.3227514785133546,0.3097848542631066,0.32132514368914883
7758,2025-10-28 09:00:00,2025-10-27/2025-11-02,0.37400840547304093,0.3861951901970158,0.3742176458422893,0.38849842446740673
7759,2025-10-28 09:24:00,2025-10-27/2025-11-02,0.3801900350333066,0.38843617605403763,0.3758630248384647,0.38734930781286975
7765,2025-10-28 09:47:00,2025-10-27/2025-11-02,0.49257823288632296,0.4912667360650245,0.48964668840063175,0.49076727374391504
7766,2025-10-28 09:48:00,2025-10-27/2025-11-02,0.3603550958602079,0.35665945568440877,0.3569328454580423,0.3561455997494923
7767,2025-10-28 09:53:00,2025-10-27/2025-11-02,0.40884401103061957,0.41107043987868347,0.40543389098933197,0.4093977916587807
7770,2025-10-28 10:01:00,2025-10-27/2025-11-02,0.5348934337814658,0.5644480000060644,0.5318877665707824,0.5621234418770209
7771,2025-10-28 10:02:00,2025-10-27/2025-11-02,0.2661923932287361,0.26989989668284947,0.2647633917992461,0.26978982908218846
7774,2025-10-28 10:05:00,2025-10-27/2025-11-02,0.46860202671475515,0.46967514020328305,0.4679151699202007,0.47018538186407466
7779,2025-10-28 10:48:00,2025-10-27/2025-11-02,0.4693320900282739,0.455870269705417,0.46103189616871204,0.455573472100573
7781,2025-10-28 10:56:00,2025-10-27/2025-11-02,0.4583171043555025,0.4331493593127077,0.46795007041031905,0.4359761998511965
7785,2025-10-28 11:17:00,2025-10-27/2025-11-02,0.4250625595190755,0.42901283928870526,0.4290896713297521,0.4336719232011233
7813,2025-10-28 11:52:00,2025-10-27/2025-11-02,0.42141603250678406,0.429622352207867,0.42110208563979595,0.430722917673406
7814,2025-10-28 11:53:00,2025-10-27/2025-11-02,0.4124384691742273,0.4100224169181642,0.41301741018595456,0.4113409862040643
7815,2025-10-28 11:54:00,2025-10-27/2025-11-02,0.4060952304756994,0.4116277636377911,0.40094550132008444,0.40931732561044964
7818,2025-10-28 12:05:00,2025-10-27/2025-11-02,0.340330311265008,0.3444477430507664,0.337123710066645,0.34512308800299424
7835,2025-10-28 12:20:00,2025-10-27/2025-11-02,0.2349333528237614,0.23858259111821248,0.23580442200441618,0.2401942419050107
7874,2025-10-28 12:59:00,2025-10-27/2025-11-02,0.4452502707419637,0.44559018070164963,0.44674359606280695,0.44839628217043676
7878,2025-10-28 13:10:00,2025-10-27/2025-11-02,0.2962159916352911,0.29912208777498134,0.29234427984491396,0.2968877439142178
7879,2025-10-28 13:17:00,2025-10-27/2025-11-02,0.2549751220855777,0.2647727367575941,0.25363539360194354,0.2638993230861571
7884,2025-10-28 13:49:00,2025-10-27/2025-11-02,0.4618151073875832,0.47128750390882157,0.46415289083899086,0.4730348278511406
7885,2025-10-28 14:11:00,2025-10-27/2025-11-02,0.4823562339223391,0.4944953227690325,0.4805712918274244,0.4928715637774395
7886,2025-10-28 14:13:00,2025-10-27/2025-11-02,0.24969077305799722,0.25864084649535596,0.24789457951777727,0.25844258205840354
7887,2025-10-28 14:16:00,2025-10-27/2025-11-02,0.3321578894681271,0.305278243675357,0.3338483870076975,0.30751340190421217
7892,2025-10-28 14:43:00,2025-10-27/2025-11-02,0.3348082778370265,0.3486786967165611,0.33472360293390546,0.35178371292022753
7894,2025-10-28 14:57:00,2025-10-27/2025-11-02,0.43224213935663336,0.3541455144973035,0.4280535047258246,0.3540619117836232
7895,2025-10-28 15:00:00,2025-10-27/2025-11-02,0.3612069493862159,0.37243191278586424,0.3521442483031705,0.36875489317958565
7900,2025-10-28 15:32:00,2025-10-27/2025-11-02,0.4691607740368097,0.47005534869270255,0.4685792887541683,0.47091191296159457
7901,2025-10-28 15:34:00,2025-10-27/2025-11-02,0.23955843746453323,0.24293310071654461,0.23954986618772264,0.2438359140026863
7904,2025-10-28 16:02:00,2025-10-27/2025-11-02,0.4187967009397345,0.41928306029844037,0.413985522047986,0.41841761511106895
7912,2025-10-28 16:23:00,2025-10-27/2025-11-02,0.4594121222689062,0.4727385386042132,0.4564798898508453,0.47151700153843706
7921,2025-10-28 16:38:00,2025-10-27/2025-11-02,0.36137467559269465,0.3765913063682671,0.3764630779890653,0.39178645746346463
7922,2025-10-28 16:39:00,2025-10-27/2025-11-02,0.31165940563769656,0.3245491750791799,0.31045115982046034,0.32429361768915643
7925,2025-10-28 16:50:00,2025-10-27/2025-11-02,0.4575057260419467,0.4379787992977022,0.4610508246597802,0.43998295481135447
7927,2025-10-28 16:53:00,2025-10-27/2025-11-02,0.47198984756114387,0.4824786698703386,0.4693406621135003,0.48185578970487597
7933,2025-10-28 18:00:00,2025-10-27/2025-11-02,0.2823475356158578,0.28532577035725754,0.28318238737577744,0.28660209215415056
7936,2025-10-28 18:03:00,2025-10-27/2025-11-02,0.4258284345014584,0.43138984237953965,0.4237728176252117,0.43125926488357513
7941,2025-10-28 18:13:00,2025-10-27/2025-11-02,0.48413962953050116,0.49244836833100764,0.4806604771409341,0.4930841013968763
7952,2025-10-28 18:23:00,2025-10-27/2025-11-02,0.3879657753425432,0.42808445253839383,0.39742612701278485,0.4344533627154379
7953,2025-10-28 18:24:00,2025-10-27/2025-11-02,0.4397180904886324,0.44753346893084817,0.44464351831511534,0.45214695148641293
7957,2025-10-28 18:27:00,2025-10-27/2025-11-02,0.3387867888831447,0.3496914238530162,0.33655307003757357,0.3487665824502205
7964,2025-10-28 18:33:00,2025-10-27/2025-11-02,0.553313849295571,0.5670685813829842,0.5533054351826968,0.5667655940796831
7966,2025-10-28 18:34:00,2025-10-27/2025-11-02,0.4766518615102248,0.4980453188952983,0.4714463043830483,0.4943874230210223
7967,2025-10-28 18:35:00,2025-10-27/2025-11-02,0.28662231861040116,0.30032662076881045,0.2823189404028864,0.2980719275210214
7968,2025-10-28 18:36:00,2025-10-27/2025-11-02,0.37475215371901344,0.3832241845295627,0.36853136586919655,0.3814367002730873
7969,2025-10-28 18:37:00,2025-10-27/2025-11-02,0.5404571508294792,0.5511082528309388,0.5384562891950161,0.5508731686898689
7970,2025-10-28 18:43:00,2025-10-27/2025-11-02,0.44983248257461106,0.4600920590931177,0.44832082207704493,0.4602311095374136
7972,2025-10-28 18:45:00,2025-10-27/2025-11-02,0.2955852899098594,0.3075342628253196,0.29192521652269765,0.3061912980460822
7979,2025-10-28 19:05:00,2025-10-27/2025-11-02,0.5167233669700645,0.5265926542011504,0.5114427379808497,0.5242863392931345
7981,2025-10-28 19:41:00,2025-10-27/2025-11-02,0.43078927621210833,0.4436702652670546,0.4252635906079227,0.4427125593281254
7983,2025-10-28 20:04:00,2025-10-27/2025-11-02,0.38274049777603086,0.3658080725763151,0.3927745902874833,0.37353046627996067
7990,2025-10-28 21:53:00,2025-10-27/2025-11-02,0.20846356600864602,0.21080910961207375,0.20686580445253555,0.21030108069018058
7991,2025-10-28 22:02:00,2025-10-27/2025-11-02,0.4278823267539679,0.4618095678490468,0.43224907756380293,0.4648941801364926
7992,2025-10-28 22:07:00,2025-10-27/2025-11-02,0.26761643527622103,0.27131210648691245,0.2703437209842218,0.27417491719225356
7999,2025-10-29 01:14:00,2025-10-27/2025-11-02,0.4829627267325599,0.47677461345442435,0.47941054069928174,0.4746286204172556
8000,2025-10-29 01:43:00,2025-10-27/2025-11-02,0.35250832709845104,0.3546821178179775,0.3507711401040941,0.35343007091278106
8001,2025-10-29 01:49:00,2025-10-27/2025-11-02,0.4602412529416196,0.45188579779683224,0.45900647012337653,0.4515320696068997
8007,2025-10-29 04:01:00,2025-10-27/2025-11-02,0.438312539362523,0.4752680096915794,0.44287011376605967,0.4792143684188496
8008,2025-10-29 04:03:00,2025-10-27/2025-11-02,0.33037500891152377,0.32870629866799195,0.33862223058451185,0.334629747666273
8009,2025-10-29 04:04:00,2025-10-27/2025-11-02,0.5276793914543441,0.5332892528744865,0.5260668805823201,0.5322116936457416
8010,2025-10-29 04:04:00,2025-10-27/2025-11-02,0.4597746660652822,0.4628286458586773,0.455296364087714,0.4610800393801591
8015,2025-10-29 04:08:00,2025-10-27/2025-11-02,0.49439865088563534,0.501988587538448,0.4981393929998821,0.5053040358207369
8016,2025-10-29 04:09:00,2025-10-27/2025-11-02,0.5327994752674942,0.5350752420459356,0.527454666127055,0.5309479127296456
8024,2025-10-29 04:14:00,2025-10-27/2025-11-02,0.5083377618981879,0.5149321935501517,0.5086334694216862,0.5157697338350731
8025,2025-10-29 04:15:00,2025-10-27/2025-11-02,0.4813262012710719,0.4572261525194883,0.4964217784274038,0.46704227849372937
8027,2025-10-29 04:20:00,2025-10-27/2025-11-02,0.5750096585351472,0.5698714750288569,0.5732089784998438,0.5682607399370897
8034,2025-10-29 05:08:00,2025-10-27/2025-11-02,0.5149775185615478,0.5120762346014707,0.5205838009677052,0.5158173553508134
8035,2025-10-29 05:13:00,2025-10-27/2025-11-02,0.5445044929058357,0.5511373536867382,0.5402465713335043,0.5475067170974106
8037,2025-10-29 05:36:00,2025-10-27/2025-11-02,0.5542617340719693,0.5573172661318351,0.5563664770287603,0.5576369373225241
8038,2025-10-29 05:46:00,2025-10-27/2025-11-02,0.5047220753001352,0.5178318561892359,0.5023773443408099,0.5141066942044398
8039,2025-10-29 06:01:00,2025-10-27/2025-11-02,0.5876531878413637,0.5899681709465401,0.5956220306548955,0.5965087616363158
8041,2025-10-29 06:03:00,2025-10-27/2025-11-02,0.3357006558246703,0.33525253157566753,0.3427633847322469,0.34051941922719436
8044,2025-10-29 06:10:00,2025-10-27/2025-11-02,0.46730412664398013,0.4710534047976976,0.46406750989891965,0.4717703934239384
8045,2025-10-29 06:13:00,2025-10-27/2025-11-02,0.5082313319188075,0.38931174101708743,0.5184446327193121,0.39740887558540694
8048,2025-10-29 06:51:00,2025-10-27/2025-11-02,0.4854246165571109,0.4942623915975477,0.49004273988868136,0.4971602311948588
8052,2025-10-29 07:11:00,2025-10-27/2025-11-02,0.5487635164871224,0.5519784996301704,0.5482131637576312,0.5536769221462975
8053,2025-10-29 07:12:00,2025-10-27/2025-11-02,0.34017973939312474,0.3386381547086965,0.3428540929157975,0.34060504715073375
8054,2025-10-29 07:14:00,2025-10-27/2025-11-02,0.5166216780526006,0.5169765594966621,0.5136998056032448,0.5148730036931961
8073,2025-10-29 07:39:00,2025-10-27/2025-11-02,0.3642345076439691,0.37326080493488323,0.3655356004574313,0.3732551049854678
8074,2025-10-29 07:40:00,2025-10-27/2025-11-02,0.4416381176558925,0.4342946116943431,0.4403548987940126,0.4350178423045468
8075,2025-10-29 07:41:00,2025-10-27/2025-11-02,0.43320972205517017,0.4279764708837356,0.4403748855914476,0.4350373412069114
8076,2025-10-29 07:45:00,2025-10-27/2025-11-02,0.5127739251630968,0.5019392199996559,0.5098100891112651,0.5005855941369352
8097,2025-10-29 08:07:00,2025-10-27/2025-11-02,0.3451926114746391,0.34678170312152173,0.347597848174087,0.3483318213288192
8113,2025-10-31 09:07:00,2025-10-27/2025-11-02,0.25584556877774167,0.2567812364003635,0.25511593003526484,0.2567080147694003
8115,2025-10-31 09:09:00,2025-10-27/2025-11-02,0.4859555205174869,0.48835788208755476,0.4848735850755089,0.4866307334471845
8116,2025-10-31 09:10:00,2025-10-27/2025-11-02,0.3870233180644427,0.39639072896393496,0.3828343128516758,0.394530420988182
8119,2025-10-31 09:12:00,2025-10-27/2025-11-02,0.4307883895942254,0.4403362579155994,0.42919381426825104,0.4402077980153843
8123,2025-10-31 09:16:00,2025-10-27/2025-11-02,0.505518322012813,0.5183826994303004,0.5045884515193271,0.5172449178132722
8125,2025-10-31 09:19:00,2025-10-27/2025-11-02,0.34816004399669676,0.34928002990611273,0.34757321087015336,0.3499483588313523
8128,2025-10-31 09:33:00,2025-10-27/2025-11-02,0.26564224326789315,0.20256685674587394,0.2649153316562487,0.20257423168657648
8130,2025-10-31 09:34:00,2025-10-27/2025-11-02,0.1590852037696207,0.1854793273377279,0.16110578329282074,0.18354646093842003
8133,2025-10-31 09:40:00,2025-10-27/2025-11-02,0.2684818723918074,0.2767066136680094,0.2698086842828157,0.27815451214850745
8138,2025-10-31 09:44:00,2025-10-27/2025-11-02,0.27494558934215035,0.27581097620168654,0.2743942898675786,0.27556364729280697
8139,2025-10-31 09:45:00,2025-10-27/2025-11-02,0.3598693009046839,0.3599748186966911,0.35996742314314395,0.36231677065220613
8149,2025-10-31 09:53:00,2025-10-27/2025-11-02,0.5650494115828998,0.5816627738916,0.5713357528571689,0.5825288987616501
8155,2025-10-31 09:58:00,2025-10-27/2025-11-02,0.35210975028112446,0.3531307030804516,0.35152323283338616,0.35375297720626386
8163,2025-10-31 10:03:00,2025-10-27/2025-11-02,0.3601798082589725,0.3625972743607683,0.3614606343489411,0.3653237005179348
8175,2025-10-31 10:10:00,2025-10-27/2025-11-02,0.46344201238349636,0.4709734563240179,0.4644992037027263,0.4731848805457169
8177,2025-10-31 10:12:00,2025-10-27/2025-11-02,0.4769334589549494,0.479029818819663,0.4770793809109972,0.4803575839606025
8181,2025-10-31 10:17:00,2025-10-27/2025-11-02,0.4736948095759752,0.47959202609316093,0.4729889823732745,0.47878737356556555
8183,2025-10-31 10:18:00,2025-10-27/2025-11-02,0.45312294565972244,0.4600243040855023,0.45353152639350697,0.4612505433991253
8186,2025-10-31 10:21:00,2025-10-27/2025-11-02,0.4336655778591993,0.43521257866747814,0.4342100359175717,0.43578568394231054
8189,2025-10-31 10:25:00,2025-10-27/2025-11-02,0.2788826743769461,0.2869274622450795,0.2800842194425664,0.28782504281092985
8197,2025-10-31 10:31:00,2025-10-27/2025-11-02,0.2589052555133197,0.26015579215528006,0.25836106787803237,0.26011410749655517
8204,2025-10-31 10:39:00,2025-10-27/2025-11-02,0.40668336870257815,0.41050312306684666,0.40753609009269043,0.411936717862096
8208,2025-10-31 10:40:00,2025-10-27/2025-11-02,0.27438690798276605,0.2849714882937972,0.27247200491862805,0.2842797617762671
8210,2025-10-31 10:45:00,2025-10-27/2025-11-02,0.3043032664538636,0.3183774230704362,0.3030556695227622,0.3175624778116636
8211,2025-10-31 10:48:00,2025-10-27/2025-11-02,0.26718631225110656,0.2684301845200427,0.26659799874775103,0.2682713696765297
8214,2025-10-31 10:52:00,2025-10-27/2025-11-02,0.273533429652434,0.2744343864232373,0.2729823661035209,0.27420580937569716
8220,2025-10-31 11:03:00,2025-10-27/2025-11-02,0.492110311802826,0.4985235269667692,0.49376670016010943,0.4989403626064998
8222,2025-10-31 11:08:00,2025-10-27/2025-11-02,0.41765465455237427,0.4196081394961402,0.4181803620742416,0.4203745376164595
8223,2025-10-31 11:09:00,2025-10-27/2025-11-02,0.2586924897126264,0.25994809422183324,0.2581483809640268,0.2599091261914873
8225,2025-10-31 11:13:00,2025-10-27/2025-11-02,0.47809922350300493,0.4750064750244675,0.47769223059607807,0.4755659541585948
8228,2025-10-31 11:17:00,2025-10-27/2025-11-02,0.3994877268571262,0.4093429559635781,0.39544799198827635,0.40737936664020935
8229,2025-10-31 11:18:00,2025-10-27/2025-11-02,0.3502509901915046,0.35131885465553997,0.3496642376927473,0.3519629339975424
8231,2025-10-31 11:20:00,2025-10-27/2025-11-02,0.4512339529332289,0.49206170010632055,0.4484825963256274,0.48943208018619516
8232,2025-10-31 11:21:00,2025-10-27/2025-11-02,0.31000508958040085,0.3150639721205455,0.3103725273340807,0.3152570375069837
8234,2025-10-31 11:23:00,2025-10-27/2025-11-02,0.4899105995524042,0.5051575642417312,0.4889326178720762,0.5040890666090236
8239,2025-10-31 11:26:00,2025-10-27/2025-11-02,0.45704514768492704,0.47149788229734346,0.4564525801959055,0.47083333967930197
8242,2025-10-31 11:28:00,2025-10-27/2025-11-02,0.3581584396371958,0.36261569934991245,0.3584054024717609,0.36362515762814274
8245,2025-10-31 11:29:00,2025-10-27/2025-11-02,0.45218498413980973,0.45679371715989797,0.4519449255944428,0.4587123083528223
8252,2025-10-31 11:34:00,2025-10-27/2025-11-02,0.5170804310849859,0.40400010104802087,0.5182107440899478,0.40455954584333903
8253,2025-10-31 11:36:00,2025-10-27/2025-11-02,0.38723595561060126,0.39937827988392766,0.382574682369749,0.3985592268237982
8255,2025-10-31 11:38:00,2025-10-27/2025-11-02,0.28896083855932647,0.29573451870976397,0.2864360177713289,0.29420551101123354
8257,2025-10-31 11:39:00,2025-10-27/2025-11-02,0.28642584352765676,0.29336467390117543,0.28389908158142607,0.2918154149750529
8259,2025-10-31 11:43:00,2025-10-27/2025-11-02,0.5030332966432278,0.5152989771945646,0.5015473483581951,0.5151514450345249
8262,2025-10-31 11:52:00,2025-10-27/2025-11-02,0.44852699550549124,0.4487906034959218,0.44717979033014577,0.4501142212576626
8264,2025-10-31 12:07:00,2025-10-27/2025-11-02,0.2551998332663197,0.2616582023092007,0.25422622085873436,0.261308649819436
8265,2025-10-31 12:13:00,2025-10-27/2025-11-02,0.2664089837377744,0.27758171276039567,0.2632450233886333,0.2759011913979674
8266,2025-10-31 12:14:00,2025-10-27/2025-11-02,0.4831103644564022,0.49642637014587365,0.4841896695795874,0.4964966215449782
8267,2025-10-31 12:17:00,2025-10-27/2025-11-02,0.41270352201808375,0.42503870772715024,0.4118790002151383,0.4249376922358931
8268,2025-10-31 12:25:00,2025-10-27/2025-11-02,0.26717623906916765,0.2746928077645265,0.2684784014253207,0.2768522716524302
8272,2025-10-31 12:29:00,2025-10-27/2025-11-02,0.4244481362051026,0.4355884106971149,0.423486626443751,0.435279171554688
8273,2025-10-31 12:33:00,2025-10-27/2025-11-02,0.35515646533976314,0.28887746156472355,0.35521905777869067,0.28982096358471643
8277,2025-10-31 12:36:00,2025-10-27/2025-11-02,0.42209216441471525,0.31626800240312225,0.41916910789284406,0.3153527425803877
8278,2025-10-31 12:37:00,2025-10-27/2025-11-02,0.6836725963311178,0.7051616269069159,0.6828435630461644,0.7033907569192404
8280,2025-10-31 12:40:00,2025-10-27/2025-11-02,0.4549024413368705,0.4732626300195535,0.4532472145818588,0.47209781086001146
8283,2025-10-31 12:54:00,2025-10-27/2025-11-02,0.4536933714810369,0.4773659323750169,0.4518336786077896,0.47649112330208926
8285,2025-10-31 13:03:00,2025-10-27/2025-11-02,0.26792904856133704,0.27424412033522405,0.26693518619363693,0.2737209380785502
8287,2025-10-31 13:04:00,2025-10-27/2025-11-02,0.34736045873332966,0.3585930339724106,0.3470353151827468,0.3591129394105862
8289,2025-10-31 13:13:00,2025-10-27/2025-11-02,0.42272395926231365,0.4451456034537768,0.4197001140983684,0.44350204853179764
8290,2025-10-31 13:14:00,2025-10-27/2025-11-02,0.2646091318500986,0.27962401499508704,0.26210873144913965,0.2789578753084682
8292,2025-10-31 13:15:00,2025-10-27/2025-11-02,0.47087905204381353,0.47542651454456536,0.4695989543616107,0.476093594441132
8294,2025-10-31 13:19:00,2025-10-27/2025-11-02,0.33435541071856334,0.3432098606352606,0.33357850046719006,0.3438194789863011
8295,2025-10-31 13:23:00,2025-10-27/2025-11-02,0.2569303107182926,0.263369385560232,0.255954170950096,0.26299602599824956
8300,2025-10-31 13:36:00,2025-10-27/2025-11-02,0.48753853981231393,0.5032194515851419,0.48915612449527585,0.503447426847144
8301,2025-10-31 13:38:00,2025-10-27/2025-11-02,0.44263544712967573,0.4550817420954293,0.43948988515140053,0.45348821926380534
8303,2025-10-31 13:39:00,2025-10-27/2025-11-02,0.3431264750168414,0.3590882196232957,0.3441658227474937,0.361011960589814
8305,2025-10-31 13:47:00,2025-10-27/2025-11-02,0.43427904739606954,0.4557336841011487,0.43169332075077677,0.4543528706873515
8309,2025-10-31 13:56:00,2025-10-27/2025-11-02,0.19608149965522964,0.20401583645658214,0.19742182119958862,0.20530836391884283
8311,2025-10-31 14:13:00,2025-10-27/2025-11-02,0.47161986834245134,0.47614846039595426,0.4703401726508384,0.47680640611627073
8314,2025-10-31 14:16:00,2025-10-27/2025-11-02,0.38554478432433564,0.3991625364647791,0.3859443980457456,0.4007976317628289
8317,2025-10-31 14:24:00,2025-10-27/2025-11-02,0.2727865870835913,0.2886093830442244,0.27057659475936846,0.28721685932594154
8319,2025-10-31 14:32:00,2025-10-27/2025-11-02,0.37558832155752564,0.39208548023287,0.3735701841881116,0.3927541952144071
8322,2025-10-31 14:45:00,2025-10-27/2025-11-02,0.3721060967073982,0.38717715038041023,0.3704587204616529,0.387876455294116
8323,2025-10-31 14:47:00,2025-10-27/2025-11-02,0.38363765840659314,0.4041947970101472,0.3817453279981708,0.40433458107766584
8333,2025-10-31 15:12:00,2025-10-27/2025-11-02,0.4611628718925946,0.48022552273751734,0.46346955197152084,0.4814692129936477
8335,2025-10-31 15:18:00,2025-10-27/2025-11-02,0.44586394480964375,0.46421771534829387,0.4425214361184271,0.4622577727047344
8337,2025-10-31 15:21:00,2025-10-27/2025-11-02,0.2567802948797782,0.2632214296754987,0.25580425077032104,0.26285028925307363
8339,2025-10-31 15:24:00,2025-10-27/2025-11-02,0.411297717622617,0.4226946298842078,0.41033367170211227,0.4225518332584209
8341,2025-10-31 15:33:00,2025-10-27/2025-11-02,0.42862901492936567,0.43968375644007873,0.4276686707418105,0.4393214176718265
8342,2025-10-31 15:34:00,2025-10-27/2025-11-02,0.42863807667601844,0.43969253336564046,0.4276777675567121,0.439330039400253
8344,2025-10-31 15:35:00,2025-10-27/2025-11-02,0.33547689697596744,0.3460812780420301,0.3342233444187443,0.3459705843506422
8345,2025-10-31 15:36:00,2025-10-27/2025-11-02,0.3487624546386739,0.35596018761399223,0.34765977719162944,0.35620572429139336
8346,2025-10-31 15:37:00,2025-10-27/2025-11-02,0.402600471221054,0.4109973855668662,0.40152646439434303,0.4129878347321544
8348,2025-10-31 15:39:00,2025-10-27/2025-11-02,0.4235795683684361,0.44719929203461023,0.4206978427584508,0.4454061844617628
8350,2025-10-31 15:41:00,2025-10-27/2025-11-02,0.3779252985362378,0.39862156948175465,0.3764891462636145,0.3991109073209398
8352,2025-10-31 15:50:00,2025-10-27/2025-11-02,0.34892185208293675,0.3561167243061384,0.34781910796247845,0.35636026511620017
8356,2025-10-31 16:01:00,2025-10-27/2025-11-02,0.3960404634363507,0.4124099250259903,0.39146805575831006,0.41004118373093956
8357,2025-10-31 16:03:00,2025-10-27/2025-11-02,0.39141979758959944,0.3982546129088202,0.39084394819403234,0.39895131880972295
8362,2025-10-31 16:09:00,2025-10-27/2025-11-02,0.2843609754731115,0.2981111995732193,0.28169919863724735,0.2963178261667953
8364,2025-10-31 16:15:00,2025-10-27/2025-11-02,0.26624277503725474,0.27257799314487147,0.26525148784426167,0.27207801504775925
8367,2025-10-31 16:18:00,2025-10-27/2025-11-02,0.4436011574972465,0.4687609371879462,0.4423223268380853,0.46773882875410155
8525,2025-10-31 21:27:00,2025-10-27/2025-11-02,0.45291741266945146,0.47639571560127064,0.4499891665633596,0.4748827687815838
8527,2025-10-31 21:27:00,2025-10-27/2025-11-02,0.3075548482488772,0.32006078264442894,0.3042735180055507,0.3179299279235884
8528,2025-10-31 21:28:00,2025-10-27/2025-11-02,0.44526952112149937,0.4615488035833701,0.44200743201351694,0.45938122817831323
8530,2025-10-31 22:30:00,2025-10-27/2025-11-02,0.22303927134688092,0.22953983073901343,0.2241582226828577,0.23081967339591739
8534,2025-10-31 22:33:00,2025-10-27/2025-11-02,0.4705043024706801,0.4884139562094782,0.46693714952005877,0.48632858345637403
8539,2025-10-31 22:36:00,2025-10-27/2025-11-02,0.3940670473704642,0.40992070806432934,0.38748936699157654,0.40713795896348415
8546,2025-10-31 23:10:00,2025-10-27/2025-11-02,0.3946821387443054,0.41307580417050754,0.3960851451905057,0.4146168975483195
8553,2025-10-31 23:27:00,2025-10-27/2025-11-02,0.40263107159451234,0.41561723599067224,0.39879123816255163,0.4139511176589817
8554,2025-10-31 23:28:00,2025-10-27/2025-11-02,0.42754941030396315,0.4362775076938976,0.4272830967585058,0.43686317322751794
8556,2025-10-31 23:46:00,2025-10-27/2025-11-02,0.5340867000570534,0.5364169403796245,0.5329293018531684,0.5359452554490333
8561,2025-11-01 00:08:00,2025-10-27/2025-11-02,0.33179277208984087,0.3382829121202336,0.329882817284719,0.337592202080151
8564,2025-11-01 00:19:00,2025-10-27/2025-11-02,0.23022458510660118,0.24239131405729117,0.2264774363648557,0.2395705373042983
8567,2025-11-01 00:49:00,2025-10-27/2025-11-02,0.27654701392830233,0.2885647332700384,0.2730734390915151,0.28581203790369936
8568,2025-11-01 00:52:00,2025-10-27/2025-11-02,0.2587114214912869,0.26408642836872076,0.2570632327872607,0.26271309518821895
8569,2025-11-01 00:54:00,2025-10-27/2025-11-02,0.33549585521355174,0.3417054821311822,0.33362383957529457,0.340978543617493
8570,2025-11-01 00:55:00,2025-10-27/2025-11-02,0.41793561500488746,0.454250925869915,0.4170572859266047,0.4521396588787052
8571,2025-11-01 00:58:00,2025-10-27/2025-11-02,0.41799123004819316,0.435938517893422,0.4150705430539149,0.4339363452647841
8572,2025-11-01 01:00:00,2025-10-27/2025-11-02,0.25760192213623595,0.2629914297308176,0.2559575217517391,0.2616355731623429
8573,2025-11-01 01:01:00,2025-10-27/2025-11-02,0.2576405257657614,0.26303033513013174,0.25599572915438046,0.2616741975374015
8574,2025-11-01 01:03:00,2025-10-27/2025-11-02,0.25763937039618473,0.2630286084881441,0.25599477031378687,0.261672250758404
8576,2025-11-01 01:08:00,2025-10-27/2025-11-02,0.3313960324819233,0.3376776443484738,0.3295319846137916,0.33700630826065914
8577,2025-11-01 01:17:00,2025-10-27/2025-11-02,0.4714807620286502,0.4837432867690207,0.47167557644739727,0.48270040463396513
8578,2025-11-01 01:18:00,2025-10-27/2025-11-02,0.4140442274717099,0.4240769239422075,0.41223218029550873,0.42266985758270514
8581,2025-11-01 01:55:00,2025-10-27/2025-11-02,0.4134810154142494,0.4338190038834539,0.4094486953469547,0.43106037615347587
8583,2025-11-01 02:05:00,2025-10-27/2025-11-02,0.33508880576701944,0.34130508926758285,0.3332177525936983,0.3405834494401046
8585,2025-11-01 02:17:00,2025-10-27/2025-11-02,0.24390401810998036,0.24946364342502542,0.24230717261066362,0.24832338097477383
8588,2025-11-01 02:27:00,2025-10-27/2025-11-02,0.5607175879810319,0.5787311449061512,0.564722408858543,0.5775655451365475
8589,2025-11-01 02:39:00,2025-10-27/2025-11-02,0.42242185317435976,0.42946824973902303,0.4215446902382122,0.42849559754710487
8591,2025-11-01 02:54:00,2025-10-27/2025-11-02,0.3370240771036314,0.3432061538568686,0.3351492753781897,0.34245831461641457
8592,2025-11-01 02:58:00,2025-10-27/2025-11-02,0.3445246285265969,0.34986192092766866,0.34330468848194556,0.35079880301802385
8593,2025-11-01 02:59:00,2025-10-27/2025-11-02,0.24564713869462737,0.2812354092408615,0.2417409938986341,0.27695825240275046
8595,2025-11-01 03:05:00,2025-10-27/2025-11-02,0.4782549161810202,0.48047437383401825,0.47640768295740754,0.479316714270553
8596,2025-11-01 03:14:00,2025-10-27/2025-11-02,0.4194589791824875,0.4265702305635144,0.41858125847403715,0.42563590610864604
8598,2025-11-01 03:17:00,2025-10-27/2025-11-02,0.2803793345968942,0.2939170854956998,0.27735899996926155,0.29149781279600256
8599,2025-11-01 03:30:00,2025-10-27/2025-11-02,0.44144572668494686,0.4537605900447303,0.4405173210800139,0.45512960459826196
8600,2025-11-01 03:32:00,2025-10-27/2025-11-02,0.34469123849126676,0.35783227903992665,0.3402091633263853,0.35581803305801146
8601,2025-11-01 03:40:00,2025-10-27/2025-11-02,0.4910412766847715,0.502092999248284,0.49114280429600843,0.5015498093476742
8604,2025-11-01 04:06:00,2025-10-27/2025-11-02,0.28480966077776637,0.3019168703997433,0.282622966646031,0.30026337599979686
8605,2025-11-01 04:07:00,2025-10-27/2025-11-02,0.44414884146920836,0.461898334250602,0.4418184061781028,0.4598938065673656
8606,2025-11-01 04:08:00,2025-10-27/2025-11-02,0.472681138015671,0.49520949251590113,0.4708275830007186,0.49346487720596205
8607,2025-11-01 04:09:00,2025-10-27/2025-11-02,0.2744508749484232,0.28647029606580415,0.2709920015931466,0.2837561780257314
8609,2025-11-01 04:11:00,2025-10-27/2025-11-02,0.2733943471883549,0.2845463247630609,0.2698145545124551,0.2819111046488039
8610,2025-11-01 04:13:00,2025-10-27/2025-11-02,0.2562693539238108,0.2616766529116036,0.254629347371559,0.2603419946964339
8611,2025-11-01 04:14:00,2025-10-27/2025-11-02,0.4109173335290461,0.42881554854342224,0.40841664496844987,0.42732150539770697
8613,2025-11-01 04:16:00,2025-10-27/2025-11-02,0.40770141742041993,0.42036094765461124,0.40338146270288006,0.41729065201386306
8614,2025-11-01 04:18:00,2025-10-27/2025-11-02,0.41571647839470965,0.43223370086264007,0.4114008804222389,0.42950657642988777
8615,2025-11-01 04:20:00,2025-10-27/2025-11-02,0.25600117012852447,0.26834915761050204,0.2521757163889797,0.2653747684054489
8617,2025-11-01 04:21:00,2025-10-27/2025-11-02,0.4330238222670039,0.44923610849678913,0.42867510967350925,0.4462681373111541
8618,2025-11-01 04:22:00,2025-10-27/2025-11-02,0.4350215916160876,0.45193472026179105,0.43086112870087817,0.4490136847544243
8619,2025-11-01 04:23:00,2025-10-27/2025-11-02,0.41239306071857235,0.4062657682400829,0.4099037845131747,0.40499296690574466
8621,2025-11-01 04:24:00,2025-10-27/2025-11-02,0.43523625495860624,0.4521453497560578,0.4310754820123164,0.44922138609376294
8622,2025-11-01 04:25:00,2025-10-27/2025-11-02,0.43841450528737,0.458146106801728,0.43499792819724237,0.45560462815086517
8623,2025-11-01 04:26:00,2025-10-27/2025-11-02,0.4422500175473092,0.4619099211640237,0.4388301890083798,0.45931712588166695
8626,2025-11-01 04:27:00,2025-10-27/2025-11-02,0.5110385985862504,0.5297066637902118,0.5091529955277965,0.5284287305493592
8627,2025-11-01 04:28:00,2025-10-27/2025-11-02,0.4042171499665864,0.41988754690313185,0.3989675593236541,0.41625243720389316
8629,2025-11-01 04:29:00,2025-10-27/2025-11-02,0.402848751539854,0.4178143743162909,0.39741690545472197,0.4141278541768702
8631,2025-11-01 04:30:00,2025-10-27/2025-11-02,0.497157023969775,0.5193779157227764,0.49571723785362765,0.5170640877027693
8632,2025-11-01 04:31:00,2025-10-27/2025-11-02,0.4360805918124043,0.4564879790064541,0.4326029377662933,0.4536929802125471
8633,2025-11-01 04:32:00,2025-10-27/2025-11-02,0.41751768156498326,0.43526607721709226,0.41522607127652855,0.43429163209568894
8634,2025-11-01 04:33:00,2025-10-27/2025-11-02,0.4175301057806342,0.43527830204654355,0.4152384867846602,0.43430369397936996
8635,2025-11-01 04:35:00,2025-10-27/2025-11-02,0.5788281388340291,0.5925530337824452,0.5765336523517173,0.5939005644793429
8637,2025-11-01 04:43:00,2025-10-27/2025-11-02,0.4205972538283516,0.4276841312050546,0.4197195840269895,0.42673527253195714
8640,2025-11-01 04:45:00,2025-10-27/2025-11-02,0.4788977402226957,0.48870447752574236,0.47415763474785333,0.486625311044393
8643,2025-11-01 04:49:00,2025-10-27/2025-11-02,0.25289827442812024,0.2568230502678604,0.25406051102013133,0.259232264079161
8644,2025-11-01 04:56:00,2025-10-27/2025-11-02,0.4255184673607288,0.43681965578886556,0.42571568037028507,0.4365604737685192
8645,2025-11-01 04:57:00,2025-10-27/2025-11-02,0.25674843640901285,0.270773708103046,0.2566481315302416,0.2696793436970124
8648,2025-11-01 05:02:00,2025-10-27/2025-11-02,0.2608732066701005,0.26621879543911814,0.25921794886779015,0.26481105757600387
8649,2025-11-01 05:05:00,2025-10-27/2025-11-02,0.2609281439199647,0.2662736968183794,0.2592724713970557,0.2648653759689509
8651,2025-11-01 05:18:00,2025-10-27/2025-11-02,0.48727590163434314,0.5005411341609678,0.4862718704727403,0.498142377822849
8653,2025-11-01 05:25:00,2025-10-27/2025-11-02,0.284728338731315,0.30160720694913584,0.28238831051797453,0.2995564269811481
8655,2025-11-01 05:31:00,2025-10-27/2025-11-02,0.44955778591884665,0.46977632373057865,0.44795816394426063,0.46845653488281874
8656,2025-11-01 05:32:00,2025-10-27/2025-11-02,0.2785556533157691,0.29248663038783773,0.275507330581204,0.28992037730706954
8657,2025-11-01 05:34:00,2025-10-27/2025-11-02,0.3028090244034925,0.3174640230964478,0.30193653529481984,0.3163039609666409
8659,2025-11-01 05:36:00,2025-10-27/2025-11-02,0.5948156457005582,0.624296979725623,0.597847808961481,0.6224506866644929
8662,2025-11-01 05:42:00,2025-10-27/2025-11-02,0.2777125174986113,0.29398300204692146,0.2752613129883188,0.29188305240490897
8665,2025-11-01 05:43:00,2025-10-27/2025-11-02,0.40257820068615685,0.42056179634745944,0.4019563399310995,0.4175538702576128
8666,2025-11-01 05:44:00,2025-10-27/2025-11-02,0.4407831006403318,0.4601239728676164,0.43715948429082335,0.457205889534081
8668,2025-11-01 05:46:00,2025-10-27/2025-11-02,0.4810944157314001,0.5001564634980601,0.482911575996099,0.49990275846634247
8669,2025-11-01 05:49:00,2025-10-27/2025-11-02,0.2528144855881393,0.26328369102912597,0.24863275286705702,0.26012317326986567
8675,2025-11-01 06:06:00,2025-10-27/2025-11-02,0.4469778264240507,0.4637750384484625,0.4449802710781739,0.4623367358379927
8676,2025-11-01 06:08:00,2025-10-27/2025-11-02,0.2848666544492426,0.30015845325463114,0.2826830939437587,0.2985682582528766
8677,2025-11-01 06:10:00,2025-10-27/2025-11-02,0.4531215076728934,0.47938670147957346,0.4519888032612192,0.4790373085184742
8681,2025-11-01 06:13:00,2025-10-27/2025-11-02,0.28294459684803025,0.29145813504660417,0.28228970949510557,0.29139323054917393
8682,2025-11-01 06:14:00,2025-10-27/2025-11-02,0.42832817026689046,0.4477419389784166,0.425186508354379,0.4458501213836118
8687,2025-11-01 06:20:00,2025-10-27/2025-11-02,0.28962808059492057,0.3127584011974368,0.28801250042775894,0.31263963698761843
8690,2025-11-01 06:31:00,2025-10-27/2025-11-02,0.2823786710351896,0.2979271092783744,0.2801786102079417,0.2962559487624865
8692,2025-11-01 06:35:00,2025-10-27/2025-11-02,0.4075893840965221,0.42363224424580576,0.40299225609344685,0.42093467375176274
8696,2025-11-01 06:42:00,2025-10-27/2025-11-02,0.2517533138721933,0.2619365787301228,0.2515973156523781,0.2618287639174169
8698,2025-11-01 06:46:00,2025-10-27/2025-11-02,0.43982057925052465,0.458130655502694,0.4364926146598972,0.4560824580846257
8699,2025-11-01 06:56:00,2025-10-27/2025-11-02,0.4179781445605143,0.42997554600362775,0.41719910585451747,0.42958696992930717
8700,2025-11-01 07:01:00,2025-10-27/2025-11-02,0.4499508945480408,0.4557576590162772,0.4488493957552152,0.4565174240531115
8702,2025-11-01 07:03:00,2025-10-27/2025-11-02,0.2624612539028671,0.2694248093312344,0.26162208309582824,0.2688465319870818
8703,2025-11-01 07:06:00,2025-10-27/2025-11-02,0.5405559353426342,0.5551285356265113,0.5359802490608213,0.5547867379233717
8708,2025-11-01 07:12:00,2025-10-27/2025-11-02,0.28218167709234376,0.29041487158832374,0.2813585778448564,0.2900734705261332
8710,2025-11-01 07:13:00,2025-10-27/2025-11-02,0.46334889042747174,0.47873245163716555,0.4580679060108157,0.4785474113307433
8711,2025-11-01 07:13:00,2025-10-27/2025-11-02,0.4846905175684113,0.5050011472628438,0.4873802220164956,0.5057212040601441
8712,2025-11-01 07:20:00,2025-10-27/2025-11-02,0.26727245929731275,0.2815770016774954,0.2648448815211389,0.2799251006516348
8714,2025-11-01 07:22:00,2025-10-27/2025-11-02,0.26384262428819655,0.2707922095404798,0.26300178039526884,0.27019460441586773
8717,2025-11-01 07:39:00,2025-10-27/2025-11-02,0.4290869836428833,0.4380362415833311,0.42925449101659585,0.43805337686028123
8720,2025-11-01 07:45:00,2025-10-27/2025-11-02,0.2604667105527087,0.2674489977777545,0.25963031621613386,0.2668981501255868
8726,2025-11-01 07:51:00,2025-10-27/2025-11-02,0.3440020280855929,0.35195910367042293,0.34307285185205166,0.35211306761515004
8727,2025-11-01 07:53:00,2025-10-27/2025-11-02,0.5561608968968145,0.576376010663967,0.5612197695616806,0.5763340713100114
8728,2025-11-01 07:57:00,2025-10-27/2025-11-02,0.42946638100057616,0.43840642389261764,0.4296345721785794,0.43841841577841106
8730,2025-11-01 07:58:00,2025-10-27/2025-11-02,0.25131273046082786,0.258380740810883,0.25048742547567066,0.25795737175203987
8733,2025-11-01 08:02:00,2025-10-27/2025-11-02,0.26501152005859624,0.2791177960560346,0.2655066739956574,0.27878031777613566
8734,2025-11-01 08:04:00,2025-10-27/2025-11-02,0.4169152409625994,0.4365521030515823,0.41320609214094584,0.43414549078611325
8739,2025-11-01 08:17:00,2025-10-27/2025-11-02,0.48573455629815376,0.5015126855906682,0.4856223235216711,0.5011122691523129
8740,2025-11-01 08:19:00,2025-10-27/2025-11-02,0.2695405040264394,0.28238753830880386,0.26682143052834806,0.2806967332989055
8741,2025-11-01 08:21:00,2025-10-27/2025-11-02,0.5400849765590706,0.5604176870678657,0.5418022729197485,0.5605195498549271
8742,2025-11-01 08:22:00,2025-10-27/2025-11-02,0.43130729591759126,0.4402077404669258,0.43147704418083416,0.4401969394034372
8743,2025-11-01 08:23:00,2025-10-27/2025-11-02,0.3614071225653706,0.37146989967510746,0.3586047551236779,0.3714116248157733
8744,2025-11-01 08:24:00,2025-10-27/2025-11-02,0.39927298719666393,0.4066598990706118,0.39888164096714646,0.4071032947682027
8747,2025-11-01 08:27:00,2025-10-27/2025-11-02,0.42093519561573467,0.43287450906070984,0.42015748466365305,0.43244777655222705
8748,2025-11-01 08:34:00,2025-10-27/2025-11-02,0.28047435839047113,0.29209757841285633,0.27738318081100166,0.29010630706753493
8753,2025-11-01 08:41:00,2025-10-27/2025-11-02,0.34423338074608084,0.35218675685512457,0.34330410221613944,0.35233785597599515
8754,2025-11-01 08:42:00,2025-10-27/2025-11-02,0.3456798246648929,0.34974311196968033,0.345266038504816,0.35114637954238676
8755,2025-11-01 08:43:00,2025-10-27/2025-11-02,0.46997930427401124,0.47529017342447344,0.4688873947982108,0.47580397788379514
8757,2025-11-01 08:44:00,2025-10-27/2025-11-02,0.34785334154287983,0.3629235315526396,0.3458847053369918,0.3638141326782284
8759,2025-11-01 08:46:00,2025-10-27/2025-11-02,0.3641204990304635,0.3789528180405555,0.3677676473491323,0.381208434168715
8760,2025-11-01 08:47:00,2025-10-27/2025-11-02,0.46039615820418306,0.47696081468573664,0.46142577564137016,0.4787989033382429
8763,2025-11-01 08:55:00,2025-10-27/2025-11-02,0.36782342607758733,0.2688057706514816,0.36543602180976,0.26881900185246294
8764,2025-11-01 08:57:00,2025-10-27/2025-11-02,0.4793648511769982,0.49351829992615764,0.4806291916979266,0.4934707822227483
8765,2025-11-01 08:58:00,2025-10-27/2025-11-02,0.3050211798611746,0.3130470024062218,0.30430737222772114,0.3124014684599506
8766,2025-11-01 08:59:00,2025-10-27/2025-11-02,0.44680365948896106,0.4746946552051761,0.4455972245321054,0.4734697220666115
8769,2025-11-01 09:05:00,2025-10-27/2025-11-02,0.3441784964099743,0.35213316005482026,0.343249106868613,0.3522851073342084
8771,2025-11-01 09:07:00,2025-10-27/2025-11-02,0.49420481469883876,0.5197352708762246,0.4939545239725697,0.5185409037779769
8775,2025-11-01 09:10:00,2025-10-27/2025-11-02,0.42853338847208616,0.4374946059167052,0.42870038518897186,0.4375186425218068
8782,2025-11-01 09:20:00,2025-10-27/2025-11-02,0.5102072015207988,0.5086891009046486,0.5041630308014364,0.5086545421742465
8790,2025-11-01 09:36:00,2025-10-27/2025-11-02,0.34692913883495974,0.3548378818911399,0.3459990754512992,0.35495507735255033
8792,2025-11-01 09:43:00,2025-10-27/2025-11-02,0.4985364539468451,0.5189973199283731,0.4972213255476596,0.5173237533972728
8793,2025-11-01 09:44:00,2025-10-27/2025-11-02,0.3449081366752283,0.35284915629068203,0.3439790697988417,0.3529912635171377
8795,2025-11-01 09:47:00,2025-10-27/2025-11-02,0.4567546005348088,0.48110677185736145,0.4550831155519689,0.4800286764155756
8796,2025-11-01 09:53:00,2025-10-27/2025-11-02,0.276097819727112,0.2912507666585963,0.27354936611176295,0.2901148755763423
8798,2025-11-01 09:55:00,2025-10-27/2025-11-02,0.25824700239516263,0.2652515953237394,0.2574130626985267,0.2647320264153012
8810,2025-11-01 10:06:00,2025-10-27/2025-11-02,0.3615076404069117,0.375537481340464,0.3581798627917599,0.37416955306663807
8811,2025-11-01 10:13:00,2025-10-27/2025-11-02,0.19987622608420194,0.2070647237548091,0.2011532405226028,0.20817092749508467
8812,2025-11-01 10:14:00,2025-10-27/2025-11-02,0.46613452273899714,0.4715414204242997,0.4650407303429394,0.4721023639075934
8815,2025-11-01 10:18:00,2025-10-27/2025-11-02,0.426828675295647,0.43865144958103514,0.42605309556351884,0.4381494864476802
8816,2025-11-01 10:19:00,2025-10-27/2025-11-02,0.39776630189249024,0.383449335079915,0.39408086949563276,0.3797431165375724
8817,2025-11-01 10:21:00,2025-10-27/2025-11-02,0.4893353218023343,0.49335116689146985,0.4885579366874133,0.4931489485165324
8821,2025-11-01 10:24:00,2025-10-27/2025-11-02,0.26579784516041016,0.2746978695656735,0.2653710638814169,0.2742394719604125
8823,2025-11-01 10:26:00,2025-10-27/2025-11-02,0.4265836601734844,0.43841186565923024,0.4258078174218601,0.43791324095208845
8824,2025-11-01 10:29:00,2025-10-27/2025-11-02,0.42800747673713047,0.4369797458117347,0.42817408314688354,0.4370102196440593
8846,2025-11-01 10:49:00,2025-10-27/2025-11-02,0.2694891776936104,0.27637801841608917,0.2686420447861962,0.27570057896632616
8872,2025-11-01 11:09:00,2025-10-27/2025-11-02,0.2678850800335395,0.274791514992774,0.2670397269939498,0.2741367854267819
8875,2025-11-01 11:13:00,2025-10-27/2025-11-02,0.4883267699289533,0.4998756300443112,0.4811921604857671,0.49828180642705067
8876,2025-11-01 11:15:00,2025-10-27/2025-11-02,0.48227573322655515,0.496356001035017,0.48354314284840016,0.49627213888301064
8877,2025-11-01 11:17:00,2025-10-27/2025-11-02,0.40962853642265873,0.4217810429738355,0.4088472749218749,0.42149859062420725
8883,2025-11-01 11:27:00,2025-10-27/2025-11-02,0.47244964009471685,0.47769771822455653,0.4713592527213829,0.47818089228605737
8885,2025-11-01 11:31:00,2025-10-27/2025-11-02,0.35436749846584287,0.373757736146114,0.3517752233904845,0.3731904088669863
8886,2025-11-01 11:33:00,2025-10-27/2025-11-02,0.39901842181030883,0.40641067424850424,0.39862691100866565,0.4068572126067153
8898,2025-11-01 11:44:00,2025-10-27/2025-11-02,0.42716141342257125,0.43897768610759696,0.4263858979152026,0.4384715525861664
8899,2025-11-01 11:45:00,2025-10-27/2025-11-02,0.2694567031181882,0.2763461224407386,0.26860953401401594,0.2756692328724332
8900,2025-11-01 11:46:00,2025-10-27/2025-11-02,0.48265152717769727,0.4967217170896142,0.4839195143992311,0.49663293287463306
8901,2025-11-01 11:47:00,2025-10-27/2025-11-02,0.3943476237355446,0.402037093452783,0.39063973545574465,0.399125423712918
8902,2025-11-01 11:48:00,2025-10-27/2025-11-02,0.28931669662749404,0.3077037680575,0.28765887099061477,0.3062052569628976
8909,2025-11-01 11:58:00,2025-10-27/2025-11-02,0.42987073885687305,0.4510309573421303,0.4289618787700984,0.45118409632435824
8911,2025-11-01 12:04:00,2025-10-27/2025-11-02,0.2622100534753724,0.27445661218160117,0.2609325386517259,0.2735098315554811
8912,2025-11-01 12:06:00,2025-10-27/2025-11-02,0.26460275109455966,0.27685349612352855,0.2633198921424603,0.27587077711283964
8913,2025-11-01 12:08:00,2025-10-27/2025-11-02,0.30796293742851794,0.3287813071323509,0.3072198775868538,0.3279730838697172
8915,2025-11-01 12:10:00,2025-10-27/2025-11-02,0.4793743575354566,0.5001966049153258,0.48007135342745366,0.49968983077482193
8921,2025-11-01 12:21:00,2025-10-27/2025-11-02,0.4041947752966114,0.42294290384873057,0.4028648495310236,0.4222810665444794
8943,2025-11-01 12:37:00,2025-10-27/2025-11-02,0.4211256288514933,0.4396233050800196,0.41979398086607495,0.43874075067634943
8947,2025-11-01 12:40:00,2025-10-27/2025-11-02,0.31012635083986734,0.32914709397896724,0.3091200163117291,0.3283163624596891
8961,2025-11-01 12:51:00,2025-10-27/2025-11-02,0.4071835153679878,0.42378403275268633,0.40525466498505347,0.42291656468994054
8967,2025-11-01 12:58:00,2025-10-27/2025-11-02,0.3863569100607033,0.407626546330125,0.38526765945885616,0.4076740999484623
8972,2025-11-01 13:01:00,2025-10-27/2025-11-02,0.25163767950674587,0.26385130682720925,0.25038527099211133,0.2630615726184057
8979,2025-11-01 13:06:00,2025-10-27/2025-11-02,0.5003216550027034,0.531814940501857,0.4986936624927698,0.532553487160931
8988,2025-11-01 13:12:00,2025-10-27/2025-11-02,0.3519218046521736,0.3405983408877324,0.34935175564224547,0.3395055359280021
8994,2025-11-01 13:18:00,2025-10-27/2025-11-02,0.2635345559485447,0.27578360386204054,0.2622540593855015,0.2748169565307731
9000,2025-11-01 13:22:00,2025-10-27/2025-11-02,0.25704406820506287,0.27704868789235654,0.2575642380672754,0.2774433110716842
9019,2025-11-01 13:37:00,2025-10-27/2025-11-02,0.34860598971278167,0.3681713916114296,0.3484780040901716,0.3687520601691106
9023,2025-11-01 13:43:00,2025-10-27/2025-11-02,0.2789518616083866,0.2690440706824566,0.2758704572079567,0.26563959087012246
9026,2025-11-01 13:48:00,2025-10-27/2025-11-02,0.4485539311744038,0.47681984251044296,0.44561951317885556,0.47477222059576396
9029,2025-11-01 13:54:00,2025-10-27/2025-11-02,0.2629897558557853,0.2752375163775446,0.2617105807721905,0.27427892031568984
9032,2025-11-01 14:01:00,2025-10-27/2025-11-02,0.4832246832885026,0.5052221128204522,0.4833164348903596,0.5051522828453276
9035,2025-11-01 14:09:00,2025-10-27/2025-11-02,0.45269718412414,0.4780197359591984,0.4507138769962935,0.476473743490921
9036,2025-11-01 14:12:00,2025-10-27/2025-11-02,0.2643845235216855,0.28573351204719794,0.26147757520205683,0.2836767250247513
9038,2025-11-01 14:14:00,2025-10-27/2025-11-02,0.5028849470159603,0.5349189146999885,0.5049189235303024,0.5355178699142562
9040,2025-11-01 14:16:00,2025-10-27/2025-11-02,0.2647117140069599,0.27696290654972866,0.2634285222893572,0.27597866397702736
9042,2025-11-01 14:20:00,2025-10-27/2025-11-02,0.5779180686063595,0.6107433335977089,0.5841537632145557,0.6112001966492188
9043,2025-11-01 14:24:00,2025-10-27/2025-11-02,0.425740883527756,0.4413293111333636,0.42534951363044976,0.44093571531595205
9044,2025-11-01 14:25:00,2025-10-27/2025-11-02,0.3399168583805104,0.3549184365338506,0.3386093823600491,0.3547599395212551
9045,2025-11-01 14:26:00,2025-10-27/2025-11-02,0.4293533535485148,0.4485649504326397,0.42986751644214466,0.4486834162249855
9056,2025-11-01 14:52:00,2025-10-27/2025-11-02,0.3427096311008973,0.3529034063414478,0.3417834593091966,0.35392991135390134
9058,2025-11-01 15:03:00,2025-10-27/2025-11-02,0.479419823487732,0.4942779762328306,0.4772756299070537,0.49380683955356636
9061,2025-11-01 15:15:00,2025-10-27/2025-11-02,0.3403359951277315,0.3621521322205182,0.33626269931304875,0.36050487894284183
9062,2025-11-01 15:17:00,2025-10-27/2025-11-02,0.3540506607191427,0.37550277536104554,0.3546303052512484,0.3770543960587433
9063,2025-11-01 15:18:00,2025-10-27/2025-11-02,0.2806953941050204,0.31367451290265974,0.2799225091824051,0.313579220101432
9065,2025-11-01 15:22:00,2025-10-27/2025-11-02,0.24778238405646236,0.2599780218448742,0.24653974038194632,0.25924479256035
9066,2025-11-01 15:33:00,2025-10-27/2025-11-02,0.26431134291192954,0.2765623794430094,0.2630288892046005,0.27558434591338443
9067,2025-11-01 15:34:00,2025-10-27/2025-11-02,0.2643104266109165,0.27656143525733495,0.26302798349987916,0.2755834047151104
9069,2025-11-01 15:36:00,2025-10-27/2025-11-02,0.29693758649661534,0.3115724081182338,0.29884872719217276,0.31438802318656617
9070,2025-11-01 15:38:00,2025-10-27/2025-11-02,0.4668853457786164,0.4789275567575801,0.4652261843119366,0.47902191805176975
9072,2025-11-01 15:47:00,2025-10-27/2025-11-02,0.44658776375338266,0.4725033132148622,0.44455647488818884,0.47082141688629014
9073,2025-11-01 15:52:00,2025-10-27/2025-11-02,0.37665021399856,0.3952908436834825,0.3764887354770573,0.39570402080117056
9074,2025-11-01 15:54:00,2025-10-27/2025-11-02,0.2502707793703793,0.26247882152387025,0.24902165931603024,0.2617093425479158
9080,2025-11-01 16:14:00,2025-10-27/2025-11-02,0.25260093817326285,0.26481785227415494,0.25134636804082283,0.2640136467821195
9081,2025-11-01 16:17:00,2025-10-27/2025-11-02,0.26471916530202505,0.2769702978744551,0.26343598014588016,0.27598591417950274
9086,2025-11-01 16:24:00,2025-10-27/2025-11-02,0.32915046635636586,0.3444967247143089,0.3311638222371979,0.34616844337629255
9087,2025-11-01 16:26:00,2025-10-27/2025-11-02,0.3666701888478282,0.3744561567761908,0.36380459174517715,0.3747354213981507
9089,2025-11-01 16:29:00,2025-10-27/2025-11-02,0.5823088170853037,0.6140027365572477,0.5885710215466101,0.6149871364984697
9092,2025-11-01 16:35:00,2025-10-27/2025-11-02,0.30093069782158105,0.31473175159289685,0.2997413536374671,0.313740995483012
9093,2025-11-01 16:43:00,2025-10-27/2025-11-02,0.421583734805024,0.44007423767133874,0.420252000477205,0.4391858252362495
9097,2025-11-01 16:50:00,2025-10-27/2025-11-02,0.2821061480394343,0.31330291599810317,0.2810686386426194,0.3133048862946993
9098,2025-11-01 16:53:00,2025-10-27/2025-11-02,0.4891624096200099,0.5098574070376323,0.4854881586857193,0.5084418057251322
9100,2025-11-01 16:55:00,2025-10-27/2025-11-02,0.2580343374293481,0.281800925317216,0.25783231611478685,0.2800543808689843
9104,2025-11-01 17:03:00,2025-10-27/2025-11-02,0.40036446154711935,0.4281079986389285,0.39870422186145577,0.4278402461071414
9106,2025-11-01 17:08:00,2025-10-27/2025-11-02,0.3465134148345512,0.3598396618265199,0.3457402580433595,0.3613501184271931
9107,2025-11-01 17:11:00,2025-10-27/2025-11-02,0.26153325587743165,0.27978072529524795,0.26182365828340454,0.28028547879157206
9108,2025-11-01 17:15:00,2025-10-27/2025-11-02,0.2628807066475233,0.2751276849025962,0.2616019642985561,0.2741704884689823
9109,2025-11-01 17:21:00,2025-10-27/2025-11-02,0.47748138017340647,0.4981468047060101,0.4763706320359917,0.4958067690432477
9111,2025-11-01 17:26:00,2025-10-27/2025-11-02,0.2727687402163253,0.2950718686803359,0.27043895792999323,0.29332610667534986
9112,2025-11-01 17:31:00,2025-10-27/2025-11-02,0.447348857904796,0.47579579163853924,0.44439898659015714,0.47369228539221375
9113,2025-11-01 17:34:00,2025-10-27/2025-11-02,0.42147310484744244,0.4399654512987518,0.42014135540688785,0.4390784978885785
9115,2025-11-01 17:41:00,2025-10-27/2025-11-02,0.42155998739209394,0.4400509101561168,0.42022824187774305,0.43916282075784
9116,2025-11-01 17:45:00,2025-10-27/2025-11-02,0.2649877747285151,0.2772390387813025,0.2637040816127876,0.27625050593302325
9117,2025-11-01 17:48:00,2025-10-27/2025-11-02,0.32630665219699667,0.3369121008280703,0.3253442569277257,0.3381078896009459
9118,2025-11-01 17:49:00,2025-10-27/2025-11-02,0.2045197454860265,0.21730046798560554,0.2059629781833228,0.21901090645702567
9125,2025-11-01 18:09:00,2025-10-27/2025-11-02,0.31203031446677004,0.33464340389956776,0.3091620554196979,0.33222577190712954
9127,2025-11-01 18:34:00,2025-10-27/2025-11-02,0.30302918062259143,0.32509766367548043,0.3000384059485261,0.32258943124790956
9132,2025-11-01 18:50:00,2025-10-27/2025-11-02,0.36984110273929743,0.37987618258835254,0.36868826472850763,0.3807022560340457
9134,2025-11-01 19:08:00,2025-10-27/2025-11-02,0.4982329644615096,0.526611928789759,0.49276216806180445,0.5260582862035545
9136,2025-11-01 19:24:00,2025-10-27/2025-11-02,0.43609207271218614,0.4621669869081995,0.4335719683239933,0.4609222184168782
9137,2025-11-01 19:43:00,2025-10-27/2025-11-02,0.2836905042087344,0.30249091583943866,0.28023494069722327,0.3002010921125343
9138,2025-11-01 19:57:00,2025-10-27/2025-11-02,0.43112089981894197,0.4446407227930781,0.42996096391891414,0.44435818737817284
9142,2025-11-01 20:03:00,2025-10-27/2025-11-02,0.47149892661067305,0.4827887365309716,0.469630904067487,0.4819949983889364
9144,2025-11-01 20:25:00,2025-10-27/2025-11-02,0.2787750898519979,0.29768807279663245,0.27486169305878627,0.2948570005561591
9148,2025-11-01 20:42:00,2025-10-27/2025-11-02,0.46350411479649517,0.4885275174416916,0.46545697101032385,0.4897907200091542
9149,2025-11-01 20:47:00,2025-10-27/2025-11-02,0.40316880644718567,0.4304146938451008,0.397677725713003,0.42870679927368255
9150,2025-11-01 20:49:00,2025-10-27/2025-11-02,0.5100720103548064,0.4989265142345477,0.511418850099894,0.4967830453094121
9153,2025-11-01 21:35:00,2025-10-27/2025-11-02,0.48474947895471043,0.5035284015685595,0.4835315987053544,0.5042959052617978
9155,2025-11-01 21:50:00,2025-10-27/2025-11-02,0.2982256240601461,0.316623481713844,0.29840158198749067,0.3170764032779004
9158,2025-11-01 22:15:00,2025-10-27/2025-11-02,0.4554755186771315,0.476802316101648,0.45605871380954593,0.4765645138070313
9161,2025-11-01 22:32:00,2025-10-27/2025-11-02,0.29777745768203734,0.31020128255706897,0.2962326520738209,0.30881784131895856
9162,2025-11-01 23:15:00,2025-10-27/2025-11-02,0.2919841224395958,0.3044263051730073,0.2904522426242285,0.30313032500265
9163,2025-11-01 23:33:00,2025-10-27/2025-11-02,0.45372194795777626,0.4875413816727316,0.4525640075294224,0.48826570912144784
9167,2025-11-02 00:13:00,2025-10-27/2025-11-02,0.24434143703763456,0.2563519971798358,0.24253184047057366,0.2548147675452748
9171,2025-11-02 00:43:00,2025-10-27/2025-11-02,0.2330345054365346,0.23608611523129205,0.2326804331007102,0.23557047536687767
9172,2025-11-02 00:51:00,2025-10-27/2025-11-02,0.4125056311693176,0.4162395794145166,0.413261434986798,0.41600338701911
9173,2025-11-02 00:54:00,2025-10-27/2025-11-02,0.36280363732177934,0.36525018389315955,0.3627288601212196,0.36553435219422226
9175,2025-11-02 01:16:00,2025-10-27/2025-11-02,0.2479626844794789,0.250740394267772,0.24760596212231117,0.250012693949962
9176,2025-11-02 01:17:00,2025-10-27/2025-11-02,0.39999761515602983,0.4067953312239549,0.39981142359177696,0.40618097913051104
9177,2025-11-02 01:24:00,2025-10-27/2025-11-02,0.2278309051344311,0.23892842954147944,0.22584882063321407,0.23722833463649937
9179,2025-11-02 01:50:00,2025-10-27/2025-11-02,0.5107869326915171,0.522168865374088,0.5122400297096414,0.5218163682100794
9180,2025-11-02 02:02:00,2025-10-27/2025-11-02,0.40412892741511597,0.40806176507238123,0.4048726056091807,0.4079315109286918
9181,2025-11-02 02:10:00,2025-10-27/2025-11-02,0.3262231398662742,0.33806389483829613,0.3251439883235987,0.33871689120348647
9184,2025-11-02 02:33:00,2025-10-27/2025-11-02,0.25013855770538196,0.2528743760370218,0.249781589848637,0.25211527250811533
9185,2025-11-02 02:37:00,2025-10-27/2025-11-02,0.400994366198838,0.40777102507535495,0.4008088643784787,0.40714374337308656
9193,2025-11-02 03:03:00,2025-10-27/2025-11-02,0.42594583974315076,0.4396052283341282,0.42343040467499526,0.43735650872673976
9198,2025-11-02 03:32:00,2025-10-27/2025-11-02,0.3836173578404681,0.38996483980045415,0.3805240694358044,0.3890806480314707
9200,2025-11-02 03:56:00,2025-10-27/2025-11-02,0.46508681793938056,0.4893632564522792,0.4663501278933959,0.4886235630613964
9201,2025-11-02 03:57:00,2025-10-27/2025-11-02,0.2677900751708137,0.27693562976289304,0.2693288360206492,0.27778914791038006
9202,2025-11-02 04:01:00,2025-10-27/2025-11-02,0.3217508108637037,0.32500474302865645,0.3213767293399666,0.32501251907394413
9203,2025-11-02 04:04:00,2025-10-27/2025-11-02,0.25070797806570283,0.2534322675149818,0.2503511131804607,0.25266472785747357
9205,2025-11-02 04:05:00,2025-10-27/2025-11-02,0.422732528777073,0.4355623221464432,0.42004496209614034,0.4333542528111363
9206,2025-11-02 04:06:00,2025-10-27/2025-11-02,0.389783012712839,0.4044230593556678,0.38853277800872144,0.4044581975761181
9207,2025-11-02 04:07:00,2025-10-27/2025-11-02,0.261400091381098,0.26923890244626175,0.2590429327681088,0.26721391292825203
9208,2025-11-02 04:08:00,2025-10-27/2025-11-02,0.2508747489325127,0.2565538465923278,0.25119851836601587,0.25615371605278897
9209,2025-11-02 04:09:00,2025-10-27/2025-11-02,0.2661691526543089,0.2782725252968067,0.2647962941446855,0.2766602873094669
9210,2025-11-02 04:11:00,2025-10-27/2025-11-02,0.4133176361689752,0.4272084383188305,0.4108127582928057,0.4251327449041926
9211,2025-11-02 04:12:00,2025-10-27/2025-11-02,0.41486364385483343,0.3044121477317907,0.4123729283452829,0.3029884341949685
9212,2025-11-02 04:13:00,2025-10-27/2025-11-02,0.47205953807083134,0.48365347975293604,0.47308093539533635,0.4822775985700624
9213,2025-11-02 04:16:00,2025-10-27/2025-11-02,0.4260109033476572,0.4415676944093598,0.4254954618010573,0.44035350712104554
9215,2025-11-02 04:17:00,2025-10-27/2025-11-02,0.261394098558798,0.2691073519932928,0.2590493520729607,0.26713917877524496
9216,2025-11-02 04:18:00,2025-10-27/2025-11-02,0.24228002253624628,0.248055828667461,0.24258942558853533,0.24777140128871802
9217,2025-11-02 04:19:00,2025-10-27/2025-11-02,0.41864506220480546,0.4324406643998256,0.41613532296108213,0.43029174560972
9218,2025-11-02 04:20:00,2025-10-27/2025-11-02,0.2665662932074513,0.2776632567214218,0.2648905178289071,0.27576702184283675
9220,2025-11-02 04:28:00,2025-10-27/2025-11-02,0.2501113714734801,0.25926850205161145,0.24763088029647784,0.2570730808749423
9221,2025-11-02 04:30:00,2025-10-27/2025-11-02,0.5625067721673966,0.5842204259025244,0.5701569281490171,0.5853961932053413
9222,2025-11-02 04:36:00,2025-10-27/2025-11-02,0.3240696064097144,0.33781407561892807,0.32220858494145854,0.33736557592998623
9223,2025-11-02 04:40:00,2025-10-27/2025-11-02,0.2772628929036817,0.2896536733735465,0.27603036501151507,0.28814383309992214
9224,2025-11-02 04:45:00,2025-10-27/2025-11-02,0.32294917435467285,0.33879249520332644,0.3211671572644261,0.3376192081572307
9225,2025-11-02 04:47:00,2025-10-27/2025-11-02,0.43243516648980357,0.445023246829446,0.43398283216200667,0.4460467515429405
9226,2025-11-02 04:48:00,2025-10-27/2025-11-02,0.4099532007599732,0.4228504003772457,0.4113668691404898,0.42332685691848926
9227,2025-11-02 04:50:00,2025-10-27/2025-11-02,0.42343355051557735,0.4301006680477684,0.4235429478124428,0.430466016753669
9228,2025-11-02 04:53:00,2025-10-27/2025-11-02,0.4026841720756756,0.4189756871060716,0.40012591055787966,0.41678467196873376
9229,2025-11-02 05:07:00,2025-10-27/2025-11-02,0.4002535351886263,0.4070457841041538,0.4000675430346042,0.4064280847892671
9232,2025-11-02 05:16:00,2025-10-27/2025-11-02,0.3840531854847501,0.39046245237890825,0.3850135242325964,0.3922590625142453
9234,2025-11-02 05:17:00,2025-10-27/2025-11-02,0.2479794399780797,0.25075676267257774,0.24762273759020026,0.2500287938802939
9236,2025-11-02 05:25:00,2025-10-27/2025-11-02,0.2638557931586544,0.2723920908292758,0.2616246805551129,0.270324522564578
9238,2025-11-02 05:42:00,2025-10-27/2025-11-02,0.25049237541594654,0.25322074046917126,0.25013556856880087,0.2524562761050206
9239,2025-11-02 05:50:00,2025-10-27/2025-11-02,0.4828404327809361,0.5046432506427903,0.4838168265200746,0.5036882469373425
9241,2025-11-02 06:04:00,2025-10-27/2025-11-02,0.279269418970356,0.29544512984274723,0.27931836036530094,0.29497851431677047
9242,2025-11-02 06:05:00,2025-10-27/2025-11-02,0.3774992597030492,0.38775216148123903,0.37548417034048975,0.38661973746509304
9243,2025-11-02 06:07:00,2025-10-27/2025-11-02,0.45392065851885943,0.45603095580279235,0.45449293917129163,0.45736016325473783
9248,2025-11-02 06:17:00,2025-10-27/2025-11-02,0.3447568747090599,0.3570297853468751,0.34755303323384873,0.3599821653114255
9250,2025-11-02 06:44:00,2025-10-27/2025-11-02,0.4089305252482849,0.41756453321597053,0.40977980394458163,0.417898108800126
9251,2025-11-02 06:47:00,2025-10-27/2025-11-02,0.3306136037452258,0.3355337223345612,0.3311840207582173,0.3364067280948432
9252,2025-11-02 06:53:00,2025-10-27/2025-11-02,0.25534433199515894,0.2595784062822652,0.2557964195426795,0.2595812074989572
9255,2025-11-02 07:08:00,2025-10-27/2025-11-02,0.4554686776315718,0.4575394966741546,0.456042494088131,0.45885022300238243
9257,2025-11-02 07:19:00,2025-10-27/2025-11-02,0.40861458954817675,0.41725485657149597,0.4094634576255621,0.41759224546653545
9258,2025-11-02 07:20:00,2025-10-27/2025-11-02,0.44951552186558175,0.451738274208693,0.45008322346696183,0.4531200764103621
9261,2025-11-02 07:27:00,2025-10-27/2025-11-02,0.43083742918563706,0.44289057623649136,0.43011321210979275,0.4421296034479471
9265,2025-11-02 07:48:00,2025-10-27/2025-11-02,0.4862321233074092,0.5043029881176407,0.4867719747154995,0.5034080080552867
9267,2025-11-02 07:50:00,2025-10-27/2025-11-02,0.42770949265267627,0.4450236500527513,0.4265996270456535,0.44390718059539563
9268,2025-11-02 08:01:00,2025-10-27/2025-11-02,0.2571505778648567,0.2613551807931252,0.25760648122586627,0.2613349952254695
9270,2025-11-02 08:04:00,2025-10-27/2025-11-02,0.32912877842249133,0.3340779173937085,0.3296964340721452,0.33496791537113296
9271,2025-11-02 08:05:00,2025-10-27/2025-11-02,0.23290617634314675,0.24636573196583467,0.23177026472033063,0.24532410450859019
9272,2025-11-02 08:08:00,2025-10-27/2025-11-02,0.4129155731614012,0.4214666954443276,0.4137710370144445,0.42175077804444455
9273,2025-11-02 08:10:00,2025-10-27/2025-11-02,0.4110862579804454,0.4196753865752297,0.4119389660257169,0.41998211932996976
9452,2025-11-04 15:49:00,2025-11-03/2025-11-09,0.4568653292483597,0.4686884237516741,0.45197516032040863,0.46497904779519156
9454,2025-11-04 16:06:00,2025-11-03/2025-11-09,0.4486030293697174,0.4442775095041716,0.44581687387048086,0.4422440550468037
9455,2025-11-04 16:13:00,2025-11-03/2025-11-09,0.470454666149535,0.49021368824603767,0.46906739174860923,0.48936349249790434
9458,2025-11-04 16:19:00,2025-11-03/2025-11-09,0.4253908140472213,0.4468291179955116,0.4248207438415376,0.44748030609132755
9461,2025-11-04 16:23:00,2025-11-03/2025-11-09,0.4702593083345187,0.48435416562498185,0.4707412619335663,0.4849081438527476
9462,2025-11-04 16:28:00,2025-11-03/2025-11-09,0.2933948592218009,0.3018810187446595,0.289858491551665,0.29942225132151
9464,2025-11-04 16:44:00,2025-11-03/2025-11-09,0.35834182869392656,0.4045593241125556,0.35988404184603007,0.4043643317050176
9465,2025-11-04 16:45:00,2025-11-03/2025-11-09,0.45557665089523264,0.4713043724441691,0.45347575780807936,0.4701303164835258
9471,2025-11-04 17:20:00,2025-11-03/2025-11-09,0.5524370172506488,0.5652822704182232,0.549778034100543,0.564719022285185
9475,2025-11-04 17:40:00,2025-11-03/2025-11-09,0.3461809476860324,0.3623705309916875,0.3467806974952071,0.3631328019376499
9477,2025-11-04 18:00:00,2025-11-03/2025-11-09,0.4813933216199762,0.4960015462187694,0.4792102361629938,0.49452620274527237
9478,2025-11-04 18:01:00,2025-11-03/2025-11-09,0.49316145503274966,0.5152717373261524,0.4927992148819121,0.5154913921588006
9480,2025-11-04 18:16:00,2025-11-03/2025-11-09,0.4074708050932023,0.4301493609419735,0.4082444124516492,0.43065456338398994
9481,2025-11-04 18:32:00,2025-11-03/2025-11-09,0.29889894308410897,0.31153156192829623,0.2954278294364092,0.3095531942446688
9492,2025-11-04 18:45:00,2025-11-03/2025-11-09,0.4660563690598992,0.47597483762825565,0.4681810910690391,0.4775404330882563
9494,2025-11-04 18:47:00,2025-11-03/2025-11-09,0.27869931188385083,0.2798522397864604,0.27773806283921426,0.2787824984561558
9500,2025-11-04 19:00:00,2025-11-03/2025-11-09,0.29283263087556305,0.29297085732035666,0.2937289254838842,0.2944330350715124
9506,2025-11-04 19:43:00,2025-11-03/2025-11-09,0.5202736954515799,0.5346400967113468,0.5179957345095554,0.5334318198153336
9507,2025-11-04 19:46:00,2025-11-03/2025-11-09,0.43910549248549613,0.442692644790592,0.43692364239948794,0.44039182556157624
9510,2025-11-04 21:42:00,2025-11-03/2025-11-09,0.3016886969881351,0.3128128148673376,0.2994108018560574,0.3110536119704558
9511,2025-11-04 21:51:00,2025-11-03/2025-11-09,0.4547102804889122,0.4578616807321336,0.4581856177917093,0.459840446323572
9512,2025-11-04 22:10:00,2025-11-03/2025-11-09,0.47741084633421743,0.38260244664757914,0.47770814622245805,0.3817880332987868
9515,2025-11-04 22:40:00,2025-11-03/2025-11-09,0.3036448227111922,0.31545702992753905,0.30088629862748045,0.31342645956645165
9525,2025-11-05 01:13:00,2025-11-03/2025-11-09,0.43070558276374377,0.42388308454525303,0.43374161074653456,0.4249827383669515
9527,2025-11-05 03:02:00,2025-11-03/2025-11-09,0.48708068956150197,0.48573027311826006,0.4888093426888711,0.4878751482379556
9530,2025-11-05 04:04:00,2025-11-03/2025-11-09,0.5810583323778914,0.5859528694087294,0.5757699861011656,0.5821564957260291
9533,2025-11-05 04:06:00,2025-11-03/2025-11-09,0.5782064916337007,0.5843779262989816,0.573280753244012,0.580858709093315
9534,2025-11-05 04:07:00,2025-11-03/2025-11-09,0.6474225789881257,0.6470402614001033,0.6440678387630816,0.6448862736072136
9535,2025-11-05 04:07:00,2025-11-03/2025-11-09,0.3797097348139425,0.38583518731419963,0.3755620560972689,0.38306070642098555
9536,2025-11-05 04:07:00,2025-11-03/2025-11-09,0.5593951687856921,0.5646758671943213,0.5581433522800907,0.5651130559780789
9537,2025-11-05 04:08:00,2025-11-03/2025-11-09,0.5770381304164993,0.58234447725032,0.572017320650931,0.5787070364691618
9538,2025-11-05 04:08:00,2025-11-03/2025-11-09,0.47417973874147756,0.48730379212275143,0.4762606319655753,0.48907220454993827
9542,2025-11-05 04:09:00,2025-11-03/2025-11-09,0.37985140699679576,0.3859518658082674,0.3755020123885863,0.3830457843055855
9543,2025-11-05 04:10:00,2025-11-03/2025-11-09,0.3784176008726501,0.38516760469519157,0.3749473884702073,0.3828657101350945
9544,2025-11-05 04:10:00,2025-11-03/2025-11-09,0.4037321656528585,0.40519555591652534,0.3985693727007103,0.40172112540117855
9545,2025-11-05 04:10:00,2025-11-03/2025-11-09,0.5424729720667106,0.5655199549127041,0.5439799328362107,0.5675738192492868
9546,2025-11-05 04:11:00,2025-11-03/2025-11-09,0.43963908717144934,0.44621268688883675,0.4392946722153679,0.4469405733474495
9547,2025-11-05 04:17:00,2025-11-03/2025-11-09,0.5783068944368456,0.594074272979078,0.5765882560298339,0.5942604542084624
9550,2025-11-05 04:38:00,2025-11-03/2025-11-09,0.5813465647563452,0.5859491069224266,0.5777590209234924,0.5846402583878483
9551,2025-11-05 04:58:00,2025-11-03/2025-11-09,0.5402717601082944,0.561177320335831,0.5423768723570542,0.563096081063027
9552,2025-11-05 05:08:00,2025-11-03/2025-11-09,0.4973313168614952,0.5034919850163485,0.49445722064002157,0.5018288154848963
9556,2025-11-05 05:40:00,2025-11-03/2025-11-09,0.6187183567598982,0.641883159665751,0.6193860731894466,0.643285239359468
9557,2025-11-05 05:50:00,2025-11-03/2025-11-09,0.2934808776223364,0.28741737309453474,0.29102680964513616,0.2868659998933893
9558,2025-11-05 05:53:00,2025-11-03/2025-11-09,0.7236926443109831,0.7275925066952654,0.7236084368092739,0.7286015399463254
9561,2025-11-05 06:45:00,2025-11-03/2025-11-09,0.41908042407163126,0.44086690972023257,0.42012420985060295,0.44210295750051254
9562,2025-11-05 07:03:00,2025-11-03/2025-11-09,0.4457451955597227,0.44688898954492434,0.4472946822089619,0.4468443441659889
9564,2025-11-05 07:09:00,2025-11-03/2025-11-09,0.583345505486394,0.58615767215413,0.5810592238619309,0.5854814523951909
9566,2025-11-05 07:19:00,2025-11-03/2025-11-09,0.6002356243147846,0.6014712200883782,0.6013852088827629,0.6035148481328996
9568,2025-11-05 07:20:00,2025-11-03/2025-11-09,0.7488591142792539,0.7445754901735117,0.7518656330662276,0.7470960010935837
9570,2025-11-05 07:31:00,2025-11-03/2025-11-09,0.5398932944439608,0.5520757904269034,0.5428328295294513,0.5543012275825507
9575,2025-11-05 08:17:00,2025-11-03/2025-11-09,0.3861278514278931,0.38231769846647107,0.3859348740796037,0.382120759089507
9577,2025-11-05 08:57:00,2025-11-03/2025-11-09,0.6646018984336151,0.6731931183066805,0.6693783149028799,0.6768030872258147
9578,2025-11-05 09:02:00,2025-11-03/2025-11-09,0.6947777898324954,0.6943144930406205,0.6967391840559151,0.6968697824138943
9580,2025-11-05 09:04:00,2025-11-03/2025-11-09,0.5337040896413497,0.5290272043073397,0.5358793753048178,0.5327050423891198
9582,2025-11-05 09:16:00,2025-11-03/2025-11-09,0.5682462899838678,0.5645515089693309,0.5690525635934378,0.5652582609687413
9584,2025-11-05 09:20:00,2025-11-03/2025-11-09,0.5689884408921518,0.5651470856418677,0.5696467960546052,0.5665242330839497
9585,2025-11-05 09:25:00,2025-11-03/2025-11-09,0.406417619249362,0.40994794935754897,0.40315902399869186,0.4077255328441104
9587,2025-11-05 09:39:00,2025-11-03/2025-11-09,0.5773087312825589,0.5818651133970631,0.5814277109145912,0.585728084863635
9594,2025-11-05 11:11:00,2025-11-03/2025-11-09,0.5698605834385274,0.5612783165887805,0.571084177815465,0.564398954913663
9596,2025-11-05 11:42:00,2025-11-03/2025-11-09,0.6481280276158098,0.6484814709569509,0.6462807151697736,0.6472354137808422
9598,2025-11-05 11:44:00,2025-11-03/2025-11-09,0.3826355719502503,0.3907105227441915,0.37915028329900535,0.388381057431394
9601,2025-11-05 11:59:00,2025-11-03/2025-11-09,0.4013280123858785,0.401364832546242,0.40434122327507993,0.40574129635037504
9602,2025-11-05 12:01:00,2025-11-03/2025-11-09,0.3559288122924094,0.36517531005262116,0.3490081943474711,0.36105787981662174
9604,2025-11-05 12:05:00,2025-11-03/2025-11-09,0.48916315712206454,0.5049116775150149,0.4880975455375708,0.5048395692366366
9605,2025-11-05 12:16:00,2025-11-03/2025-11-09,0.5499711258535313,0.5565123099782368,0.5488950428063845,0.5558493806743019
9608,2025-11-05 12:36:00,2025-11-03/2025-11-09,0.5313960830912315,0.5380795264772574,0.534477418054096,0.5412835838153447
9609,2025-11-05 13:12:00,2025-11-03/2025-11-09,0.49243472623879964,0.5078703905151887,0.49152057638908364,0.50792957622096
9613,2025-11-05 13:41:00,2025-11-03/2025-11-09,0.6239348850819845,0.6396041618335306,0.622631826220083,0.6398322829883996
9615,2025-11-05 13:59:00,2025-11-03/2025-11-09,0.4942216757985515,0.5006235169384753,0.49471492882050633,0.5032906865882988
9616,2025-11-05 14:00:00,2025-11-03/2025-11-09,0.5811852161597704,0.594816187296357,0.5796870969697707,0.5953422747135294
9620,2025-11-05 15:33:00,2025-11-03/2025-11-09,0.5260200857419369,0.5344348794343777,0.5320614457540361,0.5392522111369289
9624,2025-11-05 15:59:00,2025-11-03/2025-11-09,0.39100108427248265,0.39863636402042996,0.38611295624249203,0.39554151559337625
9625,2025-11-05 16:19:00,2025-11-03/2025-11-09,0.6777391586565418,0.6892258157379528,0.6780281070986327,0.690928810702592
9629,2025-11-05 16:38:00,2025-11-03/2025-11-09,0.5121211530290996,0.5180825847963343,0.5128017314200752,0.5196272624237044
9630,2025-11-05 17:05:00,2025-11-03/2025-11-09,0.3775841202202876,0.3791598204474897,0.3762302964867959,0.3785263340123868
9634,2025-11-05 19:16:00,2025-11-03/2025-11-09,0.39704961684704554,0.4043642568719716,0.4007023816564673,0.4085119876500961
9636,2025-11-05 19:19:00,2025-11-03/2025-11-09,0.3826371105976072,0.384010723017242,0.38145840440985357,0.3831381970913157
9637,2025-11-05 19:22:00,2025-11-03/2025-11-09,0.41532715194365255,0.4220221626849899,0.4106942503493137,0.41885578381544475
9641,2025-11-05 19:27:00,2025-11-03/2025-11-09,0.5891629493134328,0.5990060851460748,0.592129835721884,0.6018092191455081
9642,2025-11-05 19:35:00,2025-11-03/2025-11-09,0.5891412251061287,0.5989361260713806,0.5892643813480143,0.5991899842811684
9643,2025-11-05 19:39:00,2025-11-03/2025-11-09,0.4657382908861153,0.48404112996014825,0.4647728083250063,0.4841830626572039
9644,2025-11-05 19:42:00,2025-11-03/2025-11-09,0.3675348555454082,0.37797700205168766,0.369278316527687,0.3794151057842293
9645,2025-11-05 20:28:00,2025-11-03/2025-11-09,0.46096266860650925,0.4639392113050879,0.46278995721574356,0.4650272444911047
9649,2025-11-05 21:48:00,2025-11-03/2025-11-09,0.5535277207852893,0.567558729630355,0.5492670306912344,0.5642719098060767
9650,2025-11-05 21:54:00,2025-11-03/2025-11-09,0.3644162146432312,0.37226387545322187,0.36530023192502065,0.3729585832971182
9652,2025-11-05 22:06:00,2025-11-03/2025-11-09,0.6144800409261918,0.6273606413597428,0.6178331176251732,0.6312796594854021
9653,2025-11-05 22:09:00,2025-11-03/2025-11-09,0.5593741001925412,0.573060184241768,0.5572159049584591,0.5725645678881373
9654,2025-11-05 22:30:00,2025-11-03/2025-11-09,0.4549830814867347,0.46616077673349576,0.4600861791898793,0.4698270160931391
9657,2025-11-05 22:37:00,2025-11-03/2025-11-09,0.5374630528938592,0.5548710900841851,0.5339792544300785,0.5541343430821473
9660,2025-11-06 00:04:00,2025-11-03/2025-11-09,0.30689031123763727,0.30598372536905216,0.3075952282685257,0.3074772436278874
9661,2025-11-06 00:07:00,2025-11-03/2025-11-09,0.412554291482535,0.4271100833447636,0.41058026458836355,0.42697809748707916
9662,2025-11-06 00:14:00,2025-11-03/2025-11-09,0.3061728608700622,0.3062052284032985,0.30388088908471234,0.3053709003508384
9664,2025-11-06 00:18:00,2025-11-03/2025-11-09,0.4461379290831494,0.4502154905078728,0.44746929631269716,0.45268184181677507
9685,2025-11-06 04:06:00,2025-11-03/2025-11-09,0.3876694913201179,0.4029676970295119,0.38603162078731657,0.4034855898887418
9686,2025-11-06 04:11:00,2025-11-03/2025-11-09,0.4912276321545082,0.48990360178286835,0.489575603494933,0.49064385311836284
9689,2025-11-06 04:43:00,2025-11-03/2025-11-09,0.39783956476441984,0.40485695711510683,0.401116702393879,0.40826873051858387
9691,2025-11-06 05:03:00,2025-11-03/2025-11-09,0.4920380155983192,0.4903201076586392,0.4898453559130603,0.48979594100964113
9692,2025-11-06 05:12:00,2025-11-03/2025-11-09,0.4590284409706117,0.4656108610720991,0.46368877024459887,0.4701471975382292
9693,2025-11-06 05:21:00,2025-11-03/2025-11-09,0.5205535256160106,0.5268704935844887,0.5255576107639353,0.5317269685234222
9695,2025-11-06 05:36:00,2025-11-03/2025-11-09,0.5009598632028788,0.5096683961387244,0.4942861918766156,0.5057283682288137
9696,2025-11-06 05:39:00,2025-11-03/2025-11-09,0.40310510323296317,0.4111256891530068,0.4068749326106271,0.41497013152497036
9697,2025-11-06 05:50:00,2025-11-03/2025-11-09,0.5001795555175454,0.5089635291381941,0.4935202488024046,0.50502994386333
9698,2025-11-06 05:52:00,2025-11-03/2025-11-09,0.517193111433088,0.5314176719806292,0.512090431230341,0.5289423431282324
9699,2025-11-06 06:02:00,2025-11-03/2025-11-09,0.3570663665967644,0.3627803748145361,0.3596845163863657,0.36515282020999434
9701,2025-11-06 06:47:00,2025-11-03/2025-11-09,0.2172828595024228,0.21005546542432027,0.21253953571891965,0.20496353479462487
9702,2025-11-06 06:49:00,2025-11-03/2025-11-09,0.352670395425145,0.35877887783987816,0.35535446309024116,0.3611774962951451
9703,2025-11-06 07:19:00,2025-11-03/2025-11-09,0.5416661823774174,0.5571037453695807,0.5432953978649976,0.5609959261202365
9711,2025-11-06 09:48:00,2025-11-03/2025-11-09,0.4631106033757172,0.4727041476913852,0.46332643762797415,0.47345663485959183
9721,2025-11-06 11:17:00,2025-11-03/2025-11-09,0.533910693389135,0.5436822502081835,0.5357806003443788,0.5473821608639664
9724,2025-11-06 11:36:00,2025-11-03/2025-11-09,0.31542368954945493,0.31663533374458347,0.31468350730539457,0.3168602251833997
9726,2025-11-06 12:01:00,2025-11-03/2025-11-09,0.5356540636743968,0.5509071982380964,0.5314662631348253,0.5497491423831535
9727,2025-11-06 12:22:00,2025-11-03/2025-11-09,0.40402764719163026,0.4196411926537779,0.4073736436509946,0.42327764914471006
9731,2025-11-06 12:36:00,2025-11-03/2025-11-09,0.5245535365759616,0.5419288999158965,0.5206739427266113,0.5409863621107124
9735,2025-11-06 12:40:00,2025-11-03/2025-11-09,0.47873733102684907,0.49474710308127684,0.47845849317031164,0.49577905445496545
9741,2025-11-06 13:36:00,2025-11-03/2025-11-09,0.3002838411260575,0.31092706072015225,0.2999836946471799,0.3119208098001676
9746,2025-11-06 14:00:00,2025-11-03/2025-11-09,0.2690904132466321,0.2803841100862612,0.2685126932464563,0.2809156507870371
9747,2025-11-06 14:08:00,2025-11-03/2025-11-09,0.28554784524221094,0.30372294459946747,0.2816911090489784,0.30205354881179464
9753,2025-11-06 14:43:00,2025-11-03/2025-11-09,0.2764210306537776,0.2851041955726472,0.27529988901816344,0.2851985077496442
9754,2025-11-06 14:47:00,2025-11-03/2025-11-09,0.43739592522938736,0.4592587069351586,0.4389323499335302,0.46145460912781233
9755,2025-11-06 14:58:00,2025-11-03/2025-11-09,0.26732823035580594,0.28787307612122176,0.2636007638100385,0.2867562580854647
9757,2025-11-06 15:01:00,2025-11-03/2025-11-09,0.4753977099805838,0.4942868913077308,0.47493498463834866,0.4952109909149599
9760,2025-11-06 15:02:00,2025-11-03/2025-11-09,0.4499056176221077,0.46838769966535393,0.44656981759867137,0.4680986052697431
9761,2025-11-06 15:03:00,2025-11-03/2025-11-09,0.2853797911822544,0.30357582968210556,0.28169858982386237,0.3020243485765993
9763,2025-11-06 15:04:00,2025-11-03/2025-11-09,0.4335958450270791,0.4610288181016413,0.4293706155400126,0.461073009402718
9764,2025-11-06 15:08:00,2025-11-03/2025-11-09,0.28661740799862906,0.297871242915275,0.28617853174035524,0.2986657610927271
9768,2025-11-06 15:32:00,2025-11-03/2025-11-09,0.28639060563633717,0.29213240586654,0.2841372657830561,0.29143439610520827
9769,2025-11-06 15:47:00,2025-11-03/2025-11-09,0.4500657706202367,0.4675154831719901,0.44640375354238365,0.4669622260915646
9770,2025-11-06 15:53:00,2025-11-03/2025-11-09,0.28336058532276254,0.29875501301803464,0.2856439938257384,0.30162485085182
9773,2025-11-06 16:29:00,2025-11-03/2025-11-09,0.5217226147251227,0.5430727040120434,0.5189699983106227,0.5436282449710061
9775,2025-11-06 16:35:00,2025-11-03/2025-11-09,0.5208994974715262,0.5365781826157191,0.5222134790444929,0.5394976342571882
9776,2025-11-06 16:36:00,2025-11-03/2025-11-09,0.3062595285761383,0.32492020639176444,0.30383904066490225,0.3244491364254679
9778,2025-11-06 16:38:00,2025-11-03/2025-11-09,0.2150084456195557,0.2224493227852636,0.21384302821333043,0.22347938502612483
9779,2025-11-06 16:42:00,2025-11-03/2025-11-09,0.4215229901913976,0.4440704273701671,0.4207161437647194,0.44528999671902153
9781,2025-11-06 16:49:00,2025-11-03/2025-11-09,0.3085981928692583,0.3292900830876686,0.30440669389568903,0.3282876529009346
9783,2025-11-06 17:04:00,2025-11-03/2025-11-09,0.4687264797746759,0.4905849057162047,0.4668629098813495,0.49161317325766496
9785,2025-11-06 17:27:00,2025-11-03/2025-11-09,0.2896234523662483,0.33609712873908826,0.2882262324740785,0.33489795745338075
9793,2025-11-06 17:39:00,2025-11-03/2025-11-09,0.26790001199035607,0.2772477030654114,0.2669544137399381,0.27741342907028693
9794,2025-11-06 17:40:00,2025-11-03/2025-11-09,0.26711557165934025,0.27652340160994726,0.2661860174461538,0.27669564385340173
9797,2025-11-06 17:54:00,2025-11-03/2025-11-09,0.4984842046264663,0.5192513099545859,0.499044934986198,0.5210933683473353
9798,2025-11-06 17:57:00,2025-11-03/2025-11-09,0.47254580895733694,0.49678858738147724,0.46831538289079877,0.4950001603145413
9805,2025-11-06 18:40:00,2025-11-03/2025-11-09,0.3094265590703274,0.31913846262391726,0.3087901804413907,0.3195851842044843
9806,2025-11-06 18:43:00,2025-11-03/2025-11-09,0.49710606498119264,0.514717929759705,0.49154880757858815,0.5115266290846028
9809,2025-11-06 18:54:00,2025-11-03/2025-11-09,0.32975155164162223,0.33733538571996124,0.3304727440678706,0.34017751308202654
9810,2025-11-06 18:59:00,2025-11-03/2025-11-09,0.47213675637826935,0.4921572312335175,0.4674750669805459,0.489451376432988
9817,2025-11-06 19:19:00,2025-11-03/2025-11-09,0.5462808783203633,0.5772259529384783,0.54635478756002,0.5797642534654864
9820,2025-11-06 19:42:00,2025-11-03/2025-11-09,0.4766332423304132,0.4972406709754421,0.4719998597604405,0.49462236511591057
9821,2025-11-06 19:48:00,2025-11-03/2025-11-09,0.4454465752810373,0.4708798059115758,0.4389564185246099,0.4675938486409993
9822,2025-11-06 19:51:00,2025-11-03/2025-11-09,0.3852089303683884,0.39320963182492574,0.3863298236749047,0.39470068340338943
9824,2025-11-06 20:33:00,2025-11-03/2025-11-09,0.46553777797815393,0.4789551632695632,0.46995965687024915,0.48332751420018527
9827,2025-11-06 21:06:00,2025-11-03/2025-11-09,0.44636335321600656,0.5140398853312427,0.44499269897572225,0.5136223762388252
9828,2025-11-06 21:09:00,2025-11-03/2025-11-09,0.6015338323514346,0.6147425300551176,0.5993587455463607,0.6151668682449599
9829,2025-11-06 21:14:00,2025-11-03/2025-11-09,0.3435198816821943,0.3658653064315663,0.3423291041579353,0.36642209171612483
9832,2025-11-06 22:07:00,2025-11-03/2025-11-09,0.30015599669773696,0.31236522746674783,0.3004250932862582,0.3134776200608018
9836,2025-11-06 22:40:00,2025-11-03/2025-11-09,0.5006583490810721,0.5146349773916579,0.4964350558006296,0.5135725403353186
9838,2025-11-06 22:44:00,2025-11-03/2025-11-09,0.30022728807274557,0.3137756320891932,0.29596917165279124,0.3113919878875853
9839,2025-11-07 00:25:00,2025-11-03/2025-11-09,0.4834927912093308,0.4950164067525309,0.4806927050722794,0.49348047003723394
9842,2025-11-07 01:13:00,2025-11-03/2025-11-09,0.29610872792074594,0.3014575192368716,0.2904205755657901,0.297569995682408
9843,2025-11-07 01:14:00,2025-11-03/2025-11-09,0.5092684163213662,0.5066741406138646,0.5099667003916223,0.5056189225316324
9844,2025-11-07 01:15:00,2025-11-03/2025-11-09,0.29521643477618464,0.29978454577033503,0.2892857946390797,0.29569707242320753
9846,2025-11-07 01:44:00,2025-11-03/2025-11-09,0.44533740005637085,0.449219343545787,0.4422345494350849,0.44690306099533944
9847,2025-11-07 01:52:00,2025-11-03/2025-11-09,0.43199952971058764,0.44807533765651303,0.43277843765696977,0.4490429922210624
9851,2025-11-07 02:39:00,2025-11-03/2025-11-09,0.26758348386105657,0.26843232738112865,0.26516079059721276,0.26673989974450957
9854,2025-11-07 03:13:00,2025-11-03/2025-11-09,0.48421866603497865,0.5013846814116698,0.4784586994972608,0.4988892031581465
9857,2025-11-07 03:29:00,2025-11-03/2025-11-09,0.4657380169188986,0.4763565486114408,0.4593495591059486,0.47181575979753415
9861,2025-11-07 04:00:00,2025-11-03/2025-11-09,0.36521855640675605,0.37564555671480365,0.36863001289343816,0.3785150979871736
9862,2025-11-07 04:04:00,2025-11-03/2025-11-09,0.46695939572993983,0.47745112249299493,0.4603363414971879,0.47276182862246263
9863,2025-11-07 04:05:00,2025-11-03/2025-11-09,0.46774682510138077,0.4738585491701169,0.4621741395321435,0.4710556653279153
9864,2025-11-07 04:06:00,2025-11-03/2025-11-09,0.46221769102004034,0.5170488434688473,0.4555761143725476,0.510943922995277
9866,2025-11-07 04:08:00,2025-11-03/2025-11-09,0.3006496338694972,0.3103773022355567,0.2962381015728331,0.30759086006704905
9867,2025-11-07 04:09:00,2025-11-03/2025-11-09,0.45591856940027553,0.46744543156566487,0.44952103150817213,0.4628609282320836
9868,2025-11-07 04:10:00,2025-11-03/2025-11-09,0.6092153874407964,0.6285195118548595,0.6121749952392603,0.6302347198349092
9870,2025-11-07 04:12:00,2025-11-03/2025-11-09,0.46372270584515907,0.4691984967982791,0.4579055884568721,0.466170026358427
9871,2025-11-07 04:13:00,2025-11-03/2025-11-09,0.46040839138499734,0.4715274474167843,0.45412801649849743,0.46703682405074753
9875,2025-11-07 04:21:00,2025-11-03/2025-11-09,0.2852486990740959,0.26589950793937256,0.28240070535529294,0.26406383236587677
9876,2025-11-07 04:22:00,2025-11-03/2025-11-09,0.4775490190028822,0.4836479422662201,0.47677753448965293,0.4837687737601343
9877,2025-11-07 04:36:00,2025-11-03/2025-11-09,0.29070610994328416,0.2961253666580579,0.2910951471951346,0.2967583946193939
9881,2025-11-07 05:00:00,2025-11-03/2025-11-09,0.2750991481468632,0.28379425597139324,0.2675618772046381,0.2791244067321795
9884,2025-11-07 05:21:00,2025-11-03/2025-11-09,0.4657340800270112,0.47634216412492114,0.4591360383903377,0.4716643743621486
9889,2025-11-07 05:54:00,2025-11-03/2025-11-09,0.5071168490679085,0.5175709875102261,0.5027250582212102,0.5152063913198545
9890,2025-11-07 06:04:00,2025-11-03/2025-11-09,0.4891758743367919,0.5072615100087409,0.4869251289299604,0.5064208722382975
9891,2025-11-07 06:05:00,2025-11-03/2025-11-09,0.43883480282157145,0.4578690304539532,0.4360318228003654,0.45576154075789077
9892,2025-11-07 06:08:00,2025-11-03/2025-11-09,0.41157840924434114,0.4218299236552973,0.41012708051967556,0.42120275863287543
9893,2025-11-07 06:11:00,2025-11-03/2025-11-09,0.42930427709760893,0.4359297306661533,0.4268709870126768,0.43462693434371813
9895,2025-11-07 06:14:00,2025-11-03/2025-11-09,0.29436883901006494,0.30276188705659735,0.29085598195084966,0.3003360632063937
9896,2025-11-07 06:20:00,2025-11-03/2025-11-09,0.4600141905966282,0.4725341629384208,0.4552334573858592,0.4689742198800489
9899,2025-11-07 06:26:00,2025-11-03/2025-11-09,0.46463533962246467,0.4813157437352704,0.46132999258943214,0.478975515814918
9901,2025-11-07 06:32:00,2025-11-03/2025-11-09,0.2928884428509187,0.2996742291557359,0.2887020246651481,0.296719417077612
9902,2025-11-07 06:34:00,2025-11-03/2025-11-09,0.29189185101082854,0.2979153044871389,0.28763716408368,0.29487380049272116
9903,2025-11-07 06:35:00,2025-11-03/2025-11-09,0.4539359301430746,0.4322032116203683,0.4537496292980129,0.43299276970930267
9904,2025-11-07 06:37:00,2025-11-03/2025-11-09,0.45405955173385065,0.45669968447286274,0.45383463842992045,0.45756990434252287
9905,2025-11-07 06:38:00,2025-11-03/2025-11-09,0.4245742690854172,0.4413454499268473,0.4210412068497814,0.43852075111982863
9907,2025-11-07 06:40:00,2025-11-03/2025-11-09,0.29300043416669136,0.29977672067583877,0.2888110245271197,0.2968203675393025
9908,2025-11-07 06:41:00,2025-11-03/2025-11-09,0.5966013391112269,0.6199162304329482,0.596294738275307,0.6190660466217485
9909,2025-11-07 06:48:00,2025-11-03/2025-11-09,0.26967256768530623,0.25423688039297204,0.26880234526669766,0.2535866464921192
9911,2025-11-07 06:50:00,2025-11-03/2025-11-09,0.4581819223798333,0.4688467868358723,0.4529989398085256,0.46491702820518443
9912,2025-11-07 06:54:00,2025-11-03/2025-11-09,0.3598858090917594,0.36209541361711245,0.36129735698210397,0.36298270190564874
9914,2025-11-07 07:04:00,2025-11-03/2025-11-09,0.4644630168728935,0.47656635938013864,0.45959407575388556,0.47296547835727704
9916,2025-11-07 07:06:00,2025-11-03/2025-11-09,0.4686939286114595,0.4771003442341929,0.4649238772796109,0.4754806566308873
9918,2025-11-07 07:21:00,2025-11-03/2025-11-09,0.39632882701979616,0.4059435094245392,0.39464123702172477,0.4056204852615731
9919,2025-11-07 07:22:00,2025-11-03/2025-11-09,0.45844038363337425,0.4506895746518098,0.4592666428685399,0.4460020342420926
9921,2025-11-07 07:33:00,2025-11-03/2025-11-09,0.4692244069120714,0.4755645346696939,0.4652143108728018,0.4736886000384044
9922,2025-11-07 07:36:00,2025-11-03/2025-11-09,0.28457356760067853,0.2857410793343055,0.28339711915674476,0.2849210104080086
9924,2025-11-07 07:56:00,2025-11-03/2025-11-09,0.5504983757226429,0.5485020079036395,0.5509021470221435,0.5497210911491519
9925,2025-11-07 07:59:00,2025-11-03/2025-11-09,0.4440387666491271,0.4504185602760654,0.4429753749132358,0.44943165802227264
9926,2025-11-07 08:04:00,2025-11-03/2025-11-09,0.4677916466666432,0.4782277110752041,0.46934973653222833,0.4798889479990033
9928,2025-11-07 08:05:00,2025-11-03/2025-11-09,0.28540062708304037,0.28648989095414146,0.28420694431911997,0.28566150122031986
9930,2025-11-07 08:07:00,2025-11-03/2025-11-09,0.2619960516047334,0.2640349830395304,0.26082029025400494,0.26308886876551363
9933,2025-11-07 08:14:00,2025-11-03/2025-11-09,0.40585304163163916,0.41458707243763215,0.4078829507804607,0.4164841842608042
9934,2025-11-07 08:21:00,2025-11-03/2025-11-09,0.45522352381639436,0.47788025494469366,0.4543497565257077,0.47741475829531793
9935,2025-11-07 08:25:00,2025-11-03/2025-11-09,0.44822521060847526,0.44993317385330234,0.4481435619145721,0.450788038213833
9937,2025-11-07 08:27:00,2025-11-03/2025-11-09,0.3766387711291283,0.38353190879442817,0.3742283851536475,0.3817407676646874
9941,2025-11-07 08:40:00,2025-11-03/2025-11-09,0.27722632153698396,0.2790799895622776,0.2762012791947682,0.27833343752992235
9942,2025-11-07 08:42:00,2025-11-03/2025-11-09,0.46136129722457836,0.4747632709130739,0.45666849951034766,0.4713161594992972
9943,2025-11-07 08:52:00,2025-11-03/2025-11-09,0.4637802832501356,0.473920095899993,0.4584854366168167,0.46993792924428834
9945,2025-11-07 08:55:00,2025-11-03/2025-11-09,0.42734729882626954,0.43778604492130735,0.427293053244373,0.43753880020041835
9946,2025-11-07 08:58:00,2025-11-03/2025-11-09,0.461186913458202,0.4735941314274559,0.46631810458120415,0.47831401681370544
9948,2025-11-07 09:03:00,2025-11-03/2025-11-09,0.45394360094499253,0.4551084412001661,0.4537586789007974,0.4559167810482429
9950,2025-11-07 09:12:00,2025-11-03/2025-11-09,0.30481034564972453,0.3144570172134903,0.3003889517994474,0.31157934541230026
9951,2025-11-07 09:15:00,2025-11-03/2025-11-09,0.4744455254265303,0.4764074418809178,0.47746192772729273,0.47861207818734997
9953,2025-11-07 09:26:00,2025-11-03/2025-11-09,0.4961092002102293,0.5079763393551542,0.49309557330037873,0.5063708391305402
9957,2025-11-07 09:44:00,2025-11-03/2025-11-09,0.42409004354912594,0.4385859714570456,0.4191689736476934,0.43670405057388406
9959,2025-11-07 09:51:00,2025-11-03/2025-11-09,0.3098054251139645,0.3123488626499227,0.31381009786552233,0.3141775738969408
9966,2025-11-07 10:04:00,2025-11-03/2025-11-09,0.3064990668672248,0.3173478676143279,0.3027146130707828,0.31497027115493054
9974,2025-11-07 10:10:00,2025-11-03/2025-11-09,0.4267364478605828,0.4298952635079083,0.42846448425538997,0.4312152050322826
9981,2025-11-07 10:18:00,2025-11-03/2025-11-09,0.4539056763695132,0.45935475095751516,0.45265729412517214,0.45828073971609473
9984,2025-11-07 10:20:00,2025-11-03/2025-11-09,0.42516031252495196,0.4400774527378663,0.4206848643598451,0.4385287740345231
9985,2025-11-07 10:22:00,2025-11-03/2025-11-09,0.3605285783984911,0.36796789734539626,0.36313125437240285,0.3705922484739223
9989,2025-11-07 10:34:00,2025-11-03/2025-11-09,0.38687088840196543,0.3986479868592654,0.3853048286845532,0.39775469704657956
9991,2025-11-07 10:45:00,2025-11-03/2025-11-09,0.2865302304301127,0.29763981434493353,0.28310575525454706,0.2953478157137868
9992,2025-11-07 10:49:00,2025-11-03/2025-11-09,0.299654296589894,0.3041405318415644,0.2949199707890708,0.3007741636626436
9993,2025-11-07 11:04:00,2025-11-03/2025-11-09,0.4763886687151656,0.49608551164782616,0.47521780522923834,0.49545012496357876
9994,2025-11-07 11:18:00,2025-11-03/2025-11-09,0.3799492410846001,0.38653068090057063,0.3772709431372021,0.3845757382244537
9995,2025-11-07 11:28:00,2025-11-03/2025-11-09,0.30140411345665336,0.3113855222994787,0.29813293847128003,0.3092571824744828
9996,2025-11-07 11:43:00,2025-11-03/2025-11-09,0.46005076504099696,0.46995070404935674,0.4628099097073021,0.47293597581716673
10002,2025-11-07 11:49:00,2025-11-03/2025-11-09,0.45677041696394205,0.4576658801663786,0.4565342633735551,0.45845110471595174
10014,2025-11-07 12:00:00,2025-11-03/2025-11-09,0.23555617209332022,0.2525969790287879,0.23048489583859635,0.24959664056711908
10032,2025-11-07 12:15:00,2025-11-03/2025-11-09,0.4835024497910182,0.38536884476915056,0.4820359540989802,0.38336389976305885
10036,2025-11-07 12:19:00,2025-11-03/2025-11-09,0.2767896494232562,0.2825835957701026,0.2746543751224094,0.2813972212957768
10039,2025-11-07 12:21:00,2025-11-03/2025-11-09,0.44480054911694034,0.46899215889142715,0.4418451867000864,0.46832261099353606
10045,2025-11-07 12:27:00,2025-11-03/2025-11-09,0.34873923286163605,0.37302755924908776,0.3477745014139172,0.3736484071318249
10048,2025-11-07 12:29:00,2025-11-03/2025-11-09,0.42057750062373594,0.4428459694392465,0.4213717163363704,0.4445848294045816
10050,2025-11-07 12:31:00,2025-11-03/2025-11-09,0.38845286653544725,0.41483069838235886,0.38137008914218146,0.41051773507227257
10065,2025-11-07 12:42:00,2025-11-03/2025-11-09,0.445189418679761,0.4641614709037584,0.4417299763161723,0.4632068044342911
10069,2025-11-07 12:46:00,2025-11-03/2025-11-09,0.2584046046996955,0.26571488784598973,0.25668778446674095,0.26472783538052475
10077,2025-11-07 12:53:00,2025-11-03/2025-11-09,0.4450095976314537,0.45180812311664265,0.4436023249671533,0.45215491580860345
10086,2025-11-07 13:01:00,2025-11-03/2025-11-09,0.18743438945313054,0.19361237334427603,0.186245445856594,0.19384332211003116
10089,2025-11-07 13:11:00,2025-11-03/2025-11-09,0.24975645342434777,0.2577513169597614,0.24823451734945426,0.2568574826661718
10092,2025-11-07 13:15:00,2025-11-03/2025-11-09,0.24162896291697158,0.25024010046624395,0.24028627509309702,0.24943294521125045
10093,2025-11-07 13:20:00,2025-11-03/2025-11-09,0.3574692657871938,0.36909936217672185,0.3591349824522518,0.370781476001713
10094,2025-11-07 13:23:00,2025-11-03/2025-11-09,0.27720987811395653,0.2850427266693335,0.2756342618256534,0.28433654590463076
10115,2025-11-07 14:17:00,2025-11-03/2025-11-09,0.360669153595833,0.3758386929697854,0.3632965251726802,0.37838949220875406
10116,2025-11-07 14:18:00,2025-11-03/2025-11-09,0.4615966287144498,0.4749149959753724,0.4615824313238456,0.4757616684028757
10121,2025-11-07 14:22:00,2025-11-03/2025-11-09,0.3218700853240889,0.33814276344384014,0.31899024651653946,0.33832954824047534
10122,2025-11-07 14:24:00,2025-11-03/2025-11-09,0.2553960784567277,0.2685397834736237,0.25596848987611726,0.2693992027962417
10123,2025-11-07 14:26:00,2025-11-03/2025-11-09,0.2585365269015776,0.2658365005217173,0.2568168029356557,0.26484803880685764
10128,2025-11-07 14:53:00,2025-11-03/2025-11-09,0.2596999533303067,0.26691055785172535,0.25795510158485946,0.26590976214236917
10130,2025-11-07 14:57:00,2025-11-03/2025-11-09,0.43410261358844043,0.4548812561799367,0.43903238445021553,0.4594245014101618
10131,2025-11-07 15:00:00,2025-11-03/2025-11-09,0.4660431424241454,0.48309327320616136,0.4619654489492734,0.4818197046412169
10134,2025-11-07 15:05:00,2025-11-03/2025-11-09,0.31924384539226597,0.3347067051115274,0.31540924888991384,0.3345326049436038
10136,2025-11-07 15:13:00,2025-11-03/2025-11-09,0.4213636186642276,0.4303545192477605,0.4204033992476939,0.4308978110086504
10138,2025-11-07 15:15:00,2025-11-03/2025-11-09,0.4213864417332517,0.43037394605171525,0.4204254141701235,0.4309169723066401
10142,2025-11-07 15:20:00,2025-11-03/2025-11-09,0.4703056792080638,0.4774851475924778,0.47199741882078133,0.47918531688908717
10143,2025-11-07 15:24:00,2025-11-03/2025-11-09,0.26366580862938044,0.2725598092154008,0.26221820826131287,0.2718789371423764
10144,2025-11-07 15:29:00,2025-11-03/2025-11-09,0.41425127088329083,0.4346544328310958,0.40893958413546777,0.4308783476937942
10145,2025-11-07 15:35:00,2025-11-03/2025-11-09,0.3484840861925181,0.35886810444281414,0.35130645311170416,0.36061001270616877
10147,2025-11-07 15:39:00,2025-11-03/2025-11-09,0.3932008705128885,0.40632054991885114,0.39510450402945674,0.4082253758140031
10148,2025-11-07 15:41:00,2025-11-03/2025-11-09,0.418097137167401,0.43161586110507905,0.41615577065707227,0.43032698941528685
10151,2025-11-07 15:47:00,2025-11-03/2025-11-09,0.26578120969179014,0.27614465851295306,0.2649611557919689,0.27598868579309616
10152,2025-11-07 15:51:00,2025-11-03/2025-11-09,0.3682003010727055,0.3861255492085282,0.36550359400678933,0.3847590123083113
10154,2025-11-07 15:53:00,2025-11-03/2025-11-09,0.475502448748827,0.49106858132005987,0.47605959731897773,0.49252733596163106
10155,2025-11-07 15:55:00,2025-11-03/2025-11-09,0.4481790579911769,0.4574452368512001,0.45026266920306857,0.45932432924885735
10157,2025-11-07 15:57:00,2025-11-03/2025-11-09,0.39624926417810324,0.38940004929664385,0.39473545481976813,0.3883233181959201
10158,2025-11-07 16:01:00,2025-11-03/2025-11-09,0.25999953298134515,0.27806106884821924,0.25454581944617527,0.2750773331019876
10161,2025-11-07 16:03:00,2025-11-03/2025-11-09,0.44884892732572285,0.4672221587632646,0.44311607523368635,0.4633605904388358
10180,2025-11-07 16:20:00,2025-11-03/2025-11-09,0.43225470560232226,0.4447630287734345,0.43242918220265736,0.4463552574653003
10185,2025-11-07 16:24:00,2025-11-03/2025-11-09,0.2632305032213347,0.270153151289483,0.26140508733870405,0.26911405843078556
10193,2025-11-07 16:30:00,2025-11-03/2025-11-09,0.4487664658120867,0.45797789727721366,0.4508398378059815,0.45985232885036564
10195,2025-11-07 16:32:00,2025-11-03/2025-11-09,0.3552984406093693,0.3637826249622158,0.3556568533705866,0.3643949902032766
10196,2025-11-07 16:34:00,2025-11-03/2025-11-09,0.2770086745785405,0.28278599051621395,0.27486892856469197,0.2815973412467977
10202,2025-11-07 16:47:00,2025-11-03/2025-11-09,0.26040491018284945,0.2675588060161012,0.25864414289366383,0.26655039864843066
10206,2025-11-07 17:12:00,2025-11-03/2025-11-09,0.5703308211300299,0.5790507820203037,0.5760529435292797,0.5807291940054867
10207,2025-11-07 17:13:00,2025-11-03/2025-11-09,0.27672303214883864,0.28252454111962144,0.27458983184842195,0.28133899930946843
10211,2025-11-07 17:16:00,2025-11-03/2025-11-09,0.5009370530923577,0.5252822021922625,0.4984139608836015,0.5248167382944228
10213,2025-11-07 17:19:00,2025-11-03/2025-11-09,0.34820263663566325,0.35963504294487986,0.34914302746629167,0.36073376854132105
10215,2025-11-07 17:19:00,2025-11-03/2025-11-09,0.4501163137279298,0.47240508850801877,0.45022116895451575,0.47311765088328195
10219,2025-11-07 17:23:00,2025-11-03/2025-11-09,0.48679761017526163,0.4976449666986563,0.4892196550775605,0.4982376601632849
10221,2025-11-07 17:34:00,2025-11-03/2025-11-09,0.5706946158930428,0.5266863330693522,0.5764087984229729,0.5246984802825128
10224,2025-11-07 17:49:00,2025-11-03/2025-11-09,0.27396957190355054,0.28000304866904646,0.27189932689840884,0.2788474316557543
10225,2025-11-07 17:55:00,2025-11-03/2025-11-09,0.262081102301671,0.2690996296536742,0.2602824476382394,0.2680731122601139
10226,2025-11-07 17:57:00,2025-11-03/2025-11-09,0.4345837898083044,0.44236038068288575,0.43337496372968937,0.44279446735784606
10230,2025-11-07 18:09:00,2025-11-03/2025-11-09,0.4415104348215649,0.4531994971842921,0.43939811735275697,0.45149457646002356
10232,2025-11-07 18:17:00,2025-11-03/2025-11-09,0.44828357700436794,0.46800402080696213,0.4429625660718571,0.4640689532856054
10234,2025-11-07 18:19:00,2025-11-03/2025-11-09,0.44497243092791666,0.4704917609785264,0.43806601474202106,0.46636608167404026
10235,2025-11-07 18:21:00,2025-11-03/2025-11-09,0.3228386179306111,0.3401776106671263,0.3196831995882802,0.33843607635796
10237,2025-11-07 18:24:00,2025-11-03/2025-11-09,0.5238177471994332,0.5411494026169185,0.5274270112804909,0.5447386657295967
10238,2025-11-07 18:28:00,2025-11-03/2025-11-09,0.4438771136367348,0.4553535191103742,0.4417206854158709,0.4536273864225557
10239,2025-11-07 18:29:00,2025-11-03/2025-11-09,0.4438504656617045,0.455323793830792,0.4416929555662342,0.4535975809845384
10241,2025-11-07 18:32:00,2025-11-03/2025-11-09,0.4439316058411349,0.4554013961010284,0.44177366931803475,0.45367467605058875
10243,2025-11-07 18:48:00,2025-11-03/2025-11-09,0.36300742128799446,0.3734725730770133,0.3641565385360039,0.37439811088362857
10246,2025-11-07 18:57:00,2025-11-03/2025-11-09,0.6043906385937403,0.6066487827188574,0.6050759800877905,0.6078174468419085
10248,2025-11-07 19:05:00,2025-11-03/2025-11-09,0.431604035328672,0.44857602773239674,0.42907270514932644,0.4474793163500149
10251,2025-11-07 19:19:00,2025-11-03/2025-11-09,0.28007529915895646,0.28582782494082887,0.27809752417157907,0.28443869878742234
10257,2025-11-07 20:10:00,2025-11-03/2025-11-09,0.27832952115410253,0.28423240075210626,0.27639160383199485,0.28286297446111314
10258,2025-11-07 20:12:00,2025-11-03/2025-11-09,0.29846765711848616,0.3130516476239688,0.2939921039101208,0.31006860004312237
10260,2025-11-07 20:16:00,2025-11-03/2025-11-09,0.4971195323990473,0.5073528590472651,0.496745083346977,0.5076957799036732
10264,2025-11-07 20:26:00,2025-11-03/2025-11-09,0.2920788469080873,0.3036534436517816,0.2921635970380497,0.30406487959463685
10265,2025-11-07 20:29:00,2025-11-03/2025-11-09,0.3258656277944531,0.33243940348871126,0.32537795768223865,0.3338710451825967
10267,2025-11-07 20:30:00,2025-11-03/2025-11-09,0.44459265841225404,0.4643865771637175,0.44127747982452986,0.4631700233029698
10269,2025-11-07 20:33:00,2025-11-03/2025-11-09,0.2804086517682951,0.28486508868387916,0.27777569238326005,0.28299563943722855
10270,2025-11-07 20:42:00,2025-11-03/2025-11-09,0.446345786001369,0.4533080210823997,0.44519985988289285,0.45344110453622344
10271,2025-11-07 20:49:00,2025-11-03/2025-11-09,0.4562861624285638,0.4691254951311277,0.4543855088715644,0.4677483466656199
10273,2025-11-07 20:52:00,2025-11-03/2025-11-09,0.4526977224890386,0.46938315128308633,0.45159748860382853,0.46960160020062003
10275,2025-11-07 21:14:00,2025-11-03/2025-11-09,0.4565148175812292,0.46252367739939915,0.4551796178590189,0.46257102031964537
10277,2025-11-07 21:16:00,2025-11-03/2025-11-09,0.4267478172012205,0.4365470358715921,0.4272671500500689,0.4376478168193561
10278,2025-11-07 21:17:00,2025-11-03/2025-11-09,0.4930449308729596,0.5189134030765815,0.488489669655343,0.5173241325478776
10280,2025-11-07 21:20:00,2025-11-03/2025-11-09,0.36410044133536107,0.37067350216976225,0.3644088587525678,0.3708372620062276
10281,2025-11-07 21:28:00,2025-11-03/2025-11-09,0.4790193333541605,0.490987877878241,0.4789759135574651,0.491484107001488
10282,2025-11-07 21:30:00,2025-11-03/2025-11-09,0.27218059467785566,0.19940759437105166,0.2679278467455207,0.19582696765973331
10285,2025-11-07 21:36:00,2025-11-03/2025-11-09,0.2750036083889861,0.2811853786950103,0.27313988201364436,0.27985315556988377
10297,2025-11-07 21:46:00,2025-11-03/2025-11-09,0.28688249035811486,0.2920531992865303,0.2847519629206878,0.2905878338597564
10312,2025-11-07 21:59:00,2025-11-03/2025-11-09,0.38928540239574355,0.4133662434024562,0.3869865163355293,0.41264295332480877
10319,2025-11-07 22:06:00,2025-11-03/2025-11-09,0.29424283983241367,0.3052908200609987,0.2875753694806613,0.3011065836153449
10367,2025-11-07 22:43:00,2025-11-03/2025-11-09,0.5543395311457094,0.5755960582458645,0.5537235936531059,0.5765558892833457
10368,2025-11-07 22:45:00,2025-11-03/2025-11-09,0.37685230421928856,0.4008145832999898,0.37439151284234984,0.40086274271566025
10379,2025-11-07 22:55:00,2025-11-03/2025-11-09,0.29426051227138494,0.3099958227262376,0.28843781718686323,0.30663936886494886
10396,2025-11-07 23:34:00,2025-11-03/2025-11-09,0.35514370519354066,0.37389611780513027,0.35159661782421225,0.3720693309826138
10397,2025-11-07 23:36:00,2025-11-03/2025-11-09,0.2836452606194384,0.2890956129757926,0.28158794376542157,0.28766660354027124
10401,2025-11-08 00:30:00,2025-11-03/2025-11-09,0.3260223124140756,0.3439949599978979,0.32525846693306193,0.34378289053296146
10402,2025-11-08 00:32:00,2025-11-03/2025-11-09,0.21014306437869143,0.21413945715300262,0.20834364049489731,0.21414992463963545
10406,2025-11-08 01:13:00,2025-11-03/2025-11-09,0.42205670479597945,0.4314836151809246,0.4172447094133781,0.4288559096237523
10408,2025-11-08 01:15:00,2025-11-03/2025-11-09,0.4832520540809291,0.491871211672906,0.48165629988679437,0.49165958910799007
10416,2025-11-08 02:04:00,2025-11-03/2025-11-09,0.27689382981207705,0.2805288605962603,0.27381082590683525,0.27864152205251524
10418,2025-11-08 02:06:00,2025-11-03/2025-11-09,0.2761260389822791,0.27983191276115177,0.2730629818491758,0.27795411936336856
10419,2025-11-08 02:07:00,2025-11-03/2025-11-09,0.45879432124646635,0.46998396475496074,0.45909755454761014,0.4715777882958786
10420,2025-11-08 02:14:00,2025-11-03/2025-11-09,0.43897954363823,0.44798362298953387,0.4354631081109916,0.44563944197030986
10425,2025-11-08 02:22:00,2025-11-03/2025-11-09,0.5708709586396655,0.5769418523768285,0.5754208118219363,0.5777626827291135
10440,2025-11-08 02:43:00,2025-11-03/2025-11-09,0.3955674990509869,0.40734801993214387,0.3956940312758873,0.40821851275023885
10451,2025-11-08 02:52:00,2025-11-03/2025-11-09,0.32035596743092687,0.323819791628743,0.32197253248923857,0.3243492204665325
10455,2025-11-08 02:57:00,2025-11-03/2025-11-09,0.5071264638649917,0.5221827037878927,0.5096682866853379,0.5252719495639564
10459,2025-11-08 03:03:00,2025-11-03/2025-11-09,0.4698791340440286,0.47444641659852377,0.4703946341377453,0.4752745837829539
10461,2025-11-08 03:05:00,2025-11-03/2025-11-09,0.46134938619030247,0.4759234178044266,0.4541824647718251,0.4710734272289178
10462,2025-11-08 03:08:00,2025-11-03/2025-11-09,0.4426388651342556,0.4470325621248592,0.4401062669358153,0.4465321332593095
10463,2025-11-08 03:11:00,2025-11-03/2025-11-09,0.34022720171004533,0.35390594828524136,0.34013989601737704,0.35347458070579807
10464,2025-11-08 03:14:00,2025-11-03/2025-11-09,0.27703457441020185,0.28065594576027225,0.2739477252346838,0.2787668216758776
10466,2025-11-08 03:16:00,2025-11-03/2025-11-09,0.4680959440658288,0.47283650341427313,0.4686446983785301,0.47367969318044445
10470,2025-11-08 03:41:00,2025-11-03/2025-11-09,0.49410889880415404,0.5060753950844528,0.49139351744008525,0.504789623624054
10472,2025-11-08 03:54:00,2025-11-03/2025-11-09,0.48590952443800617,0.49426969886720024,0.48426331936283307,0.49403525219376493
10474,2025-11-08 04:00:00,2025-11-03/2025-11-09,0.47499031612501275,0.49621857616356074,0.4729460842893706,0.49666449099405363
10475,2025-11-08 04:02:00,2025-11-03/2025-11-09,0.3582545434215644,0.36687788641509095,0.35876016623279866,0.36766446578701284
10476,2025-11-08 04:05:00,2025-11-03/2025-11-09,0.371301769151225,0.3798237050338309,0.3713164602130304,0.38105022262635013
10477,2025-11-08 04:08:00,2025-11-03/2025-11-09,0.2938094729206059,0.30406419078939184,0.28783421669184267,0.30021284133606324
10479,2025-11-08 04:10:00,2025-11-03/2025-11-09,0.448702884257711,0.4525212177104738,0.44605243617685286,0.4519681596849178
10481,2025-11-08 04:12:00,2025-11-03/2025-11-09,0.45611692973841783,0.47218226684683373,0.4491728072248286,0.46750670127586963
10482,2025-11-08 04:13:00,2025-11-03/2025-11-09,0.2882223326645359,0.301018213548822,0.28247825605032645,0.2973950999241125
10484,2025-11-08 04:15:00,2025-11-03/2025-11-09,0.44898305730935356,0.4657139882220903,0.4423974810096983,0.4612438127759536
10486,2025-11-08 04:17:00,2025-11-03/2025-11-09,0.45367869974427033,0.4699685440210341,0.4467856481579712,0.4653162983814886
10488,2025-11-08 04:19:00,2025-11-03/2025-11-09,0.289896569669684,0.2996175232911948,0.2841172482660759,0.2958411893388887
10490,2025-11-08 04:21:00,2025-11-03/2025-11-09,0.4553536096453913,0.47250844686556753,0.44874889180772587,0.46810194835291735
10492,2025-11-08 04:24:00,2025-11-03/2025-11-09,0.45995345375984786,0.47668451286495134,0.45325374710822114,0.47223484764662804
10494,2025-11-08 04:24:00,2025-11-03/2025-11-09,0.4543941695956169,0.47347796076653054,0.45125908514808055,0.4720531343678004
10496,2025-11-08 04:26:00,2025-11-03/2025-11-09,0.46379484167782153,0.47586251362480825,0.458081402063339,0.47327146592321473
10498,2025-11-08 04:27:00,2025-11-03/2025-11-09,0.4459726525261066,0.4500506186586874,0.4433752911300429,0.4495212684656744
10502,2025-11-08 04:30:00,2025-11-03/2025-11-09,0.4744154613648145,0.478551963503486,0.4748493595762211,0.4793424576258586
10504,2025-11-08 04:32:00,2025-11-03/2025-11-09,0.45838481824400096,0.47322189879704285,0.4510698862995465,0.46826297627584074
10507,2025-11-08 04:35:00,2025-11-03/2025-11-09,0.2808882523881462,0.29307477128720927,0.27509044407928684,0.2898015633833158
10515,2025-11-08 04:42:00,2025-11-03/2025-11-09,0.29461841995165705,0.22063873153535044,0.2887928056831032,0.21662797400302478
10518,2025-11-08 04:45:00,2025-11-03/2025-11-09,0.2770550421926804,0.28067720694567916,0.27396842782604774,0.2787879747539634
10525,2025-11-08 04:51:00,2025-11-03/2025-11-09,0.47434056545969683,0.49204985500227066,0.4708518112152793,0.4913388920534623
10526,2025-11-08 04:53:00,2025-11-03/2025-11-09,0.29204999999105924,0.3016002479948843,0.2862060199732643,0.29779105187141847
10530,2025-11-08 04:57:00,2025-11-03/2025-11-09,0.46553244180410475,0.48578507684991495,0.45938803330745603,0.4819452266918123
10533,2025-11-08 05:00:00,2025-11-03/2025-11-09,0.5464349758168449,0.5555993161564758,0.5414597901154763,0.5534358930337613
10536,2025-11-08 05:03:00,2025-11-03/2025-11-09,0.24147869156181906,0.2436789446625545,0.24227640287854985,0.24478584954821875
10539,2025-11-08 05:05:00,2025-11-03/2025-11-09,0.3572836320946288,0.3629967397230721,0.3554165627181753,0.3643629722929998
10547,2025-11-08 05:11:00,2025-11-03/2025-11-09,0.4436615015077875,0.4664962235353425,0.4382425100041765,0.46369679247404555
10572,2025-11-08 05:28:00,2025-11-03/2025-11-09,0.4709887987465679,0.4917052775522736,0.4677791183611951,0.4909804374593136
10594,2025-11-08 05:46:00,2025-11-03/2025-11-09,0.26699953135424415,0.27150728421766124,0.2641645680471133,0.2697413788983148
10604,2025-11-08 05:56:00,2025-11-03/2025-11-09,0.4256615548539277,0.4358857792236769,0.4224122314468197,0.43366780246001424
10605,2025-11-08 05:58:00,2025-11-03/2025-11-09,0.3032252046031917,0.3166918105081644,0.29828633859550013,0.3137798259152215
10612,2025-11-08 06:03:00,2025-11-03/2025-11-09,0.3696436610361726,0.3956268469705218,0.3710174943345657,0.3980236902558022
10617,2025-11-08 06:08:00,2025-11-03/2025-11-09,0.46820758594686024,0.4911844731320872,0.46536027664940594,0.4895514451244983
10627,2025-11-08 06:15:00,2025-11-03/2025-11-09,0.4686167521175867,0.4930913399938122,0.4665655825984312,0.49208901084959134
10642,2025-11-08 06:25:00,2025-11-03/2025-11-09,0.2804201184798177,0.28569600602666395,0.27888846142337154,0.2848428801970005
10655,2025-11-08 06:35:00,2025-11-03/2025-11-09,0.47400669945403295,0.4946730854796478,0.4730390758767627,0.49564742622143015
10660,2025-11-08 06:39:00,2025-11-03/2025-11-09,0.4413263834090124,0.4524891733154779,0.439773732302652,0.4514412642285503
10661,2025-11-08 06:41:00,2025-11-03/2025-11-09,0.5100193685759331,0.531180876047241,0.5077426822062471,0.5307055436910351
10663,2025-11-08 06:43:00,2025-11-03/2025-11-09,0.2531770260513276,0.2579381989350761,0.25112129478188366,0.25650852177632855
10671,2025-11-08 06:47:00,2025-11-03/2025-11-09,0.5604048308427116,0.5918638947522028,0.5605907967144453,0.5920414515723479
10691,2025-11-08 07:02:00,2025-11-03/2025-11-09,0.2801272055994274,0.28543111700748475,0.2786026617080573,0.28458113515259204
10709,2025-11-08 07:16:00,2025-11-03/2025-11-09,0.4282285148783083,0.44147161847935623,0.4259199263736493,0.4406120591679994
10736,2025-11-08 07:36:00,2025-11-03/2025-11-09,0.4124167959208542,0.4181570585127442,0.41359268326176946,0.41924745996460316
10746,2025-11-08 07:45:00,2025-11-03/2025-11-09,0.29109344203581305,0.30187202639516686,0.2865064712202659,0.29884976205757063
10751,2025-11-08 07:49:00,2025-11-03/2025-11-09,0.4545438143651813,0.47667123696920255,0.4500536366724601,0.47378619394609683
10761,2025-11-08 07:58:00,2025-11-03/2025-11-09,0.2814838480241621,0.2900094142525052,0.2808149517050824,0.28991309345355326
10772,2025-11-08 08:05:00,2025-11-03/2025-11-09,0.27852909835693157,0.28397021313088744,0.2770389451372426,0.28313650036699944
10781,2025-11-08 08:13:00,2025-11-03/2025-11-09,0.2794180967916263,0.2897800374664772,0.2793159205750997,0.29015408946153604
10787,2025-11-08 08:18:00,2025-11-03/2025-11-09,0.27666494195849173,0.2822653296009345,0.2752148234132932,0.28145057146216773
10790,2025-11-08 08:20:00,2025-11-03/2025-11-09,0.2765045048563461,0.2929749021313375,0.27182624184816906,0.29053530193154814
10800,2025-11-08 08:29:00,2025-11-03/2025-11-09,0.4723336946336674,0.4790670630819033,0.4748421407733747,0.4812069536801138
10805,2025-11-08 08:33:00,2025-11-03/2025-11-09,0.3338661661937503,0.3524065893565633,0.3322969128587257,0.35198667520779386
10807,2025-11-08 08:36:00,2025-11-03/2025-11-09,0.4088737988937589,0.414279196170054,0.4097590383055034,0.41600015463505596
10810,2025-11-08 08:40:00,2025-11-03/2025-11-09,0.2769637757831577,0.2825386876411691,0.27550724547357497,0.28172089267710115
10817,2025-11-08 08:46:00,2025-11-03/2025-11-09,0.5367801672075162,0.5553366350058477,0.5382946112845853,0.557852865121394
10821,2025-11-08 08:50:00,2025-11-03/2025-11-09,0.5280436953774268,0.5353250395801086,0.5231194567208952,0.5321010620349897
10822,2025-11-08 08:52:00,2025-11-03/2025-11-09,0.35926304362908684,0.36576125691250105,0.36017858513433293,0.36657940706110137
10824,2025-11-08 08:54:00,2025-11-03/2025-11-09,0.5040296545641566,0.4008097750828376,0.5015247561756959,0.3984600914997712
10826,2025-11-08 08:56:00,2025-11-03/2025-11-09,0.42028146386241,0.4296387547977386,0.42140976259274177,0.43136642204219716
10831,2025-11-08 09:00:00,2025-11-03/2025-11-09,0.2798500707427974,0.29699825108254063,0.2760152241032282,0.29520543276039274
10836,2025-11-08 09:06:00,2025-11-03/2025-11-09,0.46617063756661065,0.47735151015827043,0.46146466380942536,0.47527976231682373
10838,2025-11-08 09:09:00,2025-11-03/2025-11-09,0.27855063766055627,0.2839856699121333,0.27705881135852606,0.2831514964791232
10839,2025-11-08 09:12:00,2025-11-03/2025-11-09,0.46566123452386443,0.48427305704940815,0.4610839792269819,0.4812379646383201
10844,2025-11-08 09:20:00,2025-11-03/2025-11-09,0.3070516261837196,0.3196557571456421,0.3049240590263089,0.3188946850565515
10847,2025-11-08 09:25:00,2025-11-03/2025-11-09,0.3843872487602943,0.40279130298472804,0.38417030354205034,0.40315810030327814
10848,2025-11-08 09:27:00,2025-11-03/2025-11-09,0.35919451507137024,0.36996213185586735,0.3613720235985688,0.3718602861356021
10850,2025-11-08 09:34:00,2025-11-03/2025-11-09,0.2696847617475239,0.2791457903621681,0.26941221510207664,0.2792630951101847
10852,2025-11-08 09:37:00,2025-11-03/2025-11-09,0.28749532404466427,0.30257770497049513,0.28856898552382015,0.30419368239981043
10854,2025-11-08 09:39:00,2025-11-03/2025-11-09,0.26051388627981525,0.2674523384701293,0.2594051255447957,0.26680033561710514
10857,2025-11-08 09:48:00,2025-11-03/2025-11-09,0.4629506121304286,0.4787522439886474,0.4574529453688202,0.4749527232634584
10859,2025-11-08 09:53:00,2025-11-03/2025-11-09,0.3547912558188935,0.36169126925709794,0.3557843618830613,0.3625438578476422
10860,2025-11-08 09:54:00,2025-11-03/2025-11-09,0.3830826725407513,0.40703165466453584,0.381039948104024,0.40710870268658594
10864,2025-11-08 10:01:00,2025-11-03/2025-11-09,0.2784737257903336,0.28391947634300857,0.2769847323958781,0.28308632084943874
10865,2025-11-08 10:03:00,2025-11-03/2025-11-09,0.4444139882994611,0.461626403830571,0.438733051328795,0.459605708177907
10868,2025-11-08 10:05:00,2025-11-03/2025-11-09,0.29578421941876293,0.3101009643465583,0.2920217225740614,0.30783703937462015
10869,2025-11-08 10:09:00,2025-11-03/2025-11-09,0.20956156474074197,0.21416357729337313,0.2081715697722338,0.21437187377884007
10870,2025-11-08 10:12:00,2025-11-03/2025-11-09,0.48476848971151787,0.5104769283979443,0.48277420680042776,0.5108237334904501
10872,2025-11-08 10:20:00,2025-11-03/2025-11-09,0.37541461160076484,0.3886893706583859,0.3731286097175427,0.3873211058326911
10873,2025-11-08 10:22:00,2025-11-03/2025-11-09,0.36273452352262253,0.37610089010296344,0.3663581259650811,0.37915586604093127
10875,2025-11-08 10:23:00,2025-11-03/2025-11-09,0.3267522296124897,0.3353724015305165,0.33104208300759463,0.3378878296904286
10877,2025-11-08 10:34:00,2025-11-03/2025-11-09,0.2758387114304763,0.28859107624334696,0.2717629375640974,0.2858804429113548
10878,2025-11-08 10:40:00,2025-11-03/2025-11-09,0.3206327563187713,0.3353922146145133,0.31782350271110504,0.3354500465224265
10880,2025-11-08 10:42:00,2025-11-03/2025-11-09,0.45598942676250026,0.4734428613066547,0.4507462301584813,0.46983263946101345
10882,2025-11-08 10:44:00,2025-11-03/2025-11-09,0.3857513164957655,0.401429672534438,0.3886349167584686,0.40285595406159996
10884,2025-11-08 10:46:00,2025-11-03/2025-11-09,0.42126028233110835,0.43001144974690353,0.4211356335256245,0.43100386446476197
10885,2025-11-08 10:47:00,2025-11-03/2025-11-09,0.47222878039524663,0.4958427866471083,0.4696310808643359,0.494460626062309
10886,2025-11-08 10:50:00,2025-11-03/2025-11-09,0.2686188201326999,0.2748967938653523,0.2673404281828645,0.2741635412534147
10887,2025-11-08 10:51:00,2025-11-03/2025-11-09,0.2807788210424206,0.2860241342650022,0.27923952764323884,0.28516737239547774
10888,2025-11-08 10:53:00,2025-11-03/2025-11-09,0.30040773375121227,0.3063727087487575,0.3033698879856879,0.3076863034195055
10891,2025-11-08 10:55:00,2025-11-03/2025-11-09,0.3805901743219114,0.38714072426902296,0.3827351536246829,0.3904482717589004
10892,2025-11-08 10:57:00,2025-11-03/2025-11-09,0.4457998108549093,0.4664501317857187,0.4415310250611104,0.4655716688459235
10894,2025-11-08 10:59:00,2025-11-03/2025-11-09,0.2821482909712203,0.28935470472103375,0.2809836896939397,0.2888617602649269
10897,2025-11-08 11:02:00,2025-11-03/2025-11-09,0.5368203909851778,0.5553735492593549,0.5383343206346799,0.5578894469915618
10912,2025-11-08 11:13:00,2025-11-03/2025-11-09,0.4629381575484432,0.4848129215552301,0.46495919720812606,0.4871320544992489
10915,2025-11-08 11:15:00,2025-11-03/2025-11-09,0.4913185351816839,0.5015625396425454,0.4916143221222578,0.5026159378605112
10918,2025-11-08 11:17:00,2025-11-03/2025-11-09,0.4761696859828499,0.48253262023825716,0.4786084946289103,0.4846407682169387
10923,2025-11-08 11:21:00,2025-11-03/2025-11-09,0.44206462340573127,0.45316183545661254,0.44049863617732565,0.4521075171430695
10928,2025-11-08 11:26:00,2025-11-03/2025-11-09,0.2796349876731731,0.28498123560247307,0.27812104666313076,0.2841362672850028
10932,2025-11-08 11:29:00,2025-11-03/2025-11-09,0.44260755648025696,0.46318138748696336,0.4434895642582352,0.46497746389755695
10940,2025-11-08 11:36:00,2025-11-03/2025-11-09,0.26169131888342384,0.2685391780565512,0.26055925208984426,0.26787565343447806
10946,2025-11-08 11:41:00,2025-11-03/2025-11-09,0.4195634880548772,0.3872478071650666,0.41359194936850935,0.3814916874644362
10948,2025-11-08 11:43:00,2025-11-03/2025-11-09,0.4444466669780548,0.40922002746157593,0.4381406145540968,0.40327805405509365
10951,2025-11-08 11:46:00,2025-11-03/2025-11-09,0.2799083306643204,0.2852310690330362,0.27838850060974585,0.284383316420452
10969,2025-11-08 12:01:00,2025-11-03/2025-11-09,0.27278842826113775,0.2531841551032713,0.2676748727989467,0.24825232199423178
10971,2025-11-08 12:03:00,2025-11-03/2025-11-09,0.26941789067230626,0.27988761924146777,0.26673757876077175,0.27854231475276775
10976,2025-11-08 12:10:00,2025-11-03/2025-11-09,0.4783556638038887,0.4946697488067885,0.477488286578376,0.49529204754481315
10977,2025-11-08 12:11:00,2025-11-03/2025-11-09,0.4319765070010381,0.4484454727060454,0.42990365067223535,0.4487971861980725
10978,2025-11-08 12:16:00,2025-11-03/2025-11-09,0.25348685242165436,0.2647335071199484,0.2514678760810135,0.26372601420217284
10981,2025-11-08 12:21:00,2025-11-03/2025-11-09,0.40082207088369654,0.4245783994816834,0.39728595686122803,0.4233374097859819
10983,2025-11-08 12:22:00,2025-11-03/2025-11-09,0.34571611438572014,0.3601757775789015,0.3460461985936638,0.36103424893784003
10986,2025-11-08 12:26:00,2025-11-03/2025-11-09,0.27460191212934976,0.2863565646879135,0.27247950497686074,0.28548997476349175
10990,2025-11-08 12:30:00,2025-11-03/2025-11-09,0.3026954404760355,0.33319375109443666,0.29938557910883246,0.33178550199480955
10992,2025-11-08 12:33:00,2025-11-03/2025-11-09,0.30441183654599363,0.3361946023407684,0.3015622396096703,0.3351885097795768
10994,2025-11-08 12:35:00,2025-11-03/2025-11-09,0.43457214530801713,0.45113403161025806,0.43177123988636573,0.44960864488441094
10995,2025-11-08 12:37:00,2025-11-03/2025-11-09,0.43785838636722707,0.4620362475082897,0.434212166226994,0.4611975662942189
10997,2025-11-08 12:52:00,2025-11-03/2025-11-09,0.2042737504516048,0.22013904404330842,0.20022848629592788,0.2190250467652165
11013,2025-11-08 13:13:00,2025-11-03/2025-11-09,0.306656445947449,0.33974116122455655,0.3049754354661904,0.3396487429401251
11016,2025-11-08 13:19:00,2025-11-03/2025-11-09,0.4522610880058933,0.46569574625712634,0.4537300901514392,0.4674610864800629
11017,2025-11-08 13:24:00,2025-11-03/2025-11-09,0.43439105365799635,0.4509694223197775,0.4315938112654605,0.44944569778807014
11018,2025-11-08 13:28:00,2025-11-03/2025-11-09,0.4160068391496635,0.43568808757025146,0.41374371297224694,0.4345288196695668
11020,2025-11-08 13:32:00,2025-11-03/2025-11-09,0.20266170467663827,0.2099915550682886,0.2000116494244999,0.2094906545851421
11022,2025-11-08 13:34:00,2025-11-03/2025-11-09,0.45814872565519926,0.47795739898487405,0.4531831141045417,0.4762040892794315
11023,2025-11-08 13:35:00,2025-11-03/2025-11-09,0.4636204540375277,0.4759951922665058,0.4648861264441552,0.47766779508359214
11024,2025-11-08 13:36:00,2025-11-03/2025-11-09,0.3472349750569881,0.3592331632032245,0.34708286719269965,0.35964926998729313
11026,2025-11-08 13:41:00,2025-11-03/2025-11-09,0.46170888265126464,0.47426390540712204,0.46300917901781785,0.47595227362131
11027,2025-11-08 13:42:00,2025-11-03/2025-11-09,0.3770324694796624,0.3939307860582863,0.35921126968081896,0.38146760279806896
11028,2025-11-08 13:50:00,2025-11-03/2025-11-09,0.2700678361755246,0.2801031766787471,0.2676572439452273,0.27891331317702106
11029,2025-11-08 13:52:00,2025-11-03/2025-11-09,0.45622051808344305,0.4751986072177262,0.4511793477858517,0.4733365681033218
11036,2025-11-08 14:06:00,2025-11-03/2025-11-09,0.29100177306888464,0.3123967620449308,0.2870167329412294,0.31039877554213763
11037,2025-11-08 14:08:00,2025-11-03/2025-11-09,0.20586491436967622,0.21538856400006903,0.20434825228264908,0.21582189243815167
11039,2025-11-08 14:12:00,2025-11-03/2025-11-09,0.4800603418786022,0.505796866415197,0.4789120433929442,0.5060980128391294
11040,2025-11-08 14:14:00,2025-11-03/2025-11-09,0.25346868260302224,0.26471592240017366,0.25144993730519816,0.263708589394113
11041,2025-11-08 14:16:00,2025-11-03/2025-11-09,0.2535136919457123,0.2647619577893964,0.25149506830834606,0.26375436801216684
11042,2025-11-08 14:18:00,2025-11-03/2025-11-09,0.2687029736908118,0.24696438416584127,0.26208713790650817,0.24099210700732782
11043,2025-11-08 14:21:00,2025-11-03/2025-11-09,0.3004095218635056,0.3296815908956946,0.2970105714813535,0.3281243486020847
11044,2025-11-08 14:23:00,2025-11-03/2025-11-09,0.2824643039378668,0.2936286606003292,0.2825774697205817,0.29549076732407076
11051,2025-11-08 14:31:00,2025-11-03/2025-11-09,0.2185683870517153,0.23295693084003363,0.21298112092692845,0.23087814916188565
11052,2025-11-08 14:35:00,2025-11-03/2025-11-09,0.2963345648473977,0.31832839812192887,0.29318057522710383,0.31698616773440963
11057,2025-11-08 14:38:00,2025-11-03/2025-11-09,0.2719274408497136,0.2818210739026185,0.2694723989061702,0.2806106411479174
11061,2025-11-08 14:41:00,2025-11-03/2025-11-09,0.27195714728999243,0.2818488842406852,0.26950150073151047,0.280638143878906
11066,2025-11-08 14:44:00,2025-11-03/2025-11-09,0.34737355002396586,0.3593603462277822,0.3472188883788943,0.3597753265419208
11069,2025-11-08 14:47:00,2025-11-03/2025-11-09,0.5526063099034171,0.5746861843463323,0.5534586602854848,0.5748059754796021
11071,2025-11-08 14:49:00,2025-11-03/2025-11-09,0.3412326199226162,0.363883052957036,0.33726370979479675,0.36428962302603934
11073,2025-11-08 14:50:00,2025-11-03/2025-11-09,0.43482799292594276,0.4513677333613953,0.43202224318133803,0.449840065679858
11075,2025-11-08 14:52:00,2025-11-03/2025-11-09,0.40197835237063373,0.41375755396339736,0.4016302390989969,0.41458577494766374
11079,2025-11-08 14:55:00,2025-11-03/2025-11-09,0.4791166426533122,0.49535844561667036,0.4782352168678585,0.4959742988362448
11081,2025-11-08 14:57:00,2025-11-03/2025-11-09,0.2732431112328601,0.28343182095161074,0.27063518622022253,0.28215424530782524
11085,2025-11-08 15:01:00,2025-11-03/2025-11-09,0.4340016910326859,0.4506140854459671,0.4312119251121868,0.4490938544850925
11087,2025-11-08 15:02:00,2025-11-03/2025-11-09,0.30705306400225524,0.3281947816608572,0.3076440329445923,0.3290738338671718
11089,2025-11-08 15:07:00,2025-11-03/2025-11-09,0.4341164855655846,0.4954945404080422,0.43132438142451274,0.4926356004274959
11090,2025-11-08 15:19:00,2025-11-03/2025-11-09,0.34969491738481007,0.3672803842216651,0.3489869803058807,0.36867666418117595
11092,2025-11-08 15:24:00,2025-11-03/2025-11-09,0.4447316172497477,0.4670118412314316,0.43822277898578244,0.4628394234321925
11095,2025-11-08 15:30:00,2025-11-03/2025-11-09,0.37443445015900495,0.39928747551733135,0.3743833694785651,0.40015405226607975
11097,2025-11-08 15:34:00,2025-11-03/2025-11-09,0.2698502359995183,0.28845339070840625,0.26529017447389014,0.2873380367314969
11098,2025-11-08 15:35:00,2025-11-03/2025-11-09,0.43119152606734223,0.45918556602409494,0.42727048982696747,0.4594564283974163
11105,2025-11-08 16:01:00,2025-11-03/2025-11-09,0.27291433176811375,0.2831289837480902,0.2703146349336825,0.2818551352200959
11106,2025-11-08 16:04:00,2025-11-03/2025-11-09,0.37894612644977027,0.3927164901994052,0.37902219600395354,0.39372665114784366
11108,2025-11-08 16:16:00,2025-11-03/2025-11-09,0.27083434999459477,0.2808137793342954,0.2684061135842978,0.27961557234387296
11109,2025-11-08 16:21:00,2025-11-03/2025-11-09,0.5431019734250314,0.5661914297823806,0.5441316450908693,0.5663916574532777
11115,2025-11-08 16:59:00,2025-11-03/2025-11-09,0.2664775496108432,0.2867329705399806,0.2628671348065525,0.28471498977307996
11116,2025-11-08 17:02:00,2025-11-03/2025-11-09,0.5328682931879885,0.5419143901496797,0.5316546234250907,0.5426650926622575
11120,2025-11-08 17:14:00,2025-11-03/2025-11-09,0.5620141569593019,0.5760493617064343,0.5673769153781529,0.5777189435239859
11123,2025-11-08 17:28:00,2025-11-03/2025-11-09,0.2541963152467916,0.2685773102608718,0.25298874095323554,0.2682918360824928
11124,2025-11-08 17:29:00,2025-11-03/2025-11-09,0.4514586374964448,0.4741548926407193,0.4451306515673737,0.47018067576022426
11131,2025-11-08 18:41:00,2025-11-03/2025-11-09,0.324829575733126,0.35586727242232447,0.3226765606864456,0.3551126292667934
11132,2025-11-08 18:44:00,2025-11-03/2025-11-09,0.5018270891149078,0.5161768098537182,0.5008190188791288,0.516395747363827
11134,2025-11-08 18:57:00,2025-11-03/2025-11-09,0.4664920951315106,0.49317696519257337,0.46134738865906233,0.4899251917590186
11136,2025-11-08 19:15:00,2025-11-03/2025-11-09,0.2913630383925511,0.2661214001074454,0.28874133370190647,0.26421303269358515
11141,2025-11-08 20:25:00,2025-11-03/2025-11-09,0.4579500375165015,0.4829701099803508,0.45751724818049144,0.481241538508831
11142,2025-11-08 20:27:00,2025-11-03/2025-11-09,0.33359095067952305,0.3468229934582776,0.33591963770249605,0.34906082466329624
11143,2025-11-08 20:29:00,2025-11-03/2025-11-09,0.38658100506346704,0.39551143042772474,0.3865497688804435,0.3972877541265917
11148,2025-11-10 21:28:00,2025-11-10/2025-11-16,0.522642994315039,0.5314785400085592,0.5189081680614682,0.5307905878704732
11149,2025-11-10 21:39:00,2025-11-10/2025-11-16,0.2522354421158402,0.2540394658256548,0.25123623984320104,0.25502935398233745
11150,2025-11-10 22:48:00,2025-11-10/2025-11-16,0.46032868462793713,0.47353988968169763,0.4588582271264187,0.4740250682899725
11151,2025-11-10 22:51:00,2025-11-10/2025-11-16,0.32500131128068455,0.33191179643248825,0.32022784444013075,0.32969239085037944
11153,2025-11-11 00:07:00,2025-11-10/2025-11-16,0.43892095634837236,0.39521865081698254,0.43414737862554736,0.3893815183479557
11160,2025-11-11 04:08:00,2025-11-10/2025-11-16,0.46834295328432185,0.4717950793581473,0.46707174313506994,0.4716439357363803
11161,2025-11-11 04:09:00,2025-11-10/2025-11-16,0.43620794693038717,0.43937426797970025,0.43869764768283265,0.44268337656219703
11162,2025-11-11 04:10:00,2025-11-10/2025-11-16,0.3575471872003624,0.35625980497803816,0.35460040848519186,0.354828221066889
11164,2025-11-11 04:40:00,2025-11-10/2025-11-16,0.2878383384695027,0.29214626427078333,0.28675062322204475,0.29151569852119175
11166,2025-11-11 05:41:00,2025-11-10/2025-11-16,0.5391375597143898,0.5382300816084612,0.5388193522437168,0.5381380027574105
11167,2025-11-11 05:42:00,2025-11-10/2025-11-16,0.49619965954211087,0.4794369210201658,0.49567229889906905,0.47408534941731423
11168,2025-11-11 05:53:00,2025-11-10/2025-11-16,0.2891264721982967,0.2881090309938402,0.28548067262097154,0.2855007655300084
11174,2025-11-11 07:50:00,2025-11-10/2025-11-16,0.47571015568567,0.4750444967788411,0.4768595180752781,0.47861435261443785
11175,2025-11-11 07:58:00,2025-11-10/2025-11-16,0.2743768806455548,0.2392792483694001,0.2759007693166921,0.23743395738789724
11176,2025-11-11 08:13:00,2025-11-10/2025-11-16,0.36629804651466236,0.3703108288480216,0.3665006105510123,0.3712607952928822
11177,2025-11-11 08:25:00,2025-11-10/2025-11-16,0.4484888391472881,0.4548430762992556,0.44972965667338244,0.4564205391268173
11184,2025-11-11 09:06:00,2025-11-10/2025-11-16,0.4227944983721065,0.43112455789167775,0.42433155964524927,0.4333204857219907
11187,2025-11-11 09:35:00,2025-11-10/2025-11-16,0.5362515571501837,0.538847165228019,0.5369758329226848,0.5398582061905873
11188,2025-11-11 09:50:00,2025-11-10/2025-11-16,0.2691575545471723,0.23402762582802591,0.2698882683833915,0.23171502626782275
11189,2025-11-11 09:54:00,2025-11-10/2025-11-16,0.49707274352531444,0.506526875913957,0.49746843147692044,0.5075924405993489
11191,2025-11-11 10:03:00,2025-11-10/2025-11-16,0.3607988636845098,0.3653247273605219,0.361012651943073,0.36651496931823857
11193,2025-11-11 10:36:00,2025-11-10/2025-11-16,0.346909540877087,0.32339170608145107,0.3485220334678242,0.3203980733865834
11195,2025-11-11 10:43:00,2025-11-10/2025-11-16,0.4305062635570771,0.3844412948672972,0.43076997106599596,0.3819928477300757
11197,2025-11-11 11:18:00,2025-11-10/2025-11-16,0.448884766421119,0.4549684098688305,0.45000669537648963,0.45648632375632964
11201,2025-11-11 12:08:00,2025-11-10/2025-11-16,0.4829646156891663,0.4947398770990595,0.4827089583818189,0.49545120918983665
11202,2025-11-11 12:09:00,2025-11-10/2025-11-16,0.4721741811363234,0.48354894018415495,0.4703873392947638,0.4834681199998166
11204,2025-11-11 12:39:00,2025-11-10/2025-11-16,0.451783124444888,0.46350013807348733,0.4508916067317696,0.46420787389047646
11208,2025-11-11 13:23:00,2025-11-10/2025-11-16,0.413485114572046,0.3718180448917504,0.4128876746001882,0.36904828171810755
11209,2025-11-11 13:40:00,2025-11-10/2025-11-16,0.4618223320361932,0.46932367207217185,0.4575360838555175,0.4696658139445684
11211,2025-11-11 13:42:00,2025-11-10/2025-11-16,0.4248760789459154,0.43363261660017416,0.4251362911788468,0.43660196972425197
11212,2025-11-11 13:48:00,2025-11-10/2025-11-16,0.2655802155249957,0.2733381930412522,0.26289646320553434,0.2719640169933635
11215,2025-11-11 15:44:00,2025-11-10/2025-11-16,0.5430189944004823,0.5543115999806717,0.5454824914571801,0.5545177139665134
11219,2025-11-11 16:56:00,2025-11-10/2025-11-16,0.39985940716564355,0.40758293904967113,0.40140509617640746,0.40909455506286163
11220,2025-11-11 17:08:00,2025-11-10/2025-11-16,0.3313925145011678,0.2915759000613023,0.33211629265284054,0.28946851857775835
11222,2025-11-11 17:33:00,2025-11-10/2025-11-16,0.43553569819242993,0.4449050418599514,0.43717025201102566,0.44695492587698243
11228,2025-11-11 18:31:00,2025-11-10/2025-11-16,0.35401906183412934,0.36945476031572233,0.3539847202790336,0.37015089710132243
11230,2025-11-11 18:36:00,2025-11-10/2025-11-16,0.37164924903815766,0.3797423990124173,0.37102421072226094,0.3802918236601256
11232,2025-11-11 18:47:00,2025-11-10/2025-11-16,0.45565870168809086,0.4155114144203145,0.4586319558084655,0.4151614943054196
11237,2025-11-11 19:21:00,2025-11-10/2025-11-16,0.3378819777203269,0.33608645621907174,0.3378347130562649,0.3359785562462614
11241,2025-11-11 20:06:00,2025-11-10/2025-11-16,0.40418247057149065,0.3707664295720666,0.4023489781363685,0.36697798181035024
11243,2025-11-11 21:35:00,2025-11-10/2025-11-16,0.35079031219014706,0.330427402085546,0.3512298309212346,0.3265166368877365
11247,2025-11-11 22:22:00,2025-11-10/2025-11-16,0.5894168443732414,0.5635592563248303,0.5857583894142835,0.5572502605448046
11257,2025-11-12 04:02:00,2025-11-10/2025-11-16,0.3793754430070464,0.3814686597415741,0.3778181413068436,0.3800369159772352
11258,2025-11-12 04:06:00,2025-11-10/2025-11-16,0.5394832711387837,0.541295840490309,0.5364967454712868,0.5401349005833044
11261,2025-11-12 04:08:00,2025-11-10/2025-11-16,0.42952467990465065,0.433527252984794,0.4280798804088183,0.43323371143784695
11262,2025-11-12 04:38:00,2025-11-10/2025-11-16,0.6135493164972977,0.6049029922371971,0.6165230434742212,0.6066455520300297
11263,2025-11-12 05:51:00,2025-11-10/2025-11-16,0.5441484557734649,0.5482587790110214,0.5426050983550893,0.548045690036583
11265,2025-11-12 07:01:00,2025-11-10/2025-11-16,0.5479481923937919,0.5538798265096387,0.5471492818925827,0.5544638131970553
11266,2025-11-12 07:02:00,2025-11-10/2025-11-16,0.45510100053739005,0.454953148535276,0.4545025131642133,0.4551645216774466
11268,2025-11-12 07:56:00,2025-11-10/2025-11-16,0.5958857599012785,0.5936888439014699,0.5978518937853936,0.5930316092767113
11270,2025-11-12 08:25:00,2025-11-10/2025-11-16,0.5303365595666565,0.528523588931406,0.5321744433455593,0.5307266266591947
11271,2025-11-12 08:39:00,2025-11-10/2025-11-16,0.37907545358363254,0.3738294704594143,0.3833552256393022,0.37813110509042236
11272,2025-11-12 08:43:00,2025-11-10/2025-11-16,0.42896350740609984,0.34697300466283443,0.43155219027346675,0.34937629007639154
11273,2025-11-12 08:47:00,2025-11-10/2025-11-16,0.5598048377153765,0.5608545424325418,0.5585066356822406,0.5607178599442332
11274,2025-11-12 09:18:00,2025-11-10/2025-11-16,0.43753283580928115,0.3499308592570655,0.4419694822453333,0.3525508315170257
11275,2025-11-12 09:20:00,2025-11-10/2025-11-16,0.4307711892230379,0.4309411845645136,0.43570388390902004,0.43512463059634787
11278,2025-11-12 09:45:00,2025-11-10/2025-11-16,0.39856444924094064,0.32057103091992295,0.3991741592926194,0.32194851041592
11284,2025-11-12 10:33:00,2025-11-10/2025-11-16,0.38211765193321867,0.3904063353965515,0.38219996229501046,0.39192007230285664
11285,2025-11-12 10:35:00,2025-11-10/2025-11-16,0.3808897634187458,0.38223127819190905,0.38493077937064984,0.38696763794402406
11287,2025-11-12 10:59:00,2025-11-10/2025-11-16,0.6027166974713467,0.6030070292826811,0.6082446991611833,0.6080514131344622
11293,2025-11-12 11:17:00,2025-11-10/2025-11-16,0.5494284677248585,0.5107541548010593,0.5493877758976553,0.5077978836378783
11298,2025-11-12 11:49:00,2025-11-10/2025-11-16,0.5761405597060253,0.5776894736830778,0.5809146536915113,0.5812702113380166
11300,2025-11-12 11:50:00,2025-11-10/2025-11-16,0.5915980807189465,0.5958272976764288,0.5955009466818774,0.5998054362215276
11302,2025-11-12 11:57:00,2025-11-10/2025-11-16,0.4915236043646314,0.49655709714243673,0.49388228810943224,0.4983054838598855
11304,2025-11-12 12:06:00,2025-11-10/2025-11-16,0.5048920581373432,0.5072193904232666,0.5085311006226689,0.5102656686757107
11307,2025-11-12 12:39:00,2025-11-10/2025-11-16,0.5395877645993765,0.5472068146633416,0.5431572826558599,0.5504670134179043
11309,2025-11-12 12:53:00,2025-11-10/2025-11-16,0.4097421673670832,0.4157711187060763,0.41363148596913,0.4195777280303312
11314,2025-11-12 13:33:00,2025-11-10/2025-11-16,0.5524162670988433,0.4779175016321731,0.5552495070980626,0.47832838429204116
11315,2025-11-12 13:51:00,2025-11-10/2025-11-16,0.5939970294532587,0.5051590632009374,0.5988709880718794,0.5081499519417488
11316,2025-11-12 14:31:00,2025-11-10/2025-11-16,0.3472520868613318,0.34736870413217497,0.3482018763538518,0.3479016560884092
11317,2025-11-12 15:16:00,2025-11-10/2025-11-16,0.4158846769079518,0.4177942658906982,0.4183722239649789,0.4203735491534965
11324,2025-11-12 16:43:00,2025-11-10/2025-11-16,0.5144799549979853,0.5226767731252366,0.5114074088021136,0.5220784004796082
11325,2025-11-12 17:05:00,2025-11-10/2025-11-16,0.3470788027377911,0.2525076732794181,0.348559941620588,0.25249991919388004
11326,2025-11-12 17:10:00,2025-11-10/2025-11-16,0.42007664785719184,0.37897637334243983,0.42385476786667425,0.37846325474401454
11327,2025-11-12 17:19:00,2025-11-10/2025-11-16,0.4962483804372284,0.45341861207507156,0.49689671517258316,0.45101800262197655
11329,2025-11-12 18:10:00,2025-11-10/2025-11-16,0.5617379076008102,0.5708415041310153,0.5600348449222172,0.5705902987808427
11330,2025-11-12 18:41:00,2025-11-10/2025-11-16,0.5967434945488563,0.6056047385987563,0.5954826181435715,0.6073755252499913
11342,2025-11-12 19:54:00,2025-11-10/2025-11-16,0.5508646739835666,0.5630402788581724,0.5494932858333195,0.5634006406360635
11344,2025-11-12 20:17:00,2025-11-10/2025-11-16,0.5725493993332813,0.5633414492731038,0.5703900538393605,0.5573783704745664
11345,2025-11-12 20:37:00,2025-11-10/2025-11-16,0.5808472300636021,0.5698234374131269,0.5792121278171906,0.5660482336141874
11346,2025-11-12 20:43:00,2025-11-10/2025-11-16,0.5868019769918084,0.5841332890555707,0.5853655540312496,0.581273870835069
11349,2025-11-12 21:38:00,2025-11-10/2025-11-16,0.6794155224616921,0.6975135444952613,0.6780717155276279,0.6965474720445197
11352,2025-11-12 22:14:00,2025-11-10/2025-11-16,0.6203434982744944,0.5151628733296805,0.6208570692022264,0.5147255191909533
11354,2025-11-12 22:17:00,2025-11-10/2025-11-16,0.353269357370303,0.3809728459018862,0.3558903090378333,0.3815700774967939
11355,2025-11-12 22:18:00,2025-11-10/2025-11-16,0.4967986726539032,0.497584480416957,0.5007534755631057,0.49996584712238834
11362,2025-11-12 23:28:00,2025-11-10/2025-11-16,0.6151978551039131,0.5716645620304172,0.6170947168305186,0.5720762995079302
11367,2025-11-13 02:00:00,2025-11-10/2025-11-16,0.2730569095782303,0.2738782952888488,0.27275163583540213,0.2731866801839536
11370,2025-11-13 04:03:00,2025-11-10/2025-11-16,0.2910796652587434,0.3259714981148189,0.29200315689152995,0.323382943326337
11371,2025-11-13 04:04:00,2025-11-10/2025-11-16,0.3059099706809865,0.30936040022792477,0.30331863368411865,0.30698666710037986
11372,2025-11-13 04:06:00,2025-11-10/2025-11-16,0.514574476615358,0.47979453012302975,0.5150438432390048,0.47599746913129753
11373,2025-11-13 04:07:00,2025-11-10/2025-11-16,0.5116777223496898,0.5207594231212066,0.5078819652736374,0.5218510978958064
11387,2025-11-13 04:18:00,2025-11-10/2025-11-16,0.515485542943595,0.4800895679821854,0.5159838712906918,0.4762781275420891
11397,2025-11-13 04:26:00,2025-11-10/2025-11-16,0.44859577755758273,0.45654996058254893,0.4449163812145819,0.4548307597359586
11398,2025-11-13 04:48:00,2025-11-10/2025-11-16,0.41537200183191564,0.4293267309711864,0.4190355604577986,0.43106810799486356
11399,2025-11-13 04:49:00,2025-11-10/2025-11-16,0.5052320459987012,0.5157930473258453,0.5050378269636947,0.5158290480717198
11403,2025-11-13 06:23:00,2025-11-10/2025-11-16,0.4976236889569284,0.5037187782286601,0.5019783638452451,0.5068549004907769
11404,2025-11-13 06:31:00,2025-11-10/2025-11-16,0.44761197585139256,0.4509608444490825,0.4489347085189923,0.452652948180721
11405,2025-11-13 06:41:00,2025-11-10/2025-11-16,0.30560647764210036,0.31000145319718375,0.306493368748958,0.3112178511094876
11407,2025-11-13 07:07:00,2025-11-10/2025-11-16,0.29332033536934926,0.3035548869592696,0.2923867405073054,0.30280495103479416
11412,2025-11-13 09:32:00,2025-11-10/2025-11-16,0.46302539314570196,0.47766578053969144,0.4639679396302285,0.4795645021985512
11415,2025-11-13 11:09:00,2025-11-10/2025-11-16,0.4636853047663288,0.4736870213668992,0.4615596262588314,0.47338550445301303
11416,2025-11-13 11:32:00,2025-11-10/2025-11-16,0.29614001317228505,0.30435007865907443,0.2945605067294666,0.30314346833751044
11420,2025-11-13 11:59:00,2025-11-10/2025-11-16,0.5261704927221016,0.44567568799903384,0.5272620379225669,0.44554857925658375
11422,2025-11-13 12:15:00,2025-11-10/2025-11-16,0.47893277199764095,0.4915403516390229,0.48364753931439647,0.4952867068460831
11424,2025-11-13 13:27:00,2025-11-10/2025-11-16,0.28539511634701664,0.29515038153349704,0.2830612736439809,0.29345339349975863
11426,2025-11-13 14:00:00,2025-11-10/2025-11-16,0.5093654476128161,0.47432779552546817,0.5083983867594513,0.4700781940315916
11429,2025-11-13 14:41:00,2025-11-10/2025-11-16,0.4168609980062338,0.43418687879081697,0.41779627937925173,0.43557102114450647
11432,2025-11-13 15:49:00,2025-11-10/2025-11-16,0.4075742180393768,0.4262837476702132,0.409021988684397,0.42861321202724506
11433,2025-11-13 15:51:00,2025-11-10/2025-11-16,0.44903804462614993,0.4862660220614191,0.4463369230151166,0.4838942152177426
11435,2025-11-13 16:12:00,2025-11-10/2025-11-16,0.26313758741140325,0.26888940529000954,0.26322448534084736,0.2688579207276448
11436,2025-11-13 16:15:00,2025-11-10/2025-11-16,0.24252859795694914,0.24760648880792324,0.24446881066932835,0.2511481972145387
11437,2025-11-13 16:20:00,2025-11-10/2025-11-16,0.3908135690377716,0.3997311720794968,0.39294536775787525,0.4026420723502652
11438,2025-11-13 16:25:00,2025-11-10/2025-11-16,0.28084786430050007,0.32880496031613105,0.278946574352689,0.3249567791994263
11447,2025-11-13 18:13:00,2025-11-10/2025-11-16,0.4737429857558701,0.48528689076752735,0.4741062209497952,0.4873919726449411
11449,2025-11-13 18:28:00,2025-11-10/2025-11-16,0.47228013545239494,0.4845011783748779,0.46927160255328304,0.48310094075514914
11452,2025-11-13 18:39:00,2025-11-10/2025-11-16,0.2931371864301026,0.3054122161316597,0.29039783659138635,0.3034436994162019
11453,2025-11-13 19:15:00,2025-11-10/2025-11-16,0.2992226732833614,0.30400410674204403,0.30111500685110326,0.3000239851899551
11456,2025-11-13 19:56:00,2025-11-10/2025-11-16,0.5056202174045024,0.561337093714055,0.5036642020543388,0.5594680071120242
11457,2025-11-13 20:20:00,2025-11-10/2025-11-16,0.5353475416827507,0.5477800720554342,0.5348384767287989,0.5477541059119593
11463,2025-11-13 20:52:00,2025-11-10/2025-11-16,0.6163855991261856,0.6510027428996482,0.6168545786686832,0.6553598348633829
11469,2025-11-13 23:11:00,2025-11-10/2025-11-16,0.46381448609820075,0.4803235257811709,0.467682989593715,0.4825051298373944
11470,2025-11-13 23:23:00,2025-11-10/2025-11-16,0.5640660267887727,0.5736548809529712,0.5662794183459715,0.5742355680698586
11472,2025-11-13 23:31:00,2025-11-10/2025-11-16,0.3406629283342643,0.3458020344901503,0.34401375325583383,0.34943700212248935
11473,2025-11-13 23:35:00,2025-11-10/2025-11-16,0.2882500148824032,0.2963221502961361,0.2901337547990926,0.2975966253324223
11476,2025-11-14 00:34:00,2025-11-10/2025-11-16,0.28849322476374717,0.2909904515967807,0.2871449889270488,0.2900551700182674
11477,2025-11-14 01:11:00,2025-11-10/2025-11-16,0.33422862903933775,0.3406883802008658,0.32903316310933034,0.3374808100439578
11478,2025-11-14 01:35:00,2025-11-10/2025-11-16,0.44557009560856564,0.4492866613340509,0.44323963583051884,0.44704267459311786
11499,2025-11-14 03:10:00,2025-11-10/2025-11-16,0.3334619812889144,0.2994093462361394,0.33258596230500664,0.2961518628245277
11521,2025-11-14 04:05:00,2025-11-10/2025-11-16,0.45024251084001754,0.4127044514186021,0.44629188527606295,0.406369676249422
11522,2025-11-14 04:06:00,2025-11-10/2025-11-16,0.49608039362004586,0.5026683225941891,0.49347565550410477,0.5003673851114312
11523,2025-11-14 04:07:00,2025-11-10/2025-11-16,0.30846841989994245,0.32199248949129844,0.3081646145214558,0.32109913163158177
11534,2025-11-14 05:01:00,2025-11-10/2025-11-16,0.27584116140959936,0.27991081015108443,0.2716458597384274,0.276285561033676
11537,2025-11-14 05:46:00,2025-11-10/2025-11-16,0.343310521529389,0.34558241781324517,0.34501278007691594,0.3465771768184318
11538,2025-11-14 06:11:00,2025-11-10/2025-11-16,0.28438097318574307,0.2910465235363011,0.28154318676458195,0.2884998670960398
11540,2025-11-14 06:22:00,2025-11-10/2025-11-16,0.4289841714911258,0.44325563860432343,0.42678641135528544,0.44295244187110894
11541,2025-11-14 06:46:00,2025-11-10/2025-11-16,0.2818616498709564,0.2825558162401416,0.28206346813784505,0.28187335902341876
11545,2025-11-14 07:59:00,2025-11-10/2025-11-16,0.4376790044873332,0.44712395851327463,0.43383780729309274,0.4451311064308706
11546,2025-11-14 08:16:00,2025-11-10/2025-11-16,0.41687807795407583,0.43255960801190857,0.4135846444588414,0.4315958341853195
11550,2025-11-14 08:53:00,2025-11-10/2025-11-16,0.2714630056852728,0.27536331942684206,0.27268906010148614,0.27562697145937626
11551,2025-11-14 08:56:00,2025-11-10/2025-11-16,0.410572407158065,0.41610296957457893,0.4100119677131327,0.41637435692182395
11555,2025-11-14 09:31:00,2025-11-10/2025-11-16,0.5010452672323347,0.5099477874765561,0.5034558068961656,0.5122883179760542
11556,2025-11-14 10:13:00,2025-11-10/2025-11-16,0.40341453420406403,0.373784335647245,0.40299982798080075,0.3704882934149893
11557,2025-11-14 10:14:00,2025-11-10/2025-11-16,0.43954792208559273,0.45291878313028505,0.438282731795586,0.4528944010089759
11560,2025-11-14 10:28:00,2025-11-10/2025-11-16,0.48505823886857036,0.48895429526802625,0.48737820992356173,0.4901026592153623
11561,2025-11-14 10:33:00,2025-11-10/2025-11-16,0.298726800861955,0.2676153413061688,0.29666750477255355,0.26249960486726204
11563,2025-11-14 11:00:00,2025-11-10/2025-11-16,0.27703540642009694,0.2839032770881967,0.2739585126142835,0.28127140006589507
11564,2025-11-14 11:05:00,2025-11-10/2025-11-16,0.2792216753319961,0.29163868877098004,0.2785047134595458,0.2908299991718262
11567,2025-11-14 11:17:00,2025-11-10/2025-11-16,0.2995841906468322,0.3070579975562402,0.2979376632628456,0.3052372192245002
11568,2025-11-14 11:23:00,2025-11-10/2025-11-16,0.4464075548796906,0.48303375822623373,0.44386593523144463,0.48040042661668025
11570,2025-11-14 11:28:00,2025-11-10/2025-11-16,0.29727388956151085,0.301727371139198,0.29750545921362614,0.3019867431846565
11571,2025-11-14 11:30:00,2025-11-10/2025-11-16,0.27729226710785915,0.28413227326992957,0.27422012172320176,0.28150104257566694
11573,2025-11-14 11:33:00,2025-11-10/2025-11-16,0.4663212232266056,0.4770465967454356,0.464943530766043,0.47610432802903074
11592,2025-11-14 12:13:00,2025-11-10/2025-11-16,0.38873282337389037,0.3979408256022471,0.3870945453647939,0.397726018505755
11593,2025-11-14 12:16:00,2025-11-10/2025-11-16,0.45893864552620306,0.4687285261671023,0.4557122859511677,0.46669265610582644
11594,2025-11-14 12:35:00,2025-11-10/2025-11-16,0.40738152705577585,0.42216573593749246,0.40511900039924,0.4208544362065273
11596,2025-11-14 12:51:00,2025-11-10/2025-11-16,0.48144558183346975,0.4955541519216943,0.47954444232248716,0.4942157334495044
11597,2025-11-14 12:54:00,2025-11-10/2025-11-16,0.42286181031243636,0.43613049445413926,0.418377481613814,0.4338544824895479
11599,2025-11-14 13:04:00,2025-11-10/2025-11-16,0.38889949289518244,0.3938719327253048,0.3916338275081722,0.39495703182942565
11602,2025-11-14 13:14:00,2025-11-10/2025-11-16,0.5062620686309085,0.5151154331964911,0.5000488316488343,0.5135523621679216
11603,2025-11-14 13:24:00,2025-11-10/2025-11-16,0.4341668010773204,0.44571076133854765,0.43324694010477033,0.44677516963035935
11604,2025-11-14 13:25:00,2025-11-10/2025-11-16,0.46878689983713545,0.4789851798574842,0.47131186084305166,0.4805531664212856
11608,2025-11-14 13:39:00,2025-11-10/2025-11-16,0.48998699816970626,0.5030775457778508,0.4874829194037766,0.5033702850455852
11609,2025-11-14 13:42:00,2025-11-10/2025-11-16,0.4080581705602093,0.41393580091239623,0.40931440313965617,0.41458163908546564
11614,2025-11-14 14:34:00,2025-11-10/2025-11-16,0.33528665357847864,0.2655134989856205,0.3382459016807822,0.26678125565733524
11615,2025-11-14 14:50:00,2025-11-10/2025-11-16,0.4974808890070349,0.550993790242687,0.4951533503929487,0.5469197553549042
11616,2025-11-14 14:51:00,2025-11-10/2025-11-16,0.3232454723578952,0.29636112955263033,0.3202274280770162,0.29153569835117327
11625,2025-11-14 15:52:00,2025-11-10/2025-11-16,0.4083345291805838,0.4165127906880188,0.4073369920227882,0.4164464249705879
11626,2025-11-14 15:55:00,2025-11-10/2025-11-16,0.26778133248564934,0.2725502663612035,0.26754129521323716,0.27182820396970164
11629,2025-11-14 16:04:00,2025-11-10/2025-11-16,0.43858404021771813,0.4507803870389597,0.4348683799488075,0.4486045029893622
11631,2025-11-14 16:10:00,2025-11-10/2025-11-16,0.26124353234292813,0.27128764263138416,0.2575505443023465,0.26841530001488395
11633,2025-11-14 16:28:00,2025-11-10/2025-11-16,0.26109936079667123,0.26572073370619465,0.26043567074320706,0.2647171871971011
11635,2025-11-14 16:30:00,2025-11-10/2025-11-16,0.32278460940630554,0.33610325648143385,0.3197571150170344,0.3345378837182991
11637,2025-11-14 16:33:00,2025-11-10/2025-11-16,0.4099942035157058,0.4247294964975388,0.4052241991001799,0.42237194424316016
11644,2025-11-14 16:50:00,2025-11-10/2025-11-16,0.4194515868342064,0.4329244867587107,0.4229207244770624,0.43657754291578216
11651,2025-11-14 17:15:00,2025-11-10/2025-11-16,0.2383033029065312,0.2236614581470868,0.237478326883853,0.22072613959486984
11654,2025-11-14 17:41:00,2025-11-10/2025-11-16,0.2643716042689659,0.2731604750260578,0.26043231593855076,0.2701336943113646
11656,2025-11-14 17:45:00,2025-11-10/2025-11-16,0.386295123436752,0.40767178565712137,0.38189594667859506,0.40627426777966485
11658,2025-11-14 17:52:00,2025-11-10/2025-11-16,0.25111543025531446,0.264692206542874,0.24813790011459252,0.261992079216214
11660,2025-11-14 18:02:00,2025-11-10/2025-11-16,0.4628133809876676,0.4740567691412768,0.4623418690002542,0.47512155695097036
11664,2025-11-14 18:37:00,2025-11-10/2025-11-16,0.4544757510259504,0.46845475837729766,0.45035889828623693,0.46606237363775405
11668,2025-11-14 19:06:00,2025-11-10/2025-11-16,0.48890600850949556,0.493999946074146,0.48820134031945317,0.49522629558471487
11674,2025-11-14 19:44:00,2025-11-10/2025-11-16,0.28238082149434557,0.28661880477695734,0.2815232022343523,0.28522367593570264
11675,2025-11-14 20:03:00,2025-11-10/2025-11-16,0.2885651339773185,0.29228724682169743,0.28862946991542093,0.2931883849902251
11676,2025-11-14 20:13:00,2025-11-10/2025-11-16,0.2813030986746489,0.28755762322345846,0.28100249920586207,0.2865786921632901
11678,2025-11-14 20:15:00,2025-11-10/2025-11-16,0.4461544984904599,0.4513863063078559,0.44521904289674813,0.4508580201746567
11680,2025-11-14 20:16:00,2025-11-10/2025-11-16,0.4500056087619477,0.4618850723898799,0.44515413534779036,0.4590877807769244
11681,2025-11-14 20:20:00,2025-11-10/2025-11-16,0.455453929543568,0.4610626745887984,0.4550508572054766,0.4606681471333757
11682,2025-11-14 20:24:00,2025-11-10/2025-11-16,0.31185053124656736,0.32173927903737903,0.309097021000029,0.31888509080465904
11686,2025-11-14 20:43:00,2025-11-10/2025-11-16,0.4173474266794096,0.42852260891126437,0.41583086245228285,0.42668890621340766
11688,2025-11-14 21:35:00,2025-11-10/2025-11-16,0.27679178046750325,0.2816589282818417,0.2758033171308167,0.2802368720165209
11699,2025-11-14 23:38:00,2025-11-10/2025-11-16,0.47386058919153984,0.4872457801926383,0.47088320191514216,0.485134763902052
11700,2025-11-14 23:43:00,2025-11-10/2025-11-16,0.28156766954927526,0.2886209366734513,0.2767981881269039,0.28485795770035477
11701,2025-11-14 23:52:00,2025-11-10/2025-11-16,0.27297764245833445,0.2782712092358525,0.2719008254974141,0.27683105418159687
11704,2025-11-15 00:02:00,2025-11-10/2025-11-16,0.27435306058599346,0.27842267265434456,0.2729255551655824,0.277020357874994
11705,2025-11-15 00:14:00,2025-11-10/2025-11-16,0.48927254912897106,0.5025989471017975,0.485335637748874,0.5002100062294181
11712,2025-11-15 01:03:00,2025-11-10/2025-11-16,0.42372012989006186,0.42930227971598145,0.4209865079543512,0.4281239889175346
11713,2025-11-15 01:04:00,2025-11-10/2025-11-16,0.2749010280501898,0.2791691389242529,0.27341766209734725,0.27765313538462
11715,2025-11-15 01:14:00,2025-11-10/2025-11-16,0.4490976797623901,0.4521673376899452,0.4472598816575459,0.4511015978055188
11717,2025-11-15 01:40:00,2025-11-10/2025-11-16,0.26134373208630396,0.2741459080753617,0.2558989195032379,0.2705516026962476
11724,2025-11-15 02:11:00,2025-11-10/2025-11-16,0.29780222333575945,0.30663048236803164,0.29409338667382967,0.30349346683242173
11727,2025-11-15 02:37:00,2025-11-10/2025-11-16,0.4334791233361825,0.43789742719050007,0.43097936021323024,0.43678678776127006
11728,2025-11-15 02:38:00,2025-11-10/2025-11-16,0.4334819122737567,0.4378988033387394,0.43098236977963866,0.43678826395668013
11729,2025-11-15 02:49:00,2025-11-10/2025-11-16,0.4474253314522012,0.4563038564563759,0.44124336252284346,0.45286711393739115
11730,2025-11-15 02:54:00,2025-11-10/2025-11-16,0.278023145922223,0.28097755206693,0.2763009675210831,0.27930996862687496
11732,2025-11-15 03:39:00,2025-11-10/2025-11-16,0.28468344480133806,0.2871469327043876,0.285548349209717,0.28884162552701675
11751,2025-11-15 04:05:00,2025-11-10/2025-11-16,0.5937260113455703,0.605538261721241,0.5923052547248946,0.603633290993553
11752,2025-11-15 04:06:00,2025-11-10/2025-11-16,0.2934163384974618,0.3000014680692501,0.28860690690919655,0.2962241078435882
11753,2025-11-15 04:07:00,2025-11-10/2025-11-16,0.44823695316404094,0.46184912943972317,0.44694105124033356,0.4611316314788766
11755,2025-11-15 04:09:00,2025-11-10/2025-11-16,0.4451645831753517,0.4550350995737742,0.4390544471949575,0.45166639613253245
11756,2025-11-15 04:10:00,2025-11-10/2025-11-16,0.2908020124247244,0.29972331973238,0.28682473018387444,0.2965890431799804
11757,2025-11-15 04:11:00,2025-11-10/2025-11-16,0.46822155523149434,0.47587544941147747,0.4629312564048563,0.47259359562761105
11759,2025-11-15 04:14:00,2025-11-10/2025-11-16,0.44965373395715896,0.4599415044161867,0.44389786770420386,0.45674659403871215
11761,2025-11-15 04:16:00,2025-11-10/2025-11-16,0.2752093869412224,0.27936233248761094,0.27390481798886085,0.2780142051368287
11763,2025-11-15 04:18:00,2025-11-10/2025-11-16,0.2925118704400959,0.29797350983289855,0.28748375585585506,0.2940644800800389
11764,2025-11-15 04:19:00,2025-11-10/2025-11-16,0.29249839430057006,0.2991844882794938,0.2876747075263626,0.29540620592009165
11768,2025-11-15 04:22:00,2025-11-10/2025-11-16,0.4931696388941191,0.4586927775486915,0.4890854230610049,0.45430805479871095
11770,2025-11-15 04:24:00,2025-11-10/2025-11-16,0.29240622963789026,0.2999042097485503,0.2877903947370848,0.29624268944412424
11778,2025-11-15 04:30:00,2025-11-10/2025-11-16,0.36398287504487453,0.37096500861595605,0.3597857758847561,0.3682863751002784
11785,2025-11-15 04:38:00,2025-11-10/2025-11-16,0.4439124319373239,0.4511093719185003,0.44328061554637144,0.45119974875384655
11791,2025-11-15 04:43:00,2025-11-10/2025-11-16,0.27822768867893594,0.2802393252017982,0.27624193296707944,0.27832519145288864
11804,2025-11-15 04:55:00,2025-11-10/2025-11-16,0.4258619296905251,0.3965534774595785,0.4265113201855815,0.39361966426247896
11805,2025-11-15 05:09:00,2025-11-10/2025-11-16,0.4453303526967751,0.4531964154322005,0.441956837440593,0.45267126763996085
11807,2025-11-15 05:13:00,2025-11-10/2025-11-16,0.4493457090612915,0.4584980318233839,0.44320178152111706,0.45509381625065903
11809,2025-11-15 05:16:00,2025-11-10/2025-11-16,0.29190418526591194,0.30022356283110335,0.287447834523264,0.29676378296833295
11810,2025-11-15 05:24:00,2025-11-10/2025-11-16,0.4523602057807129,0.46327740684680613,0.446919242512125,0.4602455377959617
11812,2025-11-15 05:34:00,2025-11-10/2025-11-16,0.44971615913584284,0.4590479371318172,0.44370956344071716,0.45570841970081394
11818,2025-11-15 06:05:00,2025-11-10/2025-11-16,0.2930655193698585,0.3036988746602191,0.28966301134117656,0.30121225113359745
11820,2025-11-15 06:07:00,2025-11-10/2025-11-16,0.5169540743981609,0.5257518043472512,0.5204157967413192,0.5294277856894692
11822,2025-11-15 06:08:00,2025-11-10/2025-11-16,0.3428454545390864,0.31687618582237526,0.3410552614096878,0.3132863060224312
11827,2025-11-15 06:12:00,2025-11-10/2025-11-16,0.279594123528966,0.2837924432986043,0.2786474926005334,0.28282475165762083
11835,2025-11-15 06:19:00,2025-11-10/2025-11-16,0.45017395495507356,0.4652567068635006,0.4464707746442514,0.463890150338363
11841,2025-11-15 06:24:00,2025-11-10/2025-11-16,0.28105936060171943,0.28508912264754416,0.2801473583177394,0.2841299117262313
11844,2025-11-15 06:26:00,2025-11-10/2025-11-16,0.27957492631752945,0.28377382579816335,0.2786280717911887,0.28280614693297
11862,2025-11-15 06:41:00,2025-11-10/2025-11-16,0.2807003218082853,0.28477104678100185,0.27977987639629315,0.2838097836774898
11865,2025-11-15 06:43:00,2025-11-10/2025-11-16,0.27007660212304463,0.2753433670666896,0.26891033351493887,0.27432257769801943
11868,2025-11-15 06:46:00,2025-11-10/2025-11-16,0.43792041801570447,0.4516999686596451,0.4357574246356122,0.4506466663688128
11872,2025-11-15 06:49:00,2025-11-10/2025-11-16,0.4399291400003826,0.446957660724813,0.4391051109218985,0.4469858882382579
11880,2025-11-15 06:56:00,2025-11-10/2025-11-16,0.4139250502204052,0.4213037211831192,0.41176812390354695,0.4210555182309304
11882,2025-11-15 06:57:00,2025-11-10/2025-11-16,0.25753645148431725,0.2600514035170641,0.25508507331003083,0.2584721244328115
11911,2025-11-15 07:18:00,2025-11-10/2025-11-16,0.30640617801225345,0.3257458326196604,0.3071601774500357,0.3243513804952039
11912,2025-11-15 07:19:00,2025-11-10/2025-11-16,0.43442227100630937,0.4415672521244824,0.43318239145794757,0.441619653152228
11915,2025-11-15 07:21:00,2025-11-10/2025-11-16,0.4326708018955886,0.4400314493762747,0.4313862374909159,0.4400700866792326
11920,2025-11-15 07:25:00,2025-11-10/2025-11-16,0.28565522248065134,0.2992695135128767,0.283505109785752,0.29794615211650466
11965,2025-11-15 07:57:00,2025-11-10/2025-11-16,0.2932459964722337,0.3024176376423713,0.29275043822460295,0.3027220320897013
11972,2025-11-15 08:03:00,2025-11-10/2025-11-16,0.4558107003508103,0.46846864476041344,0.4515735154594162,0.4665426572478328
11975,2025-11-15 08:06:00,2025-11-10/2025-11-16,0.34900762352982123,0.3929156854044677,0.34985257186951185,0.39114561573702905
11982,2025-11-15 08:12:00,2025-11-10/2025-11-16,0.27945837676916135,0.2836705310346357,0.27850879207284324,0.28270218918854073
11989,2025-11-15 08:18:00,2025-11-10/2025-11-16,0.5047299370119721,0.5210332673885806,0.5035687389378642,0.5206037410729546
11991,2025-11-15 08:20:00,2025-11-10/2025-11-16,0.29810021273052756,0.30859169042880785,0.2950093035442732,0.30622819001539997
11995,2025-11-15 08:23:00,2025-11-10/2025-11-16,0.5076077549376313,0.5046411786149835,0.504676180389872,0.4984257675245901
12000,2025-11-15 08:28:00,2025-11-10/2025-11-16,0.2944477262322401,0.30712242670743634,0.2933925314814483,0.3064310772430808
12007,2025-11-15 08:33:00,2025-11-10/2025-11-16,0.6120759169691579,0.5467243402815777,0.6102418130627036,0.5442115896690829
12022,2025-11-15 08:46:00,2025-11-10/2025-11-16,0.2927806409185466,0.3032532440001895,0.2892655117372924,0.30071348658256186
12063,2025-11-15 09:18:00,2025-11-10/2025-11-16,0.35097434130668065,0.3550592473169199,0.35113662415190317,0.35548833243811095
12077,2025-11-15 09:30:00,2025-11-10/2025-11-16,0.320503695952263,0.32579395719409826,0.32182190401082844,0.32809324968439435
12129,2025-11-15 10:07:00,2025-11-10/2025-11-16,0.4234209469811448,0.4318719053235735,0.42190785861552044,0.43184116573765546
12134,2025-11-15 10:11:00,2025-11-10/2025-11-16,0.45252583439938354,0.46221703592066,0.45049417211455867,0.46274783158294336
12157,2025-11-15 10:29:00,2025-11-10/2025-11-16,0.45560895281498426,0.4680645146447258,0.4512379586842558,0.4660746042882878
12170,2025-11-15 10:39:00,2025-11-10/2025-11-16,0.2816862599679174,0.2856444169907308,0.2807890202302787,0.28468879544101233
12177,2025-11-15 10:44:00,2025-11-10/2025-11-16,0.3910588306589158,0.39586405734527824,0.39221172408589766,0.3962539207161172
12182,2025-11-15 10:55:00,2025-11-10/2025-11-16,0.4532624606416348,0.465773428558508,0.4487061425249521,0.46370431568224113
12187,2025-11-15 11:08:00,2025-11-10/2025-11-16,0.28192801121956107,0.28585839815098385,0.28103648953874877,0.2849041726927073
12188,2025-11-15 11:09:00,2025-11-10/2025-11-16,0.4944850100243902,0.41691278660037717,0.494851778736137,0.41770716680893955
12190,2025-11-15 11:09:00,2025-11-10/2025-11-16,0.2878080634260217,0.29837889290911035,0.28394963087969055,0.29580493133942776
12191,2025-11-15 11:12:00,2025-11-10/2025-11-16,0.37426357619666284,0.38549202862502113,0.3721710650312761,0.38437818724810174
12192,2025-11-15 11:15:00,2025-11-10/2025-11-16,0.29237158676946123,0.3023167012176364,0.2885273651339324,0.29961948850282455
12193,2025-11-15 11:20:00,2025-11-10/2025-11-16,0.5034627426648955,0.5179303229363114,0.5014627041279303,0.5168257697444247
12196,2025-11-15 11:31:00,2025-11-10/2025-11-16,0.3016552999428729,0.31333002067552135,0.2992432137285719,0.31140352652743786
12197,2025-11-15 11:32:00,2025-11-10/2025-11-16,0.4364425469838355,0.44307866733978196,0.43868881597499737,0.44479664133393476
12198,2025-11-15 11:36:00,2025-11-10/2025-11-16,0.43767963513174885,0.44444149179088294,0.43652039001754966,0.4445181124233061
12200,2025-11-15 11:38:00,2025-11-10/2025-11-16,0.3969005623657755,0.398439628189469,0.3975515531183667,0.3986088497797116
12201,2025-11-15 11:40:00,2025-11-10/2025-11-16,0.3528482607284514,0.35670893287849303,0.3530595411997524,0.3571533250139858
12202,2025-11-15 11:41:00,2025-11-10/2025-11-16,0.352569499189967,0.3564621538550182,0.3527736839389954,0.3569043720147521
12203,2025-11-15 11:43:00,2025-11-10/2025-11-16,0.4385080259802316,0.442802524942086,0.43967315317195926,0.44361138903816905
12204,2025-11-15 11:44:00,2025-11-10/2025-11-16,0.29385124792857603,0.30300072929828686,0.29315003597510847,0.30322157174004877
12205,2025-11-15 11:45:00,2025-11-10/2025-11-16,0.29961053688598277,0.3099431579700092,0.2965491267271932,0.30758543309281994
12207,2025-11-15 11:47:00,2025-11-10/2025-11-16,0.3529192366220407,0.356772293554673,0.35313224891571565,0.35721720022929027
12209,2025-11-15 11:48:00,2025-11-10/2025-11-16,0.3714704878699836,0.38121046934082276,0.3688369352439061,0.37980262078548577
12210,2025-11-15 11:49:00,2025-11-10/2025-11-16,0.27504387903835165,0.27975420979784527,0.27399172701392466,0.2787610474780123
12211,2025-11-15 11:51:00,2025-11-10/2025-11-16,0.4065305877302339,0.40948788281220266,0.4080981444778904,0.40999923982967157
12212,2025-11-15 11:52:00,2025-11-10/2025-11-16,0.2837857993916537,0.28750023399233937,0.2829386345556331,0.2865569303899755
12216,2025-11-15 12:05:00,2025-11-10/2025-11-16,0.4819180885141262,0.5042707664486261,0.48159250493850575,0.5048550119419103
12217,2025-11-15 12:06:00,2025-11-10/2025-11-16,0.43638836737921227,0.4457122341833124,0.43504440782815174,0.44546800386187263
12218,2025-11-15 12:07:00,2025-11-10/2025-11-16,0.43833994293440565,0.45565423381808695,0.433383574829318,0.4534416939310025
12220,2025-11-15 12:15:00,2025-11-10/2025-11-16,0.2782981756836384,0.29173185032867704,0.27780662414150237,0.2914665814781294
12222,2025-11-15 12:20:00,2025-11-10/2025-11-16,0.26098764550376696,0.2673819889896194,0.2589501511792672,0.26601650021757084
12223,2025-11-15 12:23:00,2025-11-10/2025-11-16,0.3301866718798797,0.33787273128394957,0.3293938171559212,0.3379868612140542
12224,2025-11-15 12:31:00,2025-11-10/2025-11-16,0.43176450774690783,0.446726204395884,0.4323366952185364,0.44860954955828114
12233,2025-11-15 12:38:00,2025-11-10/2025-11-16,0.25894783057752796,0.27322542943774114,0.26068254621520076,0.274670029136813
12235,2025-11-15 12:40:00,2025-11-10/2025-11-16,0.4119643279402952,0.42489109509935413,0.4101492619934368,0.42499765868652445
12237,2025-11-15 12:42:00,2025-11-10/2025-11-16,0.43266440155989044,0.4488951184895244,0.4309752797816233,0.4500170044109594
12239,2025-11-15 12:44:00,2025-11-10/2025-11-16,0.45174322526035926,0.4627663022726523,0.4496369451359366,0.46400079798058735
12245,2025-11-15 12:49:00,2025-11-10/2025-11-16,0.2673998603367678,0.2744715425881278,0.26583065943664624,0.27323489561467484
12250,2025-11-15 12:53:00,2025-11-10/2025-11-16,0.26743354002997494,0.2745018023991832,0.26586504412489853,0.2732653112024473
12260,2025-11-15 13:00:00,2025-11-10/2025-11-16,0.43810779630313584,0.4495228329972248,0.43751601157209424,0.4498080214598755
12261,2025-11-15 13:02:00,2025-11-10/2025-11-16,0.4183268675269581,0.426882195169651,0.41853827864270593,0.4272898431866349
12263,2025-11-15 13:04:00,2025-11-10/2025-11-16,0.4648274572972048,0.47703857006887457,0.4648389560753455,0.47745813275218935
12265,2025-11-15 13:05:00,2025-11-10/2025-11-16,0.43667736657617356,0.44596631853937035,0.4353407087260441,0.445724292072568
12268,2025-11-15 13:12:00,2025-11-10/2025-11-16,0.4333527008401654,0.40815596870906995,0.4312451402922025,0.4042954050215923
12274,2025-11-15 13:45:00,2025-11-10/2025-11-16,0.40325783596657644,0.41969799630415117,0.4037803345170139,0.4201611754978302
12275,2025-11-15 13:56:00,2025-11-10/2025-11-16,0.4561107045018223,0.4716643232760575,0.45172166366844024,0.46944640129163195
12280,2025-11-15 14:05:00,2025-11-10/2025-11-16,0.2604302243135456,0.27266734554330996,0.257865634602799,0.2719325282114062
12282,2025-11-15 14:14:00,2025-11-10/2025-11-16,0.42747201104545496,0.4429766477410103,0.4213952391440853,0.4401968645173741
12283,2025-11-15 14:18:00,2025-11-10/2025-11-16,0.49893361309334894,0.5077385778767208,0.49981255535710506,0.5087176770894216
12285,2025-11-15 14:38:00,2025-11-10/2025-11-16,0.43212469651376667,0.4473172715097682,0.4262773377299875,0.44462927647021677
12288,2025-11-15 15:07:00,2025-11-10/2025-11-16,0.41113904195444567,0.4223414095831153,0.40885860142832975,0.4220546325165069
12289,2025-11-15 15:20:00,2025-11-10/2025-11-16,0.2850544907188814,0.332966706967401,0.28119260407371616,0.32735376051484505
12300,2025-11-15 15:31:00,2025-11-10/2025-11-16,0.500086196916535,0.5161412116730322,0.4918298550606657,0.5140687642868634
12317,2025-11-15 17:33:00,2025-11-10/2025-11-16,0.4884528153574457,0.4952570189857262,0.48808813013745295,0.49548884138703225
12334,2025-11-15 18:07:00,2025-11-10/2025-11-16,0.4579687855929619,0.4749247806120001,0.45563433567650713,0.47346106418901324
12336,2025-11-15 18:09:00,2025-11-10/2025-11-16,0.4386696704301632,0.4842864399569548,0.4323731355114012,0.48009000834856513
12369,2025-11-15 18:36:00,2025-11-10/2025-11-16,0.28398115629882115,0.29401674788234344,0.28440284868050697,0.2942539828253342
12452,2025-11-15 20:15:00,2025-11-10/2025-11-16,0.28954368455850016,0.30127365189967065,0.2843114486003631,0.2975176833961486
12491,2025-11-15 20:50:00,2025-11-10/2025-11-16,0.4353307869113514,0.446124608948305,0.43577426346750026,0.4466458940596819
12492,2025-11-15 20:55:00,2025-11-10/2025-11-16,0.4475054043916797,0.46541987055078216,0.44473459553385536,0.46391960158941364
12495,2025-11-15 21:09:00,2025-11-10/2025-11-16,0.3304416567091393,0.35335727704784015,0.330639744699228,0.3549399166233756
12505,2025-11-15 23:15:00,2025-11-10/2025-11-16,0.29232904005786275,0.31360338382681874,0.29134581563773687,0.312616297225133
12509,2025-11-15 23:49:00,2025-11-10/2025-11-16,0.35536378121862316,0.36302937043075106,0.35611774905583493,0.3630796825874303
12510,2025-11-15 23:51:00,2025-11-10/2025-11-16,0.4085125235789552,0.43399975143041697,0.40277592162168296,0.43208060769301637
12511,2025-11-15 23:53:00,2025-11-10/2025-11-16,0.41384047711139627,0.32975165977238174,0.40813943273369874,0.326987314023417
12515,2025-11-16 00:22:00,2025-11-10/2025-11-16,0.4267274876429731,0.4411353181316368,0.4234399904024212,0.4405351042580976
12516,2025-11-16 00:43:00,2025-11-10/2025-11-16,0.267853949486895,0.2692072699114072,0.2668194269874829,0.2684167591549412
12518,2025-11-16 00:44:00,2025-11-10/2025-11-16,0.2671858185504795,0.2686250935029261,0.2661349888455574,0.267830188770506
12528,2025-11-16 02:35:00,2025-11-10/2025-11-16,0.2868852356750042,0.2924134410655558,0.2832905911555779,0.28990367061229166
12529,2025-11-16 02:59:00,2025-11-10/2025-11-16,0.33796367130200267,0.33883510120351096,0.3380008474148151,0.33942341616419
12531,2025-11-16 03:04:00,2025-11-10/2025-11-16,0.2876308294364527,0.29368139957210304,0.28415099776971625,0.2912402525860286
12532,2025-11-16 03:11:00,2025-11-10/2025-11-16,0.2897815653065842,0.29721081617680944,0.2872189104534043,0.29541055677903016
12533,2025-11-16 03:31:00,2025-11-10/2025-11-16,0.4895164545272574,0.49948158408925813,0.4871373882694262,0.49841982808155527
12537,2025-11-16 11:15:00,2025-11-10/2025-11-16,0.2811693810671494,0.28753532492208905,0.27797460749467695,0.28565648391886106
12538,2025-11-16 11:17:00,2025-11-10/2025-11-16,0.2851979155929879,0.29172261055840837,0.2821791140185392,0.2899272694730203
12540,2025-11-16 11:18:00,2025-11-10/2025-11-16,0.28006554826765,0.28714982460780564,0.2769504975249333,0.2853327794151953
12544,2025-11-16 11:26:00,2025-11-10/2025-11-16,0.27238583428964425,0.2755063027261604,0.27245230134991805,0.27567430874951404
12547,2025-11-16 11:42:00,2025-11-10/2025-11-16,0.27272594260642075,0.275801681332773,0.2728019291333121,0.27597276117891395
12548,2025-11-16 11:45:00,2025-11-10/2025-11-16,0.4212635122536603,0.42547521551458606,0.4235118305589701,0.4277476393576059
12550,2025-11-16 11:47:00,2025-11-10/2025-11-16,0.44130772570500987,0.49258993099131326,0.4379438437427927,0.4888945271467158
12553,2025-11-16 11:50:00,2025-11-10/2025-11-16,0.4429822523996323,0.4473097819905789,0.4437061483134632,0.4488142022887046
12554,2025-11-16 11:52:00,2025-11-10/2025-11-16,0.4469006072352762,0.4599337425899178,0.4442988184522503,0.4596349192555093
12558,2025-11-16 12:01:00,2025-11-10/2025-11-16,0.4235657021450728,0.43206947249472716,0.4233602726761261,0.4331734345540515
12562,2025-11-16 12:08:00,2025-11-10/2025-11-16,0.2569808691054521,0.26331282961542213,0.256324794489664,0.2631686256794636
12564,2025-11-16 12:14:00,2025-11-10/2025-11-16,0.2909479473187426,0.2996520625244083,0.2926125603446797,0.3029051165391162
12567,2025-11-16 12:24:00,2025-11-10/2025-11-16,0.29333586968895475,0.29957441258786455,0.2941163567717698,0.3020375035560316
12569,2025-11-16 12:30:00,2025-11-10/2025-11-16,0.2690762325611661,0.2796551870265378,0.2684615073555411,0.2804644667165801
12570,2025-11-16 12:33:00,2025-11-10/2025-11-16,0.25922382313200243,0.27998380704460357,0.25931232644560676,0.28052911697925575
12572,2025-11-16 12:43:00,2025-11-10/2025-11-16,0.4658182890258453,0.482566432753635,0.4628862853815505,0.4840423521020954
12582,2025-11-16 13:27:00,2025-11-10/2025-11-16,0.2665644448353459,0.27782467482455914,0.26632419839696964,0.27901187379931025
12596,2025-11-16 13:59:00,2025-11-10/2025-11-16,0.25432625838139045,0.2609449200022175,0.2536068991883302,0.2607813427029591
12598,2025-11-16 14:11:00,2025-11-10/2025-11-16,0.44503192842525574,0.46750959158301486,0.4437163552205413,0.46853624052949155
12600,2025-11-16 14:20:00,2025-11-10/2025-11-16,0.39898213246159675,0.41984394804002656,0.39433058685579586,0.419095634714379
12605,2025-11-16 14:33:00,2025-11-10/2025-11-16,0.4515648961924769,0.46299688875038736,0.452714886814199,0.46477742992824306
12606,2025-11-16 14:35:00,2025-11-10/2025-11-16,0.3526083616461284,0.36936574646316467,0.35184534914744303,0.36822190408011873
12608,2025-11-16 14:38:00,2025-11-10/2025-11-16,0.3526083616461284,0.36936574646316467,0.35184534914744303,0.36822190408011873
12609,2025-11-16 14:43:00,2025-11-10/2025-11-16,0.32263615759682235,0.3295536500686997,0.323002676471713,0.3308379438764903
12610,2025-11-16 14:46:00,2025-11-10/2025-11-16,0.32264734883644375,0.32956257057313343,0.32301430403898007,0.3308470421639359
12611,2025-11-16 14:48:00,2025-11-10/2025-11-16,0.45172574918894576,0.4631382822148009,0.4528799859611216,0.4649201348448582
12613,2025-11-16 14:55:00,2025-11-10/2025-11-16,0.4208901712327915,0.4367005013795739,0.41661609325765087,0.43561343504618993
12615,2025-11-16 15:03:00,2025-11-10/2025-11-16,0.3206643024270189,0.327805508136214,0.320978850373623,0.32907120064940915
12616,2025-11-16 15:05:00,2025-11-10/2025-11-16,0.2685872425413601,0.27860258811856137,0.2650250231341506,0.276583478594346
12619,2025-11-16 15:07:00,2025-11-10/2025-11-16,0.2685872425413601,0.27860258811856137,0.2650250231341506,0.276583478594346
12620,2025-11-16 15:12:00,2025-11-10/2025-11-16,0.3952246131209618,0.4018041214843811,0.395740592502463,0.40324051829798585
12627,2025-11-16 15:47:00,2025-11-10/2025-11-16,0.4028352541634819,0.41498616536176397,0.4071087834517182,0.419090433808305
12631,2025-11-16 16:38:00,2025-11-10/2025-11-16,0.2421647213821969,0.24413304323732485,0.23973347007726875,0.2431250950569279
12633,2025-11-16 20:13:00,2025-11-10/2025-11-16,0.4485987331063379,0.4601582684257043,0.4470122501158033,0.4622104457765751
12634,2025-11-16 20:50:00,2025-11-10/2025-11-16,0.3880303925185855,0.3257344339449187,0.3887388705311882,0.32606413745692797
12638,2025-11-16 22:33:00,2025-11-10/2025-11-16,0.5137690194996991,0.5369359381996733,0.5153121882481098,0.5359037640588112
12643,2025-11-16 23:37:00,2025-11-10/2025-11-16,0.4199913897770559,0.33067959720753165,0.41821480526010885,0.3297468487116318
12645,2025-11-17 00:02:00,2025-11-17/2025-11-23,0.47721221694588223,0.47986576037337203,0.4767758296747604,0.4817985516902114
12647,2025-11-17 00:48:00,2025-11-17/2025-11-23,0.4939023007643261,0.48812630386710304,0.49334577437524707,0.48445721783798756
12648,2025-11-17 01:00:00,2025-11-17/2025-11-23,0.4784997401233151,0.5160478468903406,0.47637200930649304,0.5161116814923633
12649,2025-11-17 01:30:00,2025-11-17/2025-11-23,0.28829434458693715,0.31346808781674723,0.28454128234464604,0.31029492105809864
12652,2025-11-17 01:41:00,2025-11-17/2025-11-23,0.4278299766268823,0.3377888526507649,0.4258628127418722,0.3371476068576694
12653,2025-11-17 04:03:00,2025-11-17/2025-11-23,0.5464541101943974,0.5467623421943227,0.5483793768045876,0.5494967055283183
12655,2025-11-17 04:08:00,2025-11-17/2025-11-23,0.444742477511692,0.47946493867576934,0.44094307004722616,0.47756831556765816
12658,2025-11-17 06:08:00,2025-11-17/2025-11-23,0.2984220926613573,0.3406062748166328,0.2964167333857105,0.33777888969985254
12660,2025-11-17 06:21:00,2025-11-17/2025-11-23,0.4946309825685614,0.5486895460852336,0.4950413013849313,0.5480886377366044
12661,2025-11-17 07:00:00,2025-11-17/2025-11-23,0.4664307605910678,0.5062281370039086,0.4651188232425721,0.5068525828504126
12662,2025-11-17 07:21:00,2025-11-17/2025-11-23,0.5111171513793146,0.5161263239777552,0.5131131015805764,0.5194226667788038
12663,2025-11-17 09:27:00,2025-11-17/2025-11-23,0.2857017882652172,0.2866822124892438,0.28574465224184953,0.28718720913079954
12666,2025-11-17 09:42:00,2025-11-17/2025-11-23,0.28308991869850547,0.2763431599638994,0.2828406458150542,0.27228300936410943
12669,2025-11-17 09:56:00,2025-11-17/2025-11-23,0.49069710311226494,0.49556859549427945,0.49007650667679525,0.4959404667329123
12674,2025-11-17 10:17:00,2025-11-17/2025-11-23,0.6142266252110729,0.6287824862731599,0.6170773977250861,0.6292280721672701
12677,2025-11-17 11:20:00,2025-11-17/2025-11-23,0.32692213439572004,0.3285106504589492,0.3261578941898099,0.3296586585377192
12679,2025-11-17 11:31:00,2025-11-17/2025-11-23,0.28397153086622007,0.3094088642229242,0.2869123390565794,0.3115132245395223
12681,2025-11-17 12:06:00,2025-11-17/2025-11-23,0.36974803556871616,0.3414226157089479,0.36995524703192056,0.3395785118844379
12682,2025-11-17 12:11:00,2025-11-17/2025-11-23,0.5113661316142099,0.5099861370229772,0.511783712526759,0.5067557785661662
12685,2025-11-17 12:56:00,2025-11-17/2025-11-23,0.2901604313628182,0.2955884299853474,0.286582582665421,0.2940326663723699
12687,2025-11-17 13:34:00,2025-11-17/2025-11-23,0.2850179385876045,0.3169798312002867,0.279428507282549,0.3131241547655266
12688,2025-11-17 13:38:00,2025-11-17/2025-11-23,0.46288505107342837,0.4347353243237059,0.4649589433004065,0.4334355385394708
12690,2025-11-17 13:57:00,2025-11-17/2025-11-23,0.3774604824895963,0.3874418491519903,0.3738777099839801,0.3869150174406131
12692,2025-11-17 14:09:00,2025-11-17/2025-11-23,0.3017568739039916,0.3018969552925967,0.3001398881015524,0.30130480423093936
12693,2025-11-17 14:27:00,2025-11-17/2025-11-23,0.4543486799841635,0.4637640757032842,0.4535084593795868,0.4654801891269221
12694,2025-11-17 14:28:00,2025-11-17/2025-11-23,0.4960151221823247,0.500083043959121,0.49620848083844965,0.5010404044801731
12695,2025-11-17 14:44:00,2025-11-17/2025-11-23,0.48359750849200317,0.3864810950511099,0.4803133683614245,0.3851103389816415
12696,2025-11-17 14:55:00,2025-11-17/2025-11-23,0.2939819935911606,0.33676232430466696,0.29060773905103454,0.33340557560336626
12699,2025-11-17 15:58:00,2025-11-17/2025-11-23,0.309816769702463,0.3129473671903903,0.30589269815560355,0.31066248249343487
12700,2025-11-17 16:04:00,2025-11-17/2025-11-23,0.2970903333651312,0.21515961150367763,0.29379972144905864,0.2125694954101431
12704,2025-11-17 18:02:00,2025-11-17/2025-11-23,0.5418440153488175,0.5505691526060483,0.5382790325409502,0.5493312251907698
12714,2025-11-17 19:56:00,2025-11-17/2025-11-23,0.29729543741040265,0.3007962763890898,0.2984199094487434,0.3025719977087044
12715,2025-11-17 20:14:00,2025-11-17/2025-11-23,0.29707624205453703,0.298021151679672,0.29582117544108033,0.2978770397585137
12716,2025-11-17 20:32:00,2025-11-17/2025-11-23,0.4660501722515312,0.4669704005670475,0.4625935233981008,0.4618571679163397
12717,2025-11-17 20:43:00,2025-11-17/2025-11-23,0.44951683867135583,0.4510993705524802,0.4472977699211566,0.45140542482842805
12722,2025-11-17 23:12:00,2025-11-17/2025-11-23,0.4980808800285622,0.47628025646716987,0.5008392286318248,0.47223817916861544
12725,2025-11-17 23:37:00,2025-11-17/2025-11-23,0.3168622692571369,0.3226425713601039,0.31428590609080953,0.32211266986092263
12726,2025-11-18 00:05:00,2025-11-17/2025-11-23,0.4132311801035096,0.3117199940736284,0.41384010119533937,0.31280043544790914
12730,2025-11-18 00:29:00,2025-11-17/2025-11-23,0.2724978592560234,0.2691695484532744,0.2697710625368295,0.2684189938413793
12732,2025-11-18 01:19:00,2025-11-17/2025-11-23,0.24725702150308343,0.19360905819880586,0.2465532350248534,0.19316198712257904
12740,2025-11-18 04:03:00,2025-11-17/2025-11-23,0.3454114196577427,0.3463941404126705,0.3414509436915468,0.3454604960484315
12741,2025-11-18 04:06:00,2025-11-17/2025-11-23,0.45256812235726246,0.4151171741504087,0.4495301696718642,0.410639611917896
12743,2025-11-18 04:08:00,2025-11-17/2025-11-23,0.39651204944599416,0.3964015405989822,0.39429776876890493,0.3929048256699107
12744,2025-11-18 04:09:00,2025-11-17/2025-11-23,0.4320905858291771,0.39697282061106864,0.4274818686931412,0.392288202091668
12745,2025-11-18 04:30:00,2025-11-17/2025-11-23,0.263726335941577,0.20528106577968055,0.2619536958844143,0.20415011475197042
12746,2025-11-18 04:36:00,2025-11-17/2025-11-23,0.2781807936605339,0.3017562065798704,0.27441405638129207,0.29979389278371166
12749,2025-11-18 05:21:00,2025-11-17/2025-11-23,0.5593799471445223,0.5359117660631705,0.5582064050661437,0.5304797243390844
12750,2025-11-18 06:21:00,2025-11-17/2025-11-23,0.5439312512019581,0.5095050693616854,0.5455403274163725,0.5072386122550726
12763,2025-11-18 07:12:00,2025-11-17/2025-11-23,0.4292290685139955,0.4796565488139483,0.43047974431982383,0.47930891706657996
12764,2025-11-18 07:13:00,2025-11-17/2025-11-23,0.463233490108239,0.46596965943859686,0.46658534304135424,0.47041082027242703
12766,2025-11-18 07:28:00,2025-11-17/2025-11-23,0.39090600866069497,0.29242333684524596,0.3910925769893677,0.292676046477125
12769,2025-11-18 07:54:00,2025-11-17/2025-11-23,0.49872665583539627,0.3987521718102786,0.49640020736727547,0.3974478912042689
12770,2025-11-18 07:59:00,2025-11-17/2025-11-23,0.2730170323892649,0.27355228012651817,0.2728084346150186,0.2745657572325263
12772,2025-11-18 08:16:00,2025-11-17/2025-11-23,0.2710948436471811,0.30671720602464103,0.27046871302015896,0.3056228546738683
12774,2025-11-18 08:56:00,2025-11-17/2025-11-23,0.306477777713426,0.31332017578586785,0.30553913346093176,0.31368738370393223
12777,2025-11-18 09:22:00,2025-11-17/2025-11-23,0.42053142647041747,0.35290063693933593,0.41694798550094403,0.35169866125298216
12778,2025-11-18 09:46:00,2025-11-17/2025-11-23,0.28430049360462956,0.2852646989777995,0.28310029722958774,0.2859174352284585
12779,2025-11-18 10:06:00,2025-11-17/2025-11-23,0.29316518713671846,0.2921584595319584,0.29387424014932784,0.2950519176338092
12781,2025-11-18 10:51:00,2025-11-17/2025-11-23,0.43597824479351327,0.4427876501156933,0.43262700609785953,0.4428942092462974
12783,2025-11-18 11:09:00,2025-11-17/2025-11-23,0.46611294317684104,0.4350886801637967,0.4632908053702276,0.4310649847275621
12784,2025-11-18 11:14:00,2025-11-17/2025-11-23,0.49644390456398024,0.38855499776091806,0.4990225188716856,0.38992802626370554
12787,2025-11-18 11:31:00,2025-11-17/2025-11-23,0.41225256597624776,0.4146193132298251,0.41544236081661134,0.41460155081796135
12790,2025-11-18 11:36:00,2025-11-17/2025-11-23,0.4584059517715024,0.463621855199275,0.45682099102351215,0.4640786553156903
12792,2025-11-18 11:54:00,2025-11-17/2025-11-23,0.4106438750958179,0.4120584920877609,0.4088343126984413,0.4133777892384506
12794,2025-11-18 12:34:00,2025-11-17/2025-11-23,0.4846348461976018,0.4956886280590299,0.48293936089783795,0.4962537691587438
12814,2025-11-18 13:48:00,2025-11-17/2025-11-23,0.5023269576500391,0.4703060562791604,0.4988490348553455,0.4656387320127823
12815,2025-11-18 13:49:00,2025-11-17/2025-11-23,0.43508244464439966,0.4585928411560856,0.4126753375701892,0.44550783118567555
12816,2025-11-18 14:53:00,2025-11-17/2025-11-23,0.4139675931778384,0.41869824987573295,0.4111897977005352,0.4190224328393101
12817,2025-11-18 14:56:00,2025-11-17/2025-11-23,0.43175840870676646,0.44380196341818645,0.42847737281323933,0.4444770286586338
12819,2025-11-18 15:12:00,2025-11-17/2025-11-23,0.39421117344907325,0.40540369627922035,0.3903738749188026,0.404910024394467
12824,2025-11-18 15:58:00,2025-11-17/2025-11-23,0.2881602729796204,0.26722179450635936,0.28664536461967294,0.2643122762818994
12840,2025-11-18 16:33:00,2025-11-17/2025-11-23,0.2884062471948689,0.2677402699035793,0.2869322195996529,0.2649544332839079
12842,2025-11-18 17:06:00,2025-11-17/2025-11-23,0.3331533945110381,0.2998026496151819,0.33339150331320094,0.2983132079189305
12843,2025-11-18 17:14:00,2025-11-17/2025-11-23,0.5566452416714606,0.5792670007619658,0.5551143339829703,0.5786069630155096
12865,2025-11-18 18:59:00,2025-11-17/2025-11-23,0.46786621456102595,0.47084428060762756,0.46721161988808657,0.4722887618367108
12867,2025-11-18 19:38:00,2025-11-17/2025-11-23,0.42785929206661594,0.46574121957873754,0.4201213090687144,0.462681931240773
12868,2025-11-18 19:43:00,2025-11-17/2025-11-23,0.26593111673286246,0.26774047395222506,0.26407972822421527,0.26772667121675464
12869,2025-11-18 19:49:00,2025-11-17/2025-11-23,0.27901446812523895,0.24993890215673198,0.27500589573476586,0.24531624756360376
12874,2025-11-18 22:18:00,2025-11-17/2025-11-23,0.41156865181875674,0.42226771421852444,0.410088225071855,0.42452548581622623
12881,2025-11-19 04:48:00,2025-11-17/2025-11-23,0.4989404436356792,0.5103065001995116,0.499776812633335,0.5117530422703409
12882,2025-11-19 05:12:00,2025-11-17/2025-11-23,0.49499891909856025,0.4976586407706382,0.49452420392162616,0.4974218739499592
12884,2025-11-19 05:35:00,2025-11-17/2025-11-23,0.6040310440299924,0.608834950054859,0.6061647780912768,0.609574603148302
12890,2025-11-19 06:19:00,2025-11-17/2025-11-23,0.3699958514954766,0.36885380406662804,0.3722717139454416,0.3719774574438048
12892,2025-11-19 06:41:00,2025-11-17/2025-11-23,0.5495911926597822,0.556302862136484,0.5510634509371496,0.5566866199992401
12914,2025-11-19 10:30:00,2025-11-17/2025-11-23,0.36754511456879485,0.37228164559417415,0.36662535408941144,0.371282893719381
12915,2025-11-19 11:18:00,2025-11-17/2025-11-23,0.5349929953173259,0.5407713925061666,0.5357055710601223,0.5417452956440716
12917,2025-11-19 11:37:00,2025-11-17/2025-11-23,0.4637711962664867,0.469188190438746,0.4677556903494258,0.4726295917841955
12924,2025-11-19 13:08:00,2025-11-17/2025-11-23,0.5311816168035493,0.5392651485372971,0.5274598885612864,0.5371762614832778
12926,2025-11-19 13:17:00,2025-11-17/2025-11-23,0.508415784577115,0.5127367341414828,0.5068779249038404,0.5122971816350257
12927,2025-11-19 13:31:00,2025-11-17/2025-11-23,0.33701285744384846,0.341515184226695,0.33757366979864367,0.34209043514192683
12929,2025-11-19 13:44:00,2025-11-17/2025-11-23,0.46197675099842,0.47346423162831563,0.4620786346064862,0.4732110168894081
12930,2025-11-19 13:45:00,2025-11-17/2025-11-23,0.3359726943638537,0.33867093265661696,0.3349071345083765,0.3376441884562791
12931,2025-11-19 13:46:00,2025-11-17/2025-11-23,0.5120911297990227,0.5221102253279628,0.5084464483742696,0.5201178372443255
12932,2025-11-19 14:14:00,2025-11-17/2025-11-23,0.35077205429845065,0.351599045026566,0.3494455601011493,0.35039995470174623
12934,2025-11-19 14:19:00,2025-11-17/2025-11-23,0.3584727263177598,0.36384601792623406,0.3555708350378925,0.3619541012418647
12937,2025-11-19 14:28:00,2025-11-17/2025-11-23,0.47259975038280333,0.4797100519183153,0.4739293470272094,0.480996162562451
12942,2025-11-19 14:40:00,2025-11-17/2025-11-23,0.4847909525100348,0.49048140699776915,0.4833120376717385,0.49064352823623214
12949,2025-11-19 15:56:00,2025-11-17/2025-11-23,0.5157908111384062,0.41690757227060793,0.5140427628278186,0.4139515439989468
12950,2025-11-19 16:53:00,2025-11-17/2025-11-23,0.3196968372328319,0.3076675686716936,0.31661988602201474,0.300281682981975
12951,2025-11-19 17:14:00,2025-11-17/2025-11-23,0.49148789239387564,0.39449442731313217,0.48783857649764245,0.3909530949249603
12956,2025-11-19 18:28:00,2025-11-17/2025-11-23,0.3446918358058058,0.3516455802948929,0.3417307632680275,0.34947814417183654
12959,2025-11-19 18:53:00,2025-11-17/2025-11-23,0.5250889780630008,0.5367000926129563,0.5272739916431699,0.5389997521993017
12960,2025-11-19 19:13:00,2025-11-17/2025-11-23,0.5384997971103063,0.5440063494662769,0.5344587591950652,0.5418082524211733
12964,2025-11-19 19:32:00,2025-11-17/2025-11-23,0.5276316035562459,0.539387909659921,0.5302849767097375,0.5419043650236094
12969,2025-11-19 20:04:00,2025-11-17/2025-11-23,0.367414616475995,0.3030557657272508,0.3701067981767158,0.30337732800898626
12970,2025-11-19 20:16:00,2025-11-17/2025-11-23,0.3527115531873284,0.3587488069260558,0.3496244168506868,0.3569180315090012
12978,2025-11-19 22:15:00,2025-11-17/2025-11-23,0.5413291506275602,0.5423688382748006,0.541554960755953,0.5425587705636544
12982,2025-11-19 23:52:00,2025-11-17/2025-11-23,0.5328234154587032,0.5319072513018273,0.532506632258263,0.5316458201069554
12990,2025-11-20 02:33:00,2025-11-17/2025-11-23,0.30595155994771356,0.30831447913600224,0.30263373644627806,0.3054552330996814
12991,2025-11-20 02:35:00,2025-11-17/2025-11-23,0.30747459743300964,0.3080241471180517,0.3036621786874682,0.30471378738057353
12997,2025-11-20 04:27:00,2025-11-17/2025-11-23,0.3029301630878315,0.3041302580969917,0.3053735004408623,0.30716857101944534
12999,2025-11-20 05:43:00,2025-11-17/2025-11-23,0.28482058658178794,0.2860423429035166,0.28322185070174866,0.28401949514422736
13004,2025-11-20 07:00:00,2025-11-17/2025-11-23,0.4508176744356515,0.45691692669431105,0.4547519112311853,0.4594512110211771
13005,2025-11-20 07:02:00,2025-11-17/2025-11-23,0.5214098800935292,0.5342645414403792,0.5250979612492754,0.5346327076652931
13006,2025-11-20 07:13:00,2025-11-17/2025-11-23,0.5376854556427587,0.5478727075148087,0.5408894003199535,0.5479863971022555
13011,2025-11-20 07:40:00,2025-11-17/2025-11-23,0.27397702756406234,0.27777886048918804,0.2746148114345191,0.2777443175134469
13012,2025-11-20 08:01:00,2025-11-17/2025-11-23,0.2876968719443285,0.29274056366667256,0.2856751869617424,0.2904764452149458
13018,2025-11-20 08:54:00,2025-11-17/2025-11-23,0.4684052032736441,0.4763135717197457,0.4678352503146151,0.4751234443592986
13024,2025-11-20 10:01:00,2025-11-17/2025-11-23,0.45948180592850546,0.4623942895824283,0.45823498892142006,0.4611966266224875
13025,2025-11-20 10:31:00,2025-11-17/2025-11-23,0.3889372334660382,0.40011282641607304,0.39019191184117136,0.4007590027861808
13026,2025-11-20 10:42:00,2025-11-17/2025-11-23,0.3402471930827823,0.35297080889467713,0.33950716977396433,0.3524334287308351
13027,2025-11-20 11:02:00,2025-11-17/2025-11-23,0.46592883162916376,0.46849949219039344,0.4693382177758741,0.47125650180084877
13032,2025-11-20 11:38:00,2025-11-17/2025-11-23,0.3096481420788079,0.3128379439027474,0.30741887814701546,0.3104798965531082
13033,2025-11-20 11:43:00,2025-11-17/2025-11-23,0.4379050062627388,0.4418894797582122,0.437642066162807,0.4417789121908617
13034,2025-11-20 11:44:00,2025-11-17/2025-11-23,0.4538149864390724,0.46924700639870776,0.4568732956160818,0.47070578738140895
13041,2025-11-20 12:06:00,2025-11-17/2025-11-23,0.4469838133615605,0.4546245996298202,0.4483955194847187,0.45491410508398017
13043,2025-11-20 12:32:00,2025-11-17/2025-11-23,0.2756353009152058,0.2838034547705654,0.27275826604231407,0.2816423011948954
13044,2025-11-20 12:45:00,2025-11-17/2025-11-23,0.2766742164736035,0.2805569926822636,0.2757231382479776,0.27938327357705744
13046,2025-11-20 13:00:00,2025-11-17/2025-11-23,0.43027107409058346,0.44689306839660936,0.42627690265331203,0.44484467316278903
13047,2025-11-20 13:01:00,2025-11-17/2025-11-23,0.4364352500789642,0.4494243414940739,0.4331610754198723,0.4472933858458675
13050,2025-11-20 14:12:00,2025-11-17/2025-11-23,0.49284764708958917,0.5021070524191559,0.49045936361263065,0.5006269464167722
13051,2025-11-20 14:25:00,2025-11-17/2025-11-23,0.41080723138170394,0.4297921856706298,0.40567678743850777,0.4279595483399398
13052,2025-11-20 14:32:00,2025-11-17/2025-11-23,0.2919796191193981,0.30010442844436097,0.2894476344415462,0.29800201960472267
13053,2025-11-20 14:45:00,2025-11-17/2025-11-23,0.4402805232406874,0.4533967254352729,0.4371881334808417,0.4517868566474986
13055,2025-11-20 15:25:00,2025-11-17/2025-11-23,0.2796766031007412,0.2903549460154056,0.2780281832130072,0.28883120615855307
13056,2025-11-20 15:26:00,2025-11-17/2025-11-23,0.390945153519059,0.4030209978892118,0.390678958230575,0.4023327045668688
13058,2025-11-20 15:31:00,2025-11-17/2025-11-23,0.2671927875133707,0.26978827545164097,0.26587927511480886,0.26831421733166616
13059,2025-11-20 15:33:00,2025-11-17/2025-11-23,0.2741835875577666,0.2783683920375834,0.27327788751758536,0.27722636741999074
13061,2025-11-20 16:00:00,2025-11-17/2025-11-23,0.44443744942658586,0.45157175154515505,0.4415978722097829,0.4472869641748495
13064,2025-11-20 16:49:00,2025-11-17/2025-11-23,0.4874808841480593,0.49417339292927237,0.4916329324017128,0.4978928906256336
13065,2025-11-20 17:00:00,2025-11-17/2025-11-23,0.4580796430940203,0.4758251608137679,0.45406661981828444,0.4732381204381161
13068,2025-11-20 17:21:00,2025-11-17/2025-11-23,0.304792907593048,0.31096993941606205,0.30181298340960744,0.3086162522598412
13069,2025-11-20 17:27:00,2025-11-17/2025-11-23,0.4310411823683395,0.43798828033103304,0.43027688085107985,0.43810796308625166
13070,2025-11-20 17:36:00,2025-11-17/2025-11-23,0.55712206153922,0.5642413436945041,0.558606030130663,0.5692556895230662
13071,2025-11-20 18:09:00,2025-11-17/2025-11-23,0.46429663469437976,0.473812576254134,0.46422647556486124,0.4751688973790048
13072,2025-11-20 18:10:00,2025-11-17/2025-11-23,0.29090228860312217,0.30162143161123905,0.29130875677852713,0.30136379474428676
13075,2025-11-20 19:28:00,2025-11-17/2025-11-23,0.4222436454254208,0.43058940137208246,0.42132511802823835,0.430484829028444
13077,2025-11-20 19:30:00,2025-11-17/2025-11-23,0.4652128535437143,0.47825089210234445,0.46552615964026633,0.47882939540549446
13078,2025-11-20 20:11:00,2025-11-17/2025-11-23,0.4230681429949809,0.4313038731106732,0.422133510064994,0.4311889016794635
13079,2025-11-20 20:19:00,2025-11-17/2025-11-23,0.2762778989023435,0.287407985852578,0.2716289036340997,0.2847914842549717
13080,2025-11-20 20:32:00,2025-11-17/2025-11-23,0.27798563374839974,0.28967405367788507,0.27434309844210386,0.28755986693481056
13082,2025-11-20 20:53:00,2025-11-17/2025-11-23,0.28838253218998466,0.29575756066428865,0.28566626937942025,0.2938781899460013
13083,2025-11-20 20:58:00,2025-11-17/2025-11-23,0.46269904210142226,0.476088951906437,0.46372602364773136,0.4765864895698447
13090,2025-11-20 23:14:00,2025-11-17/2025-11-23,0.5200467566593779,0.532471513724964,0.5219907955701609,0.5341259074409974
13091,2025-11-20 23:35:00,2025-11-17/2025-11-23,0.49208566156790795,0.4988708893479278,0.49417210061392275,0.5006490454322192
13092,2025-11-20 23:39:00,2025-11-17/2025-11-23,0.40844406301318326,0.4138165015560384,0.40912281423111935,0.4152453307820359
13093,2025-11-20 23:40:00,2025-11-17/2025-11-23,0.2798438280474742,0.2913745262818469,0.27531883699694265,0.28891106634616187
13094,2025-11-20 23:46:00,2025-11-17/2025-11-23,0.28183352925659133,0.2865219251359709,0.2823289205696255,0.28666205627560293
13096,2025-11-21 00:24:00,2025-11-17/2025-11-23,0.2660185807603601,0.26539671250157376,0.26433028964178396,0.2646395645777848
13102,2025-11-21 02:38:00,2025-11-17/2025-11-23,0.4487541225278296,0.45181371563637635,0.44519852979836677,0.44972486465628514
13106,2025-11-21 04:05:00,2025-11-17/2025-11-23,0.45085501808991035,0.453398928564911,0.44899640513964,0.4533449334359313
13107,2025-11-21 04:06:00,2025-11-17/2025-11-23,0.44662445332768297,0.45020652149395995,0.4414435600304381,0.4479091780390238
13108,2025-11-21 04:07:00,2025-11-17/2025-11-23,0.4448736885932892,0.4490767918467079,0.43978045336167526,0.4469637055295458
13109,2025-11-21 04:08:00,2025-11-17/2025-11-23,0.5217471498198022,0.523900422735348,0.5205209686148338,0.5234851229024562
13110,2025-11-21 04:10:00,2025-11-17/2025-11-23,0.2939274252336178,0.2961379287911931,0.290555212671498,0.29439812713392494
13111,2025-11-21 04:11:00,2025-11-17/2025-11-23,0.27719996564781346,0.2751216284284896,0.27529073263072446,0.27423400108709123
13112,2025-11-21 04:12:00,2025-11-17/2025-11-23,0.46721605815061273,0.4713733335263604,0.46515556338661107,0.4706536543416655
13113,2025-11-21 04:13:00,2025-11-17/2025-11-23,0.444945959998658,0.44913970863319724,0.43985134345609456,0.44702577940456506
13114,2025-11-21 04:15:00,2025-11-17/2025-11-23,0.28993593455630223,0.2910061929710149,0.2858364757027608,0.28883604331096924
13115,2025-11-21 04:16:00,2025-11-17/2025-11-23,0.4657481261289925,0.4666464467473471,0.4619029844056845,0.4643749764343741
13116,2025-11-21 04:20:00,2025-11-17/2025-11-23,0.47808690905810736,0.486262618953617,0.47968291389095735,0.48865280907112074
13117,2025-11-21 04:22:00,2025-11-17/2025-11-23,0.43447434115702427,0.43802106336691465,0.4352154557769289,0.4395489552933515
13120,2025-11-21 04:41:00,2025-11-17/2025-11-23,0.2961294345846355,0.29591689369140084,0.2916740202318591,0.293192082936561
13121,2025-11-21 04:43:00,2025-11-17/2025-11-23,0.28207911214992776,0.27907797259152506,0.279786328487042,0.2778726127491664
13122,2025-11-21 04:45:00,2025-11-17/2025-11-23,0.2794271204163775,0.27813739729864667,0.27773644666786096,0.277561262444577
13123,2025-11-21 05:00:00,2025-11-17/2025-11-23,0.2634421806771291,0.27043382451969783,0.2582546560952489,0.267956611043179
13124,2025-11-21 05:01:00,2025-11-17/2025-11-23,0.2711576396046921,0.27374991706831553,0.26726971206820765,0.27126398666937823
13127,2025-11-21 05:25:00,2025-11-17/2025-11-23,0.41679657672066234,0.4499032599985572,0.4154506512998392,0.4508627418030262
13132,2025-11-21 06:11:00,2025-11-17/2025-11-23,0.3305712160944485,0.3338244101295586,0.33195227963933444,0.3357290056761275
13133,2025-11-21 06:27:00,2025-11-17/2025-11-23,0.44802922458727196,0.45635485534584186,0.4459781880338426,0.45625291843972665
13135,2025-11-21 06:30:00,2025-11-17/2025-11-23,0.44468303139075716,0.45274359003281917,0.4423182558093415,0.4526625392037362
13142,2025-11-21 06:49:00,2025-11-17/2025-11-23,0.4799041683815401,0.4835735076049386,0.47967638507420923,0.4841091319143129
13145,2025-11-21 07:03:00,2025-11-17/2025-11-23,0.450469940445427,0.49876481281821894,0.4467907316931912,0.4949781977216237
13146,2025-11-21 07:14:00,2025-11-17/2025-11-23,0.43937394382636225,0.4410152936506387,0.44071970380016,0.44283357260983525
13147,2025-11-21 07:18:00,2025-11-17/2025-11-23,0.476724857255621,0.43986082300242285,0.4780655673296225,0.43870526496646894
13152,2025-11-21 07:44:00,2025-11-17/2025-11-23,0.28077070605700544,0.280350638907593,0.2800026736203374,0.27996332950390024
13153,2025-11-21 07:46:00,2025-11-17/2025-11-23,0.3691574506988385,0.3745751480353335,0.3690876518349088,0.3753749443728093
13155,2025-11-21 07:50:00,2025-11-17/2025-11-23,0.37147813927327866,0.38123977600884024,0.37113685631413296,0.38099073782609016
13156,2025-11-21 07:51:00,2025-11-17/2025-11-23,0.4537395581549716,0.46564470662483076,0.45108809668160094,0.4648891658367206
13158,2025-11-21 07:59:00,2025-11-17/2025-11-23,0.4492688241312921,0.455482196994381,0.445878627046963,0.4541483043881105
13162,2025-11-21 08:16:00,2025-11-17/2025-11-23,0.26965669568062484,0.2780239333212116,0.26628662543414244,0.27629609022059193
13163,2025-11-21 08:21:00,2025-11-17/2025-11-23,0.27184729080051756,0.27968883458599464,0.26840920992004946,0.27818131531142104
13164,2025-11-21 08:24:00,2025-11-17/2025-11-23,0.2825234387379014,0.2818690535494871,0.28172212995840246,0.2814606973074065
13165,2025-11-21 08:34:00,2025-11-17/2025-11-23,0.3007513799961302,0.3052223028342484,0.29909712613359823,0.3042424800925408
13167,2025-11-21 08:46:00,2025-11-17/2025-11-23,0.44080171660613116,0.44880423778676576,0.43951581372758364,0.44851510095191455
13168,2025-11-21 08:50:00,2025-11-17/2025-11-23,0.4183486251509804,0.4660122854616581,0.4190892604764462,0.46460281918627055
13169,2025-11-21 08:53:00,2025-11-17/2025-11-23,0.26610006244938034,0.2679721849543998,0.26601574723310406,0.2683133142916007
13170,2025-11-21 08:57:00,2025-11-17/2025-11-23,0.2871944503805863,0.29292538874583157,0.285133019522576,0.29177093670294324
13171,2025-11-21 08:58:00,2025-11-17/2025-11-23,0.26969151949838494,0.27069329662249725,0.2691183609937951,0.2704280786929527
13173,2025-11-21 09:07:00,2025-11-17/2025-11-23,0.5009130165305636,0.5095949255667821,0.5016098580677338,0.5105150200195561
13182,2025-11-21 09:43:00,2025-11-17/2025-11-23,0.4183492028692538,0.43005567544896317,0.416488042240108,0.42999218999737304
13183,2025-11-21 09:46:00,2025-11-17/2025-11-23,0.42078735649148297,0.4316210406090639,0.418333052323034,0.4312241632653198
13187,2025-11-21 10:00:00,2025-11-17/2025-11-23,0.4431532241656865,0.45129093002986764,0.4451998595710251,0.4536557152117771
13188,2025-11-21 10:02:00,2025-11-17/2025-11-23,0.4173606013475313,0.42128354721891065,0.4166488794686699,0.42199895392996856
13194,2025-11-21 10:34:00,2025-11-17/2025-11-23,0.4529327811063769,0.4573418149246346,0.4491544881008271,0.45554856177436936
13203,2025-11-21 10:55:00,2025-11-17/2025-11-23,0.4322038016248773,0.4413541448898128,0.4260091168366354,0.4388455881057105
13205,2025-11-21 11:08:00,2025-11-17/2025-11-23,0.28911550445552187,0.29555941049236045,0.29191709240255337,0.2980943946311404
13211,2025-11-21 13:54:00,2025-11-17/2025-11-23,0.43642671911558495,0.44548244145409743,0.43176041116401814,0.4434085526865902
13218,2025-11-21 14:51:00,2025-11-17/2025-11-23,0.4795761903035121,0.4874782562764955,0.4819127926901732,0.48974885909575533
13219,2025-11-21 14:52:00,2025-11-17/2025-11-23,0.29751382670536597,0.3007938408866426,0.2934322626650855,0.2980613155569588
13220,2025-11-21 14:54:00,2025-11-17/2025-11-23,0.3025755996252525,0.30766080658631,0.29906062857975785,0.3054980025655463
13224,2025-11-21 15:20:00,2025-11-17/2025-11-23,0.29396635373062296,0.30186196197349263,0.29701383541751614,0.3044393405991849
13230,2025-11-21 16:00:00,2025-11-17/2025-11-23,0.41947665620028574,0.43247955624449286,0.4156513567094912,0.43109592518701456
13231,2025-11-21 16:02:00,2025-11-17/2025-11-23,0.2707910422949854,0.2734002903782459,0.26921180826335717,0.2726232689734253
13233,2025-11-21 16:05:00,2025-11-17/2025-11-23,0.26952899241231504,0.27829076870997227,0.2668846717196672,0.2771482836104964
13247,2025-11-21 16:33:00,2025-11-17/2025-11-23,0.29089264897256256,0.29940176214833236,0.2855733290784806,0.2964652782813598
13250,2025-11-21 16:35:00,2025-11-17/2025-11-23,0.28086775423382704,0.28425773600051957,0.2806070739353498,0.284946118299936
13253,2025-11-21 16:38:00,2025-11-17/2025-11-23,0.30327564854227773,0.30892619352371276,0.3038307633463601,0.3100720239981569
13276,2025-11-21 16:58:00,2025-11-17/2025-11-23,0.2707818863087783,0.2733777827106341,0.26919818972853166,0.2725974236850288
13277,2025-11-21 17:00:00,2025-11-17/2025-11-23,0.2971476941556928,0.29983377039145054,0.2967657172700538,0.30111387442547066
13294,2025-11-21 17:32:00,2025-11-17/2025-11-23,0.452947364538023,0.4582818309268322,0.4501783934646044,0.4574347826351691
13297,2025-11-21 17:40:00,2025-11-17/2025-11-23,0.2896738019017861,0.29800761931411696,0.29156378255163007,0.29995511000589903
13299,2025-11-21 17:46:00,2025-11-17/2025-11-23,0.45296197558805373,0.46088695134625607,0.45117192883613266,0.4618000364336082
13300,2025-11-21 17:58:00,2025-11-17/2025-11-23,0.29820283764704275,0.3013982968735125,0.29410494049435554,0.29865559336211656
13303,2025-11-21 18:30:00,2025-11-17/2025-11-23,0.4836110235982308,0.48929085851700577,0.48065337227964616,0.4875729542589131
13305,2025-11-21 18:33:00,2025-11-17/2025-11-23,0.3881023927047302,0.4015320788541241,0.38645462236115147,0.4014284963389442
13306,2025-11-21 18:35:00,2025-11-17/2025-11-23,0.4258316602971048,0.4393432310211953,0.4286514145902445,0.4415649705605353
13307,2025-11-21 18:41:00,2025-11-17/2025-11-23,0.41729993789406566,0.42922129137711273,0.40970666807757616,0.4257669662345455
13309,2025-11-21 18:49:00,2025-11-17/2025-11-23,0.29828018427995184,0.3013508259934922,0.29944282915370785,0.30257846164915336
13310,2025-11-21 18:51:00,2025-11-17/2025-11-23,0.4622502456650013,0.463798584415783,0.46169938776427816,0.46417289025802444
13311,2025-11-21 18:52:00,2025-11-17/2025-11-23,0.4918351829867837,0.5046449368634545,0.4879275254896256,0.5036410572075365
13315,2025-11-21 19:03:00,2025-11-17/2025-11-23,0.3713420865728305,0.3416244710543772,0.371766428742848,0.33959614024065965
13316,2025-11-21 19:06:00,2025-11-17/2025-11-23,0.2939956391360543,0.29388775902640957,0.29223100207758673,0.2932261100806668
13321,2025-11-21 19:11:00,2025-11-17/2025-11-23,0.42698285759685795,0.4362930313210151,0.4294158813498762,0.44017066827550844
13326,2025-11-21 19:38:00,2025-11-17/2025-11-23,0.4545288357314641,0.45704523190369944,0.4540961529534817,0.45749337114748956
13331,2025-11-21 20:13:00,2025-11-17/2025-11-23,0.4441501044376798,0.452093964244971,0.43961280288087146,0.4502397363840513
13332,2025-11-21 20:14:00,2025-11-17/2025-11-23,0.4788567390008257,0.4841616526296934,0.47951210133267574,0.4858256774651783
13333,2025-11-21 20:16:00,2025-11-17/2025-11-23,0.44037479485335085,0.4451430497596661,0.44334197390193,0.4486642284341473
13335,2025-11-21 20:20:00,2025-11-17/2025-11-23,0.4362648707466109,0.44550278684404393,0.43180450965072964,0.44444671947422865
13336,2025-11-21 20:33:00,2025-11-17/2025-11-23,0.26773546950315996,0.2748478491039551,0.26161066874255945,0.27132730343523825
13339,2025-11-21 20:36:00,2025-11-17/2025-11-23,0.44382756488844965,0.4563324219985237,0.43877051176591036,0.45413500836355725
13342,2025-11-21 21:01:00,2025-11-17/2025-11-23,0.5014650865920287,0.5126088883458955,0.5053697633365034,0.5166106316743508
13348,2025-11-21 21:21:00,2025-11-17/2025-11-23,0.4520231515579643,0.37087808642021175,0.43029897780344606,0.3579430176596258
13349,2025-11-21 21:23:00,2025-11-17/2025-11-23,0.29351943191445906,0.2934688535319391,0.291762768529031,0.292811693725492
13351,2025-11-21 21:30:00,2025-11-17/2025-11-23,0.43105281795277706,0.4406227164047315,0.42675139197909123,0.43891027024186074
13353,2025-11-21 21:41:00,2025-11-17/2025-11-23,0.28112889001665187,0.2839789681703355,0.28040197279081785,0.28419719114491976
13354,2025-11-21 21:43:00,2025-11-17/2025-11-23,0.2899910726649607,0.2983645522129599,0.2856748520010078,0.2964894809598929
13358,2025-11-21 21:50:00,2025-11-17/2025-11-23,0.2938975129955066,0.26425959320318004,0.29308491368200834,0.2619251183143234
13360,2025-11-21 22:10:00,2025-11-17/2025-11-23,0.2930447121062806,0.3058461683552711,0.2918498891800099,0.3056568528360718
13362,2025-11-21 22:18:00,2025-11-17/2025-11-23,0.45805527589193823,0.4601309854930756,0.4575689753181089,0.4605456949915574
13365,2025-11-21 22:44:00,2025-11-17/2025-11-23,0.30091470300177325,0.30479598228641736,0.30062576087195203,0.30584442965081776
13379,2025-11-21 23:15:00,2025-11-17/2025-11-23,0.436858142900817,0.44093649626608594,0.4347854298543901,0.4410783880620272
13380,2025-11-21 23:17:00,2025-11-17/2025-11-23,0.2879038834901577,0.2885702661605152,0.2862555430503003,0.2879766341649833
13383,2025-11-22 00:01:00,2025-11-17/2025-11-23,0.45651450730266735,0.46246740275631143,0.4554910531021872,0.4621205623786178
13388,2025-11-22 00:22:00,2025-11-17/2025-11-23,0.26733452476332625,0.269262913576567,0.26491489602266177,0.2677098995865009
13389,2025-11-22 00:23:00,2025-11-17/2025-11-23,0.46513357730971494,0.47301169611795174,0.46220750453603093,0.47132806458480836
13395,2025-11-22 01:13:00,2025-11-17/2025-11-23,0.2927560552958011,0.2985087991682354,0.2885973839251674,0.2958918893929375
13396,2025-11-22 01:14:00,2025-11-17/2025-11-23,0.42953337837077116,0.4347361238839771,0.4228528861864434,0.43087619581810727
13398,2025-11-22 01:15:00,2025-11-17/2025-11-23,0.43731119460003093,0.34015292813401576,0.4314357005815273,0.33584330582340727
13399,2025-11-22 01:16:00,2025-11-17/2025-11-23,0.3351777964792963,0.34182946270796877,0.33141433832970957,0.3397968921104838
13400,2025-11-22 01:17:00,2025-11-17/2025-11-23,0.4178888589775714,0.42693480509647846,0.4121768564666275,0.42380112239956236
13401,2025-11-22 01:18:00,2025-11-17/2025-11-23,0.3516715845136531,0.3566949115078391,0.3476094330275149,0.35460488485475616
13404,2025-11-22 01:32:00,2025-11-17/2025-11-23,0.42149819156082036,0.42590996915213236,0.41823841853533916,0.42472835037272355
13405,2025-11-22 01:33:00,2025-11-17/2025-11-23,0.43779373304843416,0.4453106282727507,0.43196482212880977,0.4421974997813458
13408,2025-11-22 02:02:00,2025-11-17/2025-11-23,0.43784214003190625,0.4477771015853201,0.4362625673695855,0.4486525094282648
13409,2025-11-22 02:13:00,2025-11-17/2025-11-23,0.41855098224183274,0.42805042014766914,0.4130349454934614,0.42499614653668705
13411,2025-11-22 02:20:00,2025-11-17/2025-11-23,0.27388517221992525,0.2479385915982926,0.2672650114545886,0.24138241684568015
13412,2025-11-22 02:22:00,2025-11-17/2025-11-23,0.4806884238730129,0.4878654247045889,0.4766926515758948,0.48524274236374954
13415,2025-11-22 02:41:00,2025-11-17/2025-11-23,0.4458672821099681,0.4478699663498809,0.444104558902755,0.44690912471069083
13416,2025-11-22 02:42:00,2025-11-17/2025-11-23,0.2865727777632997,0.2895863814198232,0.2816370674371213,0.28610034374362264
13417,2025-11-22 02:49:00,2025-11-17/2025-11-23,0.4375121986966035,0.44194270946837827,0.4333873740616491,0.4398904781041832
13418,2025-11-22 02:53:00,2025-11-17/2025-11-23,0.2749683379693767,0.2759505596768997,0.2723870654695942,0.2742973849590606
13419,2025-11-22 03:05:00,2025-11-17/2025-11-23,0.40352662687030055,0.4121187327493758,0.40217896053961966,0.4119451870084961
13424,2025-11-22 03:24:00,2025-11-17/2025-11-23,0.2716199297155548,0.2779961379461794,0.2675281891948988,0.2755367911909627
13425,2025-11-22 03:26:00,2025-11-17/2025-11-23,0.4647801098755697,0.4697029818992237,0.46362848837053416,0.46927521121532695
13426,2025-11-22 03:27:00,2025-11-17/2025-11-23,0.27871752604980427,0.2849949273369727,0.27463489242498484,0.28224579180610915
13428,2025-11-22 03:35:00,2025-11-17/2025-11-23,0.4497422363243196,0.4475929954931633,0.442952873601879,0.4412832386985091
13429,2025-11-22 04:01:00,2025-11-17/2025-11-23,0.4396158966552128,0.4469051834304203,0.4337527621509862,0.44377129981032915
13430,2025-11-22 04:02:00,2025-11-17/2025-11-23,0.27447636290191957,0.2755225140590175,0.27190632360150047,0.2738763858339935
13432,2025-11-22 04:04:00,2025-11-17/2025-11-23,0.4453809463464177,0.4534282246521614,0.4398902802067275,0.45057102814543165
13436,2025-11-22 04:07:00,2025-11-17/2025-11-23,0.39937679738657833,0.41009537397365725,0.39669566477522533,0.4084132746476794
13438,2025-11-22 04:09:00,2025-11-17/2025-11-23,0.3562301647181252,0.3642833738026779,0.3544752606926914,0.36395830600514384
13439,2025-11-22 04:10:00,2025-11-17/2025-11-23,0.43772834397663746,0.4461891358739224,0.43216696015635925,0.44332899004878645
13440,2025-11-22 04:13:00,2025-11-17/2025-11-23,0.2910919561407193,0.2118086674649831,0.2862613432198436,0.20812658789007907
13441,2025-11-22 04:14:00,2025-11-17/2025-11-23,0.27141954900163157,0.27283094745152203,0.2689094495272491,0.2712213867563456
13444,2025-11-22 04:16:00,2025-11-17/2025-11-23,0.5011257311434602,0.502811900999756,0.49557674865127926,0.49821170438843304
13446,2025-11-22 04:17:00,2025-11-17/2025-11-23,0.28927688925881645,0.29274459536235636,0.2844925184510689,0.28942041268874535
13447,2025-11-22 04:19:00,2025-11-17/2025-11-23,0.46834161686171993,0.4981067411998735,0.4671293172061715,0.4970095790561893
13452,2025-11-22 04:26:00,2025-11-17/2025-11-23,0.4812097097690027,0.49135925725824686,0.4814219076569277,0.49254940321853036
13460,2025-11-22 04:35:00,2025-11-17/2025-11-23,0.3009848594452545,0.30687007437025093,0.29778116440351726,0.30482014533466406
13472,2025-11-22 04:45:00,2025-11-17/2025-11-23,0.3582202453817388,0.35900871415694097,0.3585833743072758,0.3598197717031564
13486,2025-11-22 04:59:00,2025-11-17/2025-11-23,0.3726571936923909,0.38379920844534526,0.3689657614285725,0.3816015265310293
13488,2025-11-22 05:01:00,2025-11-17/2025-11-23,0.3269125919791075,0.329899328323498,0.3253595942893049,0.3295525753275677
13500,2025-11-22 06:00:00,2025-11-17/2025-11-23,0.3470685307209921,0.35532354471081945,0.3453524869253305,0.35492578688189524
13502,2025-11-22 06:01:00,2025-11-17/2025-11-23,0.4327253486422804,0.4477861944819859,0.4265320956614634,0.44480913759282825
13504,2025-11-22 06:03:00,2025-11-17/2025-11-23,0.4654553987470183,0.4746507243326206,0.4634005208725496,0.47306139443252676
13507,2025-11-22 06:07:00,2025-11-17/2025-11-23,0.4642493071784828,0.46997514110384925,0.4665145384786705,0.472121596566231
13509,2025-11-22 06:11:00,2025-11-17/2025-11-23,0.2978300935364797,0.30564707226081816,0.2961339682806989,0.30446398797802776
13510,2025-11-22 06:13:00,2025-11-17/2025-11-23,0.4859854277749295,0.4962730242459021,0.4859998240838917,0.49670940010039605
13512,2025-11-22 06:14:00,2025-11-17/2025-11-23,0.2834536694918581,0.2952211300003548,0.2826029018105525,0.2960322485318016
13513,2025-11-22 06:15:00,2025-11-17/2025-11-23,0.4269046340722992,0.43354865784418034,0.4253590508006406,0.4332864349694336
13515,2025-11-22 06:19:00,2025-11-17/2025-11-23,0.3905547539612629,0.3937505606498258,0.39116864669907847,0.3940663227321206
13516,2025-11-22 06:21:00,2025-11-17/2025-11-23,0.2873288424653564,0.2923873781022652,0.28383827236347936,0.2895614687057462
13518,2025-11-22 06:28:00,2025-11-17/2025-11-23,0.38801360695253617,0.400472449209063,0.38853670112720096,0.40118704718306314
13519,2025-11-22 06:30:00,2025-11-17/2025-11-23,0.4356916377916252,0.44153469429519765,0.4365446837192662,0.44273077244504566
13521,2025-11-22 06:33:00,2025-11-17/2025-11-23,0.34364800408823953,0.35417087045432105,0.33870347942357526,0.35185117875912375
13523,2025-11-22 06:35:00,2025-11-17/2025-11-23,0.2906578889160657,0.2964473265108232,0.2873603419468655,0.29391700012341176
13525,2025-11-22 06:37:00,2025-11-17/2025-11-23,0.28406438829640357,0.2914501706582668,0.28116269609593747,0.2896160050842791
13527,2025-11-22 06:38:00,2025-11-17/2025-11-23,0.5061253782250676,0.5098588628402616,0.5074346588568143,0.5104820396003353
13530,2025-11-22 06:39:00,2025-11-17/2025-11-23,0.2733152707866544,0.275206788694678,0.27191837954634146,0.2741462974245862
13532,2025-11-22 06:42:00,2025-11-17/2025-11-23,0.47163882106101884,0.4460088264821649,0.4718999283896633,0.4429850705172969
13533,2025-11-22 06:46:00,2025-11-17/2025-11-23,0.42666661696214786,0.433354614284179,0.4251296196040964,0.4330982797117185
13536,2025-11-22 06:59:00,2025-11-17/2025-11-23,0.3438353951704848,0.35051242056369747,0.3462441164881148,0.3526899880735875
13537,2025-11-22 06:59:00,2025-11-17/2025-11-23,0.2998247003987669,0.30418272041855504,0.3000560831534951,0.305296533682229
13540,2025-11-22 07:02:00,2025-11-17/2025-11-23,0.26046452820478966,0.2655632134956599,0.2598779629154571,0.2653700296588498
13542,2025-11-22 07:11:00,2025-11-17/2025-11-23,0.35725131577440616,0.358907174305007,0.3575524074361494,0.35952014404729826
13544,2025-11-22 07:15:00,2025-11-17/2025-11-23,0.42703957640000023,0.4336818326393112,0.42549658860887435,0.4334218320771149
13545,2025-11-22 07:16:00,2025-11-17/2025-11-23,0.27218284107538915,0.2985266160747725,0.27113001121367736,0.29681764124709303
13548,2025-11-22 07:19:00,2025-11-17/2025-11-23,0.5788670161307822,0.5952171636624379,0.5781246572164389,0.5925104658497935
13549,2025-11-22 07:22:00,2025-11-17/2025-11-23,0.4521723103508123,0.46278802512853984,0.45207265013772024,0.4634041593149691
13551,2025-11-22 07:24:00,2025-11-17/2025-11-23,0.4716536402092369,0.371679267517362,0.4722404839074491,0.3707458006922683
13555,2025-11-22 07:32:00,2025-11-17/2025-11-23,0.42776018543257033,0.4317354456610324,0.42810695886825817,0.4326040898307605
13557,2025-11-22 07:44:00,2025-11-17/2025-11-23,0.5007156820927777,0.5044080057840833,0.49663898000198153,0.5011128587775411
13560,2025-11-22 07:55:00,2025-11-17/2025-11-23,0.4550524858225393,0.45837693134426066,0.4571645791315285,0.4615797236719728
13561,2025-11-22 07:58:00,2025-11-17/2025-11-23,0.4741071746490736,0.4808332370858936,0.47466193908023013,0.48131231777302536
13562,2025-11-22 08:01:00,2025-11-17/2025-11-23,0.4405436662498724,0.45113163828477637,0.4365844813634674,0.44961410917837713
13563,2025-11-22 08:03:00,2025-11-17/2025-11-23,0.48680359640365806,0.49814378417199684,0.48514547017236404,0.49745276857258647
13564,2025-11-22 08:09:00,2025-11-17/2025-11-23,0.5503471386557336,0.5642534249705056,0.5520876690226921,0.5640503290172832
13565,2025-11-22 08:11:00,2025-11-17/2025-11-23,0.4919171729623355,0.49285521206092126,0.4864367144764392,0.48854055490905823
13567,2025-11-22 08:13:00,2025-11-17/2025-11-23,0.535163371437381,0.5445844882932102,0.5355948485764376,0.544575434691328
13568,2025-11-22 08:15:00,2025-11-17/2025-11-23,0.4403022590135691,0.458557697855456,0.44193434877302107,0.4599632147303225
13571,2025-11-22 08:17:00,2025-11-17/2025-11-23,0.3645754510119967,0.3733354357707097,0.36326355464862553,0.3730232953900762
13573,2025-11-22 08:20:00,2025-11-17/2025-11-23,0.444553278441916,0.4547279864672531,0.4406433441447896,0.452616989186451
13575,2025-11-22 08:23:00,2025-11-17/2025-11-23,0.4791028772871628,0.4910745164367749,0.47947314660761836,0.4920705590610042
13577,2025-11-22 08:26:00,2025-11-17/2025-11-23,0.446766550067837,0.45982305013955677,0.444301512519789,0.4594042719547141
13580,2025-11-22 08:36:00,2025-11-17/2025-11-23,0.43111518545869765,0.44455854647015886,0.42413119402167243,0.44094011889593776
13582,2025-11-22 08:55:00,2025-11-17/2025-11-23,0.38070315067964844,0.38535855456146895,0.3792600582415438,0.3840670619570087
13584,2025-11-22 08:57:00,2025-11-17/2025-11-23,0.46879040795091065,0.47692053894815783,0.46983347788268404,0.4779406257394123
13585,2025-11-22 08:58:00,2025-11-17/2025-11-23,0.4514113998640322,0.4556753019187704,0.4513999233382008,0.4556508943401997
13588,2025-11-22 09:20:00,2025-11-17/2025-11-23,0.47965740711234084,0.4848501005626396,0.4823901170524224,0.487474121009528
13592,2025-11-22 09:41:00,2025-11-17/2025-11-23,0.42583490692241366,0.43262196700099126,0.4243103401107349,0.4323731138201328
13593,2025-11-22 09:42:00,2025-11-17/2025-11-23,0.4133097398934837,0.41910033447237544,0.4138821424945655,0.4201102662447912
13594,2025-11-22 09:44:00,2025-11-17/2025-11-23,0.4288451600154888,0.43526147320351005,0.4272717955441221,0.4349826916623322
13595,2025-11-22 09:46:00,2025-11-17/2025-11-23,0.4470884455374246,0.4519101124902815,0.4471488417329851,0.4519323786765364
13597,2025-11-22 09:54:00,2025-11-17/2025-11-23,0.48480922200949406,0.4966102583693014,0.48625665510028626,0.4983546038953191
13598,2025-11-22 10:01:00,2025-11-17/2025-11-23,0.44964577577903697,0.4552182535413407,0.4504218935468172,0.45602275717736923
13601,2025-11-22 10:12:00,2025-11-17/2025-11-23,0.42991429389165176,0.4361959987941417,0.4283227351944285,0.4359059356250467
13602,2025-11-22 10:14:00,2025-11-17/2025-11-23,0.442951901402273,0.44829046609337675,0.44307595150634704,0.44835363352099894
13604,2025-11-22 10:15:00,2025-11-17/2025-11-23,0.23877732884199765,0.24212015046003338,0.23825675026595017,0.24196023276077766
13605,2025-11-22 10:21:00,2025-11-17/2025-11-23,0.27991886531075727,0.28268215236242794,0.27872086879743313,0.2817625043123787
13607,2025-11-22 10:25:00,2025-11-17/2025-11-23,0.4268339626090455,0.43348562730714246,0.4252891837633648,0.43322385266857255
13608,2025-11-22 10:29:00,2025-11-17/2025-11-23,0.2932713267108428,0.2998917754312927,0.2932323696039542,0.3003272345308533
13609,2025-11-22 10:32:00,2025-11-17/2025-11-23,0.27953320124791403,0.2823570559390089,0.2783465414973303,0.2814451572268474
13612,2025-11-22 10:54:00,2025-11-17/2025-11-23,0.4737804081412607,0.48162298482652544,0.4751000223267013,0.4829176110355558
13613,2025-11-22 10:58:00,2025-11-17/2025-11-23,0.28065179317924654,0.2839342329341381,0.27977248761876744,0.28340453831191337
13614,2025-11-22 11:00:00,2025-11-17/2025-11-23,0.46604187825033305,0.47271636465359707,0.46614088010616567,0.4734397797350322
13615,2025-11-22 11:02:00,2025-11-17/2025-11-23,0.5065299008131108,0.5102243233448684,0.5078369044061714,0.5108464480616841
13618,2025-11-22 11:07:00,2025-11-17/2025-11-23,0.2797977911906313,0.28257839049791,0.2786028065792703,0.2816607696204181
13619,2025-11-22 11:09:00,2025-11-17/2025-11-23,0.30154253708760614,0.3043720770366254,0.3023442951833889,0.3063248110809357
13620,2025-11-22 11:10:00,2025-11-17/2025-11-23,0.44866353331486475,0.45326116651372095,0.44869098151482584,0.453261394740195
13622,2025-11-22 11:16:00,2025-11-17/2025-11-23,0.44996793634685406,0.45441500053772077,0.4499794280683778,0.45440540620499215
13624,2025-11-22 11:17:00,2025-11-17/2025-11-23,0.2818743508798322,0.28440045104340234,0.28064145120994366,0.2834582598040479
13625,2025-11-22 11:18:00,2025-11-17/2025-11-23,0.4507185676469922,0.45506866129507006,0.45071755442714,0.45505094616303465
13626,2025-11-22 11:19:00,2025-11-17/2025-11-23,0.5097720868248548,0.5151708165989691,0.5125216096725417,0.5169126387479928
13627,2025-11-22 11:22:00,2025-11-17/2025-11-23,0.43493481839572234,0.4394856455088984,0.4348329550295417,0.4406136863066007
13628,2025-11-22 11:24:00,2025-11-17/2025-11-23,0.35915340955210423,0.3720223786293597,0.3575427685133127,0.3712710414216413
13629,2025-11-22 11:25:00,2025-11-17/2025-11-23,0.402876658897767,0.4142257384366109,0.40473928336388276,0.41642388662534474
13631,2025-11-22 11:27:00,2025-11-17/2025-11-23,0.43108414188262917,0.4414118709399493,0.4343664091323155,0.443461150397718
13633,2025-11-22 11:34:00,2025-11-17/2025-11-23,0.28888660994570625,0.29694910955405995,0.29283520198531954,0.30093926603493504
13634,2025-11-22 11:35:00,2025-11-17/2025-11-23,0.3619189126533056,0.36890027496882893,0.36253309365012965,0.3705662887159816
13635,2025-11-22 11:36:00,2025-11-17/2025-11-23,0.27739964728625405,0.22071252248389586,0.2765771289081959,0.2190545043029066
13636,2025-11-22 11:40:00,2025-11-17/2025-11-23,0.4748972161231553,0.4815098610672882,0.47543534283799,0.48197780402394313
13639,2025-11-22 11:48:00,2025-11-17/2025-11-23,0.2802996517322348,0.28302954549536435,0.2790989457332426,0.2821085331980603
13640,2025-11-22 11:51:00,2025-11-17/2025-11-23,0.4670245770539371,0.4723973777427232,0.46924719721468244,0.4745164454620974
13641,2025-11-22 11:54:00,2025-11-17/2025-11-23,0.3815468835600822,0.39458348572177904,0.38300977962786015,0.39580961038432266
13644,2025-11-22 11:57:00,2025-11-17/2025-11-23,0.430991194487695,0.4345571938979702,0.4312869614957605,0.4353938332550561
13647,2025-11-22 12:04:00,2025-11-17/2025-11-23,0.3928279994605051,0.3994286546698753,0.389333696275033,0.3986505451500721
13648,2025-11-22 12:05:00,2025-11-17/2025-11-23,0.44553526706925956,0.4527140421436479,0.4443757483015398,0.452124358634234
13649,2025-11-22 12:09:00,2025-11-17/2025-11-23,0.34017597121619936,0.3461917035772113,0.3389258690635285,0.3460395214832539
13653,2025-11-22 12:19:00,2025-11-17/2025-11-23,0.43216192926580516,0.4385275015783905,0.43076359901117967,0.4376333122449087
13654,2025-11-22 12:21:00,2025-11-17/2025-11-23,0.34031082426652565,0.3463103121825735,0.3390583633736157,0.34615673147457426
13655,2025-11-22 12:22:00,2025-11-17/2025-11-23,0.41001984965854654,0.420891421102318,0.40754403525653393,0.4201887538020276
13656,2025-11-22 12:23:00,2025-11-17/2025-11-23,0.4328615138359292,0.4489963146228399,0.42501630730627477,0.4452149952222364
13669,2025-11-22 12:34:00,2025-11-17/2025-11-23,0.2894592435227637,0.2684342686274316,0.2857988781881012,0.2632070807123972
13671,2025-11-22 12:35:00,2025-11-17/2025-11-23,0.4428985845811411,0.45099496260885774,0.44288802581002723,0.45178279463125726
13672,2025-11-22 12:39:00,2025-11-17/2025-11-23,0.427084984732009,0.4358742013191114,0.4243126338127862,0.4349925118440984
13673,2025-11-22 12:40:00,2025-11-17/2025-11-23,0.2787729677550961,0.28346040578276377,0.27659142500867534,0.2820410655480365
13675,2025-11-22 12:42:00,2025-11-17/2025-11-23,0.27877262170719375,0.28345757649069353,0.27659028109580824,0.28203764381779695
13676,2025-11-22 12:44:00,2025-11-17/2025-11-23,0.4272163859419913,0.4359979788319836,0.4244445168092798,0.43511696392636595
13683,2025-11-22 12:52:00,2025-11-17/2025-11-23,0.4475819636291545,0.4545019123103705,0.44638844149040235,0.45389051305207084
13684,2025-11-22 12:53:00,2025-11-17/2025-11-23,0.4272538170380951,0.43602185666989723,0.4244784254035798,0.43513830652690466
13685,2025-11-22 12:54:00,2025-11-17/2025-11-23,0.427294952129281,0.43606145346243685,0.42451998437732835,0.43517831793844297
13689,2025-11-22 13:03:00,2025-11-17/2025-11-23,0.2751138103253996,0.2590351936321027,0.2737923767995173,0.2549297508135857
13691,2025-11-22 13:07:00,2025-11-17/2025-11-23,0.2770182502505285,0.2819241452195292,0.27487590643795495,0.2805297885219991
13695,2025-11-22 13:17:00,2025-11-17/2025-11-23,0.44654282751508323,0.4536097245640298,0.4453715653292509,0.45301306667141034
13700,2025-11-22 13:28:00,2025-11-17/2025-11-23,0.26159573791686974,0.27447470927760337,0.2576963872724439,0.27177423936069434
13701,2025-11-22 13:30:00,2025-11-17/2025-11-23,0.4178371515109357,0.4298405400288752,0.41667839261897627,0.43018663870921386
13706,2025-11-22 13:35:00,2025-11-17/2025-11-23,0.42708000179488437,0.43587523141883716,0.4243094732024359,0.4349948880639816
13707,2025-11-22 13:36:00,2025-11-17/2025-11-23,0.27873370521160723,0.2834259333379258,0.27655300574100394,0.2820071268235025
13709,2025-11-22 13:42:00,2025-11-17/2025-11-23,0.27022977304039897,0.28321692247954167,0.26584284180579465,0.28039377608658517
13710,2025-11-22 13:45:00,2025-11-17/2025-11-23,0.28423762607481257,0.2996809506442918,0.2812126842078925,0.29761018441739884
13711,2025-11-22 13:47:00,2025-11-17/2025-11-23,0.463448542966562,0.47144251601274884,0.464470116034349,0.472964435483637
13712,2025-11-22 13:48:00,2025-11-17/2025-11-23,0.25937747198315886,0.26632147853840377,0.25759266247200413,0.2651522679616364
13713,2025-11-22 13:49:00,2025-11-17/2025-11-23,0.33967470598878835,0.3455534155926461,0.33855358299643873,0.34561507825352766
13715,2025-11-22 13:51:00,2025-11-17/2025-11-23,0.3415626818547488,0.3473991301668578,0.34028444732397317,0.34722966327711663
13716,2025-11-22 13:52:00,2025-11-17/2025-11-23,0.5333697296441657,0.5399400624627739,0.5334335602479185,0.5432127030764208
13717,2025-11-22 13:54:00,2025-11-17/2025-11-23,0.46341884666716293,0.4736570969342163,0.46288289080522516,0.473608773243995
13719,2025-11-22 13:57:00,2025-11-17/2025-11-23,0.42036386394785774,0.42831953970202774,0.41737085848513283,0.4273994555435142
13720,2025-11-22 14:01:00,2025-11-17/2025-11-23,0.278699121005427,0.28339615908176313,0.27651935275382167,0.2819779624240972
13724,2025-11-22 14:06:00,2025-11-17/2025-11-23,0.4262290468548334,0.43256094186675764,0.4253751577974355,0.43282901285473097
13725,2025-11-22 14:09:00,2025-11-17/2025-11-23,0.5682982818584604,0.5720233804988473,0.5688715066948613,0.5747064854717912
13726,2025-11-22 14:10:00,2025-11-17/2025-11-23,0.27656538576743156,0.28150237231542796,0.27442513872774954,0.28010851513464236
13727,2025-11-22 14:12:00,2025-11-17/2025-11-23,0.2843340653302641,0.29105866619372367,0.2843535827944527,0.2926147369997308
13733,2025-11-22 14:41:00,2025-11-17/2025-11-23,0.26067857047249887,0.30094817838580484,0.2585523671616686,0.29761570428203127
13737,2025-11-22 15:06:00,2025-11-17/2025-11-23,0.3394684178968793,0.3455693222974542,0.3382306883264222,0.34542447593178566
13739,2025-11-22 15:08:00,2025-11-17/2025-11-23,0.27876533780033,0.28345522391665234,0.27658444271508553,0.2820363461398065
13740,2025-11-22 15:12:00,2025-11-17/2025-11-23,0.419860773607768,0.42941982950623575,0.418120486531561,0.4295461764151099
13742,2025-11-22 15:28:00,2025-11-17/2025-11-23,0.45144541779458536,0.46216028438431905,0.4535978730095863,0.46387903766886385
13743,2025-11-22 15:29:00,2025-11-17/2025-11-23,0.4248191808060918,0.433895226066202,0.42208862429076544,0.4330392237988257
13744,2025-11-22 15:34:00,2025-11-17/2025-11-23,0.2786252310410149,0.2849341180916646,0.2775149600824963,0.28451171969931016
13745,2025-11-22 15:41:00,2025-11-17/2025-11-23,0.4189108903267759,0.4261454294798427,0.41817379456007875,0.42648517320855195
13746,2025-11-22 15:42:00,2025-11-17/2025-11-23,0.44886144217711904,0.46375253908078373,0.4497705401915984,0.4657520266867612
13752,2025-11-22 16:02:00,2025-11-17/2025-11-23,0.278703934730267,0.2833997534247471,0.2765238615179368,0.2819813418552685
13753,2025-11-22 16:03:00,2025-11-17/2025-11-23,0.2784040532101536,0.2831357403381601,0.27623019660534986,0.28172123932478454
13754,2025-11-22 16:05:00,2025-11-17/2025-11-23,0.27873534502833114,0.28342882117699214,0.2765550720805343,0.2820103347691907
13755,2025-11-22 16:09:00,2025-11-17/2025-11-23,0.33903304234213744,0.34938634825980996,0.3409984372585076,0.35144594086550957
13766,2025-11-22 16:57:00,2025-11-17/2025-11-23,0.5923743177597955,0.5775090478497171,0.5936876522626731,0.5769662659644018
13770,2025-11-22 17:14:00,2025-11-17/2025-11-23,0.32754048930808694,0.3350613316781693,0.32651038663735565,0.3350394537016598
13771,2025-11-22 17:15:00,2025-11-17/2025-11-23,0.4477459479309144,0.4618151890869179,0.4476585975512884,0.46333406430901514
13772,2025-11-22 17:17:00,2025-11-17/2025-11-23,0.27861576061180937,0.25011202748339745,0.2764284897469278,0.24575694066867115
13776,2025-11-22 17:23:00,2025-11-17/2025-11-23,0.26669365489196967,0.272795978754641,0.2647585766539467,0.2715316524979427
13778,2025-11-22 17:31:00,2025-11-17/2025-11-23,0.4129389729754956,0.4247277022686868,0.41102145644262666,0.4245643169926003
13781,2025-11-22 18:05:00,2025-11-17/2025-11-23,0.4531418188332986,0.4651036604535163,0.44621423202679245,0.46105392561211317
13784,2025-11-22 18:22:00,2025-11-17/2025-11-23,0.45556914881295596,0.46722668346373397,0.4485961013638201,0.4631493483450968
13786,2025-11-22 18:24:00,2025-11-17/2025-11-23,0.35197212514681264,0.35677299582627564,0.35081139565902525,0.3569303969427525
13796,2025-11-22 19:15:00,2025-11-17/2025-11-23,0.42797219301977935,0.4343321531098572,0.4274119200547051,0.43504857529215457
13797,2025-11-22 19:18:00,2025-11-17/2025-11-23,0.44199439586389516,0.4418053720168978,0.4194692711660229,0.42879243841458925
13801,2025-11-22 19:49:00,2025-11-17/2025-11-23,0.279011388841635,0.28387520939449407,0.2770889538043232,0.2828368876327663
13805,2025-11-22 20:41:00,2025-11-17/2025-11-23,0.4218349310012408,0.4315238577752364,0.4194769717370853,0.43116424539145454
13806,2025-11-22 20:48:00,2025-11-17/2025-11-23,0.43845521395601555,0.44608422937711073,0.4358109207657251,0.4455518111241174
13808,2025-11-22 20:57:00,2025-11-17/2025-11-23,0.3872013600125016,0.3968144077987414,0.3897724024426263,0.39906659641459336
13812,2025-11-22 21:38:00,2025-11-17/2025-11-23,0.40821522334852106,0.42132018754116024,0.409110956022868,0.42332566032444313
13817,2025-11-22 22:02:00,2025-11-17/2025-11-23,0.41659115966229854,0.4323030826667661,0.4142275327486485,0.43176890461337875
13819,2025-11-22 22:08:00,2025-11-17/2025-11-23,0.3031669000547827,0.31300725440259775,0.3042667888795892,0.3144889447305396
13820,2025-11-22 22:17:00,2025-11-17/2025-11-23,0.46707313057851535,0.47596683600680745,0.46667911977814525,0.4763347778989985
13823,2025-11-22 22:46:00,2025-11-17/2025-11-23,0.27944346378389723,0.28581763965400475,0.2788239911865882,0.28590252971286473
13833,2025-11-22 23:23:00,2025-11-17/2025-11-23,0.2881812600991617,0.29194328468820946,0.28607472412870505,0.29079263898835234
13838,2025-11-23 00:43:00,2025-11-17/2025-11-23,0.43971784633487654,0.4417084274149052,0.439724326611954,0.441827296223553
13839,2025-11-23 00:44:00,2025-11-17/2025-11-23,0.4985185389976187,0.49945635226556095,0.49978800532877954,0.5001883205703129
13840,2025-11-23 01:03:00,2025-11-17/2025-11-23,0.4398990127821631,0.4418811921952808,0.4399073639745324,0.4420017445795262
13841,2025-11-23 01:14:00,2025-11-17/2025-11-23,0.39057950075098774,0.3997548041029888,0.39245757365504946,0.40208003770971684
13842,2025-11-23 01:15:00,2025-11-17/2025-11-23,0.2718819578039099,0.27261719953524655,0.27070275558956114,0.2718223122410168
13843,2025-11-23 01:23:00,2025-11-17/2025-11-23,0.29140480204309954,0.2923281422893179,0.29221234014099534,0.2943612162853169
13844,2025-11-23 02:03:00,2025-11-17/2025-11-23,0.4254190045379473,0.4285439303728024,0.4237394759407851,0.4283264971663065
13845,2025-11-23 02:04:00,2025-11-17/2025-11-23,0.42602976579359214,0.4514658244242564,0.42624256512161207,0.4517649404373955
13846,2025-11-23 02:05:00,2025-11-17/2025-11-23,0.4630008569454925,0.46735402432240425,0.4635627356959239,0.46797035894769695
13847,2025-11-23 02:07:00,2025-11-17/2025-11-23,0.42545604464635234,0.4285748418439875,0.42377542566442455,0.4283566800305989
13851,2025-11-23 02:47:00,2025-11-17/2025-11-23,0.2777616945967594,0.2777343458955634,0.2764688184434064,0.2768668000212702
13853,2025-11-23 03:00:00,2025-11-17/2025-11-23,0.26770462979961346,0.26923367586490743,0.2668791078542601,0.2687417877520278
13856,2025-11-23 03:04:00,2025-11-17/2025-11-23,0.46515521116018294,0.4704741968316269,0.4664494053880603,0.47214789781807015
13859,2025-11-23 03:12:00,2025-11-17/2025-11-23,0.4091368674275823,0.4091845293516326,0.4092452888620279,0.4101210895459268
13863,2025-11-23 03:25:00,2025-11-17/2025-11-23,0.38219438322737753,0.3828552891966272,0.3827804340889314,0.3832797163829181
13865,2025-11-23 03:29:00,2025-11-17/2025-11-23,0.27739493540596716,0.28440092707418124,0.27247365506024035,0.2814003684691619
13868,2025-11-23 03:58:00,2025-11-17/2025-11-23,0.4055092584877247,0.4168486803022813,0.404123870651778,0.41677197928219406
13869,2025-11-23 04:03:00,2025-11-17/2025-11-23,0.38192893534713623,0.38262294078629655,0.382518794439131,0.3830497962460787
13870,2025-11-23 04:04:00,2025-11-17/2025-11-23,0.4221124572839223,0.42565179457689906,0.420487621396107,0.42546765386248225
13871,2025-11-23 04:05:00,2025-11-17/2025-11-23,0.4289890533617552,0.4396841926579634,0.42228418758976355,0.4366044151552707
13872,2025-11-23 04:06:00,2025-11-17/2025-11-23,0.4196111866664183,0.42346950525662375,0.4180297367817995,0.42331200818564163
13873,2025-11-23 04:07:00,2025-11-17/2025-11-23,0.27714041909004533,0.2837797113939699,0.27181901373695255,0.28058563915125906
13874,2025-11-23 04:09:00,2025-11-17/2025-11-23,0.4326479953935158,0.4372330351036467,0.4334982623823186,0.4394525490223951
13875,2025-11-23 04:10:00,2025-11-17/2025-11-23,0.4398983719626383,0.4418700076508929,0.4399032972882408,0.4419880134437848
13876,2025-11-23 04:12:00,2025-11-17/2025-11-23,0.4147414633364373,0.34336947452834843,0.413248372173308,0.3416482143433136
13877,2025-11-23 04:13:00,2025-11-17/2025-11-23,0.26811317756006386,0.26990013123678114,0.2673219371374132,0.2695328536099669
13881,2025-11-23 04:16:00,2025-11-17/2025-11-23,0.3474543010591965,0.35840040865871453,0.3458081908715367,0.3580297078193741
13883,2025-11-23 04:17:00,2025-11-17/2025-11-23,0.43853387455412546,0.4406821975936263,0.43856139388061754,0.4408147832190101
13886,2025-11-23 04:18:00,2025-11-17/2025-11-23,0.4391335159618717,0.45168862904588053,0.4345078479580076,0.452240645824074
13887,2025-11-23 04:20:00,2025-11-17/2025-11-23,0.42010697818119863,0.4238980236604699,0.41851560677602817,0.42373426414760357
13888,2025-11-23 04:21:00,2025-11-17/2025-11-23,0.3828511450507535,0.383427821782439,0.38342702291985237,0.3838456841053566
13889,2025-11-23 04:22:00,2025-11-17/2025-11-23,0.43848124544187633,0.4406448735357602,0.4385123820346849,0.44078006211197057
13893,2025-11-23 04:30:00,2025-11-17/2025-11-23,0.42419400523850337,0.43075668793888616,0.424897157544584,0.4324085053592261
13895,2025-11-23 04:34:00,2025-11-17/2025-11-23,0.4838202606241933,0.4973681462576713,0.48216192120665563,0.49671967383826765
13896,2025-11-23 04:35:00,2025-11-17/2025-11-23,0.4329091867618522,0.4363247737561817,0.4336239709687502,0.4385171483232663
13897,2025-11-23 04:36:00,2025-11-17/2025-11-23,0.47921161346985647,0.49300302826993153,0.4772739423170041,0.4920775342429822
13898,2025-11-23 04:46:00,2025-11-17/2025-11-23,0.4237872696369118,0.4291973771817214,0.42359485429926647,0.4301280105653442
13899,2025-11-23 04:47:00,2025-11-17/2025-11-23,0.4097849534820858,0.42107866924789034,0.4075989292558268,0.42050460067284134
13903,2025-11-23 04:56:00,2025-11-17/2025-11-23,0.46280592293161027,0.46717213873440844,0.46336706881931167,0.4677876175258247
13907,2025-11-23 05:15:00,2025-11-17/2025-11-23,0.4219156726947252,0.45041984298900806,0.4202955254554404,0.44961372090202995
13909,2025-11-23 05:32:00,2025-11-17/2025-11-23,0.27464058356233273,0.2750148168690474,0.27340675663652453,0.2741848556023438
13911,2025-11-23 05:37:00,2025-11-17/2025-11-23,0.45770823587367665,0.4600931125707784,0.45773422867536256,0.4603915950885031
13915,2025-11-23 05:46:00,2025-11-17/2025-11-23,0.42305482666508093,0.42648321345693724,0.4214166761822098,0.4262912815566245
13919,2025-11-23 06:02:00,2025-11-17/2025-11-23,0.3087503756090368,0.3183865888286885,0.30930010248289674,0.3189330911356338
13920,2025-11-23 06:03:00,2025-11-17/2025-11-23,0.4680324441855654,0.4747153532361021,0.4703650121115971,0.4762794631992019
13922,2025-11-23 06:10:00,2025-11-17/2025-11-23,0.308525411885945,0.36004100539132045,0.30701275891599206,0.3579307780804643
13926,2025-11-23 06:22:00,2025-11-17/2025-11-23,0.4212202198423118,0.4278031401273643,0.42142574778606734,0.4286118453995964
13927,2025-11-23 06:32:00,2025-11-17/2025-11-23,0.4500453331789584,0.4553731698656416,0.45241079298467657,0.45712865839690414
13928,2025-11-23 06:34:00,2025-11-17/2025-11-23,0.26868745372331704,0.21421810378240524,0.270032066346995,0.21374488881580167
13929,2025-11-23 06:36:00,2025-11-17/2025-11-23,0.46366348742188285,0.4657670150333318,0.46464877776566293,0.4670677726984547
13930,2025-11-23 06:37:00,2025-11-17/2025-11-23,0.42414045590007865,0.42132336222598316,0.4242999174919884,0.41697756729956464
13931,2025-11-23 06:40:00,2025-11-17/2025-11-23,0.4447590160070269,0.44908337188877895,0.4465301278809697,0.4501488003494628
13933,2025-11-23 06:43:00,2025-11-17/2025-11-23,0.4274861879104024,0.43664974542681395,0.4304065135702445,0.4393382653635736
13934,2025-11-23 06:46:00,2025-11-17/2025-11-23,0.2739344733199354,0.2767987625583359,0.27419626123936186,0.27677826496058827
13935,2025-11-23 07:02:00,2025-11-17/2025-11-23,0.2961046533129137,0.31352764837583097,0.2985008597595707,0.314901017551707
13936,2025-11-23 07:03:00,2025-11-17/2025-11-23,0.4604378934121102,0.4658500243767886,0.4644457387397757,0.46905886113309964
13937,2025-11-23 07:08:00,2025-11-17/2025-11-23,0.40804398560898586,0.4170089752443832,0.41415866637982046,0.4211288573259791
13938,2025-11-23 07:09:00,2025-11-17/2025-11-23,0.4254139406258407,0.42892169671360714,0.4274614152290971,0.43082771555017846
13939,2025-11-23 07:15:00,2025-11-17/2025-11-23,0.2918862657784423,0.29950070028259806,0.29484291382917055,0.301712836019001
13941,2025-11-23 07:17:00,2025-11-17/2025-11-23,0.4219807299847442,0.4284800623659541,0.422177910310417,0.42928398918748933
13947,2025-11-23 07:36:00,2025-11-17/2025-11-23,0.2777509507319288,0.28014915670562585,0.2779553187589332,0.2800900604891686
13948,2025-11-23 07:39:00,2025-11-17/2025-11-23,0.3880692498596049,0.3995368339940131,0.38761465705359155,0.3987049125330852
13949,2025-11-23 07:40:00,2025-11-17/2025-11-23,0.3633165274351539,0.37723873586526285,0.3642155842341356,0.37757424274330137
13950,2025-11-23 07:44:00,2025-11-17/2025-11-23,0.44783795644666213,0.45175821939835553,0.44955794718433134,0.45278990064617214
13951,2025-11-23 07:46:00,2025-11-17/2025-11-23,0.438821943008915,0.4438819719178347,0.4406776681586131,0.44500225035096486
13956,2025-11-23 08:02:00,2025-11-17/2025-11-23,0.2755326743546581,0.27819432429298346,0.275767925324019,0.2781557841968217
13957,2025-11-23 08:07:00,2025-11-17/2025-11-23,0.3408782418080357,0.3440888838158222,0.34226271863919744,0.34542708708214825
13961,2025-11-23 08:24:00,2025-11-17/2025-11-23,0.42636577956689786,0.43230642053368296,0.42649036181236294,0.43306452072485596
13962,2025-11-23 08:28:00,2025-11-17/2025-11-23,0.27818439037474,0.2805182594154144,0.2783786095589096,0.2804520872212976
13963,2025-11-23 08:31:00,2025-11-17/2025-11-23,0.2783036347069409,0.3015359364168441,0.2784995489790442,0.30093875622045824
13964,2025-11-23 08:32:00,2025-11-17/2025-11-23,0.4349205348784503,0.4402427105449382,0.43708441869154124,0.44218232129243423
13967,2025-11-23 08:35:00,2025-11-17/2025-11-23,0.3134697779306928,0.32250789943420055,0.3132704967692627,0.32238543276997095
13969,2025-11-23 08:36:00,2025-11-17/2025-11-23,0.27822255620106034,0.2805465357307951,0.27841452113327425,0.2804787269190447
13973,2025-11-23 08:55:00,2025-11-17/2025-11-23,0.27854501753035105,0.28084533561403235,0.27873723619179636,0.2807780785722215
13978,2025-11-23 09:23:00,2025-11-17/2025-11-23,0.2748432677406961,0.277589314195439,0.27508897966694384,0.2775578173557272
13979,2025-11-23 09:24:00,2025-11-17/2025-11-23,0.42667962836564044,0.44260250779836985,0.4275532457596608,0.44360644338689526
13980,2025-11-23 09:26:00,2025-11-17/2025-11-23,0.3352253184589441,0.34201773636851884,0.33574565840733706,0.34256376896494106
13981,2025-11-23 09:27:00,2025-11-17/2025-11-23,0.4474828114928442,0.4514529631158762,0.44920975742692276,0.45248932177021856
13982,2025-11-23 09:33:00,2025-11-17/2025-11-23,0.44644766417708964,0.4505491094014439,0.4481903190988831,0.45159570923733194
13983,2025-11-23 09:34:00,2025-11-17/2025-11-23,0.424879641513202,0.428441711838846,0.4269306749143767,0.4303495021164057
13984,2025-11-23 09:35:00,2025-11-17/2025-11-23,0.4563612695866548,0.4622880050136113,0.4604280792949545,0.46553497639818237
13987,2025-11-23 09:38:00,2025-11-17/2025-11-23,0.5132057854870958,0.5233920720922102,0.5110230473831185,0.5221110812370635
13990,2025-11-23 09:46:00,2025-11-17/2025-11-23,0.4605897691708061,0.4659815064771511,0.46459501803086406,0.469188626464696
13991,2025-11-23 09:50:00,2025-11-17/2025-11-23,0.40371573830263596,0.4177864475461619,0.4040969642009443,0.4185418455594753
13992,2025-11-23 09:54:00,2025-11-17/2025-11-23,0.40632218247576624,0.4147437154846366,0.4067591887486921,0.41569679833724693
13993,2025-11-23 09:57:00,2025-11-17/2025-11-23,0.26024369965698113,0.2700886120806326,0.25808064753984733,0.26847080824690966
13994,2025-11-23 09:58:00,2025-11-17/2025-11-23,0.3912380502231007,0.4070359125099169,0.3872417904904825,0.4054528656213548
13995,2025-11-23 09:59:00,2025-11-17/2025-11-23,0.27678183516091776,0.2792997673373771,0.277001156697167,0.2792507345671408
13998,2025-11-23 10:05:00,2025-11-17/2025-11-23,0.2790295176688361,0.2812615476928478,0.2792115796984482,0.28118727121964543
14001,2025-11-23 10:16:00,2025-11-17/2025-11-23,0.2685213195103918,0.2720340797835231,0.2688617891939655,0.27206656181717565
14004,2025-11-23 10:40:00,2025-11-17/2025-11-23,0.278315827237385,0.2806348110887578,0.27850846045623795,0.2805676050326759
14008,2025-11-23 10:47:00,2025-11-17/2025-11-23,0.42537274012095083,0.4314385511231198,0.425513287080774,0.43220667443867145
14017,2025-11-23 11:07:00,2025-11-17/2025-11-23,0.42470387433549506,0.4308535462990694,0.42485504304040894,0.43162832245006
14019,2025-11-23 11:09:00,2025-11-17/2025-11-23,0.2795285695724088,0.28169957276614305,0.2797031823957755,0.281620312957313
14020,2025-11-23 11:11:00,2025-11-17/2025-11-23,0.27975623914004694,0.28383017863223,0.28165556857532786,0.2850752455816172
14022,2025-11-23 11:16:00,2025-11-17/2025-11-23,0.44736143108811144,0.4513487251767203,0.44909078386440854,0.4523867047809454
14025,2025-11-23 11:19:00,2025-11-17/2025-11-23,0.39751174715734766,0.40515270821295446,0.400972961931667,0.40830110342731973
14029,2025-11-23 11:31:00,2025-11-17/2025-11-23,0.27702897344142086,0.2795074855696744,0.2772416145721602,0.279453748338992
14036,2025-11-23 11:42:00,2025-11-17/2025-11-23,0.35717911785839535,0.3699076292880343,0.35721054753699494,0.37029487366282987
14037,2025-11-23 11:56:00,2025-11-17/2025-11-23,0.2899886307779536,0.304522893329127,0.29152769141101886,0.30516026946949143
14041,2025-11-23 12:21:00,2025-11-17/2025-11-23,0.4684491830317828,0.47727147594176306,0.46952529402038984,0.4782035084080696
14042,2025-11-23 12:33:00,2025-11-17/2025-11-23,0.289852690928181,0.29872844346568916,0.29094410701071816,0.30001322346819365
14045,2025-11-23 12:48:00,2025-11-17/2025-11-23,0.27531625135924287,0.2797803306927506,0.27455684090214777,0.27923862787061515
14048,2025-11-23 13:07:00,2025-11-17/2025-11-23,0.2908018541696315,0.30429413820603424,0.28893722939675914,0.30288762947976966
14049,2025-11-23 13:09:00,2025-11-17/2025-11-23,0.42234608535134044,0.4309425913933127,0.42130992241267423,0.4311233085010983
14051,2025-11-23 13:10:00,2025-11-17/2025-11-23,0.5192065239421055,0.5392438427698231,0.5229164238757835,0.5409533613963071
14055,2025-11-23 13:14:00,2025-11-17/2025-11-23,0.46065476702775476,0.46821338088037057,0.46340691876834456,0.4707909809608693
14056,2025-11-23 13:20:00,2025-11-17/2025-11-23,0.5035379134506288,0.5090126997816742,0.505331550663688,0.5100651871122228
14057,2025-11-23 13:22:00,2025-11-17/2025-11-23,0.4243038718771994,0.4326546016143107,0.42323427506454997,0.43281458471349843
14078,2025-11-23 14:59:00,2025-11-17/2025-11-23,0.4576068577400591,0.4663011472417913,0.46081604967161194,0.4694005232792451
14083,2025-11-23 15:31:00,2025-11-17/2025-11-23,0.27627225862533616,0.28061323746491396,0.2754932678455187,0.2800586096020428
14086,2025-11-23 15:43:00,2025-11-17/2025-11-23,0.4332619960864176,0.44910207231599475,0.42727814066000686,0.4464246494762974
14087,2025-11-23 15:49:00,2025-11-17/2025-11-23,0.27645774735852674,0.2807759929265563,0.2756753325966088,0.2802191381585615
14089,2025-11-23 16:15:00,2025-11-17/2025-11-23,0.3114029549443934,0.3255365832587655,0.3115719555168125,0.32710846593748694
14100,2025-11-23 16:44:00,2025-11-17/2025-11-23,0.4242322195209407,0.4325950087200195,0.4231648301721064,0.43275648540631373
14101,2025-11-23 16:50:00,2025-11-17/2025-11-23,0.5065568746821334,0.5146367596306157,0.5103614467043627,0.5172213066987076
14103,2025-11-23 17:01:00,2025-11-17/2025-11-23,0.28959385056384274,0.2975734706020903,0.28971420173859136,0.2985094777926002
14113,2025-11-23 20:13:00,2025-11-17/2025-11-23,0.43688964815112397,0.44766511828038824,0.4403137578855189,0.4509361729557686
14114,2025-11-23 20:27:00,2025-11-17/2025-11-23,0.38300792454398946,0.3985570313139774,0.3853040779402033,0.40063434689503696
14115,2025-11-23 20:31:00,2025-11-17/2025-11-23,0.45743950716441295,0.46722520983259463,0.46084855498671784,0.47114698508755765
14123,2025-11-23 21:42:00,2025-11-17/2025-11-23,0.28552874974094644,0.2889455740090575,0.2848510710212726,0.28867210995175424
14124,2025-11-24 02:01:00,2025-11-24/2025-11-30,0.481451388173336,0.4798993250974272,0.48220516879430375,0.4820044326978607
14126,2025-11-24 04:05:00,2025-11-24/2025-11-30,0.4587978080681973,0.4632881732596425,0.45273836791930977,0.4612487511652494
14128,2025-11-24 05:06:00,2025-11-24/2025-11-30,0.45286093750667156,0.45404528378462433,0.45709712365249316,0.45594090645876195
14129,2025-11-24 06:12:00,2025-11-24/2025-11-30,0.5032342241450699,0.5057872333626244,0.5076185338262709,0.5100320296028243
14130,2025-11-24 06:34:00,2025-11-24/2025-11-30,0.469267392289952,0.4689405756256107,0.4691296692927525,0.4690531627897996
14135,2025-11-24 07:59:00,2025-11-24/2025-11-30,0.4630394468080433,0.46745801887249383,0.4654058317450009,0.46903421708207976
14136,2025-11-24 08:01:00,2025-11-24/2025-11-30,0.3151010848130221,0.31238220294130176,0.31507726107203377,0.31238719113731267
14137,2025-11-24 08:06:00,2025-11-24/2025-11-30,0.5381482588756911,0.5401937997249946,0.5412959818545954,0.5423247138062324
14139,2025-11-24 08:52:00,2025-11-24/2025-11-30,0.31162423527378036,0.30948313810229816,0.31169760316545736,0.30952639319075215
14142,2025-11-24 09:39:00,2025-11-24/2025-11-30,0.4259289818240449,0.43330942132158473,0.42441891471585796,0.4290089410197362
14143,2025-11-24 09:40:00,2025-11-24/2025-11-30,0.46484439532128347,0.4652496872618505,0.46483188004111103,0.4654119618126117
14144,2025-11-24 10:15:00,2025-11-24/2025-11-30,0.497203111925271,0.5003587745552268,0.5008289087812636,0.5021414951938896
14149,2025-11-24 10:36:00,2025-11-24/2025-11-30,0.46352194495795,0.4691910095652057,0.4719877632721275,0.47331863421517245
14151,2025-11-24 10:55:00,2025-11-24/2025-11-30,0.3089976066097424,0.31224072413291715,0.3055207689130752,0.31126044387621565
14152,2025-11-24 11:30:00,2025-11-24/2025-11-30,0.5210233863176816,0.5245516440274863,0.5238981816061622,0.526661715014832
14154,2025-11-24 11:54:00,2025-11-24/2025-11-30,0.49358256684307933,0.41145507350065486,0.49482854292619216,0.4117693252364217
14157,2025-11-24 12:27:00,2025-11-24/2025-11-30,0.2990261892964114,0.3016430639746081,0.2985272254696324,0.3012405783291687
14158,2025-11-24 12:45:00,2025-11-24/2025-11-30,0.43351300547035676,0.4406525484207474,0.4397168034981738,0.443082480546077
14159,2025-11-24 12:46:00,2025-11-24/2025-11-30,0.4993495794898862,0.5066501429738621,0.4988888872086974,0.5073482256072783
14162,2025-11-24 14:29:00,2025-11-24/2025-11-30,0.3712223449088868,0.3762166409863649,0.3770295486278052,0.3788260579525249
14163,2025-11-24 14:32:00,2025-11-24/2025-11-30,0.3091528683260199,0.31020845418963083,0.30844316395968646,0.3097483118027151
14165,2025-11-24 14:47:00,2025-11-24/2025-11-30,0.47625106582906956,0.48652024204353383,0.4735941021597258,0.48553021002119445
14176,2025-11-24 16:34:00,2025-11-24/2025-11-30,0.31285773834238223,0.32523470746719974,0.3135162630151018,0.3258951292100094
14177,2025-11-24 16:45:00,2025-11-24/2025-11-30,0.31302493723313585,0.318431114819483,0.3111695291680147,0.31651670866661263
14180,2025-11-24 17:07:00,2025-11-24/2025-11-30,0.29745127022798423,0.30031567740539733,0.2969976373596699,0.2999316212099776
14181,2025-11-24 17:17:00,2025-11-24/2025-11-30,0.5008641605371918,0.5110433051112097,0.5002303787078558,0.5099537563222069
14183,2025-11-24 17:53:00,2025-11-24/2025-11-30,0.4577387607965675,0.46358991035825153,0.4594672175480706,0.46367625298194814
14185,2025-11-24 18:03:00,2025-11-24/2025-11-30,0.3248510036142673,0.3304691029081955,0.32366850003351083,0.3282317807801424
14186,2025-11-24 18:07:00,2025-11-24/2025-11-30,0.5061632641710908,0.512625882858807,0.5105544897123765,0.5119772401879235
14187,2025-11-24 18:33:00,2025-11-24/2025-11-30,0.49743416708885596,0.5115082854485282,0.5017338337074587,0.512015732911167
14188,2025-11-24 18:48:00,2025-11-24/2025-11-30,0.31824281608157146,0.326143382178144,0.3163421302985703,0.32492657063105757
14192,2025-11-24 19:10:00,2025-11-24/2025-11-30,0.5367666474617999,0.5402489314924799,0.538390291262265,0.5415993481077291
14198,2025-11-24 19:49:00,2025-11-24/2025-11-30,0.31409610229451657,0.3209480337733459,0.31316857410536275,0.3187469315314639
14199,2025-11-24 19:53:00,2025-11-24/2025-11-30,0.342219514287783,0.3527649051533738,0.34481697746725537,0.35121494898914607
14200,2025-11-24 20:05:00,2025-11-24/2025-11-30,0.47142907078790114,0.4818896340342418,0.4700231292721989,0.47941965592834423
14201,2025-11-24 20:09:00,2025-11-24/2025-11-30,0.2976076771066916,0.3013430099128383,0.29843333273705963,0.30068559382844967
14202,2025-11-24 20:19:00,2025-11-24/2025-11-30,0.2989254172988254,0.3008281178537623,0.29884277388826336,0.29958151599304045
14203,2025-11-24 20:49:00,2025-11-24/2025-11-30,0.4516421134913109,0.45650966542119426,0.4514016842877612,0.4551314349678361
14205,2025-11-24 21:47:00,2025-11-24/2025-11-30,0.4600055520430516,0.46465355665074787,0.46216487663855715,0.4637144609721209
14224,2025-11-25 02:32:00,2025-11-24/2025-11-30,0.28921646223448544,0.298184587917211,0.2897780111040925,0.296879497992417
14225,2025-11-25 03:12:00,2025-11-24/2025-11-30,0.4236242645493887,0.4268199547344155,0.42421123754520096,0.42159195427673324
14227,2025-11-25 04:05:00,2025-11-24/2025-11-30,0.43540000503160536,0.442330288790752,0.4321211660910827,0.44009679270311086
14228,2025-11-25 04:06:00,2025-11-24/2025-11-30,0.4480769764840373,0.4549764867594206,0.44767716896378557,0.45566235109309733
14230,2025-11-25 04:12:00,2025-11-24/2025-11-30,0.4371169374975039,0.4444290150442158,0.4363938772904071,0.4427044066361337
14231,2025-11-25 04:13:00,2025-11-24/2025-11-30,0.3308087929659098,0.33365965985828744,0.33151393207699986,0.3346125884077499
14232,2025-11-25 04:32:00,2025-11-24/2025-11-30,0.43789044934665106,0.448650860475622,0.43693658260162954,0.44784021411905267
14233,2025-11-25 05:02:00,2025-11-24/2025-11-30,0.2643884189238663,0.2682104546689882,0.2594907823620999,0.26623472931945374
14234,2025-11-25 05:10:00,2025-11-24/2025-11-30,0.33169913563690157,0.30328584906535755,0.33371314134844215,0.30166579621275746
14236,2025-11-25 05:15:00,2025-11-24/2025-11-30,0.4357312417365611,0.4412347083826828,0.4323013274836423,0.4387353663526499
14238,2025-11-25 06:09:00,2025-11-24/2025-11-30,0.37014887494984217,0.38021306095997554,0.37217992831172364,0.38155532894494426
14239,2025-11-25 06:28:00,2025-11-24/2025-11-30,0.43447842724792696,0.4372293201991298,0.4364546833938325,0.4397582761139566
14241,2025-11-25 06:41:00,2025-11-24/2025-11-30,0.29256059557223485,0.2996974027210844,0.29564192574165105,0.3018182829510626
14242,2025-11-25 06:50:00,2025-11-24/2025-11-30,0.46318482935987815,0.47051352637391164,0.46376794262964227,0.4718923831449192
14246,2025-11-25 07:03:00,2025-11-24/2025-11-30,0.2945313689538724,0.30012537140387213,0.2937909554925825,0.2993000459169685
14247,2025-11-25 07:11:00,2025-11-24/2025-11-30,0.43869375906852853,0.4514363988373143,0.43838329228987427,0.4510113282884689
14248,2025-11-25 07:39:00,2025-11-24/2025-11-30,0.3001462605321539,0.30480147508761,0.2990936183864235,0.30373138164386193
14249,2025-11-25 08:18:00,2025-11-24/2025-11-30,0.370636672276292,0.3797844919569368,0.3741007029069631,0.3809839138790075
14250,2025-11-25 08:18:00,2025-11-24/2025-11-30,0.3076912821559742,0.31029551951104134,0.31125577036827884,0.3133549862173888
14251,2025-11-25 08:22:00,2025-11-24/2025-11-30,0.4360868492830332,0.44877760686805007,0.43640539324939354,0.45144062070219354
14252,2025-11-25 08:24:00,2025-11-24/2025-11-30,0.4626927048709543,0.5100702363026233,0.4615415686785043,0.5080182683947082
14256,2025-11-25 08:59:00,2025-11-24/2025-11-30,0.49947639071005934,0.5111345721322732,0.5014177122961241,0.5152174067494074
14262,2025-11-25 09:38:00,2025-11-24/2025-11-30,0.45785547762427087,0.46612725217653694,0.4588362641716938,0.46542985018995975
14266,2025-11-25 10:15:00,2025-11-24/2025-11-30,0.45408982527265407,0.4625426432002685,0.45482002652473136,0.4617843000289512
14269,2025-11-25 10:46:00,2025-11-24/2025-11-30,0.443409773364111,0.4564437769326801,0.44555703361980353,0.45655759311082134
14272,2025-11-25 11:10:00,2025-11-24/2025-11-30,0.29640163586276486,0.299906708343726,0.29517149532574705,0.29853813868303614
14273,2025-11-25 11:26:00,2025-11-24/2025-11-30,0.28089104603892767,0.2820196222157593,0.2810138310342862,0.282119613182723
14274,2025-11-25 11:29:00,2025-11-24/2025-11-30,0.29617681923054545,0.3011585021055612,0.2950290165590533,0.3001143001661239
14275,2025-11-25 11:30:00,2025-11-24/2025-11-30,0.29720144464127446,0.3014660317903439,0.29845144459877454,0.30260088421039055
14277,2025-11-25 11:32:00,2025-11-24/2025-11-30,0.3389681738930327,0.34461336821866145,0.34173092123916443,0.3467265551675825
14279,2025-11-25 11:43:00,2025-11-24/2025-11-30,0.45110240071398167,0.4582026173991442,0.4511945188936988,0.45917871676199234
14280,2025-11-25 11:50:00,2025-11-24/2025-11-30,0.2647696744378218,0.2661232128470916,0.2650063515099981,0.26596573297879234
14284,2025-11-25 12:13:00,2025-11-24/2025-11-30,0.4512842764986202,0.49622193622070726,0.4524254133195983,0.49413141116088954
14286,2025-11-25 12:15:00,2025-11-24/2025-11-30,0.2670428063265136,0.28106909436974126,0.2653644900261955,0.280974787937756
14287,2025-11-25 12:16:00,2025-11-24/2025-11-30,0.3998275847044482,0.40711765408528283,0.4037369478662737,0.4082622787487993
14288,2025-11-25 12:25:00,2025-11-24/2025-11-30,0.4779109702161019,0.48765513053850396,0.4793516665364856,0.4887110386234224
14290,2025-11-25 12:27:00,2025-11-24/2025-11-30,0.4566965078547676,0.46613736037208936,0.4591077247965291,0.46921674878690806
14291,2025-11-25 12:30:00,2025-11-24/2025-11-30,0.26545477284809027,0.27154255857272913,0.26514210554967305,0.27126219675948016
14293,2025-11-25 12:33:00,2025-11-24/2025-11-30,0.43862937227410825,0.4484744726655049,0.4358615607388885,0.4460243422809421
14294,2025-11-25 12:38:00,2025-11-24/2025-11-30,0.2822402664326272,0.29053251086224907,0.28054556578815254,0.28877424103133326
14295,2025-11-25 12:39:00,2025-11-24/2025-11-30,0.29639071006647205,0.30428430351511526,0.2945335427995606,0.30266912410864766
14297,2025-11-25 12:52:00,2025-11-24/2025-11-30,0.39378014769842795,0.4092762368674865,0.3972145798835287,0.4094684591425331
14301,2025-11-25 13:13:00,2025-11-24/2025-11-30,0.2686470575550294,0.27425186295555476,0.2682423131147991,0.2739337516387549
14302,2025-11-25 13:15:00,2025-11-24/2025-11-30,0.44211638921260493,0.4514248292585304,0.43924802977905814,0.44893397239515237
14303,2025-11-25 13:19:00,2025-11-24/2025-11-30,0.4143676139457706,0.42394937666716076,0.4137464911121231,0.42365855399403746
14304,2025-11-25 13:44:00,2025-11-24/2025-11-30,0.45747974794687934,0.46921188720530527,0.4612683141291662,0.46933899661867745
14307,2025-11-25 14:05:00,2025-11-24/2025-11-30,0.5353629111992173,0.5549461590615316,0.53830802800981,0.560140344041331
14311,2025-11-25 14:14:00,2025-11-24/2025-11-30,0.4905300683664469,0.5046415802506624,0.4960766534275654,0.506244708984816
14319,2025-11-25 15:13:00,2025-11-24/2025-11-30,0.4812215386699634,0.49180745126911646,0.4802569858259409,0.49042171229345544
14320,2025-11-25 15:14:00,2025-11-24/2025-11-30,0.33646184338097,0.3449271782131449,0.3382337398734121,0.34631852220147374
14321,2025-11-25 15:31:00,2025-11-24/2025-11-30,0.42591840543291987,0.4315298800269737,0.4273871642700206,0.4331407666442094
14328,2025-11-25 16:36:00,2025-11-24/2025-11-30,0.34277989291294847,0.35088815920327676,0.34464086334508337,0.35247771863014704
14330,2025-11-25 17:07:00,2025-11-24/2025-11-30,0.41883185638388803,0.4616993065556085,0.4180840812924909,0.45857699264822227
14331,2025-11-25 17:23:00,2025-11-24/2025-11-30,0.2646480677095277,0.2970390821435167,0.2639897404179566,0.29406718017048356
14333,2025-11-25 17:27:00,2025-11-24/2025-11-30,0.48767335020240127,0.4953344452587966,0.48930209372615013,0.4963128376472299
14334,2025-11-25 17:45:00,2025-11-24/2025-11-30,0.2744130364117587,0.28590141202646746,0.2732970459388078,0.2846959837661719
14336,2025-11-25 18:04:00,2025-11-24/2025-11-30,0.4355893322615924,0.4420193063925961,0.4374505428320492,0.4410232751910283
14337,2025-11-25 18:11:00,2025-11-24/2025-11-30,0.4834783566014073,0.49536021194735563,0.4861823076924129,0.496271143230921
14340,2025-11-25 18:24:00,2025-11-24/2025-11-30,0.45404399664030104,0.4652569665297114,0.45219818123958133,0.4625950070527307
14341,2025-11-25 18:25:00,2025-11-24/2025-11-30,0.279650364407962,0.2828450478542605,0.27931949596147304,0.28158012751908273
14347,2025-11-25 19:34:00,2025-11-24/2025-11-30,0.2798781388563821,0.28304491361107,0.2795415153437475,0.28177738469013486
14360,2025-11-25 20:16:00,2025-11-24/2025-11-30,0.44763631403785675,0.4678987703007618,0.4494768796420079,0.4667122745851409
14362,2025-11-25 20:19:00,2025-11-24/2025-11-30,0.32744307625111485,0.34797302572439776,0.33060836962093815,0.3493947407190065
14364,2025-11-25 21:07:00,2025-11-24/2025-11-30,0.3117342974860083,0.3220972920958581,0.31390239359486566,0.3208287686165164
14367,2025-11-25 23:32:00,2025-11-24/2025-11-30,0.2634500339838329,0.2691605118647191,0.26357822681714094,0.2681133289477559
14370,2025-11-26 00:29:00,2025-11-24/2025-11-30,0.561690622542789,0.5669415418633946,0.5625267694983567,0.5687962590859107
14375,2025-11-26 03:02:00,2025-11-24/2025-11-30,0.5130391519687628,0.5111623653477958,0.512484011095618,0.5120207897479064
14376,2025-11-26 03:45:00,2025-11-24/2025-11-30,0.5427201557004665,0.5418482898331589,0.5415360281230932,0.5432478773457833
14379,2025-11-26 04:06:00,2025-11-24/2025-11-30,0.47143805259115174,0.4685513272721344,0.4730519478912566,0.4702590158185607
14380,2025-11-26 04:07:00,2025-11-24/2025-11-30,0.4095073853717932,0.4101399823279024,0.40957842237486713,0.41249315264652237
14381,2025-11-26 04:08:00,2025-11-24/2025-11-30,0.3591969292066688,0.3693738235136256,0.36017525286131363,0.36993771759715094
14385,2025-11-26 04:12:00,2025-11-24/2025-11-30,0.5083917367949045,0.5145814496113033,0.5047354159269092,0.5140314975822462
14386,2025-11-26 04:13:00,2025-11-24/2025-11-30,0.43526524978968767,0.48541964942775423,0.43412639066547054,0.4865533706899748
14387,2025-11-26 04:16:00,2025-11-24/2025-11-30,0.4262255623816451,0.43388090766990495,0.4271435720227903,0.43610314105614895
14388,2025-11-26 04:17:00,2025-11-24/2025-11-30,0.3505981969148932,0.35388615637037846,0.347328003917532,0.35333054611340786
14389,2025-11-26 04:17:00,2025-11-24/2025-11-30,0.5493043651077778,0.5573606332816402,0.5458025358344794,0.5587575396591011
14390,2025-11-26 04:23:00,2025-11-24/2025-11-30,0.5294298462386761,0.539143235714282,0.5277334302923687,0.5392792039317821
14392,2025-11-26 04:36:00,2025-11-24/2025-11-30,0.49009019966446304,0.49583584241348516,0.48297058852228264,0.49495930810922406
14395,2025-11-26 05:15:00,2025-11-24/2025-11-30,0.33778088265230727,0.34205352090003316,0.3322152057619469,0.34172077742735596
14397,2025-11-26 05:32:00,2025-11-24/2025-11-30,0.534947946091711,0.5396683128136247,0.5382329539012529,0.5405782483341754
14398,2025-11-26 05:42:00,2025-11-24/2025-11-30,0.34789115644897417,0.3452979246762214,0.3457843550723576,0.346017851538556
14400,2025-11-26 06:16:00,2025-11-24/2025-11-30,0.5607997337791651,0.5677801496956494,0.5576209259067978,0.5692459316270304
14401,2025-11-26 06:21:00,2025-11-24/2025-11-30,0.5377247383252013,0.5377397736766163,0.5395440757497431,0.5421119775071185
14402,2025-11-26 06:25:00,2025-11-24/2025-11-30,0.4974591294306598,0.45549450264182056,0.4957862922397464,0.45199415659117104
14403,2025-11-26 06:32:00,2025-11-24/2025-11-30,0.546947680940099,0.5536925428182459,0.5523176557041951,0.5556803420277568
14409,2025-11-26 07:11:00,2025-11-24/2025-11-30,0.5340446654341022,0.5372112215592497,0.5341786007575783,0.5397189734502945
14410,2025-11-26 07:23:00,2025-11-24/2025-11-30,0.353526435631073,0.3513450366824849,0.35275532736344983,0.352588164271572
14411,2025-11-26 07:40:00,2025-11-24/2025-11-30,0.5399027341868248,0.5409539891878513,0.5395942224795216,0.5431102416777699
14412,2025-11-26 07:46:00,2025-11-24/2025-11-30,0.3620095408550173,0.3617324116825427,0.359183695242089,0.36102817420527683
14413,2025-11-26 08:01:00,2025-11-24/2025-11-30,0.3890371074708642,0.3869609540069534,0.391340985919285,0.3892093233858476
14415,2025-11-26 08:03:00,2025-11-24/2025-11-30,0.5296407721313728,0.5283959056388992,0.530848105121446,0.5302056050785643
14416,2025-11-26 08:15:00,2025-11-24/2025-11-30,0.5801712471209903,0.5763751373425776,0.5779114484985739,0.5777488450188749
14418,2025-11-26 08:22:00,2025-11-24/2025-11-30,0.6230632964358619,0.6345285213890273,0.6232011584141357,0.6386801394489608
14422,2025-11-26 09:29:00,2025-11-24/2025-11-30,0.6022489426703641,0.6044944478387426,0.6048606023985256,0.6083090876292879
14424,2025-11-26 09:44:00,2025-11-24/2025-11-30,0.548382887713582,0.5495659841282009,0.5504366850223499,0.552213808706196
14427,2025-11-26 09:46:00,2025-11-24/2025-11-30,0.3613600222979433,0.35790225084695165,0.3603633335826597,0.35906994825949573
14429,2025-11-26 10:02:00,2025-11-24/2025-11-30,0.5409262864345451,0.5432031395809646,0.5382896866346842,0.5429607456258362
14431,2025-11-26 10:26:00,2025-11-24/2025-11-30,0.43865221378993247,0.4372439815679101,0.4400452958085679,0.4404020726116311
14432,2025-11-26 10:47:00,2025-11-24/2025-11-30,0.5225322051574653,0.5213734904615881,0.5213013076580696,0.5227311582231595
14433,2025-11-26 10:53:00,2025-11-24/2025-11-30,0.5778272638675536,0.5824648667268045,0.5792906924661824,0.5825978595996568
14434,2025-11-26 10:54:00,2025-11-24/2025-11-30,0.5368667047987153,0.5330251155492158,0.537500329177421,0.5365587891256228
14438,2025-11-26 11:22:00,2025-11-24/2025-11-30,0.46916140392454864,0.4767721891249624,0.47265550260807276,0.47954453805137
14439,2025-11-26 11:27:00,2025-11-24/2025-11-30,0.5353682459439355,0.5390066789241543,0.535383070666293,0.5416758097478033
14440,2025-11-26 11:32:00,2025-11-24/2025-11-30,0.5095653897353253,0.5104976454463653,0.5086940617245355,0.5120000791930723
14447,2025-11-26 11:52:00,2025-11-24/2025-11-30,0.4573142957353275,0.4612895268767361,0.45807392824545623,0.4635286918991748
14452,2025-11-26 12:22:00,2025-11-24/2025-11-30,0.43079646547609524,0.4357345716728086,0.432442660049017,0.4390388912047225
14457,2025-11-26 13:08:00,2025-11-24/2025-11-30,0.5253349263203673,0.5279548546785846,0.5255679098399435,0.5291203049852728
14459,2025-11-26 13:17:00,2025-11-24/2025-11-30,0.35092368741789126,0.35739568938459954,0.34822557485074956,0.3566166937765386
14460,2025-11-26 13:19:00,2025-11-24/2025-11-30,0.4254923123742134,0.4281639488162462,0.42587215983436266,0.43055182539205095
14477,2025-11-26 15:52:00,2025-11-24/2025-11-30,0.3740913194733475,0.38143907097843993,0.37233760090232404,0.38169741484157405
14478,2025-11-26 15:58:00,2025-11-24/2025-11-30,0.5654711602311604,0.5782873934495165,0.5710262806661852,0.5816147907371376
14480,2025-11-26 16:14:00,2025-11-24/2025-11-30,0.4890864400025955,0.49648947102626867,0.4876865700858486,0.4975231819996734
14491,2025-11-26 16:32:00,2025-11-24/2025-11-30,0.492814689253391,0.49497982809755703,0.49560237528879253,0.4972928723964129
14502,2025-11-26 17:59:00,2025-11-24/2025-11-30,0.35788123372365416,0.3234989345682076,0.3559740240766949,0.3206798534720965
14505,2025-11-26 18:06:00,2025-11-24/2025-11-30,0.5155058158463482,0.5245511257739005,0.5121546947932396,0.5235241660343095
14506,2025-11-26 18:07:00,2025-11-24/2025-11-30,0.6110461294933236,0.6299706990728728,0.6115568619239244,0.6333787937852142
14507,2025-11-26 18:21:00,2025-11-24/2025-11-30,0.519325858341608,0.5240152072749696,0.5186443907884795,0.5242979549341807
14509,2025-11-26 18:32:00,2025-11-24/2025-11-30,0.35717674014612855,0.3564923071252139,0.35574291294510435,0.35613997726906194
14516,2025-11-26 19:07:00,2025-11-24/2025-11-30,0.42932909673164726,0.43981153103696086,0.43263334791871694,0.43858433744151654
14517,2025-11-26 19:08:00,2025-11-24/2025-11-30,0.3759297204021344,0.38132116947380224,0.3778659614307379,0.3832462803341406
14518,2025-11-26 19:24:00,2025-11-24/2025-11-30,0.48327309170267857,0.49314219910462376,0.48572913099844633,0.49325697361463905
14521,2025-11-26 19:38:00,2025-11-24/2025-11-30,0.36293175965078567,0.3982734288054328,0.36015220150805766,0.39348899461109266
14522,2025-11-26 20:13:00,2025-11-24/2025-11-30,0.5397909097350899,0.5487444274330388,0.5388641561484128,0.5476722014653925
14523,2025-11-26 21:02:00,2025-11-24/2025-11-30,0.5460022852490479,0.5599098375445914,0.544335052377095,0.5608055468725897
14526,2025-11-26 21:13:00,2025-11-24/2025-11-30,0.37350627939378794,0.38417928465127826,0.37370340997055557,0.38488996559238536
14527,2025-11-26 21:15:00,2025-11-24/2025-11-30,0.3841817715593342,0.38680412093778255,0.38775820279322115,0.39029503378547586
14530,2025-11-26 21:42:00,2025-11-24/2025-11-30,0.5134091175990543,0.5211425911901424,0.5105152660203433,0.5192045851721396
14533,2025-11-26 23:19:00,2025-11-24/2025-11-30,0.5239847423007735,0.5355591520111874,0.5228969695066651,0.535128487430527
14541,2025-11-27 04:02:00,2025-11-24/2025-11-30,0.45567934241192687,0.45643487990133697,0.4501840088887791,0.4491214363779678
14542,2025-11-27 04:04:00,2025-11-24/2025-11-30,0.48724239245354567,0.4941119266208738,0.4858080610394461,0.49433487031406853
14543,2025-11-27 04:05:00,2025-11-24/2025-11-30,0.4481124603550673,0.4492606564949997,0.4428717878785504,0.44696398535798293
14545,2025-11-27 04:16:00,2025-11-24/2025-11-30,0.27177351546247824,0.2735200023655089,0.26830106642423857,0.2784862049681985
14551,2025-11-27 06:00:00,2025-11-24/2025-11-30,0.49792476385482826,0.5069125048236947,0.5038037065971073,0.5090926255134877
14553,2025-11-27 06:04:00,2025-11-24/2025-11-30,0.4444783677163778,0.443164767557108,0.4424432899593759,0.44342381231247885
14557,2025-11-27 08:10:00,2025-11-24/2025-11-30,0.4533006752806264,0.45898540222796935,0.45014486229205125,0.4589193590472407
14558,2025-11-27 08:16:00,2025-11-24/2025-11-30,0.3888690800128273,0.38470747704344394,0.3890533877575086,0.3885878634777111
14559,2025-11-27 08:24:00,2025-11-24/2025-11-30,0.48193695690479016,0.4874171823220536,0.48694187631521074,0.48964735770306383
14576,2025-11-27 09:54:00,2025-11-24/2025-11-30,0.308949330554863,0.30948126510585466,0.3061067949601619,0.30846499989301024
14578,2025-11-27 10:21:00,2025-11-24/2025-11-30,0.35764507993114497,0.36510226811002283,0.3604367609466126,0.3645313267018238
14580,2025-11-27 10:34:00,2025-11-24/2025-11-30,0.44637716537528527,0.4447045981614369,0.44428225604076743,0.4449398078571976
14581,2025-11-27 11:32:00,2025-11-24/2025-11-30,0.46510359603379725,0.4761442471843319,0.4623999412791966,0.47726915638032547
14582,2025-11-27 11:40:00,2025-11-24/2025-11-30,0.46510435702085795,0.46758774642521245,0.4615193604959452,0.46634368495163364
14583,2025-11-27 12:16:00,2025-11-24/2025-11-30,0.3058974151172023,0.3079488921811623,0.302035529240306,0.306032373535641
14585,2025-11-27 12:23:00,2025-11-24/2025-11-30,0.4446403718984806,0.44744867543211364,0.444103036238136,0.4476085216287924
14586,2025-11-27 12:34:00,2025-11-24/2025-11-30,0.4519762298866435,0.4603583070856811,0.44788450066518554,0.458719674059657
14588,2025-11-27 12:49:00,2025-11-24/2025-11-30,0.30236769992198587,0.30506022268694505,0.2986369507310871,0.3031976712556281
14589,2025-11-27 13:00:00,2025-11-24/2025-11-30,0.4210090389475507,0.4333837475057334,0.4147315830559215,0.43223056312207225
14604,2025-11-27 14:40:00,2025-11-24/2025-11-30,0.44270067666359353,0.4447559965682183,0.439628169982205,0.44434561451969173
14605,2025-11-27 14:41:00,2025-11-24/2025-11-30,0.2858645426803318,0.2916368212504622,0.2828671835515185,0.2901246315453975
14610,2025-11-27 15:46:00,2025-11-24/2025-11-30,0.2679154702336268,0.27277763285753537,0.2667627097293383,0.27309183896154715
14614,2025-11-27 16:10:00,2025-11-24/2025-11-30,0.30236355133661924,0.30766643350344497,0.29906877817696476,0.3063263465448534
14616,2025-11-27 16:21:00,2025-11-24/2025-11-30,0.30164519607387347,0.3071119607866654,0.2984574733069012,0.30584273308921756
14617,2025-11-27 16:23:00,2025-11-24/2025-11-30,0.45522308690712293,0.46309563280269816,0.4510364504607174,0.4614201499547344
14618,2025-11-27 16:31:00,2025-11-24/2025-11-30,0.26925232331206794,0.27635462173405806,0.26396398680612726,0.27503213273490373
14620,2025-11-27 16:33:00,2025-11-24/2025-11-30,0.38293986520503337,0.39156140466747985,0.3827744568317256,0.3926328141837791
14621,2025-11-27 16:36:00,2025-11-24/2025-11-30,0.5036994324795776,0.5170661999308584,0.503172134674328,0.5185119143609525
14622,2025-11-27 16:44:00,2025-11-24/2025-11-30,0.49737518681014736,0.4621386809619354,0.4970434868077816,0.4594476010712412
14625,2025-11-27 17:01:00,2025-11-24/2025-11-30,0.3389660441788988,0.34712330500376287,0.3403631307804276,0.3462401287665867
14626,2025-11-27 17:03:00,2025-11-24/2025-11-30,0.4664472736412338,0.4749632184289144,0.46902949956971224,0.4772820224547331
14631,2025-11-27 17:35:00,2025-11-24/2025-11-30,0.26969607695749,0.27308502861045175,0.2680092562347975,0.27302315683654793
14632,2025-11-27 17:36:00,2025-11-24/2025-11-30,0.2718219123604638,0.19097036772329878,0.27001803328872176,0.1905300680291267
14633,2025-11-27 17:52:00,2025-11-24/2025-11-30,0.4534099476835449,0.4633045695017752,0.452889656859373,0.46267213114124106
14640,2025-11-27 19:01:00,2025-11-24/2025-11-30,0.3807559488332023,0.3874509945003274,0.38389048752425825,0.39000061605350544
14641,2025-11-27 19:02:00,2025-11-24/2025-11-30,0.4044240344539408,0.4073349013742532,0.40718927129539084,0.40772638949852824
14643,2025-11-27 19:44:00,2025-11-24/2025-11-30,0.2703883015301708,0.27259599289026143,0.26900884544435993,0.27162224443583566
14644,2025-11-27 19:48:00,2025-11-24/2025-11-30,0.25332600681722345,0.25203988962313645,0.2515018575281539,0.2501015107491696
14645,2025-11-27 19:49:00,2025-11-24/2025-11-30,0.2688763155805825,0.2759367037679226,0.2642229642498363,0.27399603102160597
14646,2025-11-27 20:00:00,2025-11-24/2025-11-30,0.2706811235085521,0.272882761452563,0.2692965892793897,0.2719075435575072
14647,2025-11-27 20:18:00,2025-11-24/2025-11-30,0.2803379198207147,0.28100850448553427,0.2786518668831542,0.27990808416733143
14649,2025-11-27 20:55:00,2025-11-24/2025-11-30,0.4489781109329838,0.46082231266033113,0.44987140152692956,0.459830814714408
14652,2025-11-27 21:36:00,2025-11-24/2025-11-30,0.26337375577420197,0.2654412054742021,0.26198404454269925,0.2643895344943653
14653,2025-11-27 21:41:00,2025-11-24/2025-11-30,0.27884321808225543,0.25065661172976506,0.27761152594531413,0.24705819904272458
14654,2025-11-27 22:16:00,2025-11-24/2025-11-30,0.40505854132458613,0.4081950798616166,0.40278419162891177,0.40641613856644127
14657,2025-11-27 22:26:00,2025-11-24/2025-11-30,0.35259187688674654,0.3948033541467084,0.3528740401293545,0.3963313399248847
14659,2025-11-27 22:32:00,2025-11-24/2025-11-30,0.43153227437872627,0.4379336587600771,0.4338068107316561,0.44035462694248256
14665,2025-11-27 23:17:00,2025-11-24/2025-11-30,0.4291819933282483,0.4337054709951309,0.42958988823533806,0.4329884494127939
14666,2025-11-27 23:18:00,2025-11-24/2025-11-30,0.4215101706240868,0.42614625046459376,0.41954542105345194,0.42499063224261774
14669,2025-11-27 23:25:00,2025-11-24/2025-11-30,0.2680533587566455,0.24571088889574735,0.26313123266952615,0.2410631748456719
14670,2025-11-27 23:43:00,2025-11-24/2025-11-30,0.43125119887715624,0.44119585398711897,0.42826606396899874,0.43880810988030433
14671,2025-11-27 23:44:00,2025-11-24/2025-11-30,0.40419277043372853,0.4070786152356043,0.40686857783903585,0.4074025440670474
14677,2025-11-28 01:01:00,2025-11-24/2025-11-30,0.3483354333873934,0.34673198702329966,0.3471285207898149,0.3470485166280965
14678,2025-11-28 01:14:00,2025-11-24/2025-11-30,0.4264069833132763,0.4251843431078859,0.4225645430691087,0.42373881644557804
14679,2025-11-28 01:16:00,2025-11-24/2025-11-30,0.44810271102157107,0.45194985527961934,0.44326154917102134,0.4494186055981221
14691,2025-11-28 02:07:00,2025-11-24/2025-11-30,0.28463297900170453,0.31643808969516013,0.2798420637511697,0.3099326140013319
14694,2025-11-28 03:25:00,2025-11-24/2025-11-30,0.29014173644629,0.2877646627263859,0.28552869952378135,0.2846903368668293
14695,2025-11-28 03:37:00,2025-11-24/2025-11-30,0.43767184556834987,0.4357379272170451,0.4360965719489624,0.43468878935553906
14696,2025-11-28 03:44:00,2025-11-24/2025-11-30,0.27816187715030566,0.27500775232188807,0.2751229113077219,0.27375188285204394
14697,2025-11-28 04:03:00,2025-11-24/2025-11-30,0.49293707336547704,0.4983837653119105,0.4922351334236903,0.49615413688617127
14701,2025-11-28 04:07:00,2025-11-24/2025-11-30,0.4472749115221937,0.4500591309341522,0.44208699783702265,0.44718602502932275
14702,2025-11-28 04:08:00,2025-11-24/2025-11-30,0.4479005238026238,0.4509596679286441,0.44266565516294193,0.4481374154612138
14703,2025-11-28 04:09:00,2025-11-24/2025-11-30,0.45385516572682566,0.4589795908019925,0.4520950036748406,0.45729608072868294
14705,2025-11-28 04:11:00,2025-11-24/2025-11-30,0.290917010559436,0.20372463370811375,0.28638640599120185,0.20135462616560593
14706,2025-11-28 04:12:00,2025-11-24/2025-11-30,0.4628566570436041,0.4657645919281246,0.46067226802218325,0.46593354205822785
14707,2025-11-28 04:13:00,2025-11-24/2025-11-30,0.3649614936682296,0.36940579721620803,0.36364150574227705,0.369141043453596
14715,2025-11-28 04:21:00,2025-11-24/2025-11-30,0.22747422284154406,0.23153988109942839,0.22478454948332666,0.2285791518004211
14718,2025-11-28 04:25:00,2025-11-24/2025-11-30,0.4524928072176118,0.45452643174181506,0.44959703115422833,0.45191628891941044
14731,2025-11-28 05:43:00,2025-11-24/2025-11-30,0.2931763135802264,0.29197301722887126,0.2887340347182651,0.28918068608689745
14733,2025-11-28 06:14:00,2025-11-24/2025-11-30,0.45155837898375234,0.4507249160691811,0.45167222400939633,0.45278246128006683
14734,2025-11-28 06:15:00,2025-11-24/2025-11-30,0.45788094282088604,0.46165500825051026,0.4543908871025399,0.45963975436159954
14735,2025-11-28 06:17:00,2025-11-24/2025-11-30,0.28083328357329396,0.2799114119663382,0.27949732096250807,0.2795310207041347
14736,2025-11-28 06:17:00,2025-11-24/2025-11-30,0.4609192797659831,0.4636571867458628,0.45959930376351593,0.4617860379550416
14737,2025-11-28 06:19:00,2025-11-24/2025-11-30,0.30061408030050263,0.2695919419522332,0.2975738778652742,0.26467975719246906
14740,2025-11-28 06:42:00,2025-11-24/2025-11-30,0.3852252903472133,0.39403925638276766,0.3878368806241015,0.39496475096691996
14741,2025-11-28 06:54:00,2025-11-24/2025-11-30,0.32619150153500376,0.2989099960802866,0.3279729024187692,0.29583957810939443
14743,2025-11-28 06:57:00,2025-11-24/2025-11-30,0.30433717459421616,0.3049814548897383,0.30150958808480655,0.3031338790537975
14744,2025-11-28 07:02:00,2025-11-24/2025-11-30,0.49431811602805015,0.5013111976001592,0.49314979563410927,0.5009226535023674
14745,2025-11-28 07:07:00,2025-11-24/2025-11-30,0.4820212789730545,0.4535614387747537,0.47947946620903903,0.45023265258368
14746,2025-11-28 07:09:00,2025-11-24/2025-11-30,0.4844500931384512,0.494109884514283,0.4841907630929289,0.4942160976534123
14751,2025-11-28 07:23:00,2025-11-24/2025-11-30,0.5261279459540013,0.5355776759844212,0.5266925442209371,0.5397024708357723
14752,2025-11-28 07:24:00,2025-11-24/2025-11-30,0.4911775109859625,0.4979623915378706,0.49015827082681057,0.49749217343698754
14753,2025-11-28 07:25:00,2025-11-24/2025-11-30,0.27687828109032725,0.272436862785848,0.27487439676371195,0.27127162783922554
14754,2025-11-28 07:26:00,2025-11-24/2025-11-30,0.2747667698525096,0.27586226820872267,0.27398117239219116,0.27594683538317355
14756,2025-11-28 07:27:00,2025-11-24/2025-11-30,0.4421442431956294,0.4502636346659242,0.4365324915324738,0.44408063302353296
14758,2025-11-28 07:28:00,2025-11-24/2025-11-30,0.28153843895105574,0.280530738193338,0.2801837674569302,0.2801438473212664
14760,2025-11-28 07:36:00,2025-11-24/2025-11-30,0.37333248202986175,0.3755511271494541,0.37224891869201643,0.37507746557198784
14761,2025-11-28 10:25:00,2025-11-24/2025-11-30,0.41291483732276213,0.4190516273634641,0.4117213485236998,0.4191502940177493
14764,2025-11-28 10:26:00,2025-11-24/2025-11-30,0.4303751246315555,0.4043487248476418,0.4264695270217904,0.4004225392536376
14772,2025-11-28 10:42:00,2025-11-24/2025-11-30,0.46538925685082705,0.47179978744088097,0.462957542142057,0.4707183007393274
14773,2025-11-28 10:55:00,2025-11-24/2025-11-30,0.4509252608198992,0.4501061610909661,0.4511779254642612,0.4500317427594127
14776,2025-11-28 11:05:00,2025-11-24/2025-11-30,0.299222191757892,0.2990447378523077,0.29573865253523607,0.29686427467853443
14779,2025-11-28 11:18:00,2025-11-24/2025-11-30,0.2864356741634692,0.2848720571615385,0.2851807564573864,0.2846101460062298
14780,2025-11-28 11:20:00,2025-11-24/2025-11-30,0.45955956274649074,0.46268070424937363,0.4560483197172192,0.4605868161720676
14781,2025-11-28 11:20:00,2025-11-24/2025-11-30,0.49595860185492124,0.5021658609502268,0.49502882523761393,0.5017281941628903
14782,2025-11-28 11:31:00,2025-11-24/2025-11-30,0.3072194910779224,0.3072992884110309,0.3087413252614415,0.3078126710677225
14784,2025-11-28 11:36:00,2025-11-24/2025-11-30,0.2815063502808486,0.28048023952944523,0.2801502786783755,0.28009231716495453
14786,2025-11-28 11:47:00,2025-11-24/2025-11-30,0.34476329658652366,0.35463456672437016,0.34773420733626403,0.3534817088075779
14789,2025-11-28 12:06:00,2025-11-24/2025-11-30,0.2754369072044381,0.27797557560913666,0.27339611279400233,0.27710194713273995
14790,2025-11-28 12:10:00,2025-11-24/2025-11-30,0.27531211970490005,0.2541290590766979,0.27147645967816036,0.2502236480790393
14793,2025-11-28 12:18:00,2025-11-24/2025-11-30,0.3051853546791932,0.3080908042114185,0.30350420278479423,0.3078570750326744
14795,2025-11-28 12:28:00,2025-11-24/2025-11-30,0.35891181143208994,0.3615342637014328,0.358431771635105,0.3621504143161085
14796,2025-11-28 12:29:00,2025-11-24/2025-11-30,0.46993000333063556,0.4770475745536552,0.4678049361054544,0.47494132119565424
14797,2025-11-28 12:31:00,2025-11-24/2025-11-30,0.3020685600268531,0.3057619208947944,0.29839427561939047,0.30334910213802113
14798,2025-11-28 12:43:00,2025-11-24/2025-11-30,0.42477133850412374,0.4302077297135039,0.4220867091695444,0.4292153273149066
14800,2025-11-28 13:06:00,2025-11-24/2025-11-30,0.30818753189393777,0.31242286971795213,0.30439660329766766,0.31019134384613806
14801,2025-11-28 13:12:00,2025-11-24/2025-11-30,0.44861655264223654,0.45595166621123917,0.44375749309626905,0.45310231206917095
14804,2025-11-28 13:26:00,2025-11-24/2025-11-30,0.4531262533570156,0.46103006674168706,0.45168469074760476,0.46128721307670184
14805,2025-11-28 13:30:00,2025-11-24/2025-11-30,0.42347165530713665,0.3245494913888191,0.4193389369313287,0.32249658726778563
14806,2025-11-28 13:34:00,2025-11-24/2025-11-30,0.46402603992992303,0.46969834189115817,0.464200550052389,0.4698496026681592
14807,2025-11-28 13:35:00,2025-11-24/2025-11-30,0.4764617567051122,0.3720090742271683,0.4760473223461408,0.36916890994476276
14809,2025-11-28 13:48:00,2025-11-24/2025-11-30,0.43132697421194915,0.4081191977366809,0.42776076523587037,0.40334565535126354
14810,2025-11-28 13:57:00,2025-11-24/2025-11-30,0.28942709539558525,0.302261657870789,0.28959525255641366,0.30094545697369357
14814,2025-11-28 14:09:00,2025-11-24/2025-11-30,0.47192178476197905,0.4789772293382522,0.47169744830416555,0.4795982365173569
14816,2025-11-28 14:10:00,2025-11-24/2025-11-30,0.44529170378409844,0.4536000688722895,0.4408872191446953,0.45089444461503686
14819,2025-11-28 14:34:00,2025-11-24/2025-11-30,0.47712599630632135,0.47631809561328503,0.4753389098969129,0.47729978682672686
14820,2025-11-28 14:37:00,2025-11-24/2025-11-30,0.4373358224677605,0.41088036642629894,0.4340393569467439,0.4080580440089078
14822,2025-11-28 14:43:00,2025-11-24/2025-11-30,0.4578295799365068,0.4656642258469865,0.455884427348652,0.46565259376738904
14823,2025-11-28 14:46:00,2025-11-24/2025-11-30,0.2884671190165804,0.28890080334449597,0.2859976512821829,0.2878589065214135
14828,2025-11-28 15:12:00,2025-11-24/2025-11-30,0.2940914066226459,0.2973870117753172,0.28987842234948197,0.2946921672834952
14831,2025-11-28 15:15:00,2025-11-24/2025-11-30,0.27683954312597336,0.2791252803326166,0.27475003245096485,0.27823192689794285
14832,2025-11-28 15:17:00,2025-11-24/2025-11-30,0.27305511510787833,0.2769920037233349,0.27175499143935095,0.27657514783282894
14834,2025-11-28 15:21:00,2025-11-24/2025-11-30,0.48332547936755366,0.4582875647732408,0.48248719025264847,0.4540214719076646
14835,2025-11-28 15:23:00,2025-11-24/2025-11-30,0.27707098005969033,0.2793607709941617,0.2749780078770766,0.2784668335658204
14836,2025-11-28 15:24:00,2025-11-24/2025-11-30,0.4385117234454033,0.4414176382543625,0.43766028611868396,0.44258606309186216
14837,2025-11-28 15:30:00,2025-11-24/2025-11-30,0.43895520173174457,0.4498817050698736,0.43866793073923116,0.45069080842571774
14838,2025-11-28 15:31:00,2025-11-24/2025-11-30,0.2883653892280697,0.28882112476751315,0.285899836089003,0.2877808619544581
14839,2025-11-28 15:32:00,2025-11-24/2025-11-30,0.3403521117316562,0.3515534790934505,0.3445860883632568,0.3514285062981693
14840,2025-11-28 15:34:00,2025-11-24/2025-11-30,0.4249104174604008,0.430295723771814,0.4222187689971041,0.4292999849343354
14842,2025-11-28 15:42:00,2025-11-24/2025-11-30,0.4607522093036454,0.46530991231318825,0.46049786708647084,0.4673499943983949
14843,2025-11-28 15:45:00,2025-11-24/2025-11-30,0.4388204982037921,0.4417007567621448,0.43796272637126527,0.44286736769757723
14844,2025-11-28 15:48:00,2025-11-24/2025-11-30,0.2966720099689069,0.300351391953866,0.29304185308407993,0.29784847233318335
14847,2025-11-28 16:03:00,2025-11-24/2025-11-30,0.3013854629052228,0.3068707247843629,0.29800381728371544,0.3048646912208433
14892,2025-11-28 17:02:00,2025-11-24/2025-11-30,0.30871550695740474,0.3135249048406312,0.3051658556578518,0.311476032230941
14894,2025-11-28 17:04:00,2025-11-24/2025-11-30,0.3481664013582464,0.3524808975434546,0.3479899705914126,0.3532082992528226
14897,2025-11-28 17:22:00,2025-11-24/2025-11-30,0.6759070494087497,0.6860573167773057,0.6677220932670698,0.6890865306907006
14898,2025-11-28 17:27:00,2025-11-24/2025-11-30,0.30741201137861535,0.31140285783721616,0.3087992464428084,0.3118484812842936
14900,2025-11-28 17:38:00,2025-11-24/2025-11-30,0.2779864049925529,0.28008685333881755,0.275859199336292,0.2791786407084313
14903,2025-11-28 17:51:00,2025-11-24/2025-11-30,0.2671644243503741,0.2676388801848463,0.2647503108498474,0.26621238894847027
14904,2025-11-28 18:00:00,2025-11-24/2025-11-30,0.49114566072196275,0.5024371637196233,0.49354062712922536,0.5023539676979488
14913,2025-11-28 18:35:00,2025-11-24/2025-11-30,0.5219117241880129,0.5344994911345742,0.5225515403542003,0.537230900374611
14915,2025-11-28 18:38:00,2025-11-24/2025-11-30,0.44711995743281724,0.45454248731693164,0.4433753939712066,0.4509070648424564
14917,2025-11-28 18:49:00,2025-11-24/2025-11-30,0.3196357234232811,0.3288734362500507,0.31904184479347136,0.32807202302414173
14919,2025-11-28 18:58:00,2025-11-24/2025-11-30,0.43757480012931405,0.4532347641210617,0.43633381367299484,0.452312535610295
14922,2025-11-28 19:02:00,2025-11-24/2025-11-30,0.43670884273236504,0.44578009802706386,0.4302014921816251,0.4425289436865296
14923,2025-11-28 19:04:00,2025-11-24/2025-11-30,0.28813313897810044,0.28789032676881793,0.2860757303103767,0.28602989869126144
14928,2025-11-28 19:14:00,2025-11-24/2025-11-30,0.3659836081327585,0.3877336590534881,0.3656184201231299,0.3868094680141874
14935,2025-11-28 19:18:00,2025-11-24/2025-11-30,0.28882445593646794,0.29999324567545066,0.2884935500583101,0.29742437589072973
14942,2025-11-28 19:24:00,2025-11-24/2025-11-30,0.288291025843883,0.2880507500572636,0.2862313862043507,0.28618965946061153
14943,2025-11-28 19:32:00,2025-11-24/2025-11-30,0.33321954950775884,0.3406069988816779,0.3346237050832904,0.3411199239830829
14944,2025-11-28 19:33:00,2025-11-24/2025-11-30,0.2677352002222329,0.26744448833567924,0.2656875311727392,0.2652270944258102
14947,2025-11-28 19:36:00,2025-11-24/2025-11-30,0.4183912358932018,0.42480130860873483,0.4222981523513804,0.42482310321946576
14952,2025-11-28 19:43:00,2025-11-24/2025-11-30,0.4445392624851946,0.45173730994622296,0.4406722851137037,0.4479871821170694
14956,2025-11-28 19:50:00,2025-11-24/2025-11-30,0.4459885544750594,0.44830912510858906,0.4457857283662212,0.4466100873694615
14957,2025-11-28 19:54:00,2025-11-24/2025-11-30,0.2860789526335712,0.2245592741653192,0.2827186553549828,0.2210680633302025
14961,2025-11-28 20:32:00,2025-11-24/2025-11-30,0.455390191706483,0.47052000949093387,0.45861761509378923,0.47056292911557657
14962,2025-11-28 20:52:00,2025-11-24/2025-11-30,0.4403013432663925,0.36570690120685134,0.4427782899057484,0.3638619046837746
14968,2025-11-28 21:13:00,2025-11-24/2025-11-30,0.29009135299894484,0.29389236940723007,0.28667319606792796,0.2906128871251331
14972,2025-11-28 21:47:00,2025-11-24/2025-11-30,0.48267675960030804,0.490862106375142,0.48237910768332615,0.4870729092855547
14974,2025-11-28 22:03:00,2025-11-24/2025-11-30,0.37238486838591517,0.38254655911572677,0.37271779901954416,0.3820043268886586
14975,2025-11-28 22:04:00,2025-11-24/2025-11-30,0.47895461614672746,0.49167994494530337,0.4773083850708193,0.4892636833770881
14977,2025-11-28 22:12:00,2025-11-24/2025-11-30,0.474283712292933,0.4829355343467686,0.4717911469110026,0.48004361981508314
14980,2025-11-28 22:49:00,2025-11-24/2025-11-30,0.2809928480653489,0.282625081156652,0.2792028886153642,0.2810216151707921
14982,2025-11-28 23:15:00,2025-11-24/2025-11-30,0.48813556641757055,0.498404091893782,0.4864611683075858,0.49121563835211557
14983,2025-11-28 23:17:00,2025-11-24/2025-11-30,0.30623362407065857,0.3174870821858506,0.30752404060704436,0.31563128502563753
14984,2025-11-28 23:21:00,2025-11-24/2025-11-30,0.3854335438740009,0.3884652889555685,0.3864213171724293,0.3880958475347709
14986,2025-11-29 00:44:00,2025-11-24/2025-11-30,0.46497870852011786,0.47030021639667835,0.4657828073883263,0.46950097370487026
14987,2025-11-29 00:44:00,2025-11-24/2025-11-30,0.46500125951345556,0.4703246177157043,0.4658052858139261,0.4695254514258952
14989,2025-11-29 01:00:00,2025-11-24/2025-11-30,0.28510637257427324,0.28778350660299906,0.2809128568541847,0.2851402705887812
14991,2025-11-29 01:08:00,2025-11-24/2025-11-30,0.4671320791838285,0.48095971958042255,0.4661632817819289,0.4807254569045137
14992,2025-11-29 01:14:00,2025-11-24/2025-11-30,0.46409066063312804,0.4695600611667102,0.46491987925482875,0.46877109457536126
14993,2025-11-29 01:16:00,2025-11-24/2025-11-30,0.27299017022514066,0.2737085949985065,0.27024415391248124,0.27266777266108405
14994,2025-11-29 01:20:00,2025-11-24/2025-11-30,0.47357137270587496,0.4880796137898353,0.47042145349576436,0.4883559069197263
14998,2025-11-29 02:05:00,2025-11-24/2025-11-30,0.2734545196303222,0.2741151606996113,0.2706943631026609,0.2730692581620009
15000,2025-11-29 02:32:00,2025-11-24/2025-11-30,0.27367276927067763,0.2742984150759127,0.27090518143242226,0.27324967214797324
15001,2025-11-29 02:33:00,2025-11-24/2025-11-30,0.31912045464962857,0.329063336543307,0.322210927233898,0.32847998396367306
15010,2025-11-29 02:45:00,2025-11-24/2025-11-30,0.3422538846854343,0.34505226901814817,0.34135549074841814,0.3456107219081661
15015,2025-11-29 03:04:00,2025-11-24/2025-11-30,0.33600374359922036,0.3396894735246066,0.33526011124280086,0.34036410779583504
15016,2025-11-29 03:05:00,2025-11-24/2025-11-30,0.288127121421817,0.2914608119696042,0.2839383238773424,0.2889826773500217
15017,2025-11-29 03:06:00,2025-11-24/2025-11-30,0.3475455027792117,0.35368074709392083,0.34487158865743434,0.3525262070613317
15018,2025-11-29 03:08:00,2025-11-24/2025-11-30,0.4610474192012185,0.4644122040253987,0.4597082666342567,0.4640634382686884
15019,2025-11-29 03:09:00,2025-11-24/2025-11-30,0.4434690935621313,0.4490615582191093,0.4406096723753839,0.44639607100671286
15020,2025-11-29 03:18:00,2025-11-24/2025-11-30,0.2729003954716483,0.2736075152335756,0.2701548613994178,0.2725663750047282
15023,2025-11-29 03:33:00,2025-11-24/2025-11-30,0.27295376478759237,0.27369464285184764,0.2702106523819844,0.2726552557824991
15026,2025-11-29 04:04:00,2025-11-24/2025-11-30,0.44398801651395114,0.45003197833542885,0.43887102181290233,0.4471810850443216
15027,2025-11-29 04:05:00,2025-11-24/2025-11-30,0.2938528668458036,0.2973769269913509,0.2897887977126492,0.29505441819479633
15028,2025-11-29 04:06:00,2025-11-24/2025-11-30,0.442515450710578,0.44916939973726594,0.4374150237177831,0.4463945797411186
15029,2025-11-29 04:07:00,2025-11-24/2025-11-30,0.29128523119577243,0.295923822769606,0.28735041436565717,0.2937969889165499
15030,2025-11-29 04:09:00,2025-11-24/2025-11-30,0.3945130224765003,0.4007928531851853,0.3981405122416507,0.402462773616956
15031,2025-11-29 04:10:00,2025-11-24/2025-11-30,0.2757387749360477,0.28686765718329904,0.2740787421234393,0.2867839909153165
15032,2025-11-29 04:11:00,2025-11-24/2025-11-30,0.4335725850788288,0.4364203558737716,0.43245827612745774,0.43789020820847296
15034,2025-11-29 04:13:00,2025-11-24/2025-11-30,0.4417698386915606,0.44992548774371505,0.43683405442298784,0.4474226830013171
15036,2025-11-29 04:14:00,2025-11-24/2025-11-30,0.44139758301590315,0.4482307303945242,0.4363311856372648,0.4454694468654841
15038,2025-11-29 04:15:00,2025-11-24/2025-11-30,0.44886910236253275,0.4579130449125383,0.44441808856493126,0.45584156328679826
15039,2025-11-29 04:17:00,2025-11-24/2025-11-30,0.2753092900531258,0.2512954158001737,0.2693387333513539,0.24671044259133065
15041,2025-11-29 04:18:00,2025-11-24/2025-11-30,0.28005469690538143,0.28525855217966845,0.2761877314701265,0.28305336264939757
15042,2025-11-29 04:19:00,2025-11-24/2025-11-30,0.45623513300939633,0.46367561233332194,0.4545114219517637,0.46412493281577705
15043,2025-11-29 04:21:00,2025-11-24/2025-11-30,0.3409063607365855,0.346363105761705,0.3416679310201252,0.3479212442978955
15044,2025-11-29 04:22:00,2025-11-24/2025-11-30,0.28590800689196727,0.2901791611525459,0.2817354046362968,0.2878798488505683
15045,2025-11-29 04:23:00,2025-11-24/2025-11-30,0.4752154601406572,0.4803355664976288,0.47269113579277233,0.4786491444718689
15046,2025-11-29 04:25:00,2025-11-24/2025-11-30,0.4259575681040565,0.324439289733931,0.41854224125323425,0.32203549330096404
15047,2025-11-29 04:27:00,2025-11-24/2025-11-30,0.43943167331631794,0.4480630536308695,0.4346680110892473,0.44566224141018457
15048,2025-11-29 04:28:00,2025-11-24/2025-11-30,0.45217476408830054,0.4573836481665048,0.44923239919556246,0.45481962547450344
15050,2025-11-29 04:29:00,2025-11-24/2025-11-30,0.44825037854147687,0.45846539963103833,0.44722111679034837,0.4572727040222573
15052,2025-11-29 04:30:00,2025-11-24/2025-11-30,0.4391414903782901,0.4459587341390911,0.43417160220327466,0.4431664411701335
15053,2025-11-29 04:31:00,2025-11-24/2025-11-30,0.4271158652166784,0.4336643887801125,0.42772521831270427,0.4340497005024654
15057,2025-11-29 04:35:00,2025-11-24/2025-11-30,0.3088511307859485,0.3191765175893314,0.3091462723504412,0.31819529446633676
15059,2025-11-29 04:44:00,2025-11-24/2025-11-30,0.4570478003187353,0.46509198132817375,0.45560203536651694,0.4657547122290825
15061,2025-11-29 04:47:00,2025-11-24/2025-11-30,0.32616993444803805,0.340985769665138,0.32320168268635663,0.3422686357327408
15062,2025-11-29 04:51:00,2025-11-24/2025-11-30,0.42324892576690515,0.4287305704094213,0.42279552797948833,0.4285304038647173
15066,2025-11-29 04:58:00,2025-11-24/2025-11-30,0.4328973253055808,0.4363062361001813,0.4316460482547427,0.4356911698328801
15067,2025-11-29 05:00:00,2025-11-24/2025-11-30,0.45240455289792203,0.458844257400309,0.4500641176181567,0.45887793694553375
15072,2025-11-29 05:08:00,2025-11-24/2025-11-30,0.22365699737601932,0.22803664429350734,0.21935125644221315,0.2242376906351049
15073,2025-11-29 05:10:00,2025-11-24/2025-11-30,0.42740149803030614,0.43448882066157407,0.4285508252261616,0.43511851632882137
15079,2025-11-29 05:19:00,2025-11-24/2025-11-30,0.46535544465478645,0.4706219830752494,0.4661496690932493,0.46981885022482045
15080,2025-11-29 05:22:00,2025-11-24/2025-11-30,0.27297568945369777,0.27368117561676963,0.27022863749843534,0.27263965898951925
15081,2025-11-29 05:25:00,2025-11-24/2025-11-30,0.2910602379334268,0.29448543854079356,0.2869312438772989,0.2920838129769705
15082,2025-11-29 05:26:00,2025-11-24/2025-11-30,0.4654262858871317,0.4706814586565559,0.46621854963168985,0.46987753249450354
15083,2025-11-29 05:40:00,2025-11-24/2025-11-30,0.42039285775189533,0.42386802443281146,0.4168759536137008,0.42268140576871643
15084,2025-11-29 05:41:00,2025-11-24/2025-11-30,0.360831992174248,0.3660282010185698,0.35837058045229736,0.36495558432006014
15085,2025-11-29 05:44:00,2025-11-24/2025-11-30,0.2747033458919264,0.2751543369397609,0.2718997221487421,0.27409164383512374
15087,2025-11-29 05:52:00,2025-11-24/2025-11-30,0.49019988191972647,0.5003132461597465,0.48971545389809845,0.49830737452184304
15089,2025-11-29 06:06:00,2025-11-24/2025-11-30,0.48683961796959113,0.49286807847149755,0.4856016257671027,0.493667357625049
15091,2025-11-29 06:09:00,2025-11-24/2025-11-30,0.4530678025016703,0.46036389646863063,0.44969022631286826,0.4583888972755563
15092,2025-11-29 06:10:00,2025-11-24/2025-11-30,0.46204897713167115,0.46902704005411694,0.461042545132025,0.46748315388885703
15093,2025-11-29 06:13:00,2025-11-24/2025-11-30,0.2749708690962553,0.286995093896576,0.2729246444824625,0.2872390311315806
15094,2025-11-29 06:27:00,2025-11-24/2025-11-30,0.27865215288244793,0.2793715535649453,0.27851165583625787,0.28501005909941823
15095,2025-11-29 06:28:00,2025-11-24/2025-11-30,0.2823885215112583,0.28471525418264837,0.28118564998397694,0.28458358521499433
15096,2025-11-29 06:31:00,2025-11-24/2025-11-30,0.4550530986323808,0.4647659040824769,0.45820427143541,0.4667606241957741
15097,2025-11-29 06:33:00,2025-11-24/2025-11-30,0.2755292975815619,0.2779592306941295,0.2742926123612971,0.2777248369190304
15098,2025-11-29 06:34:00,2025-11-24/2025-11-30,0.3540840633695175,0.3580092917465627,0.35487680741693506,0.35949296430659805
15100,2025-11-29 06:35:00,2025-11-24/2025-11-30,0.4224873309391973,0.4305634006787467,0.4244218248720943,0.43352213380835286
15102,2025-11-29 06:45:00,2025-11-24/2025-11-30,0.284580787158242,0.2861695033336368,0.28325101808768194,0.2859035349448345
15103,2025-11-29 06:52:00,2025-11-24/2025-11-30,0.30311277740492243,0.3097203254391985,0.3008621491445831,0.30861990906319653
15104,2025-11-29 06:54:00,2025-11-24/2025-11-30,0.2907079302272458,0.2988959573772424,0.28698378675378394,0.29835904157671056
15105,2025-11-29 06:55:00,2025-11-24/2025-11-30,0.4342767542638865,0.4388232624699716,0.4325347227564394,0.4385976264403259
15106,2025-11-29 06:56:00,2025-11-24/2025-11-30,0.37152059572955926,0.3791395565185308,0.3709737026695919,0.3792030757682385
15108,2025-11-29 07:06:00,2025-11-24/2025-11-30,0.4304620560600774,0.40641812315082626,0.42878407059302476,0.404679096233506
15109,2025-11-29 07:08:00,2025-11-24/2025-11-30,0.28113632157013785,0.28363565743485725,0.27996905967154445,0.2835166827299228
15110,2025-11-29 07:13:00,2025-11-24/2025-11-30,0.30381841854152775,0.30967768962157205,0.30159391826928916,0.308468472281567
15115,2025-11-29 07:43:00,2025-11-24/2025-11-30,0.3679962039342011,0.37808531805066986,0.36827792877787446,0.37880444785708217
15117,2025-11-29 07:51:00,2025-11-24/2025-11-30,0.4050529112699393,0.42226964992667043,0.4097430666216582,0.4249710874676795
15120,2025-11-29 07:57:00,2025-11-24/2025-11-30,0.28697838555316035,0.2881387083017229,0.28557033325153225,0.28784227158442244
15121,2025-11-29 07:58:00,2025-11-24/2025-11-30,0.30260362147231673,0.30618853145667907,0.2997852227594883,0.3043943172579799
15123,2025-11-29 08:04:00,2025-11-24/2025-11-30,0.4505024018561849,0.4571907782106056,0.44702830279685385,0.45503940996895925
15125,2025-11-29 08:05:00,2025-11-24/2025-11-30,0.3700401952665044,0.3827161538119203,0.3718526758694984,0.38437232358744783
15126,2025-11-29 08:09:00,2025-11-24/2025-11-30,0.357286028321092,0.3676122085217137,0.35730239412776565,0.3680259780329192
15130,2025-11-29 08:26:00,2025-11-24/2025-11-30,0.2842841788019799,0.2858861364268175,0.28296009852288995,0.28562156274459133
15134,2025-11-29 08:48:00,2025-11-24/2025-11-30,0.4043904162294196,0.4060116234226255,0.40615153568898466,0.4074404061321814
15137,2025-11-29 09:05:00,2025-11-24/2025-11-30,0.3569643095578345,0.3604535564138367,0.35768121915851786,0.3619107481210219
15141,2025-11-29 09:07:00,2025-11-24/2025-11-30,0.4583619615568286,0.4662989533908551,0.4574304336271462,0.46485559598223253
15142,2025-11-29 09:14:00,2025-11-24/2025-11-30,0.29793976374375275,0.30304877347175574,0.2953974402481799,0.30154190106085416
15143,2025-11-29 09:19:00,2025-11-24/2025-11-30,0.4108119589496394,0.44825582305078016,0.41389717034676465,0.44683031236253706
15145,2025-11-29 09:22:00,2025-11-24/2025-11-30,0.2869939795913642,0.288165700133249,0.285586842401746,0.28786991242770615
15146,2025-11-29 09:23:00,2025-11-24/2025-11-30,0.27360857243310693,0.27291744912047144,0.2720060477577261,0.27201101284002305
15148,2025-11-29 09:31:00,2025-11-24/2025-11-30,0.47384948054113785,0.4788926515783295,0.47380082566817083,0.4796361273987246
15150,2025-11-29 09:38:00,2025-11-24/2025-11-30,0.28477200986115825,0.2863305347198267,0.28343639958242733,0.28606237279944896
15153,2025-11-29 09:41:00,2025-11-24/2025-11-30,0.3074708198492587,0.3129982557424329,0.3050172595011337,0.3117273899037285
15155,2025-11-29 09:46:00,2025-11-24/2025-11-30,0.3090104117208805,0.3201730456606369,0.30851161897784946,0.3207238562115863
15156,2025-11-29 09:49:00,2025-11-24/2025-11-30,0.4101446520160752,0.4485808164296691,0.4132958658460245,0.4473569582167972
15157,2025-11-29 09:50:00,2025-11-24/2025-11-30,0.44870563532434377,0.4607368044447146,0.44669841812458316,0.45770722993812357
15158,2025-11-29 09:51:00,2025-11-24/2025-11-30,0.43355601948410744,0.43819780608432946,0.43183276492237715,0.4379790124552578
15161,2025-11-29 09:56:00,2025-11-24/2025-11-30,0.2991713346742354,0.3037614627450636,0.3010184479306453,0.3045266076082869
15163,2025-11-29 10:08:00,2025-11-24/2025-11-30,0.4352856509036745,0.43966606656603147,0.4335140499705641,0.43942888442211053
15165,2025-11-29 10:33:00,2025-11-24/2025-11-30,0.4610256455489615,0.46945205148266783,0.45773086152386366,0.46785737554660434
15166,2025-11-29 10:35:00,2025-11-24/2025-11-30,0.46157978311208775,0.4717471975141567,0.4592019329550257,0.4707539403360108
15169,2025-11-29 10:40:00,2025-11-24/2025-11-30,0.2823089198686582,0.2842575495035942,0.2810486285286541,0.2840177274240267
15170,2025-11-29 10:41:00,2025-11-24/2025-11-30,0.47411088082002184,0.4881863146470816,0.47425382252189946,0.4871926755139319
15171,2025-11-29 10:42:00,2025-11-24/2025-11-30,0.3103924656966847,0.3132252607679831,0.3119600182140052,0.3138772305749086
15172,2025-11-29 10:43:00,2025-11-24/2025-11-30,0.32555712972936995,0.32644414994276966,0.3269560391164754,0.3288841559040641
15174,2025-11-29 10:44:00,2025-11-24/2025-11-30,0.4361090461411883,0.4403247601559276,0.4343103851880617,0.44007640190419234
15175,2025-11-29 10:45:00,2025-11-24/2025-11-30,0.5264903662907608,0.5383990955367721,0.5268089400336028,0.5423520763611179
15176,2025-11-29 10:46:00,2025-11-24/2025-11-30,0.27401429739804284,0.2772600009025897,0.2730052514786555,0.2771148276270908
15177,2025-11-29 10:47:00,2025-11-24/2025-11-30,0.43445712096130834,0.43946471305066276,0.43498785874540036,0.4417445989040989
15178,2025-11-29 10:50:00,2025-11-24/2025-11-30,0.28622508191329127,0.28751846830045974,0.2848414812401962,0.2872315095086864
15179,2025-11-29 10:51:00,2025-11-24/2025-11-30,0.4878029129504926,0.49623949471800893,0.4889519968284131,0.4980441023789389
15181,2025-11-29 10:58:00,2025-11-24/2025-11-30,0.4568560529911893,0.4646143634587981,0.455612613963117,0.4630850320470275
15182,2025-11-29 11:01:00,2025-11-24/2025-11-30,0.42989715668775885,0.4358939507692917,0.4314312010204431,0.4354322200574627
15183,2025-11-29 11:03:00,2025-11-24/2025-11-30,0.28287766340465653,0.22416691094524235,0.27832845599962264,0.22247419932493717
15185,2025-11-29 11:05:00,2025-11-24/2025-11-30,0.28549261063920217,0.28693643847347705,0.28413489079028287,0.2866599567006395
15186,2025-11-29 11:06:00,2025-11-24/2025-11-30,0.4558075221211328,0.4628991749551953,0.4573501203926771,0.4639533205160503
15188,2025-11-29 11:07:00,2025-11-24/2025-11-30,0.43605510676490244,0.44028334148891524,0.43425839258737753,0.4400358195783196
15189,2025-11-29 11:09:00,2025-11-24/2025-11-30,0.3740763535786206,0.38484550452785005,0.37531083422891737,0.3861075711732282
15190,2025-11-29 11:10:00,2025-11-24/2025-11-30,0.2865309000716836,0.28780944490033783,0.2851413079584419,0.28752097824154044
15191,2025-11-29 11:12:00,2025-11-24/2025-11-30,0.3093356280472111,0.31276146344896494,0.3109946877161119,0.3135410229250797
15193,2025-11-29 11:21:00,2025-11-24/2025-11-30,0.30845169592691224,0.31374951316534433,0.3058802062122961,0.31240232994689177
15197,2025-11-29 11:34:00,2025-11-24/2025-11-30,0.46649974932251415,0.4742452111967914,0.46733882191696013,0.47564985728718906
15202,2025-11-29 11:43:00,2025-11-24/2025-11-30,0.44430695910841506,0.4482955537740243,0.4448857208144448,0.44848612368512786
15203,2025-11-29 11:46:00,2025-11-24/2025-11-30,0.3547543115126115,0.3586883045665672,0.35562514536335843,0.36023596898261107
15206,2025-11-29 11:48:00,2025-11-24/2025-11-30,0.3047895387083736,0.3088736942107805,0.302041751340234,0.30722197241870297
15208,2025-11-29 11:55:00,2025-11-24/2025-11-30,0.4904983552754399,0.49741924914863367,0.4912307607324289,0.4952438724405435
15210,2025-11-29 12:01:00,2025-11-24/2025-11-30,0.34880945270178426,0.3559786734121894,0.3486549551261924,0.3568115827396972
15212,2025-11-29 12:20:00,2025-11-24/2025-11-30,0.3515924585924285,0.3588869842197053,0.35145558112284486,0.35976354640379404
15213,2025-11-29 12:21:00,2025-11-24/2025-11-30,0.4447241898613084,0.45039379930014223,0.44384125307058847,0.451691432961564
15215,2025-11-29 12:23:00,2025-11-24/2025-11-30,0.4082508057577502,0.4126378086644183,0.4092981268739397,0.41564059601525166
15217,2025-11-29 12:29:00,2025-11-24/2025-11-30,0.27850440082789946,0.28287162265569105,0.2764225641856366,0.2820030821407298
15220,2025-11-29 12:40:00,2025-11-24/2025-11-30,0.3484981948637067,0.35712716373444237,0.34890975312733,0.35837893521039715
15221,2025-11-29 12:51:00,2025-11-24/2025-11-30,0.36848545971552615,0.3789798857234558,0.3694433705702346,0.3809017985296253
15224,2025-11-29 13:01:00,2025-11-24/2025-11-30,0.4690957153383792,0.4780512513847903,0.46808301231466837,0.47815271968663753
15225,2025-11-29 13:02:00,2025-11-24/2025-11-30,0.4322837097501713,0.44023815690797835,0.42951785501940404,0.439347756823572
15226,2025-11-29 13:06:00,2025-11-24/2025-11-30,0.4790321292664652,0.4967588361724284,0.47618038071727165,0.49702539427780196
15229,2025-11-29 13:14:00,2025-11-24/2025-11-30,0.2883998217098418,0.29805241472645533,0.28309984721413894,0.2964525495410936
15232,2025-11-29 13:35:00,2025-11-24/2025-11-30,0.4314336454686862,0.4395268746532404,0.42869323191602504,0.4386464579407404
15233,2025-11-29 13:37:00,2025-11-24/2025-11-30,0.27272673917340234,0.27690956575804193,0.27187947890185704,0.282020321354241
15234,2025-11-29 13:38:00,2025-11-24/2025-11-30,0.3445549046538543,0.3511461837435542,0.3443936735724263,0.35177974632873027
15235,2025-11-29 13:39:00,2025-11-24/2025-11-30,0.28182540676720574,0.28640594390281415,0.27969006948121605,0.2856012555772251
15236,2025-11-29 13:44:00,2025-11-24/2025-11-30,0.27159835104561103,0.27772712350088247,0.2697918419901142,0.27705002295109193
15237,2025-11-29 13:53:00,2025-11-24/2025-11-30,0.5283016323840642,0.5535554480816272,0.5257603783253989,0.557095701426257
15239,2025-11-29 14:02:00,2025-11-24/2025-11-30,0.43226599276653777,0.4402189336263428,0.42950022650056413,0.439328478022509
15240,2025-11-29 14:04:00,2025-11-24/2025-11-30,0.48737346343938237,0.5010892370847255,0.48814376003725285,0.5027259761543176
15243,2025-11-29 14:13:00,2025-11-24/2025-11-30,0.46306469301340564,0.4786118164787189,0.4668780972610217,0.47849783595298334
15249,2025-11-29 14:39:00,2025-11-24/2025-11-30,0.4299177337459718,0.4382358024744009,0.42722044838006834,0.43737184908666427
15250,2025-11-29 15:08:00,2025-11-24/2025-11-30,0.5081187033469174,0.5629572393305908,0.5096079807598451,0.5659080250080557
15252,2025-11-29 15:30:00,2025-11-24/2025-11-30,0.28283176417772843,0.2872196854807183,0.2806600219848028,0.2864001417014779
15254,2025-11-29 15:49:00,2025-11-24/2025-11-30,0.4388829596087232,0.4468865181362314,0.43852977181463326,0.44645092351970034
15257,2025-11-29 16:04:00,2025-11-24/2025-11-30,0.2749562573861083,0.2566710418139295,0.27088277455659815,0.2527554464632326
15262,2025-11-29 16:28:00,2025-11-24/2025-11-30,0.2815545227003028,0.28684915227441865,0.27946169147138256,0.28620315090416376
15292,2025-11-29 17:26:00,2025-11-24/2025-11-30,0.3491250441103382,0.3573322980291818,0.3492178564425143,0.3584268573961993
15299,2025-11-29 17:44:00,2025-11-24/2025-11-30,0.4184944045775373,0.4286069714826133,0.41613344174089084,0.42787378861031317
15320,2025-11-29 18:13:00,2025-11-24/2025-11-30,0.2690543762549615,0.2748767430093514,0.26771633378735116,0.27343165176620887
15323,2025-11-29 18:22:00,2025-11-24/2025-11-30,0.46708980401015204,0.48629397685447107,0.4680166456638439,0.4843173453490212
15324,2025-11-29 18:24:00,2025-11-24/2025-11-30,0.382855396956465,0.40092674586913546,0.3863281533548661,0.4007658551833551
15326,2025-11-29 18:32:00,2025-11-24/2025-11-30,0.23440678792633482,0.24451041938830376,0.23289437956043213,0.24115527557836497
15327,2025-11-29 18:39:00,2025-11-24/2025-11-30,0.3384778520551853,0.3473985632321876,0.339212548745124,0.3476142564482794
15329,2025-11-29 18:47:00,2025-11-24/2025-11-30,0.37127309504524314,0.3814338622978318,0.373112956556643,0.38267103407535913
15333,2025-11-29 19:15:00,2025-11-24/2025-11-30,0.3017312655588496,0.3441149526257738,0.3027917843946607,0.34598055776557074
15334,2025-11-29 19:17:00,2025-11-24/2025-11-30,0.2756247667024918,0.2804544870498791,0.27408251531035216,0.27891796803648405
15336,2025-11-29 19:43:00,2025-11-24/2025-11-30,0.43189490987615803,0.43876242417430666,0.43185973583379794,0.4392034638416595
15337,2025-11-29 19:54:00,2025-11-24/2025-11-30,0.4147426367888689,0.4227036343856891,0.41236526082541863,0.4206586840416774
15338,2025-11-29 20:32:00,2025-11-24/2025-11-30,0.27224395821002473,0.27762128788074963,0.27081051750069046,0.2761338236612046
15339,2025-11-29 20:41:00,2025-11-24/2025-11-30,0.4302677919596002,0.43772993246697695,0.4280487086002925,0.43587488717105005
15341,2025-11-29 21:24:00,2025-11-24/2025-11-30,0.42197218918023466,0.4307254456603119,0.4199931248811031,0.42896803093622676
15344,2025-11-29 22:06:00,2025-11-24/2025-11-30,0.4454740940855627,0.46058660901359216,0.44326080646433197,0.46112422938589814
15345,2025-11-29 22:08:00,2025-11-24/2025-11-30,0.4254656012923805,0.4336877672135977,0.4233866202366891,0.4318898636960367
15346,2025-11-29 22:13:00,2025-11-24/2025-11-30,0.48093855386184203,0.4900458759290097,0.4815826338296255,0.48968947847143657
15347,2025-11-29 22:29:00,2025-11-24/2025-11-30,0.33954156200169044,0.3485877492492323,0.34052503813900514,0.34899633650282436
15351,2025-11-29 23:00:00,2025-11-24/2025-11-30,0.25962167532839314,0.26760660572185857,0.25896607114704706,0.2665831998619524
15353,2025-11-29 23:12:00,2025-11-24/2025-11-30,0.26110955825731474,0.2710893599730417,0.25621617743966646,0.2683709216255081
15354,2025-11-29 23:17:00,2025-11-24/2025-11-30,0.37439939791346033,0.39070833504914587,0.3768551978016576,0.3903189295089669
15357,2025-11-29 23:45:00,2025-11-24/2025-11-30,0.4224106995944955,0.4391091172803618,0.4201752106584228,0.4393841069509159
15358,2025-11-30 00:21:00,2025-11-24/2025-11-30,0.4089770349825448,0.41708087447689696,0.40326071270099645,0.4143186481589075
15368,2025-11-30 01:44:00,2025-11-24/2025-11-30,0.40411444119454093,0.40710469730409926,0.4024005350298914,0.4055728383051621
15371,2025-11-30 02:02:00,2025-11-24/2025-11-30,0.4481546504411972,0.453016613637016,0.4507721371083503,0.4518545602391774
15375,2025-11-30 02:35:00,2025-11-24/2025-11-30,0.2609550917786144,0.2611290861529004,0.2596639195406479,0.25982092743925
15376,2025-11-30 02:59:00,2025-11-24/2025-11-30,0.27164270996557627,0.27636885478778267,0.2673248303257058,0.27433961851265337
15377,2025-11-30 03:29:00,2025-11-24/2025-11-30,0.4192838552345771,0.41381957734840463,0.4197830242728663,0.4155686635263354
15378,2025-11-30 03:41:00,2025-11-24/2025-11-30,0.2603915322445179,0.2608527395050267,0.2593503675001576,0.25972185549002375
15380,2025-11-30 04:02:00,2025-11-24/2025-11-30,0.4350841640503891,0.44230743946531187,0.43787398147169454,0.4428853940575371
15381,2025-11-30 04:04:00,2025-11-24/2025-11-30,0.40681391044277454,0.40933787178711195,0.40501755452748933,0.40777146558598765
15382,2025-11-30 04:05:00,2025-11-24/2025-11-30,0.2622897897852968,0.26222900058794335,0.26095523700893025,0.26090142665664257
15383,2025-11-30 04:06:00,2025-11-24/2025-11-30,0.4197854414748737,0.3110224533332984,0.4198270202752238,0.31111405457272695
15384,2025-11-30 04:07:00,2025-11-24/2025-11-30,0.2604137161201751,0.260653946384419,0.2591372121777514,0.25935201801970065
15386,2025-11-30 04:09:00,2025-11-24/2025-11-30,0.4015782346935159,0.4049391892588454,0.3999350418524156,0.4034358767981861
15387,2025-11-30 04:10:00,2025-11-24/2025-11-30,0.4108672701237958,0.4138244520731296,0.4115160442137456,0.41272897112834567
15389,2025-11-30 04:11:00,2025-11-24/2025-11-30,0.40246949188104647,0.3256014167332866,0.4007928939570674,0.3232934293375396
15390,2025-11-30 04:13:00,2025-11-24/2025-11-30,0.40573882747145756,0.40843808590564207,0.4039742565338985,0.4068848137072287
15391,2025-11-30 04:14:00,2025-11-24/2025-11-30,0.32949705357337805,0.3314349976857186,0.33016832580273175,0.33162541166427567
15392,2025-11-30 04:20:00,2025-11-24/2025-11-30,0.25885561904008014,0.2678813293285266,0.2595583438684747,0.27316693591092556
15395,2025-11-30 04:25:00,2025-11-24/2025-11-30,0.3821830861868582,0.3932991729762854,0.3809244050395866,0.3930456798546796
15396,2025-11-30 04:26:00,2025-11-24/2025-11-30,0.39968522849925253,0.4033455847051884,0.39809711740940795,0.4018649677858608
15401,2025-11-30 04:41:00,2025-11-24/2025-11-30,0.4319023994777747,0.4407308805192236,0.4358793350931482,0.44035681707855096
15402,2025-11-30 04:51:00,2025-11-24/2025-11-30,0.4508902942096511,0.4609334100785143,0.44677130911220236,0.459370795423785
15403,2025-11-30 04:54:00,2025-11-24/2025-11-30,0.4387829755950741,0.44629937995104785,0.44082698720047986,0.4469616079624858
15405,2025-11-30 05:01:00,2025-11-24/2025-11-30,0.41283960097276345,0.4232829020009632,0.4086182471094925,0.42151125938077877
15406,2025-11-30 05:05:00,2025-11-24/2025-11-30,0.4603597586551601,0.4683356312295993,0.46213186058993644,0.46920275094881175
15409,2025-11-30 05:10:00,2025-11-24/2025-11-30,0.48474512538140996,0.4996824592136084,0.4893991063836907,0.49778259483839177
15411,2025-11-30 05:14:00,2025-11-24/2025-11-30,0.2624700687839936,0.26240662016047994,0.2611325781541189,0.2610780785034777
15417,2025-11-30 05:33:00,2025-11-24/2025-11-30,0.41817890530965246,0.4270841493689991,0.41893068113432275,0.42739185130933366
15418,2025-11-30 05:38:00,2025-11-24/2025-11-30,0.2583188453789442,0.258923893517373,0.2571099583551974,0.2576522838154441
15420,2025-11-30 05:47:00,2025-11-24/2025-11-30,0.3107301799592354,0.3226888878699597,0.30805717476297173,0.3227996097531926
15421,2025-11-30 06:03:00,2025-11-24/2025-11-30,0.41672917381058305,0.4207751024706736,0.4166905100655751,0.4201852898800999
15425,2025-11-30 06:13:00,2025-11-24/2025-11-30,0.4471905118941646,0.4545700429708528,0.44960712182241064,0.45540491713142145
15426,2025-11-30 06:18:00,2025-11-24/2025-11-30,0.3431574615019052,0.35763550574516684,0.34631393961305634,0.35964498917936094
15430,2025-11-30 06:26:00,2025-11-24/2025-11-30,0.500965936098908,0.5173582922813226,0.4985306248545071,0.5193260882461813
15434,2025-11-30 06:39:00,2025-11-24/2025-11-30,0.37520372631393234,0.3819637311977402,0.3806190230686403,0.3832980278535312
15441,2025-11-30 07:05:00,2025-11-24/2025-11-30,0.42549727126345893,0.4294193245387776,0.42793247851028804,0.42927167579191805
15442,2025-11-30 07:09:00,2025-11-24/2025-11-30,0.3399505569435237,0.3432720968946354,0.34235229064282907,0.34438282743451715
15445,2025-11-30 07:21:00,2025-11-24/2025-11-30,0.2723876015002006,0.2733157621346756,0.27250337095847404,0.2727448089930109
15446,2025-11-30 07:27:00,2025-11-24/2025-11-30,0.46255766417677985,0.4684273777224115,0.467007949674496,0.46823689446543865
15448,2025-11-30 07:45:00,2025-11-24/2025-11-30,0.2715518571439864,0.2726568655825741,0.2716950712890162,0.2720986076182156
15449,2025-11-30 07:46:00,2025-11-24/2025-11-30,0.43301109341401267,0.43429299515134184,0.43487814423826227,0.4358447020645116
15450,2025-11-30 07:47:00,2025-11-24/2025-11-30,0.3028053398911541,0.3144089598717979,0.30620411273470105,0.31399429150624497
15454,2025-11-30 08:04:00,2025-11-24/2025-11-30,0.44394951046127085,0.45271502275883996,0.4501222948641402,0.45219812141233734
15455,2025-11-30 08:06:00,2025-11-24/2025-11-30,0.2632193216503881,0.2628301943665813,0.26310931168427953,0.26183418876339204
15456,2025-11-30 08:08:00,2025-11-24/2025-11-30,0.2731882923636195,0.2740319636021561,0.2732863082104181,0.27345386257443804
15457,2025-11-30 08:09:00,2025-11-24/2025-11-30,0.31198238088405267,0.3486079017653567,0.31660342048518025,0.3476874350621517
15462,2025-11-30 08:19:00,2025-11-24/2025-11-30,0.4780327860541654,0.48216252671675414,0.4807268327052087,0.4829830445501629
15463,2025-11-30 08:27:00,2025-11-24/2025-11-30,0.2733417708646808,0.27416088808604483,0.2734355389548612,0.27358092432124115
15465,2025-11-30 08:30:00,2025-11-24/2025-11-30,0.22123264742941973,0.22811058098082598,0.22024658902700078,0.22531674841655833
15468,2025-11-30 08:37:00,2025-11-24/2025-11-30,0.43130404438401954,0.43290412208609136,0.4332213843913352,0.4344761475923978
15470,2025-11-30 08:42:00,2025-11-24/2025-11-30,0.3411900988541587,0.3442775883398939,0.34355743291239854,0.34537377721851475
15471,2025-11-30 08:45:00,2025-11-24/2025-11-30,0.42203103732415276,0.431678292137393,0.41801795127102526,0.4299824588996294
15474,2025-11-30 08:55:00,2025-11-24/2025-11-30,0.4575135293473063,0.4619857511163958,0.45927075903701065,0.4623500199366202
15475,2025-11-30 09:01:00,2025-11-24/2025-11-30,0.4567057655997424,0.46131722549565324,0.4584860350107861,0.4616909256716569
15476,2025-11-30 09:06:00,2025-11-24/2025-11-30,0.46182580265124296,0.4678338697822392,0.4662977231650516,0.46765277166324276
15481,2025-11-30 09:23:00,2025-11-24/2025-11-30,0.4615922080837208,0.4798541520902043,0.4652777703939181,0.47954423428787296
15482,2025-11-30 09:35:00,2025-11-24/2025-11-30,0.34182290523727227,0.344846403837716,0.34417825359212856,0.34593860573717394
15485,2025-11-30 09:53:00,2025-11-24/2025-11-30,0.427712536936171,0.44316529939015986,0.4303418630856714,0.44364859628096953
15486,2025-11-30 09:56:00,2025-11-24/2025-11-30,0.2734712077740525,0.27424416424048115,0.27355882691428013,0.27366112875203225
15491,2025-11-30 10:02:00,2025-11-24/2025-11-30,0.41801269500788873,0.422000439594204,0.4180610999021791,0.4214095824879902
15492,2025-11-30 10:04:00,2025-11-24/2025-11-30,0.27023182822227787,0.27078984172438825,0.2703526939870075,0.27014135353470925
15493,2025-11-30 10:06:00,2025-11-24/2025-11-30,0.29238176446959313,0.2968374573839208,0.29628916965820434,0.2977620531272693
15494,2025-11-30 10:25:00,2025-11-24/2025-11-30,0.413090395131387,0.41673900709928163,0.41298702142268606,0.415989490528266
15496,2025-11-30 10:42:00,2025-11-24/2025-11-30,0.44301370857733335,0.45069449759515484,0.4470773232957044,0.4518627916689661
15499,2025-11-30 10:46:00,2025-11-24/2025-11-30,0.41879762885504723,0.42267298173222884,0.4188254449201891,0.42207396512580364
15500,2025-11-30 10:47:00,2025-11-24/2025-11-30,0.33842691838207395,0.34238319888092456,0.3409288273523709,0.3436282605026203
15503,2025-11-30 11:01:00,2025-11-24/2025-11-30,0.27347600097900104,0.27423955155638247,0.27356261645688074,0.27365594850506825
15505,2025-11-30 11:05:00,2025-11-24/2025-11-30,0.26316816085322725,0.26678665005686303,0.26634335692392336,0.2731074331438167
15507,2025-11-30 11:14:00,2025-11-24/2025-11-30,0.4666169753128893,0.4804591623241959,0.4666433485172028,0.4811332620864746
15508,2025-11-30 11:20:00,2025-11-24/2025-11-30,0.42848923557245405,0.4318985406299308,0.43084158679083345,0.4317155140236534
15509,2025-11-30 11:31:00,2025-11-24/2025-11-30,0.272889567578842,0.27378100847444514,0.2729958468497212,0.2732065321822865
15510,2025-11-30 11:45:00,2025-11-24/2025-11-30,0.46118347118617403,0.46966872822540806,0.46714105228068875,0.4704144623343925
15511,2025-11-30 11:51:00,2025-11-24/2025-11-30,0.26519746434518665,0.26559988673002044,0.26649955288745686,0.2707749601384156
15512,2025-11-30 11:55:00,2025-11-24/2025-11-30,0.27493251226051474,0.2857348840629668,0.2756351835741079,0.2858706773885836
15514,2025-11-30 11:57:00,2025-11-24/2025-11-30,0.22375424967046395,0.23162864724779136,0.22392711827086054,0.2293634172891747
15521,2025-11-30 12:31:00,2025-11-24/2025-11-30,0.27014922468431324,0.27887842494459475,0.26638345783941747,0.27691606280618575
15522,2025-11-30 12:32:00,2025-11-24/2025-11-30,0.4205329184795165,0.42833888150497607,0.4220250300375387,0.4275653050883069
15523,2025-11-30 12:33:00,2025-11-24/2025-11-30,0.337592160495175,0.3440753666598425,0.3390588169415293,0.3445816352065171
15525,2025-11-30 12:35:00,2025-11-24/2025-11-30,0.42342396907076485,0.4307459871482921,0.42483522098067183,0.42993761587354895
15526,2025-11-30 12:41:00,2025-11-24/2025-11-30,0.42458930173820475,0.4342202371696609,0.42424444375974024,0.4335521976742903
15531,2025-11-30 13:01:00,2025-11-24/2025-11-30,0.43445359802108685,0.44817334461957165,0.4320755070137224,0.4465369013346481
15532,2025-11-30 13:02:00,2025-11-24/2025-11-30,0.2830228438850092,0.2979009951034634,0.28384495336898796,0.2978194801683812
15534,2025-11-30 13:05:00,2025-11-24/2025-11-30,0.22450418167657366,0.23294406878712676,0.2224403108471233,0.22942064204017942
15537,2025-11-30 13:10:00,2025-11-24/2025-11-30,0.4337596371455714,0.4452001226408362,0.4342459716497409,0.4452348351363659
15538,2025-11-30 13:17:00,2025-11-24/2025-11-30,0.269644892146734,0.27353407701253446,0.26897172465217517,0.2724426673743504
15540,2025-11-30 13:32:00,2025-11-24/2025-11-30,0.41612448837995025,0.4235112391774058,0.41515777189511227,0.42226287939257806
15542,2025-11-30 14:03:00,2025-11-24/2025-11-30,0.2670266456041298,0.27793300931250436,0.2646416315263119,0.2767118642514343
15545,2025-11-30 14:36:00,2025-11-24/2025-11-30,0.22171660902983772,0.23195264247273376,0.22102904769755552,0.2291541962697833
15547,2025-11-30 14:39:00,2025-11-24/2025-11-30,0.4162171701907127,0.42359504239468043,0.4152483825203176,0.42234593551097954
15548,2025-11-30 14:40:00,2025-11-24/2025-11-30,0.45996833758670724,0.4693703970566352,0.46338979562152094,0.46851399928361026
15549,2025-11-30 14:41:00,2025-11-24/2025-11-30,0.4162346921287423,0.42359963975503256,0.41526438359097,0.4223497221227717
15551,2025-11-30 14:44:00,2025-11-24/2025-11-30,0.3378251416723255,0.3443049825341009,0.33928903612780525,0.3448107792410259
15552,2025-11-30 14:45:00,2025-11-24/2025-11-30,0.4162346921287423,0.42359963975503256,0.41526438359097,0.4223497221227717
15553,2025-11-30 14:47:00,2025-11-24/2025-11-30,0.4601126309863141,0.46950955928734966,0.46353201298892316,0.4686526151345203
15554,2025-11-30 14:48:00,2025-11-24/2025-11-30,0.5050273966363686,0.5204502176325118,0.5062107979679884,0.5234084614475242
15555,2025-11-30 14:49:00,2025-11-24/2025-11-30,0.26991799474839273,0.2737691836490903,0.26923719716863387,0.27267440248265806
15557,2025-11-30 14:50:00,2025-11-24/2025-11-30,0.4484395452389925,0.4903989033188347,0.4515554686171527,0.4861765743569031
15559,2025-11-30 14:51:00,2025-11-24/2025-11-30,0.4601953028623962,0.469589316171496,0.4636134977058714,0.46873206057129446
15565,2025-11-30 15:56:00,2025-11-24/2025-11-30,0.4720529985978431,0.48372852599806576,0.4762757669281038,0.4853323277323819
15570,2025-11-30 16:53:00,2025-11-24/2025-11-30,0.4635859309871057,0.5157400253696692,0.46283165688208966,0.5130514570208675
15574,2025-11-30 18:09:00,2025-11-24/2025-11-30,0.40745562773574007,0.4197949907056549,0.41497657528116216,0.42135308225373064
15582,2025-11-30 19:27:00,2025-11-24/2025-11-30,0.29201496834412016,0.3081641414054868,0.2957943482922918,0.30813957304821515
15586,2025-11-30 20:13:00,2025-11-24/2025-11-30,0.24760881527925316,0.25414482535145805,0.2479369742228954,0.25258250101284624
15588,2025-11-30 21:09:00,2025-11-24/2025-11-30,0.33418336165041146,0.34291116679878003,0.33779661194917665,0.34352883393330125
15595,2025-11-30 23:05:00,2025-11-24/2025-11-30,0.3949286011825392,0.40908828890007987,0.39086216912802224,0.40561447683370466
15598,2025-12-01 04:04:00,2025-12-01/2025-12-07,0.3290005570304801,0.32887301684986514,0.3262163612952371,0.3261231697171521
15599,2025-12-01 04:07:00,2025-12-01/2025-12-07,0.4614705315677408,0.46035631310944153,0.4574109243875168,0.456457553342491
15603,2025-12-01 09:56:00,2025-12-01/2025-12-07,0.36920032535432407,0.37048610158616196,0.37045598816259817,0.3706199201529577
15605,2025-12-01 10:22:00,2025-12-01/2025-12-07,0.48630547329354007,0.4874997256360673,0.4856988671073983,0.4863105591583731
15630,2025-12-01 16:23:00,2025-12-01/2025-12-07,0.45416203411568035,0.45710531626614875,0.45390456955079295,0.45726223492292245
15631,2025-12-01 16:24:00,2025-12-01/2025-12-07,0.5340086782176562,0.5391140379805439,0.5361618347141874,0.540165721525929
15632,2025-12-01 16:26:00,2025-12-01/2025-12-07,0.36519581132851214,0.3790725376090686,0.37040120464644233,0.38485526813641585
15636,2025-12-01 16:38:00,2025-12-01/2025-12-07,0.46222503712789287,0.4644340328001966,0.46334831065655,0.46547258739711317
15637,2025-12-01 16:41:00,2025-12-01/2025-12-07,0.48946944933621545,0.4929929601411034,0.491065470244885,0.4943576816755344
15639,2025-12-01 16:54:00,2025-12-01/2025-12-07,0.28500297248449835,0.28548418663859276,0.28719420151412683,0.2876828643190108
15640,2025-12-01 17:04:00,2025-12-01/2025-12-07,0.4904384366054709,0.4997592688545068,0.48809968185774627,0.4990528257475226
15643,2025-12-01 17:42:00,2025-12-01/2025-12-07,0.29524275303328873,0.2950843688423544,0.2948515323711464,0.2949037879173709
15645,2025-12-01 17:56:00,2025-12-01/2025-12-07,0.297839496185481,0.29715787925402154,0.2973058253832337,0.29679181603099597
15646,2025-12-01 18:04:00,2025-12-01/2025-12-07,0.40908897992350063,0.41186342773336054,0.40733053157842164,0.4094287291435689
15648,2025-12-01 19:02:00,2025-12-01/2025-12-07,0.3129228950376951,0.28342285019582947,0.3122514928303884,0.2808817380860533
15651,2025-12-01 19:36:00,2025-12-01/2025-12-07,0.44955409066882046,0.5310717945134026,0.45040917079786863,0.5297409726704941
15652,2025-12-01 19:40:00,2025-12-01/2025-12-07,0.521222985847821,0.5306601791953292,0.5216840186369033,0.528878069806166
15653,2025-12-01 19:43:00,2025-12-01/2025-12-07,0.27402470375513344,0.2761970008944618,0.2743215350797589,0.276093159787249
15654,2025-12-01 19:45:00,2025-12-01/2025-12-07,0.28298187090828214,0.28832741368880094,0.27869227630194315,0.2851829227341285
15663,2025-12-02 01:59:00,2025-12-01/2025-12-07,0.48881169418039383,0.48851239639353355,0.48443415032031917,0.48670558723242546
15665,2025-12-02 03:26:00,2025-12-01/2025-12-07,0.43426287787639595,0.4278339906940675,0.4345014007940021,0.42881343415714385
15667,2025-12-02 03:56:00,2025-12-01/2025-12-07,0.2955218397855836,0.22265625858243823,0.29253541607244254,0.21871051211920078
15668,2025-12-02 04:06:00,2025-12-01/2025-12-07,0.394586729472477,0.43640527241338745,0.3936304278322175,0.4347536315015961
15669,2025-12-02 04:07:00,2025-12-01/2025-12-07,0.33035470995620375,0.33245434112228217,0.32826868033083995,0.33047454970011203
15670,2025-12-02 04:08:00,2025-12-01/2025-12-07,0.5079854622959964,0.5107670715187963,0.5090647196753342,0.5103747169469893
15671,2025-12-02 04:09:00,2025-12-01/2025-12-07,0.4580550640690879,0.5396870398528558,0.4546687676318993,0.5354841216375311
15672,2025-12-02 04:13:00,2025-12-01/2025-12-07,0.33892592454957793,0.3249488028337162,0.3395193695604186,0.32784140336635204
15680,2025-12-02 05:13:00,2025-12-01/2025-12-07,0.4566451413103472,0.4637730840775506,0.4560376550012868,0.4636874512811137
15681,2025-12-02 05:17:00,2025-12-01/2025-12-07,0.4462399424289031,0.35612193838548367,0.4485371423162911,0.354997488548211
15682,2025-12-02 05:20:00,2025-12-01/2025-12-07,0.45759921411013205,0.42766522530243045,0.46187287489110074,0.42546736045062045
15686,2025-12-02 05:40:00,2025-12-01/2025-12-07,0.4647749304269647,0.46591626612456294,0.4634549002275096,0.46335351850753775
15689,2025-12-02 06:14:00,2025-12-01/2025-12-07,0.3555368547461652,0.35447527750544605,0.3562286235473993,0.35646215668088255
15690,2025-12-02 06:30:00,2025-12-01/2025-12-07,0.4644758593764594,0.35335485626879015,0.4653443810363125,0.35053585560058836
15693,2025-12-02 06:58:00,2025-12-01/2025-12-07,0.45479884916095314,0.456828200059759,0.4601896920564191,0.461324605612163
15694,2025-12-02 07:42:00,2025-12-01/2025-12-07,0.3177393790273484,0.32011202021757607,0.31842589900461044,0.3215254944313241
15695,2025-12-02 07:43:00,2025-12-01/2025-12-07,0.29518555894132603,0.2672541719492322,0.29525695867771057,0.262974396754378
15696,2025-12-02 07:59:00,2025-12-01/2025-12-07,0.35094656376091343,0.35123187252892774,0.35346075612032385,0.35496135203595003
15697,2025-12-02 08:07:00,2025-12-01/2025-12-07,0.5654543407590586,0.5756057196058348,0.5660950547486129,0.5784436813171746
15702,2025-12-02 09:17:00,2025-12-01/2025-12-07,0.38147544886667073,0.37713921360910124,0.3844644039822414,0.3825379472534903
15704,2025-12-02 09:41:00,2025-12-01/2025-12-07,0.437795038406069,0.43802570871981966,0.4381563853050201,0.43849347930437
15705,2025-12-02 09:48:00,2025-12-01/2025-12-07,0.43777455159021594,0.4377073755076504,0.43822874912771315,0.43820846941582886
15707,2025-12-02 09:59:00,2025-12-01/2025-12-07,0.473613062741246,0.4402828290750517,0.4755506303383508,0.4361143022186297
15709,2025-12-02 10:09:00,2025-12-01/2025-12-07,0.3238505460758812,0.33007856915359657,0.3230740111560829,0.33047009984367426
15710,2025-12-02 10:14:00,2025-12-01/2025-12-07,0.4657858774551091,0.4638919420448146,0.4676972824040464,0.465125778220558
15713,2025-12-02 10:18:00,2025-12-01/2025-12-07,0.2653397400273904,0.25922047047864255,0.2654556146691063,0.2608561345031172
15714,2025-12-02 10:28:00,2025-12-01/2025-12-07,0.2906966439839142,0.29194902594914585,0.2924008637156212,0.29380795471001164
15716,2025-12-02 10:41:00,2025-12-01/2025-12-07,0.2956252099474531,0.29285190835779135,0.29594393253691836,0.29298796176659003
15721,2025-12-02 11:56:00,2025-12-01/2025-12-07,0.5015042271386595,0.5019032359799501,0.503282040519183,0.5028742180450628
15722,2025-12-02 12:05:00,2025-12-01/2025-12-07,0.358311904229611,0.3607812412535795,0.3576217643338718,0.3619961606735267
15723,2025-12-02 12:09:00,2025-12-01/2025-12-07,0.33559539431715757,0.33949183786297094,0.3356279614845081,0.33914318640202107
15725,2025-12-02 12:37:00,2025-12-01/2025-12-07,0.44023058361586104,0.44261946237353195,0.4396658552956136,0.4424700367958873
15726,2025-12-02 12:45:00,2025-12-01/2025-12-07,0.43574127873168117,0.3366928595266344,0.4348950531638099,0.3356788433585525
15729,2025-12-02 13:02:00,2025-12-01/2025-12-07,0.3194448934209167,0.3285981233717809,0.31900834735814343,0.32954828725875007
15737,2025-12-02 13:54:00,2025-12-01/2025-12-07,0.2988269227468581,0.34048488761311263,0.2994043617109427,0.34244997230707425
15738,2025-12-02 14:16:00,2025-12-01/2025-12-07,0.4879875982376651,0.4001250825221405,0.48708830682375814,0.3983198412905128
15742,2025-12-02 14:43:00,2025-12-01/2025-12-07,0.43540702505025475,0.4381131153257222,0.43500049664042933,0.43834405191832154
15745,2025-12-02 15:46:00,2025-12-01/2025-12-07,0.45189562822850043,0.4558443471737177,0.4536294477607446,0.4575735577803027
15749,2025-12-02 16:20:00,2025-12-01/2025-12-07,0.5280139907941711,0.5351765805318908,0.5283396777945002,0.5361145709430924
15750,2025-12-02 16:23:00,2025-12-01/2025-12-07,0.2830126005606128,0.25855521918120455,0.28470305099208376,0.25603553128174333
15752,2025-12-02 16:47:00,2025-12-01/2025-12-07,0.5134302460476555,0.5222556167305823,0.5119727654694909,0.5200683509636926
15754,2025-12-02 17:51:00,2025-12-01/2025-12-07,0.2991179166678722,0.27299662774001754,0.29808853201571683,0.2679724978143499
15755,2025-12-02 17:52:00,2025-12-01/2025-12-07,0.289647894324203,0.2910879522531221,0.28938199125043557,0.291192118982538
15756,2025-12-02 17:59:00,2025-12-01/2025-12-07,0.32754005254563484,0.33693139466630273,0.32596455565989785,0.3369134069005382
15757,2025-12-02 18:04:00,2025-12-01/2025-12-07,0.46354785311444935,0.4672486411958393,0.46698324122990265,0.4697758074977044
15759,2025-12-02 18:09:00,2025-12-01/2025-12-07,0.49781129138840324,0.5020377295949633,0.49982215054887824,0.5019546386569705
15760,2025-12-02 18:10:00,2025-12-01/2025-12-07,0.44704598653677646,0.34318515506598696,0.4486049370003065,0.34242442029626097
15762,2025-12-02 18:39:00,2025-12-01/2025-12-07,0.4921444846314017,0.498500672288429,0.4939293243129371,0.49849123800521716
15764,2025-12-02 19:02:00,2025-12-01/2025-12-07,0.38539378784838807,0.38915266287517575,0.3856711882179496,0.38940950968771754
15765,2025-12-02 19:13:00,2025-12-01/2025-12-07,0.3169042357230234,0.22092421646240817,0.3150919607379782,0.21803452746081872
15767,2025-12-02 20:40:00,2025-12-01/2025-12-07,0.47719507805704536,0.4801773191228358,0.4790536430959849,0.4806459511595221
15769,2025-12-02 21:37:00,2025-12-01/2025-12-07,0.3265225890819207,0.31513342034448927,0.3288629304818348,0.31959979085398815
15770,2025-12-02 21:55:00,2025-12-01/2025-12-07,0.5485787480159817,0.5424738971292994,0.5501443272753694,0.5407395325013142
15772,2025-12-02 22:13:00,2025-12-01/2025-12-07,0.4424171644972552,0.5217076176981226,0.4415617514540272,0.5199873668687657
15775,2025-12-02 22:49:00,2025-12-01/2025-12-07,0.42325095016205844,0.4287658803350326,0.42244166983683257,0.4278796396392001
15777,2025-12-02 23:02:00,2025-12-01/2025-12-07,0.44976309346628296,0.45091748179075114,0.44882099291585204,0.44993585809177655
15778,2025-12-02 23:08:00,2025-12-01/2025-12-07,0.3641877912716584,0.3727813237784568,0.3667901361194488,0.37441262421899485
15780,2025-12-02 23:44:00,2025-12-01/2025-12-07,0.2799494037028536,0.28194894893205846,0.27959147543269897,0.28125095843633496
15782,2025-12-02 23:50:00,2025-12-01/2025-12-07,0.46482678235782066,0.4665589167041332,0.4680746205075553,0.46806118929428203
15785,2025-12-03 00:18:00,2025-12-01/2025-12-07,0.5203560282599876,0.5350748066399307,0.5236964533234193,0.5357474907151611
15786,2025-12-03 00:19:00,2025-12-01/2025-12-07,0.32585731362530057,0.3270524086991664,0.3250448622590139,0.3253832098128765
15788,2025-12-03 00:39:00,2025-12-01/2025-12-07,0.3488470718495214,0.35903082056204016,0.34734666600560193,0.3590542730818325
15789,2025-12-03 02:31:00,2025-12-01/2025-12-07,0.6143906497423408,0.6260056317734535,0.6154522088372467,0.6265653467794774
15790,2025-12-03 02:32:00,2025-12-01/2025-12-07,0.47054492849449137,0.4698901720376467,0.46897664081628393,0.4672652412498276
15792,2025-12-03 03:10:00,2025-12-01/2025-12-07,0.3403328993965585,0.3422010616488076,0.3403717048984074,0.3413295408110842
15793,2025-12-03 03:18:00,2025-12-01/2025-12-07,0.3995358043338288,0.399066277569438,0.3989057188640846,0.3985539785547756
15794,2025-12-03 03:25:00,2025-12-01/2025-12-07,0.3129077851414636,0.38329267324603405,0.3123202358415181,0.3803418359716896
15798,2025-12-03 04:03:00,2025-12-01/2025-12-07,0.5126718845385219,0.5142038848075745,0.5153876944414013,0.5149502387695737
15799,2025-12-03 04:05:00,2025-12-01/2025-12-07,0.46753917360706954,0.46302816814547343,0.4684754726825358,0.4643100913675814
15800,2025-12-03 04:06:00,2025-12-01/2025-12-07,0.33235561593581175,0.33146865915456863,0.3316241375177513,0.3296062104401299
15801,2025-12-03 04:07:00,2025-12-01/2025-12-07,0.2914140895091051,0.2976821909922707,0.29124052572670894,0.2973540657625276
15802,2025-12-03 04:08:00,2025-12-01/2025-12-07,0.5810930922785612,0.586444551938512,0.5833530550955615,0.5859770077947158
15803,2025-12-03 04:09:00,2025-12-01/2025-12-07,0.5710462200534759,0.5753297566757252,0.5628853274789798,0.5768132683629756
15807,2025-12-03 05:29:00,2025-12-01/2025-12-07,0.3318241675112792,0.3305822655684372,0.33105835059421795,0.32861064531461437
15808,2025-12-03 05:51:00,2025-12-01/2025-12-07,0.27270657174445445,0.2729406514817092,0.270180900139375,0.26944180514539484
15811,2025-12-03 06:04:00,2025-12-01/2025-12-07,0.5382116553144088,0.5421599761298994,0.5401992496046983,0.5425418116867105
15822,2025-12-03 07:30:00,2025-12-01/2025-12-07,0.518422002556228,0.5185121526987883,0.5193341843521712,0.5184198681167655
15823,2025-12-03 07:43:00,2025-12-01/2025-12-07,0.49162120411954763,0.501549074958123,0.4959119060010146,0.50367493648813
15824,2025-12-03 07:54:00,2025-12-01/2025-12-07,0.3665366835661857,0.3655732194871752,0.370251432629286,0.3710661575375756
15828,2025-12-03 08:31:00,2025-12-01/2025-12-07,0.4817380369651346,0.48577546821086415,0.48604209610568055,0.4900878572249321
15829,2025-12-03 08:33:00,2025-12-01/2025-12-07,0.515519921310877,0.5143382610805972,0.5168106170907054,0.5145002610738703
15830,2025-12-03 08:46:00,2025-12-01/2025-12-07,0.48205868098602545,0.47870189609757857,0.48290580435169406,0.4792247585312588
15831,2025-12-03 08:49:00,2025-12-01/2025-12-07,0.3297497513148309,0.32875420798701005,0.33080931134089536,0.3292203159422407
15833,2025-12-03 09:03:00,2025-12-01/2025-12-07,0.39500369663447615,0.37890475074958785,0.39403251867232053,0.3745907483563768
15834,2025-12-03 09:12:00,2025-12-01/2025-12-07,0.6434972081054902,0.6542659449912765,0.6458082507214161,0.6564028605672435
15835,2025-12-03 10:07:00,2025-12-01/2025-12-07,0.49388119515615475,0.491895114246962,0.4949065685817468,0.4925662185413753
15836,2025-12-03 10:11:00,2025-12-01/2025-12-07,0.35198512071594185,0.3572904645218744,0.3493235008042057,0.35583873809319144
15837,2025-12-03 10:16:00,2025-12-01/2025-12-07,0.543942430711063,0.5400930848147135,0.5452428060726024,0.5420388474965981
15838,2025-12-03 10:32:00,2025-12-01/2025-12-07,0.5361424734532187,0.5364242308607261,0.5386015471496984,0.5374971684613757
15843,2025-12-03 10:47:00,2025-12-01/2025-12-07,0.5335369669603436,0.5459928685259366,0.5385263949491553,0.5486937550577481
15844,2025-12-03 10:48:00,2025-12-01/2025-12-07,0.5714541455946761,0.5802458598245874,0.5723317750269475,0.5822219918020306
15845,2025-12-03 10:49:00,2025-12-01/2025-12-07,0.4880142498710867,0.4881671650140859,0.48791099991522163,0.4875802907164577
15847,2025-12-03 10:58:00,2025-12-01/2025-12-07,0.3826475302196999,0.38013824756777764,0.38423473743581693,0.38352003192807343
15848,2025-12-03 11:20:00,2025-12-01/2025-12-07,0.3737124020840794,0.374489524355465,0.37382633492200074,0.3733185400504993
15849,2025-12-03 11:44:00,2025-12-01/2025-12-07,0.4854213984991255,0.48532741534316765,0.4856913544391831,0.4850062015523165
15850,2025-12-03 11:46:00,2025-12-01/2025-12-07,0.5579023560537875,0.5632062646609234,0.5616523896794208,0.5656480230661263
15852,2025-12-03 12:04:00,2025-12-01/2025-12-07,0.42166308694551313,0.4312984558766025,0.4244982213288997,0.4334362051358548
15853,2025-12-03 12:29:00,2025-12-01/2025-12-07,0.36706404377421503,0.3745775899667125,0.36601478466538956,0.37426908251275004
15855,2025-12-03 13:02:00,2025-12-01/2025-12-07,0.29397476302921327,0.29073750390950664,0.29351171840315726,0.29188724599980004
15856,2025-12-03 13:03:00,2025-12-01/2025-12-07,0.5280500292384667,0.5350861924021031,0.5272862610688327,0.5336859329109449
15857,2025-12-03 13:28:00,2025-12-01/2025-12-07,0.33800960593344126,0.3431472731429209,0.33290348005129305,0.3397934235043614
15861,2025-12-03 14:41:00,2025-12-01/2025-12-07,0.5025366842006902,0.5069944681217331,0.5036179121669623,0.5075924503799193
15864,2025-12-03 15:09:00,2025-12-01/2025-12-07,0.3744428272559456,0.3798798710746372,0.3746944973857419,0.37927795446309465
15866,2025-12-03 15:45:00,2025-12-01/2025-12-07,0.4955998194506078,0.579389971377736,0.49686134676532046,0.5790371591950292
15868,2025-12-03 15:47:00,2025-12-01/2025-12-07,0.5965368341020156,0.5973895739825342,0.5951572972836926,0.5967352543938321
15870,2025-12-03 16:05:00,2025-12-01/2025-12-07,0.5206846953816799,0.5290056557798968,0.5224989304174769,0.5304922730238261
15872,2025-12-03 16:32:00,2025-12-01/2025-12-07,0.40069252994324095,0.4030340812735254,0.4001766034004107,0.40378508249563083
15873,2025-12-03 16:34:00,2025-12-01/2025-12-07,0.40081441578388,0.4031037369098661,0.4003003244879438,0.40384904871501
15882,2025-12-03 18:13:00,2025-12-01/2025-12-07,0.32921800411979885,0.3325891857470408,0.32397799227698565,0.32787775343640685
15883,2025-12-03 18:40:00,2025-12-01/2025-12-07,0.3723156399470377,0.3751514624852395,0.37525367268327026,0.378052444766049
15884,2025-12-03 18:45:00,2025-12-01/2025-12-07,0.36766281417256236,0.3674636277104394,0.3690717605741029,0.3699041341233546
15885,2025-12-03 18:47:00,2025-12-01/2025-12-07,0.43505797648966926,0.445074354196025,0.43996289330887756,0.44780884964198653
15887,2025-12-03 18:49:00,2025-12-01/2025-12-07,0.32296024653420535,0.3231707859219173,0.322673442716477,0.32164038539041623
15889,2025-12-03 18:53:00,2025-12-01/2025-12-07,0.5781525365577592,0.5850556119467756,0.580767958250392,0.5828954994769673
15891,2025-12-03 18:58:00,2025-12-01/2025-12-07,0.32440492950909433,0.32468139034997495,0.3239313438380984,0.3230070775339153
15895,2025-12-03 19:20:00,2025-12-01/2025-12-07,0.5696830821500183,0.5751011920644488,0.5718738715739008,0.5723025859484072
15900,2025-12-04 04:02:00,2025-12-01/2025-12-07,0.49233813264540716,0.49243931264897745,0.4934226436738433,0.4904217279415895
15901,2025-12-04 04:09:00,2025-12-01/2025-12-07,0.44941633491956495,0.45472751946590856,0.44600848027008994,0.4525203264353736
15908,2025-12-04 05:41:00,2025-12-01/2025-12-07,0.29250936435613584,0.2954111011550491,0.2931876529948922,0.29545857303770845
15909,2025-12-04 06:08:00,2025-12-01/2025-12-07,0.3930202859814301,0.39880757503254677,0.3973175233348558,0.4027851281032368
15910,2025-12-04 06:56:00,2025-12-01/2025-12-07,0.4610529208167724,0.45986447909731565,0.46344419318830427,0.45980979894151874
15918,2025-12-04 10:03:00,2025-12-01/2025-12-07,0.3185834024566431,0.38868669970411507,0.3202144207594702,0.3922762087725442
15919,2025-12-04 10:11:00,2025-12-01/2025-12-07,0.4498234055574475,0.4534915413864133,0.4498683215559505,0.45370420713308546
15923,2025-12-04 11:20:00,2025-12-01/2025-12-07,0.4103508329155432,0.4140496604668582,0.404382375140931,0.4108678311946894
15924,2025-12-04 11:22:00,2025-12-01/2025-12-07,0.464461719623923,0.4691803482315938,0.46076440841447686,0.46753925028589044
15929,2025-12-04 11:30:00,2025-12-01/2025-12-07,0.283760049421158,0.2800756353900213,0.2830631203520256,0.2797047377700402
15931,2025-12-04 12:29:00,2025-12-01/2025-12-07,0.5158537678279841,0.5220075782896397,0.5184789560140749,0.5244984327435989
15932,2025-12-04 12:30:00,2025-12-01/2025-12-07,0.411537789164101,0.4200213735062359,0.40502107459968073,0.41691134654169176
15933,2025-12-04 12:33:00,2025-12-01/2025-12-07,0.4475326166036979,0.44935436149478025,0.44526356207378825,0.447517983292511
15934,2025-12-04 12:42:00,2025-12-01/2025-12-07,0.2792948411615916,0.2782241414721739,0.27833616943039413,0.2778567167432464
15935,2025-12-04 12:52:00,2025-12-01/2025-12-07,0.39276040352178193,0.39695226710868226,0.3942968045124087,0.40087481736809394
15936,2025-12-04 13:05:00,2025-12-01/2025-12-07,0.4675310359295983,0.4692240602486568,0.46889637721036354,0.47064702182792006
15939,2025-12-04 14:30:00,2025-12-01/2025-12-07,0.44960352954670807,0.46049239128327224,0.44690053263742835,0.4609618930748728
15951,2025-12-04 17:09:00,2025-12-01/2025-12-07,0.27798890491217104,0.28498253592796263,0.2774912941784763,0.2847783489862443
15952,2025-12-04 17:17:00,2025-12-01/2025-12-07,0.2800470464562212,0.2793501038383628,0.27929486924245167,0.2792310856029984
15956,2025-12-04 17:36:00,2025-12-01/2025-12-07,0.502267928840952,0.5127725187735933,0.5021444404915005,0.5152283830852964
15957,2025-12-04 17:37:00,2025-12-01/2025-12-07,0.31852065661800943,0.31866780988030524,0.3206601812800352,0.3237103127990775
15958,2025-12-04 18:35:00,2025-12-01/2025-12-07,0.3982289801346312,0.4043852965288709,0.3988122183487967,0.40526848400085835
15959,2025-12-04 18:50:00,2025-12-01/2025-12-07,0.3931327091703551,0.40030573940230607,0.3884286780866703,0.39758674865757415
15960,2025-12-04 18:53:00,2025-12-01/2025-12-07,0.2668411641201298,0.27202247408548125,0.26251193559989505,0.2692846864473005
15961,2025-12-04 19:07:00,2025-12-01/2025-12-07,0.2631953046314909,0.26270229936982525,0.26262488802097184,0.2620054718334828
15962,2025-12-04 19:23:00,2025-12-01/2025-12-07,0.2956217556155089,0.3009899566482187,0.2936845300484623,0.29990608360707127
15963,2025-12-04 19:26:00,2025-12-01/2025-12-07,0.38673078794283794,0.38627781269395134,0.38541933930876704,0.3849763771523802
15965,2025-12-04 19:42:00,2025-12-01/2025-12-07,0.21798025686753514,0.15336562078220728,0.21550565534308125,0.15096685593624867
15972,2025-12-04 20:20:00,2025-12-01/2025-12-07,0.43270486030334565,0.4362881868279688,0.43473006698332695,0.43822393767522705
15974,2025-12-04 21:01:00,2025-12-01/2025-12-07,0.4129577367797731,0.4237036567818354,0.40837573933641,0.42138366708526803
15978,2025-12-04 22:11:00,2025-12-01/2025-12-07,0.39971335851380857,0.40588102554742866,0.39305297469385697,0.4013407880280269
15985,2025-12-04 22:54:00,2025-12-01/2025-12-07,0.4383044811935471,0.43847921927629663,0.4382572154004742,0.43781001053541246
15986,2025-12-04 22:55:00,2025-12-01/2025-12-07,0.4759714145076557,0.48027307780240225,0.4781712168778664,0.4795106582105766
15997,2025-12-05 01:13:00,2025-12-01/2025-12-07,0.25703101938885203,0.25132165060353595,0.2548430334870641,0.24996038287414876
15998,2025-12-05 01:15:00,2025-12-01/2025-12-07,0.27218404919060196,0.26871915003012564,0.27024498541486797,0.2659360256425029
16000,2025-12-05 01:46:00,2025-12-01/2025-12-07,0.31949824984487873,0.318279388121848,0.3208887138426273,0.32087665794666415
16001,2025-12-05 02:18:00,2025-12-01/2025-12-07,0.46035945304601844,0.45928115140320924,0.45969697577697316,0.45699605787514946
16002,2025-12-05 02:35:00,2025-12-01/2025-12-07,0.3608504367101446,0.3591785120418957,0.35904472442649293,0.3583440470238282
16003,2025-12-05 02:43:00,2025-12-01/2025-12-07,0.4302596018478576,0.4302734006325846,0.42864273159915284,0.4275768632894658
16004,2025-12-05 04:03:00,2025-12-01/2025-12-07,0.47603646865921445,0.47669720426798273,0.47644664516758684,0.47319034013156486
16005,2025-12-05 04:05:00,2025-12-01/2025-12-07,0.43524535793202396,0.43321995675214836,0.4348035073876442,0.43181854866647257
16006,2025-12-05 04:07:00,2025-12-01/2025-12-07,0.4170991260125409,0.41041135701717757,0.41078237160116066,0.40602025734057656
16008,2025-12-05 04:09:00,2025-12-01/2025-12-07,0.4681301503338439,0.47314869774967483,0.46552199667845756,0.470405605987036
16015,2025-12-05 04:15:00,2025-12-01/2025-12-07,0.2996464453094184,0.30507436752589473,0.29409438957128653,0.3004329210578811
16017,2025-12-05 04:21:00,2025-12-01/2025-12-07,0.4298561635972955,0.43039754751703974,0.4281259255343182,0.42768229835307375
16019,2025-12-05 04:33:00,2025-12-01/2025-12-07,0.4296804866434791,0.4291171161970135,0.4283059109179547,0.42653670495369633
16021,2025-12-05 04:45:00,2025-12-01/2025-12-07,0.2825265493890311,0.2826342544694747,0.2810654563781961,0.28045774845132126
16023,2025-12-05 05:01:00,2025-12-01/2025-12-07,0.28388417412110406,0.2828716843041796,0.28260263661342755,0.28068719043404383
16031,2025-12-05 06:03:00,2025-12-01/2025-12-07,0.4993456877869007,0.5088339624505874,0.5010736887915844,0.5097572525049692
16032,2025-12-05 06:04:00,2025-12-01/2025-12-07,0.44891140384498146,0.44932669941502945,0.4502391505716955,0.4498287031040314
16033,2025-12-05 06:06:00,2025-12-01/2025-12-07,0.44658977596872357,0.5252042446918973,0.448049850798021,0.5244973655561649
16034,2025-12-05 06:12:00,2025-12-01/2025-12-07,0.2853251095407803,0.2836493091060302,0.28500106337866454,0.28293914727286157
16035,2025-12-05 06:14:00,2025-12-01/2025-12-07,0.2840659133756577,0.28232315274956826,0.28390906158868506,0.28173807627109426
16036,2025-12-05 17:17:00,2025-12-01/2025-12-07,0.2781272592602861,0.28096608406838663,0.2772757105100456,0.280311688077683
16038,2025-12-05 17:19:00,2025-12-01/2025-12-07,0.41870044589717953,0.4252154366761565,0.41756487121408364,0.42459992779959305
16039,2025-12-05 17:20:00,2025-12-01/2025-12-07,0.4217896130313013,0.43163067114598674,0.41490887863593173,0.4272343658861113
16043,2025-12-05 17:30:00,2025-12-01/2025-12-07,0.4189290137049706,0.4671148438695672,0.4177694512873828,0.4670596777155881
16044,2025-12-05 17:37:00,2025-12-01/2025-12-07,0.515167912120517,0.5231840981805793,0.5137953309541773,0.5227018253969773
16045,2025-12-05 17:45:00,2025-12-01/2025-12-07,0.5100035092411362,0.5206223514454416,0.5119866107214572,0.521608184268046
16047,2025-12-05 17:54:00,2025-12-01/2025-12-07,0.4335839194716208,0.44412309521015164,0.4290766903516062,0.4417044099613922
16050,2025-12-05 18:11:00,2025-12-01/2025-12-07,0.33423393118326095,0.3369205559996496,0.3358384152286504,0.3386791981784131
16055,2025-12-05 18:24:00,2025-12-01/2025-12-07,0.45785085435775474,0.4643185688884115,0.4530278998323635,0.4598261544186642
16057,2025-12-05 18:28:00,2025-12-01/2025-12-07,0.3119700286108425,0.31477901713672785,0.3113973515839881,0.3125822695148556
16058,2025-12-05 18:33:00,2025-12-01/2025-12-07,0.3038234399454428,0.30541845464184963,0.3006003159187607,0.30203467674969575
16060,2025-12-05 18:37:00,2025-12-01/2025-12-07,0.3788506543491521,0.3827863802936245,0.37842945005366724,0.3812564934480296
16061,2025-12-05 18:48:00,2025-12-01/2025-12-07,0.27761609510068286,0.2772784436946197,0.2767675259853064,0.2754023351238155
16065,2025-12-05 19:20:00,2025-12-01/2025-12-07,0.33349105727388395,0.336607965409456,0.3332692143715978,0.3369367478439738
16066,2025-12-05 19:24:00,2025-12-01/2025-12-07,0.42505971449833624,0.43020088062685174,0.42540697584637577,0.42962765317661533
16068,2025-12-05 19:43:00,2025-12-01/2025-12-07,0.4060198178854981,0.40274147329026033,0.40674264047330566,0.40437020792198447
16071,2025-12-05 20:10:00,2025-12-01/2025-12-07,0.2719436097818968,0.2730559394317417,0.2714971724515627,0.27174243655741875
16073,2025-12-05 20:35:00,2025-12-01/2025-12-07,0.4528605393909968,0.4544588411242798,0.45329776062442895,0.45365206475334763
16075,2025-12-05 20:56:00,2025-12-01/2025-12-07,0.2766523913154013,0.2778425028165138,0.2754537117040245,0.2758916946421823
16076,2025-12-05 21:14:00,2025-12-01/2025-12-07,0.4520382167641353,0.4545190953420981,0.4516181840196162,0.4527040274975962
16080,2025-12-05 21:26:00,2025-12-01/2025-12-07,0.46989720968693893,0.47536045703972446,0.4686966698371024,0.4740893987470511
16084,2025-12-05 22:15:00,2025-12-01/2025-12-07,0.3038052127738209,0.31091713224328543,0.3037468285759349,0.3096304437793295
16085,2025-12-05 22:25:00,2025-12-01/2025-12-07,0.41043773643862325,0.41611912000880286,0.40976002837991515,0.4148341252805844
16091,2025-12-06 00:08:00,2025-12-01/2025-12-07,0.43886027974349184,0.44207002729136086,0.438217807964504,0.44132188119748245
16094,2025-12-06 00:21:00,2025-12-01/2025-12-07,0.27025047727732154,0.3371604590208137,0.2686865753011256,0.3344557808358224
16095,2025-12-06 00:38:00,2025-12-01/2025-12-07,0.4169535023297929,0.4206052068110249,0.414638024013896,0.41876082836869877
16096,2025-12-06 00:46:00,2025-12-01/2025-12-07,0.27440022020419397,0.2751492381833696,0.2727688208584093,0.2736793003367213
16104,2025-12-06 00:55:00,2025-12-01/2025-12-07,0.33974325179177534,0.34213164512650207,0.3374739833503481,0.34160033036911563
16106,2025-12-06 01:13:00,2025-12-01/2025-12-07,0.27354406372958623,0.27424949625541556,0.27202660254371414,0.2728658480323455
16108,2025-12-06 01:14:00,2025-12-01/2025-12-07,0.443540255565362,0.4454076221768604,0.4427669692373067,0.44436812730598935
16109,2025-12-06 01:15:00,2025-12-01/2025-12-07,0.27826145897762233,0.27923036824679137,0.2761072737103478,0.27736696441965336
16110,2025-12-06 01:17:00,2025-12-01/2025-12-07,0.2749423026039594,0.27572033299112314,0.2732382549570347,0.2741955322408292
16114,2025-12-06 02:24:00,2025-12-01/2025-12-07,0.4482879497554417,0.45005738201888973,0.44699752892683337,0.4485876336966863
16115,2025-12-06 02:26:00,2025-12-01/2025-12-07,0.42211386832701336,0.42551962045955055,0.41927494585407654,0.4232190018029608
16123,2025-12-06 03:13:00,2025-12-01/2025-12-07,0.4803666122628538,0.484069140549615,0.4806324682496909,0.48166878275491604
16124,2025-12-06 04:00:00,2025-12-01/2025-12-07,0.27659895597497436,0.2772196992983808,0.2747467893669985,0.27555371664744316
16125,2025-12-06 04:04:00,2025-12-01/2025-12-07,0.45713302921106447,0.4312046711131412,0.4523594633422025,0.42236757658430985
16126,2025-12-06 04:06:00,2025-12-01/2025-12-07,0.44575210307642765,0.4230536969107171,0.43854113853658744,0.412800374223368
16127,2025-12-06 04:07:00,2025-12-01/2025-12-07,0.4448918369297605,0.44650579125214906,0.44403986700627196,0.44536782628039673
16129,2025-12-06 04:10:00,2025-12-01/2025-12-07,0.3116651908071065,0.2895484267433118,0.3086582357344814,0.2831369197484979
16130,2025-12-06 04:11:00,2025-12-01/2025-12-07,0.41804190483576226,0.4214692775758868,0.4156683419705704,0.4195471846054639
16131,2025-12-06 04:12:00,2025-12-01/2025-12-07,0.2748325674765527,0.27584055548870007,0.27307201089771477,0.27430119777819967
16132,2025-12-06 04:14:00,2025-12-01/2025-12-07,0.4145382093541855,0.4188816683216164,0.41229273440093256,0.4171889219332235
16133,2025-12-06 04:15:00,2025-12-01/2025-12-07,0.27389784638284986,0.27487905176930577,0.27243805186804326,0.27361007998859277
16168,2025-12-06 04:40:00,2025-12-01/2025-12-07,0.44545169454042854,0.45476060015162084,0.44238391852045134,0.4532207171113385
16169,2025-12-06 04:41:00,2025-12-01/2025-12-07,0.4194380470876085,0.42266380429447686,0.4169638091941637,0.4206327659696959
16170,2025-12-06 04:48:00,2025-12-01/2025-12-07,0.4888410778980829,0.4993308280336047,0.48615982121944695,0.4959061621296902
16175,2025-12-06 05:08:00,2025-12-01/2025-12-07,0.31227839619120323,0.3140016373063909,0.31368062164226734,0.31773482975633993
16176,2025-12-06 05:17:00,2025-12-01/2025-12-07,0.4217060941722703,0.42521818315030085,0.4188822967907681,0.4229443499556851
16177,2025-12-06 05:26:00,2025-12-01/2025-12-07,0.30970624719368317,0.31186707666828295,0.31192607493523544,0.31637873842718656
16181,2025-12-06 05:37:00,2025-12-01/2025-12-07,0.44327171123229303,0.4444548285790328,0.4427369913402027,0.44351287788537785
16184,2025-12-06 05:39:00,2025-12-01/2025-12-07,0.5670811291893141,0.573106824861561,0.5500671790389455,0.5665684323204608
16185,2025-12-06 05:48:00,2025-12-01/2025-12-07,0.2687253349279252,0.27128879903554926,0.2672112876519629,0.27016117706922915
16186,2025-12-06 06:02:00,2025-12-01/2025-12-07,0.3227936476086665,0.3246693467393133,0.32484108992452176,0.329743756514027
16190,2025-12-06 06:09:00,2025-12-01/2025-12-07,0.40672090129191135,0.41524994729442555,0.40227481616495925,0.4139005395900876
16193,2025-12-06 06:14:00,2025-12-01/2025-12-07,0.4881198370832729,0.49170724363761015,0.48866670195169176,0.49050192810791743
16196,2025-12-06 06:28:00,2025-12-01/2025-12-07,0.4453241814839266,0.4465006422602343,0.4456791021500059,0.44724872336461996
16198,2025-12-06 06:36:00,2025-12-01/2025-12-07,0.29142180092566256,0.28989970129934906,0.2913624937525426,0.2938201338984592
16199,2025-12-06 06:43:00,2025-12-01/2025-12-07,0.45223787392986325,0.46008557271940276,0.4499093559126006,0.4599631034951977
16200,2025-12-06 06:48:00,2025-12-01/2025-12-07,0.41471266197345313,0.4176907692807889,0.4139636551907544,0.4179767837187706
16201,2025-12-06 06:50:00,2025-12-01/2025-12-07,0.46691089446442263,0.4703762987565297,0.46807217226461284,0.47185818462129137
16202,2025-12-06 06:54:00,2025-12-01/2025-12-07,0.4189930047892297,0.46341862393973027,0.41780069870082664,0.46391701189360685
16203,2025-12-06 07:13:00,2025-12-01/2025-12-07,0.44474167137262816,0.4218435002489348,0.43878903269239034,0.4135592001531935
16204,2025-12-06 07:15:00,2025-12-01/2025-12-07,0.2774990780088741,0.2784523250630557,0.27634904670768057,0.2781886043186616
16205,2025-12-06 07:16:00,2025-12-01/2025-12-07,0.46331783423088074,0.4665342231700362,0.4649657842213693,0.4683727545570618
16207,2025-12-06 07:20:00,2025-12-01/2025-12-07,0.31636347377430973,0.3161963544908192,0.3172466783827988,0.3200223706365154
16212,2025-12-06 07:32:00,2025-12-01/2025-12-07,0.32954373263472164,0.3331554542446713,0.32891185146081137,0.3326586545820621
16215,2025-12-06 07:37:00,2025-12-01/2025-12-07,0.280237514970931,0.28047492101261523,0.2789837858578066,0.28003266415898925
16225,2025-12-06 08:05:00,2025-12-01/2025-12-07,0.26555639784159474,0.2670862138680128,0.26735730821676534,0.26947761613144505
16226,2025-12-06 08:07:00,2025-12-01/2025-12-07,0.26773321171321524,0.2699621823529056,0.26732554312715384,0.27046267962792814
16228,2025-12-06 08:18:00,2025-12-01/2025-12-07,0.4562027868291549,0.4597634125495946,0.45866310619622824,0.4603455604272759
16239,2025-12-06 08:36:00,2025-12-01/2025-12-07,0.2781555022683098,0.2837518348680805,0.275317537241477,0.28312355070472167
16245,2025-12-06 08:41:00,2025-12-01/2025-12-07,0.4898403860577932,0.49387368469305853,0.49138104688087464,0.49359794308554317
16251,2025-12-06 08:45:00,2025-12-01/2025-12-07,0.4589838966679787,0.4693627028784149,0.45855808012620586,0.4713999078419396
16273,2025-12-06 09:02:00,2025-12-01/2025-12-07,0.42140655512096886,0.4238378712233475,0.42005276392720686,0.4235638004692662
16274,2025-12-06 09:04:00,2025-12-01/2025-12-07,0.3032092252586113,0.30643597587838045,0.30377049521489563,0.3070885632718051
16283,2025-12-06 09:09:00,2025-12-01/2025-12-07,0.28493695010722064,0.26465310205896975,0.2810085871491023,0.2589729171091364
16285,2025-12-06 09:12:00,2025-12-01/2025-12-07,0.27708621644480647,0.2770045690327775,0.2762977508480959,0.2768889658535786
16288,2025-12-06 09:14:00,2025-12-01/2025-12-07,0.28685886114077047,0.28949873094138406,0.2871270350860197,0.29059908798992257
16306,2025-12-06 09:27:00,2025-12-01/2025-12-07,0.447695854983421,0.4486629530621429,0.4478421309555833,0.44921473077407625
16323,2025-12-06 09:39:00,2025-12-01/2025-12-07,0.4121894517489763,0.3171682777240357,0.4053263212164148,0.31294132210659126
16328,2025-12-06 09:46:00,2025-12-01/2025-12-07,0.2389029386890516,0.23554462810741605,0.23864888097656406,0.2375160433239065
16331,2025-12-06 09:49:00,2025-12-01/2025-12-07,0.2800029835462907,0.2803018228472456,0.2787581541450496,0.27987487294224916
16338,2025-12-06 10:16:00,2025-12-01/2025-12-07,0.2769235061744839,0.27719594873547426,0.2760466649951205,0.2770578725299077
16339,2025-12-06 10:17:00,2025-12-01/2025-12-07,0.2775369870197383,0.27765691546586313,0.2766348105494804,0.2774781765675008
16340,2025-12-06 10:18:00,2025-12-01/2025-12-07,0.27693472476492237,0.2772047092624617,0.27605732069184347,0.27706585473818796
16347,2025-12-06 10:25:00,2025-12-01/2025-12-07,0.4580765386550834,0.4618472358518123,0.4595729237302382,0.46156529467725643
16354,2025-12-06 10:29:00,2025-12-01/2025-12-07,0.4242007644652647,0.4243671336897553,0.4243384970304873,0.42561311073211044
16393,2025-12-06 11:01:00,2025-12-01/2025-12-07,0.4203257265475868,0.42297744333287157,0.41902975795154257,0.42277995837213495
16396,2025-12-06 11:04:00,2025-12-01/2025-12-07,0.4452169672348358,0.446091522800937,0.4456758793758083,0.4468813117879132
16401,2025-12-06 11:10:00,2025-12-01/2025-12-07,0.4737508224146631,0.4723144336104896,0.4741995575760012,0.47505200448793505
16402,2025-12-06 11:11:00,2025-12-01/2025-12-07,0.42320720983612525,0.4259480595694018,0.42155186290386715,0.425474579302721
16404,2025-12-06 11:13:00,2025-12-01/2025-12-07,0.3080787528155816,0.31703688987104245,0.30647345426050776,0.31738008308745763
16411,2025-12-06 11:19:00,2025-12-01/2025-12-07,0.22855830424787263,0.2292083528769979,0.2251095808769873,0.22657182669932432
16412,2025-12-06 11:20:00,2025-12-01/2025-12-07,0.27513037506406424,0.27520606100140355,0.27452185900477843,0.27525454193864884
16413,2025-12-06 11:21:00,2025-12-01/2025-12-07,0.34145430038630387,0.3433579020319361,0.34081459078169507,0.34503962293292273
16418,2025-12-06 11:26:00,2025-12-01/2025-12-07,0.3050255153141146,0.23149980723213984,0.3083521161580524,0.2348093911733173
16420,2025-12-06 11:28:00,2025-12-01/2025-12-07,0.44719479289990227,0.44818942734688977,0.4473902422817228,0.44878445558291785
16421,2025-12-06 11:31:00,2025-12-01/2025-12-07,0.4171036735214292,0.42194174945414836,0.4168523887453163,0.42291582553955304
16422,2025-12-06 11:32:00,2025-12-01/2025-12-07,0.3441158800454042,0.3464721456101644,0.3436064742319319,0.34828642584624325
16425,2025-12-06 11:38:00,2025-12-01/2025-12-07,0.2799541379331145,0.2802657689399638,0.27871116163205495,0.2798420066146234
16426,2025-12-06 11:40:00,2025-12-01/2025-12-07,0.34127228148250577,0.3469324215683366,0.33837240329779983,0.34878791955128313
16431,2025-12-06 11:44:00,2025-12-01/2025-12-07,0.4081686835118448,0.4138469397359644,0.4071454313360861,0.4145073038160359
16432,2025-12-06 11:45:00,2025-12-01/2025-12-07,0.4237826969809102,0.42649209906214003,0.4220704354372815,0.42596866829372876
16439,2025-12-06 11:59:00,2025-12-01/2025-12-07,0.4777400293974022,0.4765999823120277,0.47753828621562483,0.47873336114688864
16455,2025-12-06 12:13:00,2025-12-01/2025-12-07,0.4200385814531565,0.42566454756994665,0.4178843382228107,0.4250154852318811
16456,2025-12-06 12:15:00,2025-12-01/2025-12-07,0.22856008429356642,0.23123472445557097,0.2239991057984864,0.22777961921105952
16459,2025-12-06 12:18:00,2025-12-01/2025-12-07,0.5535304628033928,0.6388646725976684,0.5501617853100788,0.633275173664404
16469,2025-12-06 12:26:00,2025-12-01/2025-12-07,0.48695858744742593,0.49637891613427937,0.48508445814102397,0.49510953004339225
16472,2025-12-06 12:35:00,2025-12-01/2025-12-07,0.4234007389201272,0.42946339688042917,0.42072680028697046,0.4284561574396827
16474,2025-12-06 12:56:00,2025-12-01/2025-12-07,0.27702533663601875,0.27976526440329735,0.2753988215273453,0.2792211753614137
16476,2025-12-06 13:00:00,2025-12-01/2025-12-07,0.45384327465033797,0.46183505854923607,0.4522955644978267,0.46181312812727804
16478,2025-12-06 13:07:00,2025-12-01/2025-12-07,0.29380357201910734,0.21705981812693892,0.28772924143232953,0.21357895315575895
16479,2025-12-06 13:09:00,2025-12-01/2025-12-07,0.2775441498082632,0.28029401204720344,0.27585422120368,0.27970041112999056
16481,2025-12-06 13:12:00,2025-12-01/2025-12-07,0.48433553730720014,0.4925488687801791,0.48463575431141553,0.49302086074890955
16484,2025-12-06 13:23:00,2025-12-01/2025-12-07,0.27678417079881995,0.2796996474578795,0.27513291782637056,0.2791593143358929
16485,2025-12-06 13:25:00,2025-12-01/2025-12-07,0.23000689481417014,0.23280050801050978,0.22522928612178972,0.22918418546178207
16490,2025-12-06 13:31:00,2025-12-01/2025-12-07,0.46912422465965664,0.47887688118910415,0.4667004808070374,0.47743552586197063
16492,2025-12-06 13:33:00,2025-12-01/2025-12-07,0.6486935433728896,0.5557850407281052,0.6428074108693452,0.5584023722703008
16495,2025-12-06 13:49:00,2025-12-01/2025-12-07,0.46308245250106805,0.4730027553430278,0.46148416201135684,0.4723296566155861
16498,2025-12-06 14:01:00,2025-12-01/2025-12-07,0.36428982730028764,0.3719018675430333,0.35932422663948604,0.3685819741951128
16501,2025-12-06 14:06:00,2025-12-01/2025-12-07,0.31448714574696335,0.31932983791044506,0.316437511905608,0.32467805989807996
16502,2025-12-06 14:08:00,2025-12-01/2025-12-07,0.2793168738515418,0.2824813845878415,0.2772954139252667,0.2816773956079229
16503,2025-12-06 14:09:00,2025-12-01/2025-12-07,0.279447104592497,0.28289685374113116,0.27824274039308716,0.2827862595078915
16506,2025-12-06 14:12:00,2025-12-01/2025-12-07,0.3121578385432751,0.3125698925934741,0.30981884699247486,0.3147252470118528
16516,2025-12-06 14:23:00,2025-12-01/2025-12-07,0.5179365116068799,0.5283596309847252,0.5184282698773014,0.5289278272633998
16533,2025-12-06 14:34:00,2025-12-01/2025-12-07,0.4721688652927439,0.48012353822403786,0.47167735189344423,0.4806280355297549
16534,2025-12-06 14:35:00,2025-12-01/2025-12-07,0.4921289542144192,0.507665805364434,0.48997455951795776,0.5083903567559495
16535,2025-12-06 14:38:00,2025-12-01/2025-12-07,0.41016120685007335,0.38530348778472745,0.39070392737811166,0.37184409373810506
16538,2025-12-06 14:41:00,2025-12-01/2025-12-07,0.27718091706287756,0.27990556098553254,0.27554088645393304,0.2793485811421258
16548,2025-12-06 15:05:00,2025-12-01/2025-12-07,0.2763287902875019,0.27933689596912703,0.27470264110729214,0.27882915540767417
16550,2025-12-06 15:27:00,2025-12-01/2025-12-07,0.4085338254336426,0.4174936574331704,0.40740618102659876,0.4182065714449753
16551,2025-12-06 15:32:00,2025-12-01/2025-12-07,0.37092235497919757,0.3773486861493493,0.3691345765517209,0.3775381127241216
16553,2025-12-06 15:34:00,2025-12-01/2025-12-07,0.48869921042724307,0.49621926597535515,0.48793639185149673,0.4956677032303972
16556,2025-12-06 15:40:00,2025-12-01/2025-12-07,0.6450640121920606,0.6585173314949788,0.6393861402821532,0.6605672050845991
16557,2025-12-06 15:43:00,2025-12-01/2025-12-07,0.45098774542503817,0.45635011290972527,0.4506005040060207,0.4573093255050429
16558,2025-12-06 15:47:00,2025-12-01/2025-12-07,0.4189816168103692,0.4251576326246039,0.4167828742111009,0.4245481223859469
16563,2025-12-06 15:52:00,2025-12-01/2025-12-07,0.27767092262175785,0.3158109438698701,0.27593453401753343,0.3156646296326086
16567,2025-12-06 15:56:00,2025-12-01/2025-12-07,0.4716427016716885,0.520007758665074,0.46948786381120733,0.5220701077099982
16568,2025-12-06 16:02:00,2025-12-01/2025-12-07,0.45832204650718,0.46876017423722566,0.45683716316318124,0.46825206219893906
16570,2025-12-06 16:12:00,2025-12-01/2025-12-07,0.44607054355246983,0.4520069222734182,0.44707360333942364,0.4538254818087838
16572,2025-12-06 16:41:00,2025-12-01/2025-12-07,0.5530608358452539,0.5695507545986971,0.5529447577411327,0.5715536845316326
16577,2025-12-06 16:42:00,2025-12-01/2025-12-07,0.29684299537041015,0.30776172448372263,0.29920851683416144,0.31228026136687353
16578,2025-12-06 16:46:00,2025-12-01/2025-12-07,0.2780358602063102,0.2808296478477421,0.27627539692861375,0.28018538271932864
16579,2025-12-06 16:48:00,2025-12-01/2025-12-07,0.276516191196254,0.2792374762444,0.2749545265243767,0.2787428770804349
16581,2025-12-06 16:49:00,2025-12-01/2025-12-07,0.5161988333581752,0.5239231001652869,0.5156075029552278,0.5212467453709023
16585,2025-12-06 16:58:00,2025-12-01/2025-12-07,0.27622811902750505,0.2788700933712851,0.2747238167077618,0.27841080836511384
16587,2025-12-06 17:00:00,2025-12-01/2025-12-07,0.40902402801717774,0.41742625820388296,0.4081179371723765,0.41517544560775155
16592,2025-12-06 17:12:00,2025-12-01/2025-12-07,0.23748998806988297,0.23842794552940424,0.236596044558126,0.24030271005396459
16594,2025-12-06 17:18:00,2025-12-01/2025-12-07,0.3193553520059354,0.3012035983774378,0.31642677302784933,0.2979895367810849
16595,2025-12-06 17:20:00,2025-12-01/2025-12-07,0.3388120830022945,0.3439103416033667,0.3368595587214515,0.34474285426136053
16596,2025-12-06 17:26:00,2025-12-01/2025-12-07,0.29821952903893,0.29853070848594526,0.29708857080267204,0.30172660793249634
16597,2025-12-06 17:27:00,2025-12-01/2025-12-07,0.43094262225711955,0.44545747194085467,0.4285128380146348,0.44661551852895653
16598,2025-12-06 17:35:00,2025-12-01/2025-12-07,0.3239801474394285,0.25099657038272083,0.3235178085122979,0.25081172445526334
16600,2025-12-06 17:49:00,2025-12-01/2025-12-07,0.29310771155522314,0.30166428703702536,0.29387655074312435,0.3031201317655751
16616,2025-12-06 18:27:00,2025-12-01/2025-12-07,0.27388484089764653,0.2512112697095742,0.2716939592852479,0.2453344601380076
16624,2025-12-06 19:51:00,2025-12-01/2025-12-07,0.2643389634571457,0.2727349523700307,0.26152880363886616,0.2715545384955139
16629,2025-12-06 21:02:00,2025-12-01/2025-12-07,0.2648968825628861,0.267055574462289,0.26343814724789444,0.2659164595741795
16630,2025-12-06 21:13:00,2025-12-01/2025-12-07,0.4294940065962557,0.4339638955273912,0.42942230078214394,0.4336771249328755
16632,2025-12-06 21:55:00,2025-12-01/2025-12-07,0.42574948165119436,0.4359665235703618,0.41715014899142017,0.43722627488225946
16633,2025-12-06 22:12:00,2025-12-01/2025-12-07,0.33675674557931856,0.3430347722427336,0.335914709792617,0.3439738139932883
16634,2025-12-06 22:14:00,2025-12-01/2025-12-07,0.4274506375506544,0.43183243969796864,0.4270257097107476,0.43191006159140943
16635,2025-12-06 22:17:00,2025-12-01/2025-12-07,0.43979562767078434,0.44443739179711667,0.4396542639325668,0.44451225103152925
16636,2025-12-06 22:37:00,2025-12-01/2025-12-07,0.4568285982335898,0.4638326579626861,0.45681683307131443,0.4637013280462115
16637,2025-12-06 22:57:00,2025-12-01/2025-12-07,0.5869615517624045,0.5966811253809728,0.5794775136051685,0.5991900631486314
16638,2025-12-06 23:06:00,2025-12-01/2025-12-07,0.3931671893600834,0.381878055273185,0.39293006964542443,0.38295084778451316
16639,2025-12-06 23:13:00,2025-12-01/2025-12-07,0.4734092373653525,0.4878388137808201,0.47165434890358066,0.4872890652997793
16640,2025-12-06 23:15:00,2025-12-01/2025-12-07,0.2669722825207464,0.27465231796951084,0.2634331602944092,0.27275173534153896
16644,2025-12-07 00:27:00,2025-12-01/2025-12-07,0.2603357913684388,0.2611325770486095,0.25931671879781837,0.260141059662324
16647,2025-12-07 00:46:00,2025-12-01/2025-12-07,0.26027980596320754,0.2610911980824431,0.259262847477598,0.26010339677702443
16648,2025-12-07 00:47:00,2025-12-01/2025-12-07,0.3995869097558678,0.4028965837645884,0.39811798114964725,0.40165615497263457
16650,2025-12-07 00:50:00,2025-12-01/2025-12-07,0.2584079400532316,0.25910761998679366,0.25764271061463556,0.2583084473478937
16651,2025-12-07 00:53:00,2025-12-01/2025-12-07,0.3892222641920225,0.38837399526372546,0.3898489216283246,0.3911387182668547
16653,2025-12-07 01:14:00,2025-12-01/2025-12-07,0.3952540705609101,0.39848820285441755,0.3943067252867108,0.3976591322466263
16655,2025-12-07 02:08:00,2025-12-01/2025-12-07,0.25918786028224167,0.2601709201377129,0.25824621818908844,0.2592677312482814
16656,2025-12-07 02:17:00,2025-12-01/2025-12-07,0.2600046579112919,0.2608878131798424,0.2589980859794255,0.2599182723614693
16657,2025-12-07 02:18:00,2025-12-01/2025-12-07,0.3949849079187717,0.3981962114266237,0.3940753994015797,0.39739458342879275
16661,2025-12-07 02:47:00,2025-12-01/2025-12-07,0.4010643760531923,0.40398918243059284,0.3995414927647731,0.4026520422762794
16662,2025-12-07 03:03:00,2025-12-01/2025-12-07,0.25999667650223857,0.26005701360804817,0.25924015754946644,0.259176945208842
16663,2025-12-07 03:06:00,2025-12-01/2025-12-07,0.26058315357233175,0.261315384862821,0.25955473746617796,0.26030744636471564
16666,2025-12-07 03:30:00,2025-12-01/2025-12-07,0.49047097261310485,0.49973395943615456,0.48990001453034404,0.5006118727508676
16667,2025-12-07 03:55:00,2025-12-01/2025-12-07,0.34524630508733717,0.34584898275852766,0.34464673454672123,0.34760070431205425
16670,2025-12-07 04:05:00,2025-12-01/2025-12-07,0.43509646269357566,0.4388359057475741,0.43680071447234875,0.43772564525138924
16671,2025-12-07 04:07:00,2025-12-01/2025-12-07,0.3957620532181288,0.39914875929836974,0.39471014566091905,0.3982562285936922
16673,2025-12-07 04:09:00,2025-12-01/2025-12-07,0.4264387284867513,0.4291095405564722,0.42725598476638865,0.4298235046714588
16674,2025-12-07 04:10:00,2025-12-01/2025-12-07,0.2580674110009034,0.2590020489689774,0.2576587925076313,0.25855098694195205
16676,2025-12-07 04:11:00,2025-12-01/2025-12-07,0.2580763121163196,0.2588132689310433,0.2573383191606076,0.25804129726813013
16677,2025-12-07 04:13:00,2025-12-01/2025-12-07,0.2578180270482418,0.2585389260064775,0.2571148750816624,0.2577929722586563
16680,2025-12-07 04:16:00,2025-12-01/2025-12-07,0.39710878605278954,0.3998376477435346,0.396101125767081,0.3988898914721786
16681,2025-12-07 04:18:00,2025-12-01/2025-12-07,0.3094507464506963,0.31330091617640893,0.31135109051642057,0.3164233471351416
16682,2025-12-07 04:21:00,2025-12-01/2025-12-07,0.35269003053995285,0.3581423608099206,0.352816473050514,0.35896708515916437
16683,2025-12-07 04:24:00,2025-12-01/2025-12-07,0.4017707709535274,0.40642132960179705,0.4013541848005213,0.4061560874121922
16684,2025-12-07 04:25:00,2025-12-01/2025-12-07,0.287124286630312,0.2913744423608792,0.2877062303104661,0.29127338959169213
16687,2025-12-07 04:32:00,2025-12-01/2025-12-07,0.3219548302153741,0.32351133324406606,0.3208513019931755,0.32374688073581925
16689,2025-12-07 04:44:00,2025-12-01/2025-12-07,0.2504020412027714,0.252698808183895,0.25223709667679844,0.25438746114156685
16692,2025-12-07 04:47:00,2025-12-01/2025-12-07,0.4243585904817601,0.42622994844467477,0.42450146717067105,0.42589699421304894
16695,2025-12-07 05:07:00,2025-12-01/2025-12-07,0.4129431764489372,0.42095874213835854,0.40687633487275443,0.41686064305586074
16702,2025-12-07 05:33:00,2025-12-01/2025-12-07,0.26162092719558716,0.2620820063635676,0.26055326205012175,0.26100513598874675
16705,2025-12-07 05:46:00,2025-12-01/2025-12-07,0.3997602614122508,0.40297273581706555,0.39830075898799616,0.40172651499649487
16707,2025-12-07 06:14:00,2025-12-01/2025-12-07,0.39530065018943383,0.39790793683516706,0.3956252752227575,0.3989637822423001
16713,2025-12-07 06:24:00,2025-12-01/2025-12-07,0.3929363468845949,0.39662867215185854,0.393201582239163,0.3977868817143368
16714,2025-12-07 06:27:00,2025-12-01/2025-12-07,0.30907932105104824,0.31262675190600414,0.31158231962711913,0.31705401356142565
16715,2025-12-07 06:34:00,2025-12-01/2025-12-07,0.3922324848653841,0.3946836424194495,0.3929540173944866,0.3960361846917523
16716,2025-12-07 06:35:00,2025-12-01/2025-12-07,0.44753848282169884,0.4511555080678365,0.4495656104641268,0.4533175802800117
16719,2025-12-07 07:11:00,2025-12-01/2025-12-07,0.3899309723524684,0.39454735559842835,0.3902580220476688,0.3958831405065977
16720,2025-12-07 07:15:00,2025-12-01/2025-12-07,0.39918120777768407,0.40233997554416345,0.39889529982753874,0.4029821232334289
16721,2025-12-07 07:16:00,2025-12-01/2025-12-07,0.4230261469162567,0.42373519028011425,0.42478605259372365,0.4255068306708862
16722,2025-12-07 07:22:00,2025-12-01/2025-12-07,0.4943366745072799,0.5005550871319725,0.4965654494303486,0.5020780094840822
16723,2025-12-07 07:25:00,2025-12-01/2025-12-07,0.2579391931860254,0.2585872617065527,0.25811443358740505,0.25929597996897286
16725,2025-12-07 08:03:00,2025-12-01/2025-12-07,0.2594380302231188,0.26074182004439356,0.26030027236601155,0.26212106814064534
16726,2025-12-07 08:05:00,2025-12-01/2025-12-07,0.26359950424796863,0.18778117125620974,0.26315418818593733,0.18725532787945082
16727,2025-12-07 08:07:00,2025-12-01/2025-12-07,0.25771480431327265,0.2580237706954873,0.2580186050845652,0.25878812901188025
16728,2025-12-07 08:12:00,2025-12-01/2025-12-07,0.43094146974720077,0.43232035413501774,0.43159398283967676,0.4332965829751096
16729,2025-12-07 08:14:00,2025-12-01/2025-12-07,0.41944088247524636,0.4212403403498145,0.42127725968325125,0.42322499139508324
16730,2025-12-07 08:15:00,2025-12-01/2025-12-07,0.42342401302488747,0.4243256168954735,0.4250800611029265,0.42604072725622855
16732,2025-12-07 08:24:00,2025-12-01/2025-12-07,0.30141112652160024,0.30138476143367415,0.30282487966139854,0.3055454572016104
16734,2025-12-07 08:36:00,2025-12-01/2025-12-07,0.2733026153182423,0.274114554382214,0.2710598964526737,0.27315853896748943
16737,2025-12-07 08:50:00,2025-12-01/2025-12-07,0.398244755953592,0.40062136730659015,0.39830302518983995,0.4014317608849403
16738,2025-12-07 08:51:00,2025-12-01/2025-12-07,0.26153293370757863,0.26181082090545094,0.26140863842881584,0.26223102360813766
16742,2025-12-07 09:03:00,2025-12-01/2025-12-07,0.39860289725283526,0.4009758160922113,0.3986213198435858,0.40175374937659863
16743,2025-12-07 09:09:00,2025-12-01/2025-12-07,0.3980016598742279,0.40055070334612647,0.39803545109415556,0.40136525619346486
16745,2025-12-07 09:15:00,2025-12-01/2025-12-07,0.24944870452718937,0.2426446778353614,0.24762044099235572,0.24254036484622166
16750,2025-12-07 09:41:00,2025-12-01/2025-12-07,0.26205871739402314,0.26220224443521156,0.2619146595972608,0.2625884645206873
16751,2025-12-07 09:46:00,2025-12-01/2025-12-07,0.25859620941647393,0.25845482164397104,0.25893621989514426,0.2591861732662805
16752,2025-12-07 09:48:00,2025-12-01/2025-12-07,0.4285098051018682,0.4304664202035738,0.4304225723601658,0.4329316279954548
16753,2025-12-07 09:51:00,2025-12-01/2025-12-07,0.2587313090134797,0.25858987792860655,0.2590558791464823,0.25930898208186276
16754,2025-12-07 10:03:00,2025-12-01/2025-12-07,0.4212511930735314,0.42211176057014393,0.4231670966950246,0.42402956322435026
16759,2025-12-07 10:41:00,2025-12-01/2025-12-07,0.4341365660239549,0.4412452844840112,0.4366231314824919,0.44426513818883506
16761,2025-12-07 10:44:00,2025-12-01/2025-12-07,0.4243162043170988,0.4318092106309748,0.4272159872652918,0.43316638739030383
16763,2025-12-07 10:46:00,2025-12-01/2025-12-07,0.2570479524935784,0.25726281268811113,0.25745638062016846,0.2580973003340085
16771,2025-12-07 11:17:00,2025-12-01/2025-12-07,0.23534272026964034,0.23923888527252338,0.23621950949336654,0.23994341555701124
16774,2025-12-07 11:39:00,2025-12-01/2025-12-07,0.2141574304951308,0.21511453657717095,0.21191952387075275,0.2134342288746108
16778,2025-12-07 11:48:00,2025-12-01/2025-12-07,0.42329756146793657,0.42424283476737557,0.42495474396927746,0.42596492229144517
16779,2025-12-07 12:07:00,2025-12-01/2025-12-07,0.31804949993631343,0.32214088515262246,0.31762525265860336,0.3239861489797389
16781,2025-12-07 12:10:00,2025-12-01/2025-12-07,0.3970113084938201,0.4025187545021419,0.3962714607358665,0.40295234747503234
16782,2025-12-07 12:13:00,2025-12-01/2025-12-07,0.26067891084476214,0.26370816622872206,0.25982821821698593,0.2637879340707999
16784,2025-12-07 12:46:00,2025-12-01/2025-12-07,0.4629708100961546,0.4693292660167057,0.4642609898785336,0.46890217695301784
16788,2025-12-07 13:01:00,2025-12-01/2025-12-07,0.43049382247352463,0.4363578545416811,0.4310044834410144,0.4380686007147248
16789,2025-12-07 13:02:00,2025-12-01/2025-12-07,0.4548454900593483,0.4628169366873914,0.4573541852727255,0.4657320329499833
16790,2025-12-07 13:03:00,2025-12-01/2025-12-07,0.3240674168756134,0.33089965625395834,0.32767024119514243,0.33702697467874054
16792,2025-12-07 13:14:00,2025-12-01/2025-12-07,0.2655184639860583,0.27349374002267995,0.2626751909358884,0.2729569420482468
16793,2025-12-07 13:18:00,2025-12-01/2025-12-07,0.278574231270326,0.28978603171016487,0.2783730137030021,0.29150460461760075
16794,2025-12-07 13:18:00,2025-12-01/2025-12-07,0.49235992425514563,0.5075030875864015,0.49558130739466844,0.5099279929190066
16796,2025-12-07 13:24:00,2025-12-01/2025-12-07,0.43808945567984175,0.342402181481543,0.43385063075057795,0.33976918029418823
16797,2025-12-07 13:25:00,2025-12-01/2025-12-07,0.4225043113621767,0.4266305135156404,0.42329506746572093,0.427928155867631
16798,2025-12-07 13:25:00,2025-12-01/2025-12-07,0.39746702731283495,0.4029738288810333,0.39667532613428785,0.4033655747749319
16799,2025-12-07 13:53:00,2025-12-01/2025-12-07,0.4172571792821611,0.41950380211802235,0.41945194657973295,0.42219309046226033
16802,2025-12-07 13:59:00,2025-12-01/2025-12-07,0.2584060265399058,0.261003321491301,0.25794536794971457,0.26133719189454746
16808,2025-12-07 14:31:00,2025-12-01/2025-12-07,0.3782753933887719,0.3778001007884011,0.37931836535269126,0.3814373856042769
16810,2025-12-07 14:34:00,2025-12-01/2025-12-07,0.39822534014132777,0.4038159804558834,0.39732165300876743,0.4041290994428932
16813,2025-12-07 15:17:00,2025-12-01/2025-12-07,0.2737388089383518,0.34932663366459277,0.2724839221188685,0.3486992436502122
16814,2025-12-07 15:17:00,2025-12-01/2025-12-07,0.4072062165562283,0.41652472128191287,0.40890481214291663,0.41975846450509297
16819,2025-12-07 15:44:00,2025-12-01/2025-12-07,0.39883417819135564,0.40444063745258185,0.3978561009509537,0.4046960292491967
16827,2025-12-07 17:42:00,2025-12-01/2025-12-07,0.2589968979770759,0.2616097250989574,0.2584641037682294,0.2618878598020849
16829,2025-12-07 18:01:00,2025-12-01/2025-12-07,0.40350524207447747,0.3246387663789779,0.39846677818495196,0.31959009266659383
16830,2025-12-07 18:27:00,2025-12-01/2025-12-07,0.2676344086585852,0.2706914643980073,0.26490066537659784,0.268676904716049
16832,2025-12-07 18:50:00,2025-12-01/2025-12-07,0.2486160504180908,0.2505287033285273,0.2485171131132829,0.25030571149450936
16833,2025-12-07 19:10:00,2025-12-01/2025-12-07,0.4528026995693056,0.4584051986757556,0.4542211378706073,0.45699953102063084
16835,2025-12-07 19:34:00,2025-12-01/2025-12-07,0.2978575216944882,0.30869174054296367,0.2992864788268828,0.30970689832390796
16836,2025-12-07 19:50:00,2025-12-01/2025-12-07,0.4239407891862031,0.42981577407797916,0.4226684446565226,0.4296844735486974
16838,2025-12-07 20:12:00,2025-12-01/2025-12-07,0.24956556686631867,0.25621094735873523,0.2456080381809573,0.2538191379913597
16839,2025-12-07 21:28:00,2025-12-01/2025-12-07,0.4161117650950268,0.4206213795600517,0.4174260635197888,0.42181947910753465
16840,2025-12-07 21:55:00,2025-12-01/2025-12-07,0.24142246239698942,0.1822247885919182,0.24351103503607818,0.18235163648513242
16844,2025-12-08 00:15:00,2025-12-08/2025-12-14,0.40567881184828547,0.3938803966537532,0.40748196032891687,0.4006709643399285
16847,2025-12-08 04:03:00,2025-12-08/2025-12-14,0.30531528693790144,0.30100736038404924,0.304711075641935,0.30226250499550406
16848,2025-12-08 04:04:00,2025-12-08/2025-12-14,0.4614381904835845,0.45710541652989145,0.46046901317230426,0.45876987498570976
16849,2025-12-08 04:06:00,2025-12-08/2025-12-14,0.3401407558346953,0.34095619480982814,0.33842059681018666,0.3414795814403673
16850,2025-12-08 04:15:00,2025-12-08/2025-12-14,0.45777144760136407,0.458097722279291,0.4519951714427042,0.4568979526321737
16851,2025-12-08 05:03:00,2025-12-08/2025-12-14,0.48829487877513006,0.6036998657452287,0.48378890218409376,0.6024012769333464
16852,2025-12-08 05:13:00,2025-12-08/2025-12-14,0.47978287013435345,0.4751796104587945,0.4797932137446344,0.47791413278655037
16853,2025-12-08 07:11:00,2025-12-08/2025-12-14,0.5004095155405293,0.4994532716491411,0.5021171895885548,0.5015832344213024
16857,2025-12-08 08:16:00,2025-12-08/2025-12-14,0.49818118189353566,0.49646956869650105,0.4998301491260997,0.4993874520438574
16859,2025-12-08 09:08:00,2025-12-08/2025-12-14,0.4892038321210443,0.4883021606718552,0.4928861672418805,0.49285098419010126
16860,2025-12-08 09:58:00,2025-12-08/2025-12-14,0.4608029262390375,0.47707930635385093,0.45186231116732867,0.4568925724081131
16862,2025-12-08 10:15:00,2025-12-08/2025-12-14,0.48261142599703033,0.47908718872771094,0.48647512311442737,0.4839448455939917
16877,2025-12-08 10:42:00,2025-12-08/2025-12-14,0.48500623609678617,0.4775817503740224,0.48776849928349786,0.48480517196451395
16878,2025-12-08 10:46:00,2025-12-08/2025-12-14,0.4640312771002521,0.45919200266997023,0.4635479279476736,0.46125152155847754
16880,2025-12-08 11:21:00,2025-12-08/2025-12-14,0.3010781790244534,0.2992411781937947,0.303719320014941,0.30272635455409835
16882,2025-12-08 11:42:00,2025-12-08/2025-12-14,0.528612638421889,0.5297362913580503,0.5307222040570538,0.5334474320023944
16884,2025-12-08 12:33:00,2025-12-08/2025-12-14,0.29921600921750746,0.29716276326457264,0.2990293635442146,0.29839808401655515
16885,2025-12-08 12:44:00,2025-12-08/2025-12-14,0.48389459040068866,0.48726763501957343,0.48473987682823083,0.4896466019737619
16887,2025-12-08 13:54:00,2025-12-08/2025-12-14,0.48126890235263553,0.483135964363884,0.48641203878945505,0.4884594734177627
16890,2025-12-08 14:09:00,2025-12-08/2025-12-14,0.2956465526678413,0.2991874199262531,0.2928820537814692,0.2989393100845409
16891,2025-12-08 14:22:00,2025-12-08/2025-12-14,0.4446952747078545,0.4474595014747657,0.4381524387701919,0.4456003286224058
16895,2025-12-08 15:03:00,2025-12-08/2025-12-14,0.4821933127820178,0.48199693915147473,0.4822621592581301,0.4845229086362467
16896,2025-12-08 15:07:00,2025-12-08/2025-12-14,0.35373876016717515,0.3613707647742006,0.3533299647712649,0.3629863222598508
16898,2025-12-08 16:28:00,2025-12-08/2025-12-14,0.33217427664360405,0.4459098937602776,0.3331932236560934,0.4458471287758392
16901,2025-12-08 16:56:00,2025-12-08/2025-12-14,0.5107578527407016,0.5094229495968624,0.5086566845259756,0.5130379316118718
16902,2025-12-08 17:06:00,2025-12-08/2025-12-14,0.2950019704692366,0.2981381495555781,0.2918682575386083,0.29742987482371924
16915,2025-12-08 20:13:00,2025-12-08/2025-12-14,0.4493577491490185,0.44913099826574204,0.44742335123197924,0.4503779143152558
16916,2025-12-08 20:14:00,2025-12-08/2025-12-14,0.4676801314855152,0.46698011579349974,0.4666271881200185,0.46925021451476073
16917,2025-12-08 20:14:00,2025-12-08/2025-12-14,0.2978733128039756,0.29909359860069223,0.2968967606913759,0.3002237159224896
16919,2025-12-08 21:16:00,2025-12-08/2025-12-14,0.4445584643508113,0.35263646700143997,0.44448692336910234,0.35140386946538493
16922,2025-12-08 23:13:00,2025-12-08/2025-12-14,0.4547351308705968,0.4589344673604515,0.4544881335077972,0.4606743316039247
16923,2025-12-08 23:14:00,2025-12-08/2025-12-14,0.4427399758602864,0.44398841935086053,0.4423171940884089,0.44557715099653095
16925,2025-12-09 00:39:00,2025-12-08/2025-12-14,0.4756254477795722,0.4755691554509524,0.4758308118080629,0.4768815452659301
16926,2025-12-09 01:24:00,2025-12-08/2025-12-14,0.30836195100139174,0.3087944864538669,0.30718363682708344,0.3086825188340795
16930,2025-12-09 03:02:00,2025-12-08/2025-12-14,0.4677425800436698,0.36760755689429303,0.4682840311794429,0.36845363140917947
16931,2025-12-09 03:05:00,2025-12-08/2025-12-14,0.47898595829526747,0.4801398067325576,0.48081845402933954,0.4822704966989315
16933,2025-12-09 03:17:00,2025-12-08/2025-12-14,0.2991887738971411,0.29762548007021955,0.29831714286752814,0.2976423903777834
16934,2025-12-09 03:44:00,2025-12-08/2025-12-14,0.46276623898556013,0.4632090437871779,0.46108753495545435,0.46323777733017923
16936,2025-12-09 04:06:00,2025-12-08/2025-12-14,0.2964881079478896,0.2999615358843566,0.2922777824187322,0.2977200869470146
16937,2025-12-09 04:06:00,2025-12-08/2025-12-14,0.29820182623612523,0.2977484345959619,0.2979490752580326,0.2977895846836051
16938,2025-12-09 04:07:00,2025-12-08/2025-12-14,0.512923250105249,0.5156517169196847,0.5149698155102618,0.5170312793224277
16939,2025-12-09 04:07:00,2025-12-08/2025-12-14,0.4506437596482057,0.45411561175048576,0.444531022915753,0.4514469616900158
16943,2025-12-09 06:01:00,2025-12-08/2025-12-14,0.29792569775192207,0.3053876128419161,0.29680782420050167,0.30579712094724
16944,2025-12-09 06:33:00,2025-12-08/2025-12-14,0.5456244076603496,0.5446033036183487,0.5478961170517107,0.5483735921003009
16947,2025-12-09 07:02:00,2025-12-08/2025-12-14,0.3010043763302948,0.3085728045500378,0.2989781915558156,0.3066204697722103
16948,2025-12-09 07:23:00,2025-12-08/2025-12-14,0.46684043789717566,0.47228848840507276,0.4642762298362883,0.4717632647460223
16950,2025-12-09 07:40:00,2025-12-08/2025-12-14,0.37488881875091756,0.3629766816314444,0.3713537584062191,0.3685326154244144
16951,2025-12-09 07:46:00,2025-12-08/2025-12-14,0.5180947631187428,0.4838136101719626,0.5213561510720547,0.4823930221841389
16954,2025-12-09 08:45:00,2025-12-08/2025-12-14,0.4704610093072691,0.5875209950746954,0.47119762650176467,0.5883722627156835
16956,2025-12-09 09:05:00,2025-12-08/2025-12-14,0.46083255493663855,0.4621098776680532,0.46157250004643824,0.4632356988027783
16958,2025-12-09 09:28:00,2025-12-08/2025-12-14,0.2954664922219604,0.29922684306443714,0.2923753128489388,0.2976177498923512
16962,2025-12-09 11:17:00,2025-12-08/2025-12-14,0.32967244541465685,0.30093640787536197,0.3316137454657022,0.2985885299352325
16964,2025-12-09 12:11:00,2025-12-08/2025-12-14,0.44990957857865543,0.4512244992105719,0.44871459538075453,0.4512242059767389
16965,2025-12-09 12:14:00,2025-12-08/2025-12-14,0.3283427349869473,0.331994312128601,0.3296814569793751,0.3328766545852261
16966,2025-12-09 12:23:00,2025-12-08/2025-12-14,0.4568605072302241,0.42519097168825537,0.4554365584481053,0.4211660422743839
16967,2025-12-09 12:34:00,2025-12-08/2025-12-14,0.3015013641552827,0.3033007722033497,0.3005124153467789,0.3030564400045984
16971,2025-12-09 13:11:00,2025-12-08/2025-12-14,0.5125307411474137,0.5188693407642484,0.5083723931550238,0.520212199440216
16973,2025-12-09 13:22:00,2025-12-08/2025-12-14,0.3014451285924752,0.27450386109551905,0.30045499004846954,0.2710830462256355
16974,2025-12-09 13:27:00,2025-12-08/2025-12-14,0.46533240521304403,0.4660355043162922,0.46529787165327535,0.4671834072195396
16975,2025-12-09 14:09:00,2025-12-08/2025-12-14,0.5201774566796074,0.5252098443473814,0.5223601535242981,0.5270755117403072
16976,2025-12-09 14:46:00,2025-12-08/2025-12-14,0.4723252929267085,0.4702070751307809,0.473577521922501,0.47461776147908397
16981,2025-12-09 15:46:00,2025-12-08/2025-12-14,0.45294325845209815,0.45575205995954765,0.452701879156876,0.4560635198545848
16983,2025-12-09 16:38:00,2025-12-08/2025-12-14,0.2802717486585439,0.2859552771998996,0.2778085012548498,0.284960129516504
16984,2025-12-09 16:50:00,2025-12-08/2025-12-14,0.4490731607837129,0.4159429548455608,0.4479318011390442,0.41206545966209046
16985,2025-12-09 16:50:00,2025-12-08/2025-12-14,0.47513206236188044,0.44412141109855446,0.47417725722901244,0.4406716009657059
16987,2025-12-09 17:48:00,2025-12-08/2025-12-14,0.45114241537472455,0.4519652203341538,0.4496239014922759,0.45180329983784745
16988,2025-12-09 18:31:00,2025-12-08/2025-12-14,0.4914271784059672,0.513703195279298,0.4851912150485834,0.4944197905046284
16990,2025-12-09 18:34:00,2025-12-08/2025-12-14,0.2887080771822454,0.29044437623647457,0.2870453735188768,0.2901137892165154
16992,2025-12-09 18:38:00,2025-12-08/2025-12-14,0.43599633555597334,0.4369132733677283,0.4336922137999125,0.43666341541962744
16993,2025-12-09 18:43:00,2025-12-08/2025-12-14,0.27984005090263925,0.28056593212631536,0.2788371010025616,0.2805444790971102
17001,2025-12-09 18:58:00,2025-12-08/2025-12-14,0.445225384874961,0.4471841497866668,0.4420184102639172,0.44933798332933855
17003,2025-12-09 19:07:00,2025-12-08/2025-12-14,0.278191625661505,0.27918601794147885,0.27747882394126866,0.27930736024312475
17006,2025-12-09 20:10:00,2025-12-08/2025-12-14,0.28331268252087977,0.2848072321745218,0.282191731724863,0.28473647864065976
17007,2025-12-09 20:14:00,2025-12-08/2025-12-14,0.43988669052969825,0.4428799218073776,0.43790933387702813,0.44280623928323976
17008,2025-12-09 21:59:00,2025-12-08/2025-12-14,0.28692820966321303,0.288173882815772,0.2852926977174739,0.2878518670395011
17011,2025-12-09 22:07:00,2025-12-08/2025-12-14,0.2688490021392125,0.27001116629206723,0.26823859875641354,0.26944476309856713
17020,2025-12-10 04:07:00,2025-12-08/2025-12-14,0.3667291342167067,0.37445756982427564,0.3694596980094195,0.37449867769785705
17021,2025-12-10 04:07:00,2025-12-08/2025-12-14,0.532389866447073,0.5391640878899552,0.5348575606998576,0.5449828634198023
17022,2025-12-10 04:08:00,2025-12-08/2025-12-14,0.5309536389094814,0.535297874222659,0.5339410814715044,0.5378191551619289
17114,2025-12-10 05:53:00,2025-12-08/2025-12-14,0.33014870504476995,0.32743490474457176,0.3298475860703767,0.3274057017128339
17135,2025-12-10 06:11:00,2025-12-08/2025-12-14,0.5196507954329999,0.5197698558844422,0.5215107083063726,0.5205171821323286
17151,2025-12-10 06:23:00,2025-12-08/2025-12-14,0.3241544706361363,0.32845218805531434,0.32235884012994237,0.32684017783615193
17154,2025-12-10 06:47:00,2025-12-08/2025-12-14,0.5473643589930153,0.5494710394025123,0.5492934658637455,0.5507679092689469
17155,2025-12-10 07:22:00,2025-12-08/2025-12-14,0.4297116820408598,0.4310670581633195,0.43526273968657375,0.4335163661673209
17156,2025-12-10 07:31:00,2025-12-08/2025-12-14,0.3310770530490389,0.3304167891840633,0.33263924579154874,0.33125910345317094
17158,2025-12-10 07:40:00,2025-12-08/2025-12-14,0.5472818998034438,0.5454817436810735,0.5504529930702021,0.5497464119866831
17159,2025-12-10 07:54:00,2025-12-08/2025-12-14,0.43557128976240106,0.42199904154171175,0.4351776499506273,0.42314159638540316
17162,2025-12-10 08:12:00,2025-12-08/2025-12-14,0.41384477589265456,0.41601299521083446,0.42096681402723796,0.41790089443494705
17163,2025-12-10 08:14:00,2025-12-08/2025-12-14,0.3192540823811045,0.3155854885767714,0.3197960864604368,0.31585798952727623
17164,2025-12-10 08:20:00,2025-12-08/2025-12-14,0.36207808012964016,0.36321553214887625,0.3696513912913004,0.365119488613221
17165,2025-12-10 09:19:00,2025-12-08/2025-12-14,0.557865853066197,0.5560126139193178,0.5599807305596545,0.5596629674021796
17166,2025-12-10 09:29:00,2025-12-08/2025-12-14,0.4956237457376746,0.49496813375718773,0.49598554102772213,0.49576586340270273
17168,2025-12-10 09:34:00,2025-12-08/2025-12-14,0.5105131618496982,0.5136904003507482,0.5152638865496636,0.5179547019454775
17173,2025-12-10 09:44:00,2025-12-08/2025-12-14,0.32482582328072934,0.3263675687449814,0.3282197981503591,0.3264982951384772
17176,2025-12-10 10:33:00,2025-12-08/2025-12-14,0.4500509401827486,0.4375990873161198,0.4452308642023052,0.4324103068278055
17179,2025-12-10 10:55:00,2025-12-08/2025-12-14,0.573125091317233,0.5715173612468012,0.5757254022594793,0.57893016681477
17183,2025-12-10 11:17:00,2025-12-08/2025-12-14,0.5056070964865006,0.4682762857376353,0.5073513273364266,0.4663099943614026
17188,2025-12-10 14:15:00,2025-12-08/2025-12-14,0.5156136526886459,0.5185950292856767,0.5173518649154604,0.5190448378122352
17192,2025-12-10 15:20:00,2025-12-08/2025-12-14,0.36911695860772015,0.3378794846740631,0.37317182160469525,0.3343710302238077
17193,2025-12-10 15:29:00,2025-12-08/2025-12-14,0.3175291032823096,0.25302614478360547,0.3171284760669879,0.25068065699543
17194,2025-12-10 15:33:00,2025-12-08/2025-12-14,0.5647767820193169,0.544866802454813,0.5686761198931616,0.5437092364963124
17307,2025-12-11 15:03:00,2025-12-08/2025-12-14,0.4539910270321517,0.45842589831583297,0.4559230658590979,0.4624118959213931
17309,2025-12-11 15:14:00,2025-12-08/2025-12-14,0.26725582998821523,0.19485911896419486,0.2691822022668581,0.19426189507631883
17310,2025-12-11 15:19:00,2025-12-08/2025-12-14,0.4287589947231502,0.4279919945254681,0.43070944989921944,0.4278939675453722
17311,2025-12-11 15:35:00,2025-12-08/2025-12-14,0.41892968584375945,0.41860175456927057,0.4188518871143223,0.417351598118547
17312,2025-12-11 15:53:00,2025-12-08/2025-12-14,0.30144922028899224,0.3006319002500015,0.30590322030226436,0.29986922049770504
17313,2025-12-11 16:16:00,2025-12-08/2025-12-14,0.3392447459570147,0.3405425465101827,0.3411910523966688,0.3401391169018411
17314,2025-12-11 16:19:00,2025-12-08/2025-12-14,0.4232859809066321,0.4213713439596234,0.42537478185057226,0.42189629526331396
17316,2025-12-11 16:32:00,2025-12-08/2025-12-14,0.46625656762950923,0.4704635503804129,0.46565378872096574,0.47200754794306726
17320,2025-12-11 17:33:00,2025-12-08/2025-12-14,0.41037358794091466,0.41511969392837883,0.4055789231612698,0.41097867872017724
17321,2025-12-11 18:02:00,2025-12-08/2025-12-14,0.24626279328026596,0.2520873066483422,0.24436791367775498,0.2497650255614791
17322,2025-12-11 18:08:00,2025-12-08/2025-12-14,0.26273246989149046,0.2635206981198681,0.2622881533529853,0.2623409595888876
17327,2025-12-11 19:20:00,2025-12-08/2025-12-14,0.4523609644733496,0.45251099379276855,0.45596123574537434,0.4565269741775013
17333,2025-12-11 20:13:00,2025-12-08/2025-12-14,0.2575475740543683,0.25644339869156263,0.256990277683353,0.2552136418876546
17336,2025-12-11 20:43:00,2025-12-08/2025-12-14,0.23222651988876578,0.22998433646773622,0.23222344869178424,0.22935581804917018
17339,2025-12-11 21:21:00,2025-12-08/2025-12-14,0.24495680947095383,0.2436786591644534,0.24420365302173283,0.24223039182677444
17340,2025-12-11 21:23:00,2025-12-08/2025-12-14,0.45700691497628526,0.4715131019551163,0.4575491356110898,0.47027347498457234
17341,2025-12-11 21:24:00,2025-12-08/2025-12-14,0.28122825929480505,0.2867734400177432,0.28139068875854145,0.2832609874243726
17344,2025-12-11 21:28:00,2025-12-08/2025-12-14,0.25838893008165964,0.2608142266495467,0.25956704676276293,0.2603328979365212
17347,2025-12-11 21:57:00,2025-12-08/2025-12-14,0.26146595820388446,0.2648465042286124,0.26314520467504626,0.26474373489181596
17348,2025-12-11 22:36:00,2025-12-08/2025-12-14,0.2526267546509975,0.25978423888387436,0.25124919381560645,0.25764740603668335
17350,2025-12-11 22:38:00,2025-12-08/2025-12-14,0.25750426520846936,0.2577108720655804,0.2574405558108534,0.25672740146761225
17352,2025-12-11 23:03:00,2025-12-08/2025-12-14,0.4291338103984576,0.4395554621918531,0.4284551065070058,0.43896609479066784
17353,2025-12-11 23:34:00,2025-12-08/2025-12-14,0.4205089965455966,0.4189110174227929,0.42034224834465866,0.41847357949859154
17354,2025-12-11 23:35:00,2025-12-08/2025-12-14,0.4190965999787127,0.44479765466377597,0.4191571123867991,0.4459964003540866
17355,2025-12-12 00:31:00,2025-12-08/2025-12-14,0.2909919640067345,0.2943909552234097,0.29257154746831926,0.2945600327695574
17356,2025-12-12 00:32:00,2025-12-08/2025-12-14,0.5019949830659224,0.5038081642895323,0.5024477387519923,0.5043392034771597
17358,2025-12-12 01:13:00,2025-12-08/2025-12-14,0.2907220559517551,0.2887449478130216,0.28944046896672315,0.2878267800391771
17359,2025-12-12 01:14:00,2025-12-08/2025-12-14,0.2961203203027427,0.29380825774874314,0.29409572755122293,0.2925227537805868
17365,2025-12-12 01:44:00,2025-12-08/2025-12-14,0.4660875413918006,0.46763236329347513,0.46612765732427464,0.46821352739632854
17366,2025-12-12 01:59:00,2025-12-08/2025-12-14,0.4734453118954407,0.4768791050811875,0.47656848562510423,0.47962051915624865
17368,2025-12-12 03:50:00,2025-12-08/2025-12-14,0.43835811359200305,0.4441316328872861,0.43302644577230703,0.44046401960868076
17373,2025-12-12 04:05:00,2025-12-08/2025-12-14,0.29428357274121947,0.29131321459964876,0.29222419847820036,0.2900090415204194
17375,2025-12-12 04:07:00,2025-12-08/2025-12-14,0.4506359025739774,0.4509029847406552,0.4494669840932212,0.44993164493647786
17378,2025-12-12 04:17:00,2025-12-08/2025-12-14,0.46805357895682964,0.4650756439349483,0.46618547399924953,0.4646915503804414
17379,2025-12-12 04:18:00,2025-12-08/2025-12-14,0.5000144282312532,0.4994210181153998,0.4950134991829843,0.49963264740630137
17381,2025-12-12 04:28:00,2025-12-08/2025-12-14,0.4813210966734812,0.4800093583127459,0.47949537860976466,0.47874936694160053
17387,2025-12-12 05:10:00,2025-12-08/2025-12-14,0.29407321207116854,0.26498206320809414,0.2931003740060097,0.26097804359696375
17388,2025-12-12 05:15:00,2025-12-08/2025-12-14,0.2832563230763824,0.2871544777933942,0.2803722525255924,0.2859078451515923
17389,2025-12-12 05:17:00,2025-12-08/2025-12-14,0.46817091232838715,0.4652357417879083,0.4663054551523175,0.4648532497784021
17391,2025-12-12 05:23:00,2025-12-08/2025-12-14,0.2892899692447895,0.287262516061903,0.2881525975655974,0.2864153072380058
17395,2025-12-12 06:18:00,2025-12-08/2025-12-14,0.29655847862951373,0.2960965249934268,0.29598285956803433,0.29566155250586756
17396,2025-12-12 06:41:00,2025-12-08/2025-12-14,0.44750068190245595,0.4449450981266135,0.44594704058483253,0.44429595306753145
17399,2025-12-12 07:08:00,2025-12-08/2025-12-14,0.38358902976781356,0.3809009623368353,0.3844341371673474,0.38007066218523233
17400,2025-12-12 07:13:00,2025-12-08/2025-12-14,0.432034265146726,0.4309496435718024,0.4324576444985618,0.43063913528981673
17401,2025-12-12 07:18:00,2025-12-08/2025-12-14,0.29705567825571155,0.2958013568444239,0.29612809720187105,0.295189499660354
17403,2025-12-12 07:20:00,2025-12-08/2025-12-14,0.2840994744357201,0.2883889726044484,0.282043867639012,0.28768627685124526
17405,2025-12-12 11:05:00,2025-12-08/2025-12-14,0.4989345728910628,0.5018682139740334,0.49817989190871464,0.5017454950281212
17406,2025-12-12 11:06:00,2025-12-08/2025-12-14,0.4718672622558658,0.47117955835609404,0.4730198621769311,0.4724440404852728
17407,2025-12-12 11:06:00,2025-12-08/2025-12-14,0.40891067392157376,0.40484922574601695,0.40904268401348315,0.40617722954533264
17408,2025-12-12 11:17:00,2025-12-08/2025-12-14,0.48698628222361895,0.48897726598126773,0.4858089226627492,0.4875585289491335
17410,2025-12-12 11:20:00,2025-12-08/2025-12-14,0.3020313381214183,0.2717275579152281,0.300207984242051,0.26742400263962973
17414,2025-12-12 11:34:00,2025-12-08/2025-12-14,0.5082925479683289,0.5107784718147571,0.5116241558291458,0.5124846150664868
17415,2025-12-12 11:37:00,2025-12-08/2025-12-14,0.288998335059848,0.2865677162404591,0.2885418283225159,0.2861813189831204
17416,2025-12-12 11:45:00,2025-12-08/2025-12-14,0.48984493929119355,0.4922153296986872,0.48509045495856956,0.49205753949413444
17417,2025-12-12 11:52:00,2025-12-08/2025-12-14,0.452127373143362,0.44970329598441666,0.4500979388952746,0.4488224011221039
17419,2025-12-12 12:15:00,2025-12-08/2025-12-14,0.46934304234127155,0.4743995991278955,0.46807279238913213,0.47389630716195313
17420,2025-12-12 12:24:00,2025-12-08/2025-12-14,0.5432053048504364,0.5455748505975495,0.5431904306259707,0.5470133943489587
17421,2025-12-12 12:34:00,2025-12-08/2025-12-14,0.46412686687669263,0.4691788247997085,0.45979932399072043,0.46542214620382555
17422,2025-12-12 12:37:00,2025-12-08/2025-12-14,0.45503266949652693,0.450029528318092,0.44933830852776296,0.4522925666919473
17423,2025-12-12 12:47:00,2025-12-08/2025-12-14,0.49868377865342445,0.5062070313599653,0.4970306718872365,0.5046442064925412
17424,2025-12-12 12:49:00,2025-12-08/2025-12-14,0.4800208583841112,0.6024050865662295,0.4805009317306728,0.6014976328370905
17427,2025-12-12 12:55:00,2025-12-08/2025-12-14,0.4910180450177464,0.4943343149609483,0.4873567089855019,0.4924149612934513
17429,2025-12-12 13:14:00,2025-12-08/2025-12-14,0.4906096899721818,0.49129466132778193,0.4908605160180695,0.49264171823099445
17433,2025-12-12 13:24:00,2025-12-08/2025-12-14,0.2915225783962571,0.2944289151509152,0.29142910530684785,0.29399841617677086
17434,2025-12-12 13:36:00,2025-12-08/2025-12-14,0.47383567276346056,0.4799404995036339,0.4760469843974114,0.4815190131265073
17436,2025-12-12 13:43:00,2025-12-08/2025-12-14,0.2861768579620743,0.28619349318921244,0.28508268098185585,0.2851588644513412
17439,2025-12-12 13:52:00,2025-12-08/2025-12-14,0.3026967243314142,0.30259364701291086,0.2980688019325415,0.29952970854227645
17445,2025-12-12 15:14:00,2025-12-08/2025-12-14,0.3376969797445452,0.3363026113700527,0.3379954639999323,0.33581364105631517
17446,2025-12-12 15:16:00,2025-12-08/2025-12-14,0.28196998075995977,0.2809921029306738,0.280411228890592,0.27960526794810003
17448,2025-12-12 15:25:00,2025-12-08/2025-12-14,0.27930094324253407,0.2872456121374912,0.27639960943955777,0.284999570332904
17449,2025-12-12 15:35:00,2025-12-08/2025-12-14,0.3784789697227896,0.3818215416163454,0.3765389230107614,0.3821137302917661
17450,2025-12-12 15:50:00,2025-12-08/2025-12-14,0.550141842869138,0.5534322539611888,0.5498450528391755,0.5551912794104095
17453,2025-12-12 16:01:00,2025-12-08/2025-12-14,0.46982765189967324,0.47363873935281875,0.46897874437517384,0.47353051981149574
17454,2025-12-12 16:05:00,2025-12-08/2025-12-14,0.4347821108141929,0.44498657126624236,0.4308614411792678,0.44216371819582595
17455,2025-12-12 16:17:00,2025-12-08/2025-12-14,0.2859583470031172,0.25839558750311487,0.28501641598170974,0.25438133592695283
17457,2025-12-12 17:23:00,2025-12-08/2025-12-14,0.44198398104494097,0.4444053065996123,0.4413931161497027,0.4436690891312802
17459,2025-12-12 17:50:00,2025-12-08/2025-12-14,0.41009677497137037,0.4096697638045699,0.4087147883761755,0.4091531046511047
17460,2025-12-12 18:02:00,2025-12-08/2025-12-14,0.5275613145193508,0.5290122320736457,0.5272920963608896,0.5311974811008952
17462,2025-12-12 18:05:00,2025-12-08/2025-12-14,0.45163700350857766,0.4550376592839323,0.45346240913685576,0.45933399713683554
17466,2025-12-12 18:24:00,2025-12-08/2025-12-14,0.4129807349816994,0.41678555918311727,0.4076193103234916,0.41670447332370425
17467,2025-12-12 18:29:00,2025-12-08/2025-12-14,0.2689634806726896,0.2694269824872708,0.267184179670196,0.2681005677324711
17470,2025-12-12 18:39:00,2025-12-08/2025-12-14,0.27904817308073715,0.28042901560434064,0.27720170411577527,0.27928455534862845
17475,2025-12-12 19:40:00,2025-12-08/2025-12-14,0.30219279621361167,0.3059297589730615,0.2973362894450699,0.3029880460035373
17482,2025-12-12 20:04:00,2025-12-08/2025-12-14,0.4434734805187279,0.45603163956766246,0.4397383186288957,0.4551892168510372
17495,2025-12-12 20:59:00,2025-12-08/2025-12-14,0.3462551127815772,0.34960469985502085,0.3465928884527044,0.34928342750791985
17496,2025-12-12 21:09:00,2025-12-08/2025-12-14,0.4322124631625898,0.4337088134426119,0.42911738048400877,0.43220618800884053
17498,2025-12-12 21:17:00,2025-12-08/2025-12-14,0.47598412213188845,0.5978358746040702,0.4729511558864961,0.5990085850710568
17516,2025-12-13 01:01:00,2025-12-08/2025-12-14,0.3451824833279,0.34850888201809543,0.34651507285591093,0.34862668662690544
17518,2025-12-13 01:05:00,2025-12-08/2025-12-14,0.4375818920668777,0.4416289365672273,0.4364052676796506,0.4404385842566313
17544,2025-12-13 02:16:00,2025-12-08/2025-12-14,0.4362398756112378,0.4376349177609757,0.43331997019042234,0.43582375451404703
17545,2025-12-13 02:36:00,2025-12-08/2025-12-14,0.26844375899295314,0.26732667273733357,0.26603172507511885,0.2655184998856966
17546,2025-12-13 02:45:00,2025-12-08/2025-12-14,0.28388165615283945,0.28432916487422505,0.28167484998859077,0.282676270482383
17551,2025-12-13 03:09:00,2025-12-08/2025-12-14,0.37279442293332227,0.3774548521787353,0.37038254938579296,0.37482970885633904
17553,2025-12-13 04:03:00,2025-12-08/2025-12-14,0.5169532570543531,0.5210137632184879,0.5136479310550816,0.519963682866988
17554,2025-12-13 04:05:00,2025-12-08/2025-12-14,0.3068209925325778,0.282405172069506,0.30368167222841613,0.276588958890234
17555,2025-12-13 04:06:00,2025-12-08/2025-12-14,0.4323499104470065,0.40533429819613886,0.42575944436218527,0.3973536807462119
17556,2025-12-13 04:06:00,2025-12-08/2025-12-14,0.3099042502606741,0.25021906873783284,0.306664213488208,0.24608723576701702
17557,2025-12-13 04:07:00,2025-12-08/2025-12-14,0.46164672944411833,0.3878248003714158,0.45637702211024395,0.3819528530273739
17558,2025-12-13 04:08:00,2025-12-08/2025-12-14,0.39039863683643106,0.3892338295359276,0.3848348633784995,0.3898181579559772
17559,2025-12-13 04:08:00,2025-12-08/2025-12-14,0.3020167836752151,0.2769984078553105,0.29835919960282176,0.2707612474292731
17560,2025-12-13 04:09:00,2025-12-08/2025-12-14,0.46455997007042404,0.43475620270935633,0.4594428511249615,0.42756038708627975
17561,2025-12-13 04:10:00,2025-12-08/2025-12-14,0.308826608353253,0.24819120032179598,0.30462848882905663,0.24358588557152247
17562,2025-12-13 04:10:00,2025-12-08/2025-12-14,0.46056431534398234,0.4301887918634824,0.4551276614815881,0.4228827783960494
17563,2025-12-13 04:11:00,2025-12-08/2025-12-14,0.47851205929651125,0.448909995620995,0.47277130340520435,0.44196898627263465
17564,2025-12-13 04:12:00,2025-12-08/2025-12-14,0.5088780428426668,0.5017135576211085,0.501189000742016,0.5040839910973951
17565,2025-12-13 04:12:00,2025-12-08/2025-12-14,0.4599420083395475,0.49156764367090366,0.454518382703508,0.48967378330418937
17566,2025-12-13 04:13:00,2025-12-08/2025-12-14,0.4633054711498421,0.43351209032856414,0.4580633998867991,0.4261421838574272
17567,2025-12-13 04:13:00,2025-12-08/2025-12-14,0.46306991333523845,0.4333076354847696,0.45786546314048193,0.42595673948360796
17568,2025-12-13 04:14:00,2025-12-08/2025-12-14,0.46252850854126315,0.4320261185358265,0.4570949597729831,0.42483245466533837
17569,2025-12-13 04:15:00,2025-12-08/2025-12-14,0.3076675806543597,0.31491328280909825,0.3064213220021667,0.3138447078239245
17570,2025-12-13 04:16:00,2025-12-08/2025-12-14,0.306873493517143,0.2820169835819654,0.3032447363249312,0.2759339570605067
17571,2025-12-13 04:16:00,2025-12-08/2025-12-14,0.28387526940927077,0.2843204351757214,0.2816683467202832,0.2826674835197884
17572,2025-12-13 04:17:00,2025-12-08/2025-12-14,0.2836837074380622,0.28405861935657334,0.28147329111931974,0.28240395162076665
17573,2025-12-13 04:18:00,2025-12-08/2025-12-14,0.44855932791389364,0.46011982584517036,0.44445153739797316,0.4584871580869778
17574,2025-12-13 04:19:00,2025-12-08/2025-12-14,0.47896097505654606,0.4864647080464114,0.4774600472480978,0.4859201746397187
17575,2025-12-13 04:21:00,2025-12-08/2025-12-14,0.4720089063148753,0.44370446304595357,0.46754673759938575,0.4368274138666504
17576,2025-12-13 04:23:00,2025-12-08/2025-12-14,0.45803121887077763,0.4622509662466711,0.4558556963968169,0.46120313091491033
17577,2025-12-13 04:23:00,2025-12-08/2025-12-14,0.303316238395235,0.3081274055178214,0.3001711112291216,0.3049563256304613
17578,2025-12-13 04:24:00,2025-12-08/2025-12-14,0.4743108930235897,0.4418174573838801,0.46916564454150395,0.43520812103624024
17580,2025-12-13 04:25:00,2025-12-08/2025-12-14,0.28313424672519194,0.28511194263024625,0.2824067051881992,0.2841539984251855
17581,2025-12-13 04:34:00,2025-12-08/2025-12-14,0.45838283761207504,0.4617104915102418,0.45259827535608027,0.45825991915481823
17583,2025-12-13 04:43:00,2025-12-08/2025-12-14,0.2790962925857752,0.2801121600577582,0.27766121537969146,0.2788459509903509
17584,2025-12-13 04:43:00,2025-12-08/2025-12-14,0.3185786332582793,0.3207567337017217,0.32097278563631787,0.3196532517194118
17585,2025-12-13 04:44:00,2025-12-08/2025-12-14,0.2806125230865168,0.25402785384803084,0.278929000257388,0.24969944849024678
17586,2025-12-13 04:44:00,2025-12-08/2025-12-14,0.2784835593806715,0.27962286821781734,0.2771657655940554,0.2784155035808328
17588,2025-12-13 04:45:00,2025-12-08/2025-12-14,0.43600809604844093,0.4373181906899535,0.4330832117408952,0.4355041234561969
17607,2025-12-13 05:03:00,2025-12-08/2025-12-14,0.4497791863292675,0.45450381381821603,0.4454703076535537,0.4507192653894285
17615,2025-12-13 05:21:00,2025-12-08/2025-12-14,0.28307445278087945,0.2837109420412054,0.2810326238705046,0.2821406264916673
17616,2025-12-13 05:22:00,2025-12-08/2025-12-14,0.45018074288045584,0.4175902182847458,0.44396002556549474,0.41000520956670417
17617,2025-12-13 05:28:00,2025-12-08/2025-12-14,0.30246639788319934,0.2777263930816637,0.2992510274422407,0.2721091626012392
17624,2025-12-13 06:04:00,2025-12-08/2025-12-14,0.25848508829214584,0.25757143092771684,0.25743920681390003,0.25677231942618917
17629,2025-12-13 06:30:00,2025-12-08/2025-12-14,0.4563209412180371,0.46337524678267655,0.4530861451970398,0.46028697560271953
17630,2025-12-13 06:31:00,2025-12-08/2025-12-14,0.28098816025016465,0.28213406988757533,0.2801641676463464,0.281295605376997
17635,2025-12-13 06:44:00,2025-12-08/2025-12-14,0.344644468555319,0.346266019916658,0.3455916180623352,0.34627715939132603
17637,2025-12-13 06:54:00,2025-12-08/2025-12-14,0.5268820930282506,0.5260506413019421,0.5259444840538614,0.5274621939836912
17638,2025-12-13 06:54:00,2025-12-08/2025-12-14,0.3628251341554927,0.3644957009053886,0.36024803861797894,0.3625713996631511
17640,2025-12-13 07:49:00,2025-12-08/2025-12-14,0.3457180904296166,0.35900331284865555,0.34848579690697307,0.35494945653521676
17642,2025-12-13 08:00:00,2025-12-08/2025-12-14,0.4532445477846309,0.45411127686879743,0.45226745516323885,0.4539833688059152
17644,2025-12-13 08:11:00,2025-12-08/2025-12-14,0.2834448280984695,0.2840734722322974,0.2821441394176379,0.28299631791254926
17650,2025-12-13 08:23:00,2025-12-08/2025-12-14,0.3125542002693352,0.3174157665643633,0.3098740086255372,0.31511885410352564
17654,2025-12-13 09:00:00,2025-12-08/2025-12-14,0.35313159277343004,0.3561566350439008,0.35664713232120887,0.3550215903043485
17655,2025-12-13 09:07:00,2025-12-08/2025-12-14,0.34259370796986466,0.3434885470245369,0.34350121593844796,0.343476584864269
17661,2025-12-13 09:21:00,2025-12-08/2025-12-14,0.4403738318888332,0.4710530235968518,0.4386231672908262,0.4715155135477918
17665,2025-12-13 09:33:00,2025-12-08/2025-12-14,0.45306887123790185,0.4458968630069037,0.4503175448294444,0.44684852170331707
17669,2025-12-13 10:02:00,2025-12-08/2025-12-14,0.2786465950638326,0.27947870635717953,0.27797634764011503,0.27871629191976116
17671,2025-12-13 10:08:00,2025-12-08/2025-12-14,0.49493128494469985,0.49749929746582044,0.4963781360142579,0.5003049291768631
17672,2025-12-13 10:09:00,2025-12-08/2025-12-14,0.43025818398647603,0.4318346014113233,0.429044999720718,0.43101951865499094
17673,2025-12-13 10:24:00,2025-12-08/2025-12-14,0.45002178020281774,0.4587116067989573,0.44881693765209274,0.45790399072655114
17674,2025-12-13 10:35:00,2025-12-08/2025-12-14,0.30786357111144097,0.3381171548735207,0.30703192033562066,0.3272229271022435
17676,2025-12-13 10:44:00,2025-12-08/2025-12-14,0.28698928830276643,0.28885505062981187,0.28573417711017446,0.2878027429068971
17677,2025-12-13 10:45:00,2025-12-08/2025-12-14,0.4669907534641928,0.4708759000907797,0.46720084071647894,0.4713459308630533
17678,2025-12-13 10:45:00,2025-12-08/2025-12-14,0.44023834301957354,0.4434290344660602,0.4384846721064597,0.4423582344786743
17679,2025-12-13 10:56:00,2025-12-08/2025-12-14,0.2888049621319876,0.2847642088983158,0.285695944786295,0.2850978716116483
17683,2025-12-13 11:06:00,2025-12-08/2025-12-14,0.27823091341061545,0.27887528094126723,0.2775387622723354,0.27810155484021926
17685,2025-12-13 11:25:00,2025-12-08/2025-12-14,0.4336013395586723,0.43477229303013115,0.431855565407962,0.43369321228332813
17687,2025-12-13 11:31:00,2025-12-08/2025-12-14,0.4289128519644699,0.430334363638663,0.42779550072284334,0.42956541988939295
17689,2025-12-13 11:35:00,2025-12-08/2025-12-14,0.5024139662398129,0.5125028547587236,0.5071309894951777,0.508487726530492
17690,2025-12-13 11:37:00,2025-12-08/2025-12-14,0.49485712528056547,0.49747904304867924,0.4952543976590415,0.4975850016361235
17691,2025-12-13 11:43:00,2025-12-08/2025-12-14,0.470593680286065,0.4747780823285984,0.4700442777631191,0.47366569558992894
17692,2025-12-13 11:47:00,2025-12-08/2025-12-14,0.28359830849432066,0.2838183731544833,0.2821281156086211,0.2826561347341814
17693,2025-12-13 11:49:00,2025-12-08/2025-12-14,0.43783610507312326,0.4418713352477614,0.43241200735326013,0.4428706553152376
17695,2025-12-13 11:50:00,2025-12-08/2025-12-14,0.45776046418086624,0.4600955553377696,0.45843979614236857,0.46078381160701887
17697,2025-12-13 11:52:00,2025-12-08/2025-12-14,0.3756488827710853,0.3744354119616369,0.3747908237377037,0.37328226201697357
17698,2025-12-13 11:53:00,2025-12-08/2025-12-14,0.45518761024083565,0.4567095245325369,0.45701252440932966,0.4580261862296583
17699,2025-12-13 11:56:00,2025-12-08/2025-12-14,0.4694998432402649,0.4770580042246704,0.4704702392679555,0.4814784784145725
17701,2025-12-13 12:06:00,2025-12-08/2025-12-14,0.4618030042663741,0.4705372690981546,0.46317331543983636,0.47110706117036216
17702,2025-12-13 12:08:00,2025-12-08/2025-12-14,0.30079125175366245,0.3066262379088045,0.29635493940750723,0.30332976145977497
17704,2025-12-13 12:30:00,2025-12-08/2025-12-14,0.429621173605794,0.4334025193839887,0.42706100518526136,0.43151745757783744
17705,2025-12-13 12:30:00,2025-12-08/2025-12-14,0.429621173605794,0.4334025193839887,0.42706100518526136,0.43151745757783744
17708,2025-12-13 12:41:00,2025-12-08/2025-12-14,0.40048135786630995,0.3972091926218531,0.398054283761901,0.39847908576459495
17711,2025-12-13 12:46:00,2025-12-08/2025-12-14,0.45707773862651196,0.46927708409387825,0.4581570904098871,0.4700465774506763
17714,2025-12-13 12:49:00,2025-12-08/2025-12-14,0.4521256610746355,0.4239260755175417,0.4463176970174898,0.4163936665531828
17715,2025-12-13 12:50:00,2025-12-08/2025-12-14,0.2778311985645225,0.2829139998437184,0.2777571524340605,0.28187476699274344
17717,2025-12-13 12:54:00,2025-12-08/2025-12-14,0.39460960675980605,0.40349112989477337,0.3928570095625663,0.40356258918300936
17718,2025-12-13 13:05:00,2025-12-08/2025-12-14,0.27650887170217175,0.27914513787667444,0.27492662544056906,0.27759894373162486
17723,2025-12-13 13:25:00,2025-12-08/2025-12-14,0.4882915989184769,0.49515575299945297,0.4891061186842185,0.4948433177327408
17724,2025-12-13 13:26:00,2025-12-08/2025-12-14,0.27694221263661095,0.28076127878715773,0.2760483672964203,0.2793802490732755
17725,2025-12-13 13:38:00,2025-12-08/2025-12-14,0.27569464571147284,0.2784491819206145,0.2742524643720893,0.2769737808793892
17735,2025-12-13 13:51:00,2025-12-08/2025-12-14,0.4462529137378376,0.44799303580738614,0.44761003295528207,0.45176589321193633
17737,2025-12-13 14:05:00,2025-12-08/2025-12-14,0.44402111358117535,0.4476109544934738,0.44284632791141654,0.44697703671553013
17738,2025-12-13 14:09:00,2025-12-08/2025-12-14,0.4113212321655865,0.40949564723768594,0.40994258044324616,0.41139879910710203
17739,2025-12-13 14:10:00,2025-12-08/2025-12-14,0.46666233862744627,0.4663074786173991,0.4621527045060817,0.46918159025794814
17740,2025-12-13 14:14:00,2025-12-08/2025-12-14,0.27938753691657503,0.2826428091640402,0.27769173676396997,0.2810379305557617
17743,2025-12-13 14:37:00,2025-12-08/2025-12-14,0.4444030409512842,0.4567802198708045,0.4409978039153766,0.4543262914329612
17749,2025-12-13 15:07:00,2025-12-08/2025-12-14,0.2746021768950893,0.2774717606953696,0.27333161362954306,0.27608319470659215
17750,2025-12-13 15:07:00,2025-12-08/2025-12-14,0.2738431955673428,0.2768066188379983,0.2726968624202585,0.2754809219665617
17752,2025-12-13 15:08:00,2025-12-08/2025-12-14,0.42528474384147985,0.4293724919626969,0.4233379461937003,0.42779176815907954
17753,2025-12-13 15:09:00,2025-12-08/2025-12-14,0.46458668635460554,0.47054121897362383,0.46340534203106554,0.4689793136364106
17754,2025-12-13 15:09:00,2025-12-08/2025-12-14,0.2739798478775707,0.277015128721362,0.27284392411655656,0.2756946059186155
17756,2025-12-13 15:15:00,2025-12-08/2025-12-14,0.4489950370590402,0.4523903224767431,0.447179436785895,0.451440774964246
17758,2025-12-13 15:20:00,2025-12-08/2025-12-14,0.40381917498121045,0.4022637484053428,0.40244503137709614,0.4038909195560789
17772,2025-12-13 15:30:00,2025-12-08/2025-12-14,0.43028278005795717,0.36614593792912387,0.4239399490038773,0.35926653592566193
17778,2025-12-13 16:00:00,2025-12-08/2025-12-14,0.4338246512295595,0.44278959622866804,0.4338830439967246,0.44258250821105616
17780,2025-12-13 16:02:00,2025-12-08/2025-12-14,0.4918567001413834,0.5036247688328851,0.49014546313997703,0.5023320359967001
17785,2025-12-13 16:26:00,2025-12-08/2025-12-14,0.4129844983886685,0.41093793197162004,0.4113344906638129,0.4127094358590565
17788,2025-12-13 16:33:00,2025-12-08/2025-12-14,0.2769528802580509,0.2796310287380321,0.2753334725989463,0.27806592111159234
17794,2025-12-13 17:27:00,2025-12-08/2025-12-14,0.48762215140398096,0.4985868678553471,0.48359166695796185,0.49594209768113773
17796,2025-12-13 17:29:00,2025-12-08/2025-12-14,0.27737528841156844,0.28099538726492973,0.2763569143369527,0.27955129368266385
17813,2025-12-13 18:24:00,2025-12-08/2025-12-14,0.2706997169071822,0.274597866886596,0.2682343515417632,0.2728717533233331
17814,2025-12-13 18:40:00,2025-12-08/2025-12-14,0.4439538221099297,0.4510892735491907,0.4431672749271415,0.4509659752610295
17817,2025-12-13 18:56:00,2025-12-08/2025-12-14,0.43384047457063674,0.43963501032161273,0.4274563422092018,0.43570320577638666
17818,2025-12-13 19:31:00,2025-12-08/2025-12-14,0.23193405299738024,0.20493950298056124,0.22754712661377366,0.19992139735289108
17825,2025-12-13 20:53:00,2025-12-08/2025-12-14,0.4323649548658921,0.4378331843033435,0.42576099713517035,0.43394281994186246
17826,2025-12-13 21:14:00,2025-12-08/2025-12-14,0.4647643356154766,0.4769949671346818,0.46064535781286853,0.47412191626258865
17834,2025-12-14 00:43:00,2025-12-08/2025-12-14,0.4738067419634463,0.47345901403117685,0.47397674898127307,0.4765488741525114
17835,2025-12-14 00:59:00,2025-12-08/2025-12-14,0.26712890458070265,0.2672153058213143,0.26628796498241436,0.2670342084466157
17836,2025-12-14 01:12:00,2025-12-08/2025-12-14,0.43388657766667166,0.43417076206601074,0.4333722040330958,0.4350883835810815
17838,2025-12-14 01:13:00,2025-12-08/2025-12-14,0.43532010558323103,0.4377607616302949,0.4310489409194034,0.43591744993535064
17841,2025-12-14 01:21:00,2025-12-08/2025-12-14,0.3920619978039839,0.3290794375122751,0.39204865507123376,0.3282587487490816
17843,2025-12-14 01:37:00,2025-12-08/2025-12-14,0.3246778474994159,0.3328015850039277,0.3290608624096589,0.3338997391996698
17845,2025-12-14 01:45:00,2025-12-08/2025-12-14,0.4337080339843764,0.4341814438438068,0.43328440697057197,0.4351448224241283
17846,2025-12-14 01:45:00,2025-12-08/2025-12-14,0.41567298390584906,0.41660048948073314,0.4143823772007735,0.4165619587161948
17847,2025-12-14 01:47:00,2025-12-08/2025-12-14,0.41767528557167993,0.4192492418602233,0.41639638175421984,0.4192216979859369
17850,2025-12-14 02:19:00,2025-12-08/2025-12-14,0.4715436743819482,0.48229134014745556,0.47077544230638607,0.4825704413748268
17852,2025-12-14 02:43:00,2025-12-08/2025-12-14,0.4153999639390771,0.4161397255184961,0.4140706703890507,0.4160808285265216
17853,2025-12-14 02:44:00,2025-12-08/2025-12-14,0.43387886083433347,0.43416022272961563,0.4333643113698438,0.4350777324657077
17854,2025-12-14 02:44:00,2025-12-08/2025-12-14,0.3821372811491653,0.3765156061220886,0.378705858198711,0.37575371422685905
17855,2025-12-14 02:44:00,2025-12-08/2025-12-14,0.41562504638680964,0.4164472535377107,0.41430073120333427,0.41639145417153733
17859,2025-12-14 04:03:00,2025-12-08/2025-12-14,0.28847441464831575,0.29062993241891816,0.28548726205487085,0.28918681718822636
17860,2025-12-14 04:03:00,2025-12-08/2025-12-14,0.2896622851298188,0.2939393512461942,0.2879356984646309,0.2927626875794062
17861,2025-12-14 04:04:00,2025-12-08/2025-12-14,0.4982988160515724,0.5027454287288442,0.4977487306077783,0.5053018104887318
17862,2025-12-14 04:05:00,2025-12-08/2025-12-14,0.43869494383987395,0.4418824767120069,0.43484833559408487,0.44022021707903186
17863,2025-12-14 04:06:00,2025-12-08/2025-12-14,0.43918415806237426,0.4425085040771588,0.43533185587871853,0.440844361975609
17864,2025-12-14 04:06:00,2025-12-08/2025-12-14,0.2163342137049906,0.2115215202414858,0.2119640035722626,0.21109669391162245
17866,2025-12-14 04:06:00,2025-12-08/2025-12-14,0.4441991189152726,0.4483641668018725,0.44061897111007436,0.44680707036316697
17867,2025-12-14 04:08:00,2025-12-08/2025-12-14,0.35213476513458997,0.35630888066977323,0.3514319488990817,0.35547258906727336
17868,2025-12-14 04:09:00,2025-12-08/2025-12-14,0.4405658539369243,0.44439847770846685,0.4367426950241886,0.4427519787947721
17874,2025-12-14 04:23:00,2025-12-08/2025-12-14,0.3346181543818842,0.3344677535462748,0.33465600990887306,0.3347767457035305
17875,2025-12-14 04:30:00,2025-12-08/2025-12-14,0.2793546450867509,0.28191782600377696,0.2768430298885096,0.2798247146094188
17876,2025-12-14 04:31:00,2025-12-08/2025-12-14,0.40380107108617286,0.41215529441948295,0.40103057070180154,0.4117431363356187
17877,2025-12-14 04:44:00,2025-12-08/2025-12-14,0.41184107708950085,0.41326340271679585,0.41117179221279054,0.41353139843193143
17879,2025-12-14 04:48:00,2025-12-08/2025-12-14,0.433863427265842,0.4341391442354505,0.43334852614476893,0.43505643041476444
17881,2025-12-14 04:58:00,2025-12-08/2025-12-14,0.43672697118786735,0.43958838560393826,0.4324492636912781,0.43774462427475597
17882,2025-12-14 05:14:00,2025-12-08/2025-12-14,0.30253318033399357,0.3037571325468822,0.3058460014151598,0.3040063136921044
17884,2025-12-14 05:27:00,2025-12-08/2025-12-14,0.3294599796049763,0.32976249619083003,0.3302477844566662,0.33043993765656043
17885,2025-12-14 05:53:00,2025-12-08/2025-12-14,0.42161454480202765,0.4206193038789763,0.4218415332824753,0.4217889322525412
17887,2025-12-14 06:02:00,2025-12-08/2025-12-14,0.4332643034897366,0.43667689571278917,0.43358562285417596,0.43768683193773095
17888,2025-12-14 06:03:00,2025-12-08/2025-12-14,0.26679157470281967,0.2669383879399334,0.266772477892546,0.267285975047478
17889,2025-12-14 06:11:00,2025-12-08/2025-12-14,0.5022605211121848,0.5077552549251422,0.5029043578744988,0.5109092784927391
17891,2025-12-14 06:35:00,2025-12-08/2025-12-14,0.46842631885503383,0.4712637872961918,0.46585584939895336,0.47379795595192814
17892,2025-12-14 06:35:00,2025-12-08/2025-12-14,0.44038248556265214,0.44461357433923926,0.4371475261459585,0.4434490842454494
17893,2025-12-14 06:44:00,2025-12-08/2025-12-14,0.4156019968155736,0.4167390817026014,0.41534225874973907,0.41736329880807843
17894,2025-12-14 06:48:00,2025-12-08/2025-12-14,0.2617654372382196,0.26208356185740445,0.26237680746574205,0.2627372362559703
17898,2025-12-14 07:14:00,2025-12-08/2025-12-14,0.4286935942601638,0.4291693899444024,0.4315754605952129,0.431702035586158
17899,2025-12-14 07:16:00,2025-12-08/2025-12-14,0.260225967271689,0.2638637366585565,0.262852946941322,0.2651559167438218
17904,2025-12-14 07:46:00,2025-12-08/2025-12-14,0.2806345607183305,0.28083103331037595,0.28134885824920414,0.2805219845409896
17906,2025-12-14 07:51:00,2025-12-08/2025-12-14,0.4196770691805103,0.41931157705161276,0.4229776454341133,0.42218560805992694
17907,2025-12-14 07:53:00,2025-12-08/2025-12-14,0.4276901461946549,0.43494624078909006,0.4316208795470007,0.43865927872591565
17908,2025-12-14 07:56:00,2025-12-08/2025-12-14,0.46478226559763813,0.4752172258838458,0.46554251492131576,0.47696859344962494
17909,2025-12-14 08:05:00,2025-12-08/2025-12-14,0.2807045848211656,0.28155385762311413,0.27806643664080855,0.2804594312275396
17910,2025-12-14 08:11:00,2025-12-08/2025-12-14,0.3484281268137549,0.3522474240091863,0.3484330782931137,0.35413527784195775
17913,2025-12-14 08:28:00,2025-12-08/2025-12-14,0.26249364836498396,0.2627029341489262,0.26298271785528743,0.26329639324859616
17916,2025-12-14 08:35:00,2025-12-08/2025-12-14,0.41542672903033695,0.41649000565731803,0.4151594222420892,0.41710988341298755
17919,2025-12-14 08:40:00,2025-12-08/2025-12-14,0.4275642192720339,0.42751873646587796,0.426750991373964,0.430792493552823
17920,2025-12-14 08:43:00,2025-12-08/2025-12-14,0.38393134193412,0.38039537568169524,0.3827340654211494,0.38048562909471406
17923,2025-12-14 09:03:00,2025-12-08/2025-12-14,0.3293211737888253,0.329708722857854,0.3310175558136562,0.3309735863838159
17924,2025-12-14 09:04:00,2025-12-08/2025-12-14,0.3293177043168046,0.32970398228356046,0.33101399704178414,0.33096878857065715
17925,2025-12-14 09:11:00,2025-12-08/2025-12-14,0.47926522592247345,0.48795791629950924,0.4776967025395625,0.4881080730521317
17927,2025-12-14 09:36:00,2025-12-08/2025-12-14,0.43342248639410563,0.4313631910347073,0.4311934218463135,0.43635267868730426
17930,2025-12-14 09:48:00,2025-12-08/2025-12-14,0.44174361043231297,0.4432961185164285,0.44453279019290365,0.4460718858609899
17931,2025-12-14 09:49:00,2025-12-08/2025-12-14,0.5203406321505651,0.532957992212525,0.5268986283087251,0.5363339645532907
17933,2025-12-14 09:54:00,2025-12-08/2025-12-14,0.4095732108831932,0.4105622654892066,0.4099420700917912,0.4114903605012509
17934,2025-12-14 09:54:00,2025-12-08/2025-12-14,0.2658983527832702,0.2657186956468467,0.2658587137132413,0.2660529446905079
17935,2025-12-14 09:55:00,2025-12-08/2025-12-14,0.29598080390602655,0.2974352246509697,0.2967635294859067,0.2977507640665823
17936,2025-12-14 09:57:00,2025-12-08/2025-12-14,0.4135747221366124,0.414042329849804,0.41329584995494,0.4146512258401196
17938,2025-12-14 10:06:00,2025-12-08/2025-12-14,0.32379561894806314,0.3264018544661607,0.3272163647352867,0.3278673621205958
17939,2025-12-14 10:07:00,2025-12-08/2025-12-14,0.26589876417073144,0.26597244636269973,0.2659535066647384,0.266354898997867
17940,2025-12-14 10:09:00,2025-12-08/2025-12-14,0.5039811696277726,0.51654492570465,0.5108789692770904,0.5148436366314386
17941,2025-12-14 10:34:00,2025-12-08/2025-12-14,0.39495214663281475,0.3902317965732392,0.39598534811085445,0.39462170213329806
17942,2025-12-14 10:44:00,2025-12-08/2025-12-14,0.3044288543374918,0.3056090191008641,0.3083485356291957,0.3062852790754074
17943,2025-12-14 10:45:00,2025-12-08/2025-12-14,0.284179789852357,0.2885422730248866,0.2839245232360898,0.2888628975591799
17944,2025-12-14 11:03:00,2025-12-08/2025-12-14,0.3966519249601071,0.395649008397488,0.3962678975610734,0.3959535893313206
17946,2025-12-14 11:06:00,2025-12-08/2025-12-14,0.4130064917168706,0.41389816988850253,0.41295003256355745,0.4146188937250207
17947,2025-12-14 11:10:00,2025-12-08/2025-12-14,0.31692311113404986,0.3175925628880899,0.3197092021440142,0.3191166956919673
17948,2025-12-14 11:13:00,2025-12-08/2025-12-14,0.374218967696169,0.3799833840177089,0.37523921586164477,0.3825872033549857
17949,2025-12-14 11:16:00,2025-12-08/2025-12-14,0.35246295184236603,0.35620762706445475,0.35580195862074476,0.3604753412889901
17950,2025-12-14 11:19:00,2025-12-08/2025-12-14,0.428302322572013,0.5498937640772814,0.42471316443014145,0.547534957840657
17954,2025-12-14 11:37:00,2025-12-08/2025-12-14,0.41322126730633774,0.41382689459824373,0.4130339048622121,0.414481463312296
17956,2025-12-14 11:46:00,2025-12-08/2025-12-14,0.4531379031322677,0.4603959169724511,0.4548129159775004,0.4625790639862968
17959,2025-12-14 12:03:00,2025-12-08/2025-12-14,0.4087857969828978,0.4123883335617497,0.408005353762642,0.41235333458760304
17964,2025-12-14 12:29:00,2025-12-08/2025-12-14,0.2809733540720537,0.2849141504490816,0.27805290424529877,0.2830944847536899
17965,2025-12-14 12:38:00,2025-12-08/2025-12-14,0.2957833097753407,0.4152721817178221,0.2946751528441004,0.4127069103495699
17967,2025-12-14 12:47:00,2025-12-08/2025-12-14,0.47742368030778903,0.49275585024898677,0.47948493344047377,0.4958547911897444
17970,2025-12-14 12:56:00,2025-12-08/2025-12-14,0.261583262700275,0.26380134903104063,0.2611536593411007,0.2636233268255107
17971,2025-12-14 12:57:00,2025-12-08/2025-12-14,0.4821469305322761,0.4937703430369718,0.4857654143032012,0.4962189605727014
17972,2025-12-14 13:26:00,2025-12-08/2025-12-14,0.4363028191229833,0.44251593688824653,0.4354989826247551,0.44287401288889416
17974,2025-12-14 13:32:00,2025-12-08/2025-12-14,0.40581515835985543,0.4093997989976629,0.40536846617643574,0.4095278672938765
17977,2025-12-14 13:47:00,2025-12-08/2025-12-14,0.30740170598929706,0.30895029541878477,0.30888612442420177,0.30963310818866474
17978,2025-12-14 13:48:00,2025-12-08/2025-12-14,0.25873908073614865,0.26114235128291013,0.25870740079901977,0.2611614393005864
17979,2025-12-14 14:06:00,2025-12-08/2025-12-14,0.40551704731174615,0.40897998672677166,0.4048979236437839,0.40884062209313277
17980,2025-12-14 14:17:00,2025-12-08/2025-12-14,0.31226156928700916,0.31461011129250893,0.31396922194933247,0.3153799652906163
17981,2025-12-14 14:20:00,2025-12-08/2025-12-14,0.3972513253434783,0.39476992629928076,0.39667605590028754,0.3979904101680446
17982,2025-12-14 14:27:00,2025-12-08/2025-12-14,0.25799240670028484,0.26051972369700366,0.25809282612830775,0.26060472607272656
17985,2025-12-14 14:38:00,2025-12-08/2025-12-14,0.3201823232188988,0.3231472139109674,0.32184956458671005,0.324036835307795
17986,2025-12-14 14:40:00,2025-12-08/2025-12-14,0.2595959672401602,0.2619032853648814,0.25942972221004396,0.2618554730001861
17987,2025-12-14 14:45:00,2025-12-08/2025-12-14,0.3930783393693755,0.3906829603091484,0.3930050965942037,0.39413736427967727
17988,2025-12-14 14:47:00,2025-12-08/2025-12-14,0.45721670739535136,0.4657258357736459,0.4591402459357304,0.4672081321845377
17989,2025-12-14 14:48:00,2025-12-08/2025-12-14,0.5254028569667494,0.5219492804444101,0.5252511319234904,0.5249225888900014
17991,2025-12-14 14:54:00,2025-12-08/2025-12-14,0.40480852793559086,0.40848147680363245,0.40450986693353336,0.4086826210966915
17992,2025-12-14 14:59:00,2025-12-08/2025-12-14,0.25857007190937387,0.2609778224002472,0.2585595623309449,0.26100736238968575
17993,2025-12-14 15:06:00,2025-12-08/2025-12-14,0.2756826989483121,0.2812348589348193,0.27431107002083055,0.2801959504067523
17997,2025-12-14 15:22:00,2025-12-08/2025-12-14,0.4401949516683499,0.44851557115595164,0.4433938063112085,0.45117777113115803
17998,2025-12-14 16:45:00,2025-12-08/2025-12-14,0.2887916228727265,0.2956022513826984,0.28730580248545395,0.29441713287252247
18007,2025-12-14 19:28:00,2025-12-08/2025-12-14,0.40780067853007845,0.4124292549849342,0.40512826178720246,0.4139917010610183
18010,2025-12-14 19:30:00,2025-12-08/2025-12-14,0.4568964800897257,0.4627982005252285,0.45773307456123996,0.46608358680571543
18014,2025-12-14 20:35:00,2025-12-08/2025-12-14,0.3904659968152565,0.394274016317908,0.38939055375998166,0.39438228072597326
18015,2025-12-14 21:44:00,2025-12-08/2025-12-14,0.41642933808328175,0.4214975361093822,0.41746581289141205,0.4232288898542503
18023,2025-12-15 02:43:00,2025-12-15/2025-12-21,0.4781971654495613,0.47496398359437253,0.4772655561419124,0.47693204046548426
18025,2025-12-15 03:33:00,2025-12-15/2025-12-21,0.37381062006048393,0.37089410785256444,0.37011397811060337,0.37654318337251635
18026,2025-12-15 04:36:00,2025-12-15/2025-12-21,0.5169824116814052,0.5163766028657168,0.5177058142398848,0.5179908108320949
18028,2025-12-15 05:43:00,2025-12-15/2025-12-21,0.48331809484275573,0.480545616840855,0.4816303928611931,0.48235714953031633
18029,2025-12-15 05:57:00,2025-12-15/2025-12-21,0.5411639061610517,0.5278239834068706,0.5381404464255676,0.5266284640369107
18030,2025-12-15 06:02:00,2025-12-15/2025-12-21,0.31646517407228886,0.31325076712742944,0.3174353907841999,0.3157482692606994
18032,2025-12-15 07:49:00,2025-12-15/2025-12-21,0.33139461520119584,0.32980157819366723,0.33146631920467196,0.33161841619908816
18033,2025-12-15 08:18:00,2025-12-15/2025-12-21,0.5296091706024438,0.5260062825762675,0.527542013757602,0.5274172986902301
18035,2025-12-15 08:32:00,2025-12-15/2025-12-21,0.5315892984894736,0.5487742224973603,0.5334520687329586,0.5504917007428782
18037,2025-12-15 09:21:00,2025-12-15/2025-12-21,0.4934500987167129,0.48433878478103903,0.493108595867839,0.4871436674190735
18038,2025-12-15 09:39:00,2025-12-15/2025-12-21,0.5145426051688573,0.5101458725247704,0.5119054935126651,0.5115725476854981
18695,2025-12-16 10:41:00,2025-12-15/2025-12-21,0.49561374230797545,0.49917060716898604,0.4936993260555516,0.4981293286607041
18696,2025-12-16 10:42:00,2025-12-15/2025-12-21,0.5176639305080568,0.5183292073079085,0.5167118133358857,0.5179834171554496
18704,2025-12-16 10:55:00,2025-12-15/2025-12-21,0.31331494230870177,0.3145603961976935,0.31406784285659284,0.3145236639730381
18705,2025-12-16 10:56:00,2025-12-15/2025-12-21,0.32560571224250495,0.3279675531168369,0.3245262546571254,0.3267228843765139
18714,2025-12-16 11:17:00,2025-12-15/2025-12-21,0.4775532172072536,0.4414331415025831,0.48058436323488685,0.43914605432935006
18732,2025-12-16 11:32:00,2025-12-15/2025-12-21,0.36998569511801066,0.34069382400167336,0.3716475267303085,0.33625911322994956
18750,2025-12-16 12:22:00,2025-12-15/2025-12-21,0.37773260241768647,0.37936288696727155,0.37777735942803803,0.3812291416833003
18751,2025-12-16 12:38:00,2025-12-15/2025-12-21,0.495668542321783,0.5024237245555435,0.4945342695421994,0.501493252355682
18754,2025-12-16 13:09:00,2025-12-15/2025-12-21,0.331100768099742,0.33426711807977016,0.3284813782072403,0.33180677702894407
18757,2025-12-16 14:16:00,2025-12-15/2025-12-21,0.4677281871599165,0.4812550089194859,0.4693489923623191,0.4825598278510753
18759,2025-12-16 14:24:00,2025-12-15/2025-12-21,0.5186573743569505,0.4878959427407999,0.5189202816664608,0.4830356125493987
18760,2025-12-16 14:44:00,2025-12-15/2025-12-21,0.48562357365449765,0.45150337308415966,0.482677049827726,0.4447580900181593
18763,2025-12-16 14:48:00,2025-12-15/2025-12-21,0.32439089455711057,0.33515165803173597,0.32584572823513763,0.33525386716008654
18764,2025-12-16 14:57:00,2025-12-15/2025-12-21,0.4531750345685197,0.4618949749219648,0.44913885155312305,0.45922204616255513
18767,2025-12-16 15:02:00,2025-12-15/2025-12-21,0.334523369031551,0.33588607306712576,0.3361715222034179,0.33618694176240305
18768,2025-12-16 15:07:00,2025-12-15/2025-12-21,0.49740170927810284,0.4477424545926517,0.4952170557117599,0.44423676997877265
18775,2025-12-16 15:14:00,2025-12-15/2025-12-21,0.4961806718142904,0.4996018408086342,0.49342391200230185,0.4978442110463558
18777,2025-12-16 15:36:00,2025-12-15/2025-12-21,0.5056046180232239,0.510992987589042,0.5086223747316777,0.514304689215347
18778,2025-12-16 15:47:00,2025-12-15/2025-12-21,0.3190666180749358,0.3214902280572577,0.31890951048311195,0.32070497631953176
18779,2025-12-16 15:50:00,2025-12-15/2025-12-21,0.4666149573485298,0.46376147089961217,0.4663764190106668,0.4643438384763317
18780,2025-12-16 16:24:00,2025-12-15/2025-12-21,0.42142625344828705,0.4295197549044939,0.42343659903652325,0.4302982159654601
18781,2025-12-16 16:44:00,2025-12-15/2025-12-21,0.3157652319120436,0.2952090562859203,0.3176399693541988,0.29556431769200514
18799,2025-12-16 19:31:00,2025-12-15/2025-12-21,0.47631995496268964,0.4816646207242099,0.47425349365752395,0.48078287300864836
18800,2025-12-16 19:33:00,2025-12-15/2025-12-21,0.39929454986083607,0.407304010361297,0.40118108639539213,0.4087546570420262
18808,2025-12-16 20:03:00,2025-12-15/2025-12-21,0.4718386046352302,0.4714122714570272,0.47206238639536147,0.4681784890036106
18823,2025-12-16 22:43:00,2025-12-15/2025-12-21,0.4894622273294549,0.49627799695162017,0.4923749062883413,0.49756005922117186
18829,2025-12-16 23:27:00,2025-12-15/2025-12-21,0.4701408593246871,0.4717871641123381,0.4694727073897851,0.47367564877118307
18830,2025-12-16 23:29:00,2025-12-15/2025-12-21,0.3986824992670905,0.40531602170303815,0.3976424177458271,0.4050742423184849
18832,2025-12-16 23:47:00,2025-12-15/2025-12-21,0.2956110231695811,0.2990881117605897,0.2960608508805042,0.2992889743391728
18834,2025-12-17 01:25:00,2025-12-15/2025-12-21,0.48595524880231855,0.49574848740773875,0.48617162555435395,0.49556887218355006
18838,2025-12-17 02:45:00,2025-12-15/2025-12-21,0.5118045689929417,0.6388163003345334,0.5086748305665115,0.6336838576553473
18839,2025-12-17 03:26:00,2025-12-15/2025-12-21,0.41718897894723184,0.5504700845347973,0.41534789359478225,0.5458254995320907
18841,2025-12-17 04:04:00,2025-12-15/2025-12-21,0.5150563411779187,0.5160569294410607,0.5121025501286718,0.514041884963201
18845,2025-12-17 04:14:00,2025-12-15/2025-12-21,0.5496838000183604,0.6659794429270678,0.5507517443073124,0.6623308575432529
18847,2025-12-17 04:42:00,2025-12-15/2025-12-21,0.3309125294973851,0.29874860302980116,0.33122381612112134,0.2939745291940668
18849,2025-12-17 05:25:00,2025-12-15/2025-12-21,0.5530427986522023,0.5202274591406026,0.5523395811961747,0.5128521462756691
18852,2025-12-17 06:00:00,2025-12-15/2025-12-21,0.3584798108175302,0.27973696115318725,0.35764088488642026,0.27449735246356705
18856,2025-12-17 06:49:00,2025-12-15/2025-12-21,0.47289668295837956,0.4055671589371356,0.4712264597939133,0.40271348150148534
18859,2025-12-17 07:09:00,2025-12-15/2025-12-21,0.5069314923188203,0.5089974066483748,0.5106483082861364,0.511440591780622
18861,2025-12-17 07:37:00,2025-12-15/2025-12-21,0.47003504754715847,0.4648022802481924,0.46998462612718245,0.4652100265776077
18862,2025-12-17 08:12:00,2025-12-15/2025-12-21,0.534327822719271,0.44620670042599736,0.5338021381293656,0.44063941275170626
18865,2025-12-17 08:25:00,2025-12-15/2025-12-21,0.36524372021563467,0.36743448126252143,0.368116693172724,0.3621138949961704
18869,2025-12-17 09:04:00,2025-12-15/2025-12-21,0.5211704907647926,0.5170093186426096,0.5200410653100419,0.5175028218263112
18870,2025-12-17 09:06:00,2025-12-15/2025-12-21,0.4783096148099277,0.47499993581558403,0.4784819874823885,0.4753942875511713
18871,2025-12-17 09:40:00,2025-12-15/2025-12-21,0.5199390088297522,0.64853784813438,0.5189835690570477,0.6446571087383908
18872,2025-12-17 09:42:00,2025-12-15/2025-12-21,0.511557646179277,0.6410976359869758,0.5152424103972301,0.640233022321119
18878,2025-12-17 10:36:00,2025-12-15/2025-12-21,0.6278349448338454,0.592175418793052,0.6308755894474549,0.5884768886776243
18880,2025-12-17 10:40:00,2025-12-15/2025-12-21,0.4726145412802944,0.4437246109012682,0.4739658690803809,0.4391973631093088
18884,2025-12-17 11:06:00,2025-12-15/2025-12-21,0.35107464522701815,0.351162944086364,0.3495011574950989,0.3492768471044838
18885,2025-12-17 11:11:00,2025-12-15/2025-12-21,0.5376252401227978,0.6618690051824269,0.5364971916462933,0.6580677056849181
18888,2025-12-17 11:51:00,2025-12-15/2025-12-21,0.37177323572726884,0.37772249668259955,0.37523016866503883,0.3791398434042565
18891,2025-12-17 12:41:00,2025-12-15/2025-12-21,0.5471545105339023,0.5410394768893491,0.5449786102478832,0.5312301352363201
18895,2025-12-17 13:13:00,2025-12-15/2025-12-21,0.5330144735964546,0.5391347230441988,0.5322651615177775,0.5387070459727475
18898,2025-12-17 14:14:00,2025-12-15/2025-12-21,0.44302831390631614,0.41786557744610464,0.4456603404528341,0.4198672416126791
18945,2025-12-17 17:42:00,2025-12-15/2025-12-21,0.4775225165988293,0.4873307440744736,0.4754938401952012,0.48587502458532267
18946,2025-12-17 17:43:00,2025-12-15/2025-12-21,0.5301187596755885,0.5342266592588268,0.5275220007869806,0.5324148817459966
18979,2025-12-17 22:30:00,2025-12-15/2025-12-21,0.5154277235390903,0.48929031346993385,0.5141072509635066,0.488835505201402
18990,2025-12-17 22:53:00,2025-12-15/2025-12-21,0.48939659438996325,0.4013221712639879,0.492804101098855,0.3991701455062702
18991,2025-12-17 22:56:00,2025-12-15/2025-12-21,0.377529088417657,0.3527989588304292,0.380216706042789,0.35446595962423
19017,2025-12-17 23:48:00,2025-12-15/2025-12-21,0.4881718624211379,0.45841712388853195,0.4852460235223487,0.4522439762912073
19120,2025-12-18 15:01:00,2025-12-15/2025-12-21,0.2619435058841629,0.2648704558330489,0.2577189722532076,0.2613664309464266
19121,2025-12-18 15:02:00,2025-12-15/2025-12-21,0.41127106672158187,0.4174541716199985,0.40630857603812126,0.41401756843488147
19122,2025-12-18 15:02:00,2025-12-15/2025-12-21,0.5268059846838841,0.5258752984720279,0.5254769677493835,0.5229581185496646
19123,2025-12-18 15:02:00,2025-12-15/2025-12-21,0.4107148655962814,0.41673444374030244,0.4057429766762728,0.41328743087689174
19190,2025-12-18 17:39:00,2025-12-15/2025-12-21,0.38834161351605473,0.3922251425423944,0.3869363889050883,0.3920415146929963
19191,2025-12-18 17:40:00,2025-12-15/2025-12-21,0.40591066347580296,0.40910710303487186,0.40064006669002183,0.4055639058867221
19192,2025-12-18 17:42:00,2025-12-15/2025-12-21,0.32188420827496533,0.32586920152969207,0.3236300410144584,0.32583483876214747
19194,2025-12-18 17:51:00,2025-12-15/2025-12-21,0.28007667541319975,0.281479162106787,0.27948019069216623,0.28038096583966454
19195,2025-12-18 17:53:00,2025-12-15/2025-12-21,0.28161204000824114,0.28295132474754103,0.2813114258284056,0.2818862115732538
19196,2025-12-18 18:00:00,2025-12-15/2025-12-21,0.3953054922405189,0.4023706962769227,0.39070661875099,0.39983271155304034
19200,2025-12-18 18:20:00,2025-12-15/2025-12-21,0.28315043794291417,0.28590488097893285,0.2811751039167082,0.2842031056250848
19202,2025-12-18 18:41:00,2025-12-15/2025-12-21,0.38248919182041796,0.40325342385180707,0.3893098932811375,0.4037122463702975
19203,2025-12-18 18:44:00,2025-12-15/2025-12-21,0.28481851121222423,0.28668245009920673,0.282382646894414,0.28466419978680285
19204,2025-12-18 18:53:00,2025-12-15/2025-12-21,0.45037140764570394,0.4507060930514881,0.44825262654878945,0.4499542284976318
19207,2025-12-18 19:30:00,2025-12-15/2025-12-21,0.4440620896664524,0.44392406556077757,0.4406964148333654,0.44249602597263216
19208,2025-12-18 19:32:00,2025-12-15/2025-12-21,0.37792293842090635,0.38252392565438315,0.37401180172379245,0.380414056773451
19210,2025-12-18 19:44:00,2025-12-15/2025-12-21,0.41520759849141065,0.4148775340451949,0.4156557193745974,0.41601818676844154
19217,2025-12-18 21:14:00,2025-12-15/2025-12-21,0.4147926622563471,0.41132748607803427,0.41312919687077465,0.41230733300768224
19222,2025-12-18 22:25:00,2025-12-15/2025-12-21,0.2856539607954025,0.28973988571793463,0.28302460959347464,0.28774362894082434
19223,2025-12-18 22:34:00,2025-12-15/2025-12-21,0.31647982413836107,0.31616099845314005,0.3171240846465216,0.31693028281156665
19224,2025-12-18 22:40:00,2025-12-15/2025-12-21,0.4308135548913128,0.4319422756642052,0.427352926168057,0.43011246552112953
19225,2025-12-18 22:45:00,2025-12-15/2025-12-21,0.44927653729474715,0.44925503904329184,0.44859016605593593,0.4478177629014565
19227,2025-12-18 23:14:00,2025-12-15/2025-12-21,0.3191042089434191,0.3213947095572305,0.3212603390440541,0.32333490446500596
19228,2025-12-18 23:55:00,2025-12-15/2025-12-21,0.31745902104606866,0.3158530996442884,0.31756688487748663,0.31625053280588
19269,2025-12-19 01:15:00,2025-12-15/2025-12-21,0.2920618404499015,0.2924976113365993,0.29136336781234073,0.29146743111622886
19289,2025-12-19 01:51:00,2025-12-15/2025-12-21,0.30526052159916217,0.30607267566021684,0.30363651676399067,0.3046117281819889
19292,2025-12-19 02:22:00,2025-12-15/2025-12-21,0.477649111498799,0.4816556916192795,0.47508405886500593,0.48016813762080907
19293,2025-12-19 02:31:00,2025-12-15/2025-12-21,0.3136003683101032,0.3147155135298272,0.3099900747385215,0.3118992771019245
19294,2025-12-19 02:32:00,2025-12-15/2025-12-21,0.4609110208097332,0.4618553665929406,0.46147939687320405,0.4629667521648939
19296,2025-12-19 03:03:00,2025-12-15/2025-12-21,0.29861093005665545,0.2987598928925856,0.2968632052750458,0.29736735123612923
19300,2025-12-19 03:31:00,2025-12-15/2025-12-21,0.462692979361675,0.465220953990621,0.4640972877990107,0.4664068468838162
19303,2025-12-19 03:51:00,2025-12-15/2025-12-21,0.36610030374353336,0.37058817209245465,0.36481474362749755,0.37500427864816344
19306,2025-12-19 04:01:00,2025-12-15/2025-12-21,0.30546538843369353,0.30633535476243445,0.30384443563344005,0.30487782689305726
19307,2025-12-19 04:03:00,2025-12-15/2025-12-21,0.35066898139678926,0.3551046265227244,0.35105494233474954,0.35452976157474736
19308,2025-12-19 04:04:00,2025-12-15/2025-12-21,0.32085259931170274,0.3218948047677623,0.31722037136290865,0.3188822735415111
19309,2025-12-19 04:06:00,2025-12-15/2025-12-21,0.5046417257987036,0.5075383185598341,0.5036335188044947,0.5070794505349175
19310,2025-12-19 04:06:00,2025-12-15/2025-12-21,0.31930990446141566,0.31997991901541833,0.3155392653933616,0.31695651691044896
19311,2025-12-19 04:07:00,2025-12-15/2025-12-21,0.5665307530971087,0.5843470323283655,0.5662971671516603,0.5818389235251873
19312,2025-12-19 04:08:00,2025-12-15/2025-12-21,0.31740088481167344,0.3190482865328578,0.31360510730026125,0.3160460920266116
19313,2025-12-19 04:15:00,2025-12-15/2025-12-21,0.5050779929691287,0.506167244215176,0.5019727725526243,0.5042228740764039
19316,2025-12-19 04:38:00,2025-12-15/2025-12-21,0.4794886537085827,0.47995009324745563,0.48053185512064434,0.47940946634550163
19317,2025-12-19 04:38:00,2025-12-15/2025-12-21,0.3561930833582646,0.3577179912534555,0.3582770004584138,0.35940584898762307
19318,2025-12-19 04:39:00,2025-12-15/2025-12-21,0.29822802033788914,0.2970726142644852,0.29650052498102286,0.295496348572364
19320,2025-12-19 05:13:00,2025-12-15/2025-12-21,0.30200317935126225,0.3018912074813338,0.3003280053441827,0.3003746545725989
19321,2025-12-19 05:19:00,2025-12-15/2025-12-21,0.48000143406182094,0.4815448619990248,0.4758356514658074,0.4789686244238362
19323,2025-12-19 05:41:00,2025-12-15/2025-12-21,0.4923238483631236,0.4914145930820373,0.4884258698252481,0.4894849250575335
19324,2025-12-19 05:44:00,2025-12-15/2025-12-21,0.3223062894302731,0.326599396077337,0.31936296140592063,0.32418116825400983
19325,2025-12-19 05:45:00,2025-12-15/2025-12-21,0.48309823841755545,0.4873646004006486,0.4790197153162763,0.4849341517452526
19326,2025-12-19 05:45:00,2025-12-15/2025-12-21,0.49411936114324584,0.5003113568867621,0.4922813643578811,0.49961675416165907
19328,2025-12-19 05:56:00,2025-12-15/2025-12-21,0.36013911639191304,0.36558401301107724,0.3594027751148404,0.3705569327170599
19329,2025-12-19 06:01:00,2025-12-15/2025-12-21,0.29335989478153485,0.29357726335270157,0.2941579835415984,0.29387679627076263
19330,2025-12-19 06:05:00,2025-12-15/2025-12-21,0.4777085364740402,0.4726816992766486,0.47698473630641314,0.4718453122111303
19331,2025-12-19 06:15:00,2025-12-15/2025-12-21,0.38474796470295414,0.3951494521822595,0.3829985171795395,0.39386813531914233
19332,2025-12-19 06:37:00,2025-12-15/2025-12-21,0.2973278689774826,0.2950747324940144,0.29640709943094606,0.29405808821750024
19333,2025-12-19 07:19:00,2025-12-15/2025-12-21,0.47044213658797923,0.47156007341253164,0.4717676431210555,0.47167837052434547
19334,2025-12-19 07:27:00,2025-12-15/2025-12-21,0.43420310095121545,0.4284985860550517,0.43572886698275004,0.4312618502831732
19335,2025-12-19 07:34:00,2025-12-15/2025-12-21,0.29359863879009074,0.2926008774960783,0.2933936924137752,0.29196779557108105
19336,2025-12-19 07:35:00,2025-12-15/2025-12-21,0.4664582314031049,0.46295666815945746,0.46599133271936033,0.4633511474755883
19338,2025-12-19 08:00:00,2025-12-15/2025-12-21,0.45045686527351186,0.44974532436322523,0.44996429776153807,0.44969391046690804
19339,2025-12-19 08:03:00,2025-12-15/2025-12-21,0.47248402488510166,0.47022809214463834,0.4731523940588146,0.47091507274015787
19340,2025-12-19 08:03:00,2025-12-15/2025-12-21,0.456262221707564,0.45721247993386976,0.45588464001860646,0.4572849375922889
19342,2025-12-19 08:08:00,2025-12-15/2025-12-21,0.5370372135520894,0.5443098005516852,0.5346903217317284,0.5468295719323409
19346,2025-12-19 09:06:00,2025-12-15/2025-12-21,0.2985971116621087,0.2991108387260445,0.29834710350397065,0.29870755744924793
19349,2025-12-19 09:22:00,2025-12-15/2025-12-21,0.3639626454229656,0.36715866001194497,0.3653386978372051,0.36846956098488237
19351,2025-12-19 09:34:00,2025-12-15/2025-12-21,0.4716660910493551,0.46888202691181874,0.47221775741872674,0.46949267609054596
19352,2025-12-19 09:35:00,2025-12-15/2025-12-21,0.3162074483364596,0.31466228006109326,0.31294899040859064,0.3121014756608578
19353,2025-12-19 09:35:00,2025-12-15/2025-12-21,0.47175909232399005,0.47132062129998786,0.47307531670628994,0.47233434526489004
19354,2025-12-19 09:39:00,2025-12-15/2025-12-21,0.3216116884334738,0.3208104088610876,0.3211362012343383,0.3209902305813851
19355,2025-12-19 09:42:00,2025-12-15/2025-12-21,0.43726829336064654,0.4350422929783527,0.436488527406651,0.4349807859284058
19357,2025-12-19 10:09:00,2025-12-15/2025-12-21,0.5489953009081325,0.5476354326844367,0.5510268779431166,0.5474020357688395
19358,2025-12-19 10:09:00,2025-12-15/2025-12-21,0.4961488583346702,0.49835374941678245,0.49875335389836173,0.5014127292330233
19360,2025-12-19 10:23:00,2025-12-15/2025-12-21,0.29326822198935404,0.29100450026591695,0.29219397803309743,0.29016547583119306
19361,2025-12-19 10:24:00,2025-12-15/2025-12-21,0.47250005255007865,0.48936317731574797,0.47548217208144844,0.48929283739853985
19386,2025-12-19 11:31:00,2025-12-15/2025-12-21,0.4560545352023989,0.4551380695219988,0.4550585593607885,0.4548463372480941
19387,2025-12-19 11:39:00,2025-12-15/2025-12-21,0.3191157809404487,0.31845269608868926,0.3159548389797129,0.31585609762315714
19390,2025-12-19 11:54:00,2025-12-15/2025-12-21,0.4910482306780299,0.49205841298452735,0.4881590962632791,0.49098866425866994
19391,2025-12-19 12:04:00,2025-12-15/2025-12-21,0.4564430302630058,0.4563765540424657,0.45471830355277215,0.45535990434895224
19393,2025-12-19 12:06:00,2025-12-15/2025-12-21,0.5106366392797682,0.5096749679797667,0.5094098053168526,0.5103810957915631
19395,2025-12-19 12:10:00,2025-12-15/2025-12-21,0.3201998224133796,0.3196924281586871,0.3162098626712389,0.3165018211258362
19397,2025-12-19 12:14:00,2025-12-15/2025-12-21,0.494961764830905,0.49696763380927067,0.4912338752855549,0.4951782146806266
19398,2025-12-19 12:15:00,2025-12-15/2025-12-21,0.37760249644442806,0.3796559350256075,0.37472851420659614,0.3778662366765931
19400,2025-12-19 12:20:00,2025-12-15/2025-12-21,0.5039387589783976,0.5051699406725247,0.502255111362766,0.5027690938877466
19404,2025-12-19 12:34:00,2025-12-15/2025-12-21,0.466894084112093,0.46279994186834367,0.46553458693977207,0.46236342357493093
19413,2025-12-19 12:43:00,2025-12-15/2025-12-21,0.3054388590627081,0.3063115048672524,0.3041038858240714,0.304859139860033
19420,2025-12-19 12:47:00,2025-12-15/2025-12-21,0.4311903716587904,0.4267445117623944,0.43024053669021284,0.42909272987691016
19424,2025-12-19 12:51:00,2025-12-15/2025-12-21,0.46002224146917114,0.4589731730487805,0.45958354091578046,0.459467989489811
19444,2025-12-19 13:09:00,2025-12-15/2025-12-21,0.2989176092754917,0.29839572401069736,0.2976296764253163,0.2969206085650122
19451,2025-12-19 13:20:00,2025-12-15/2025-12-21,0.4972342009529323,0.5037563449005013,0.4969571082959668,0.5041132375337805
19452,2025-12-19 13:25:00,2025-12-15/2025-12-21,0.5068239775916341,0.5098923215815853,0.5048879401561551,0.5086882985443362
19454,2025-12-19 13:41:00,2025-12-15/2025-12-21,0.29971568912330626,0.30235924183715274,0.29889805447742646,0.29560748635201495
19463,2025-12-19 15:14:00,2025-12-15/2025-12-21,0.4624555507281637,0.4636552763332311,0.46069244670455706,0.46267373304530207
19464,2025-12-19 15:15:00,2025-12-15/2025-12-21,0.46282532178581876,0.4639531543271085,0.4610089712346519,0.4629440025859646
19466,2025-12-19 15:15:00,2025-12-15/2025-12-21,0.46282532178581876,0.4639531543271085,0.4610089712346519,0.4629440025859646
19467,2025-12-19 15:18:00,2025-12-15/2025-12-21,0.32404803558810535,0.29491969937409196,0.3207803181960021,0.2882595136647456
19468,2025-12-19 15:21:00,2025-12-15/2025-12-21,0.49747822247605245,0.5036826571977036,0.4924880600339623,0.5006703668101788
19469,2025-12-19 15:35:00,2025-12-15/2025-12-21,0.3312657262861838,0.335965680254027,0.3276149695843813,0.3329839459613842
19475,2025-12-19 16:13:00,2025-12-15/2025-12-21,0.3011623096281144,0.3027431835188567,0.30040879769075984,0.3015944853481268
19477,2025-12-19 16:23:00,2025-12-15/2025-12-21,0.47640511401408103,0.47705974328164547,0.47491616481226234,0.47782204490918034
19480,2025-12-19 16:34:00,2025-12-15/2025-12-21,0.31300580877967266,0.3152692534577824,0.3115313587933524,0.3137958379682825
19484,2025-12-19 17:00:00,2025-12-15/2025-12-21,0.30457994209377526,0.2756655161685685,0.30389070431332305,0.2706630227125238
19486,2025-12-19 17:14:00,2025-12-15/2025-12-21,0.3258254831524396,0.32879588008776794,0.3270957533109161,0.3288105541881775
19492,2025-12-19 17:49:00,2025-12-15/2025-12-21,0.32562715131594433,0.32844125186059125,0.32275735230864305,0.3257591918793276
19493,2025-12-19 18:04:00,2025-12-15/2025-12-21,0.38395368863147733,0.38316429235836563,0.380478575531976,0.3810607774581513
19495,2025-12-19 18:05:00,2025-12-15/2025-12-21,0.4613901404536501,0.46203086141517025,0.4595209413439362,0.46262686170089784
19497,2025-12-19 18:11:00,2025-12-15/2025-12-21,0.43984145135361263,0.4410960414501337,0.43800563811760607,0.44082371464042025
19500,2025-12-19 18:20:00,2025-12-15/2025-12-21,0.47416226694381325,0.47431318869859035,0.4699281604194052,0.4729113336910603
19502,2025-12-19 18:22:00,2025-12-15/2025-12-21,0.28809713194124403,0.2886416615857399,0.2864831422450624,0.28769034885282085
19503,2025-12-19 18:24:00,2025-12-15/2025-12-21,0.31141264885984565,0.31593523692735687,0.3067769608950035,0.31313734151414263
19505,2025-12-19 18:38:00,2025-12-15/2025-12-21,0.45779519708852195,0.4588635689336059,0.45294610488833165,0.45666331622457285
19509,2025-12-19 18:59:00,2025-12-15/2025-12-21,0.4856058592528886,0.44725447013385045,0.4819059360769272,0.4409288724841716
19512,2025-12-19 19:42:00,2025-12-15/2025-12-21,0.28801790343082967,0.2885401197739119,0.2864027624434392,0.2875874121992196
19534,2025-12-19 20:47:00,2025-12-15/2025-12-21,0.30720566911951985,0.27722285307784317,0.3032314826876933,0.27090110509431053
19616,2025-12-19 21:50:00,2025-12-15/2025-12-21,0.4272391439377321,0.4339210871839946,0.42666841683680024,0.4350900145790565
19676,2025-12-19 22:35:00,2025-12-15/2025-12-21,0.43399411737617405,0.4382232706900121,0.4344626771397811,0.4395674247237561
19718,2025-12-19 23:54:00,2025-12-15/2025-12-21,0.28534988699261093,0.2856911383152031,0.28388853207143977,0.2848034396986482
19720,2025-12-20 00:04:00,2025-12-15/2025-12-21,0.2892337241966022,0.2909537097263662,0.287318823740275,0.2896315144379492
19721,2025-12-20 00:11:00,2025-12-15/2025-12-21,0.3094565763523331,0.3124834046560655,0.3089928589539653,0.31309202691702737
19731,2025-12-20 01:13:00,2025-12-15/2025-12-21,0.28556290413158414,0.2879699017793072,0.28418056710663386,0.28692564718654595
19732,2025-12-20 01:34:00,2025-12-15/2025-12-21,0.2712159259063891,0.24838902900777352,0.26686298847732864,0.24187285160421454
19735,2025-12-20 02:16:00,2025-12-15/2025-12-21,0.3921130427720059,0.38959362398238934,0.390226137624044,0.3912993444290816
19756,2025-12-21 15:41:00,2025-12-15/2025-12-21,0.3648102587227444,0.38398807571478927,0.3659023448473806,0.37912521246178793
19759,2025-12-21 15:43:00,2025-12-15/2025-12-21,0.41407912176447426,0.4104219409790226,0.41629924039334115,0.41049152669201233
19782,2025-12-21 15:59:00,2025-12-15/2025-12-21,0.45811189733385627,0.46264451632938747,0.45666009251458484,0.46206479838929915
19790,2025-12-21 16:04:00,2025-12-15/2025-12-21,0.36648940188463125,0.3673095586884818,0.36507326122201045,0.3660326880690535
19793,2025-12-21 16:06:00,2025-12-15/2025-12-21,0.4529870452061681,0.4620047167116542,0.4544396195997973,0.46531391802823363
19798,2025-12-21 16:09:00,2025-12-15/2025-12-21,0.4467358950292787,0.36086979123017376,0.44434964273863387,0.35470686289057973
19804,2025-12-21 16:14:00,2025-12-15/2025-12-21,0.4635200773446023,0.4650297843843128,0.4636804361200158,0.4665723571480795
19805,2025-12-21 16:14:00,2025-12-15/2025-12-21,0.2987928775991157,0.3007769826092416,0.29839682970527076,0.30063732388216013
19810,2025-12-21 16:18:00,2025-12-15/2025-12-21,0.2903905419903824,0.2954239210396098,0.28937104368728106,0.29402019744190405
19813,2025-12-21 16:20:00,2025-12-15/2025-12-21,0.2681398387094615,0.2695349046342579,0.2677150718456616,0.2685894438450957
19814,2025-12-21 16:20:00,2025-12-15/2025-12-21,0.35508055989453585,0.35731337643210276,0.3573462901629247,0.35977287172342975
19835,2025-12-21 16:34:00,2025-12-15/2025-12-21,0.24868009207728123,0.25464775571267545,0.24728882354032317,0.2532130462846854
19843,2025-12-21 16:40:00,2025-12-15/2025-12-21,0.44277549619780865,0.4460680826673444,0.4394532174570589,0.4438334630143566
19877,2025-12-21 17:06:00,2025-12-15/2025-12-21,0.46684990611287075,0.47082992134550705,0.4669007246104718,0.47093947811309983
19880,2025-12-21 17:08:00,2025-12-15/2025-12-21,0.278845535366272,0.2757895405482139,0.27364259071958535,0.27185156317064996
19883,2025-12-21 17:10:00,2025-12-15/2025-12-21,0.25006494812885177,0.2558392129129803,0.24748016345076843,0.2535022227801276
19916,2025-12-21 17:35:00,2025-12-15/2025-12-21,0.315653010644858,0.3204507194517599,0.3149022386594077,0.3190655150476538
19924,2025-12-21 17:42:00,2025-12-15/2025-12-21,0.4391556786471192,0.44095649271867676,0.4351731498826687,0.4384488337318458
19938,2025-12-22 22:11:00,2025-12-22/2025-12-28,0.36437107457491397,0.3657775112451164,0.3684939672140667,0.3709597320216035
19940,2025-12-22 22:51:00,2025-12-22/2025-12-28,0.2813395170006902,0.285739681379369,0.27810635515564797,0.2844758506280362
19941,2025-12-22 23:05:00,2025-12-22/2025-12-28,0.31442995567852383,0.31754265924123226,0.3153967000558668,0.319827783855626
19942,2025-12-22 23:37:00,2025-12-22/2025-12-28,0.4233872420695394,0.42816944152893377,0.4265660903656445,0.4323124653902808
19944,2025-12-23 08:41:00,2025-12-22/2025-12-28,0.3441161713155614,0.3449779156018623,0.3458228182561777,0.34680764038334033
19945,2025-12-23 08:44:00,2025-12-22/2025-12-28,0.333685777394585,0.3349047216075882,0.3320062275986322,0.33445569395671326
19946,2025-12-23 09:33:00,2025-12-22/2025-12-28,0.5090661213164304,0.5157305814871921,0.5139570646851085,0.5206046090726363
19950,2025-12-23 11:01:00,2025-12-22/2025-12-28,0.4023843485546779,0.40798818302076956,0.4033655128215721,0.40872920402810897
19951,2025-12-23 11:02:00,2025-12-22/2025-12-28,0.331517129960229,0.3348422384510691,0.33109670150464493,0.3353250406611287
19952,2025-12-23 11:02:00,2025-12-22/2025-12-28,0.4994954837020415,0.5018267158460313,0.49640633227388,0.5007596500084668
19955,2025-12-23 11:14:00,2025-12-22/2025-12-28,0.3373966967483264,0.4539000682168967,0.33951409480166417,0.45284328855439127
19956,2025-12-23 11:30:00,2025-12-22/2025-12-28,0.3329335447043659,0.33401004740527923,0.3313138409958764,0.3335768177379195
19957,2025-12-23 11:34:00,2025-12-22/2025-12-28,0.3187511502667677,0.32072602569832104,0.31924553320917476,0.32221873246974647
19958,2025-12-23 11:47:00,2025-12-22/2025-12-28,0.5012267338164073,0.4984205301709178,0.49818059722104346,0.4977371302241802
19959,2025-12-23 11:51:00,2025-12-22/2025-12-28,0.4946221147424307,0.49372243074342814,0.4935675153378948,0.49442356521099473
19961,2025-12-23 11:53:00,2025-12-22/2025-12-28,0.4545911604777689,0.45943680840024403,0.4528261136708718,0.45941429127174943
19962,2025-12-23 12:03:00,2025-12-22/2025-12-28,0.4972850307608144,0.48777233161675226,0.5014851883772828,0.4847202860871284
19965,2025-12-23 12:10:00,2025-12-22/2025-12-28,0.3568756280645091,0.3618920061815777,0.35492899082952356,0.36157173432630624
19975,2025-12-23 12:56:00,2025-12-22/2025-12-28,0.5425360186042895,0.6624345188615649,0.5449876735402289,0.6625322216818172
19976,2025-12-23 13:02:00,2025-12-22/2025-12-28,0.3246193855224438,0.32546888171357735,0.32458602622490723,0.32609848831804106
19978,2025-12-23 13:14:00,2025-12-22/2025-12-28,0.5179305975883611,0.5158666983285214,0.517788353180888,0.5177696954468699
19981,2025-12-23 13:40:00,2025-12-22/2025-12-28,0.33436878779448853,0.3359929212239412,0.3307055943594505,0.3343772682125012
19982,2025-12-23 13:54:00,2025-12-22/2025-12-28,0.5144971459031057,0.5208752533380975,0.5157668893288823,0.5247998780473792
19983,2025-12-23 13:56:00,2025-12-22/2025-12-28,0.5340006339123112,0.5348571396055127,0.5374327426881289,0.538443653045414
19984,2025-12-23 14:54:00,2025-12-22/2025-12-28,0.3247360406783855,0.3264268414753276,0.3255003080239119,0.327733586438188
19987,2025-12-23 15:21:00,2025-12-22/2025-12-28,0.3238835361093225,0.3247410075015924,0.32392189837031143,0.325402048416288
19994,2025-12-23 16:16:00,2025-12-22/2025-12-28,0.5178727660558432,0.5176982582014137,0.5157411905658207,0.5173955412960226
19996,2025-12-23 16:18:00,2025-12-22/2025-12-28,0.3249884289470401,0.32590103852006724,0.32492585942859875,0.3265228219410628
20013,2025-12-23 19:07:00,2025-12-22/2025-12-28,0.4935614118815281,0.4991498639434488,0.49780929857311107,0.5039545264855412
20015,2025-12-23 21:37:00,2025-12-22/2025-12-28,0.3917184816467162,0.3952017030873709,0.3973206804407459,0.4013542161021672
20019,2025-12-23 23:42:00,2025-12-22/2025-12-28,0.2997471662276756,0.3026683613240602,0.3005123926352411,0.3042680540877443
20020,2025-12-23 23:59:00,2025-12-22/2025-12-28,0.40228359079644593,0.4055293467170292,0.4038291929776799,0.408936037366099
20025,2025-12-24 08:02:00,2025-12-22/2025-12-28,0.37035752374566056,0.3705726770537892,0.3749870184520694,0.37394528585434905
20027,2025-12-24 08:40:00,2025-12-22/2025-12-28,0.3542638577942602,0.3563091789183795,0.3592140864031244,0.35816768489370754
20031,2025-12-24 12:29:00,2025-12-22/2025-12-28,0.5105742371517804,0.5117770010918848,0.5081402824328362,0.5090074514353626
20032,2025-12-24 12:35:00,2025-12-22/2025-12-28,0.5361237341774066,0.5408221835288833,0.5367389578771751,0.5418191188244812
20033,2025-12-24 12:58:00,2025-12-22/2025-12-28,0.48289655789304464,0.4861715020173322,0.4813730250187277,0.48553794495553565
20034,2025-12-24 13:13:00,2025-12-22/2025-12-28,0.5423381601732993,0.5114154371731499,0.539161895896115,0.5037377417347757
20036,2025-12-24 14:09:00,2025-12-22/2025-12-28,0.4773490054543237,0.4843737643697883,0.4711198776474448,0.4791877979712813
20038,2025-12-24 14:14:00,2025-12-22/2025-12-28,0.3482549953536608,0.349401273050218,0.34615742651804876,0.3470350189389333
20039,2025-12-24 14:35:00,2025-12-22/2025-12-28,0.521695086310916,0.6411906322190796,0.5218315189350409,0.6373664768848525
20040,2025-12-24 15:00:00,2025-12-22/2025-12-28,0.35803868832024244,0.3619379296403674,0.35515278465880806,0.3595020298517338
20047,2025-12-24 15:05:00,2025-12-22/2025-12-28,0.37390805937227894,0.37794627507570505,0.37569460212049655,0.37892053108668705
20049,2025-12-24 15:25:00,2025-12-22/2025-12-28,0.5215677569063638,0.5233191962077299,0.520958670573492,0.5229927047331627
20050,2025-12-24 15:26:00,2025-12-22/2025-12-28,0.36976213009471026,0.3740308382326748,0.37275305503012585,0.3762257262318883
20051,2025-12-24 15:26:00,2025-12-22/2025-12-28,0.3526979719166206,0.35860974845121424,0.35259900081177814,0.358660094898703
20052,2025-12-24 15:27:00,2025-12-22/2025-12-28,0.545046506015308,0.5165560741657304,0.5442506293922826,0.5090206531258572
20053,2025-12-24 16:00:00,2025-12-22/2025-12-28,0.5344877882662386,0.5405983260626828,0.5330724876152158,0.5403661024986305
20054,2025-12-24 16:00:00,2025-12-22/2025-12-28,0.3673971390230876,0.37176363432845777,0.37040755109727824,0.3739281266755261
20055,2025-12-24 16:29:00,2025-12-22/2025-12-28,0.42115354209888745,0.3927494308730419,0.420890015317202,0.38757031581472445
20057,2025-12-24 16:50:00,2025-12-22/2025-12-28,0.5244156743325122,0.5280858216098655,0.5207919338976854,0.5249561465898656
20059,2025-12-24 18:03:00,2025-12-22/2025-12-28,0.5316619488838416,0.534104586448374,0.5326466535031645,0.5328355450724591
20060,2025-12-24 19:55:00,2025-12-22/2025-12-28,0.4859319802910832,0.48957667122143056,0.4886824753249641,0.4922877587172051
20063,2025-12-25 03:04:00,2025-12-22/2025-12-28,0.4752877259543762,0.47202599558590724,0.47756784130942365,0.4733997479384462
20065,2025-12-25 06:07:00,2025-12-22/2025-12-28,0.46956557769314616,0.46984234147781334,0.47364338879049983,0.47250621072849147
20066,2025-12-25 06:43:00,2025-12-22/2025-12-28,0.4474537833575763,0.4493262801130994,0.44507066809703155,0.4466782017524152
20067,2025-12-25 08:34:00,2025-12-22/2025-12-28,0.27043619943580927,0.2701302122539797,0.2703235498789321,0.2693839442676955
20068,2025-12-25 08:35:00,2025-12-22/2025-12-28,0.27024495087147277,0.26999987522672086,0.2701569067421201,0.2692690103983238
20070,2025-12-25 10:58:00,2025-12-22/2025-12-28,0.4381995702393237,0.4377180208720655,0.43488838786379813,0.43438875727210896
20072,2025-12-25 12:05:00,2025-12-22/2025-12-28,0.29390582668958126,0.29524434403247585,0.292544934450659,0.29311525646994874
20073,2025-12-25 13:00:00,2025-12-22/2025-12-28,0.4626345197527173,0.4657278602415721,0.46393640998039676,0.4646582616250306
20075,2025-12-25 13:31:00,2025-12-22/2025-12-28,0.37297496714342643,0.3703775606343013,0.37164256816697855,0.36972672349073604
20092,2025-12-25 15:01:00,2025-12-22/2025-12-28,0.45736425544896814,0.4588404579329947,0.45720209037579895,0.45841498500995986
20110,2025-12-25 16:01:00,2025-12-22/2025-12-28,0.3052709583445355,0.30871651419345697,0.3023891267158765,0.30573163495517763
20114,2025-12-25 16:11:00,2025-12-22/2025-12-28,0.3829993947233718,0.3794414798264529,0.3801216643267336,0.3768977111561707
20115,2025-12-25 16:55:00,2025-12-22/2025-12-28,0.2590932327593634,0.2640006780061324,0.2566832568078717,0.26161382291855334
20116,2025-12-25 17:38:00,2025-12-22/2025-12-28,0.4068741646243174,0.4113095024695018,0.4016134087609552,0.4058931867954315
20158,2025-12-25 18:26:00,2025-12-22/2025-12-28,0.3328309631995202,0.33727178577780426,0.3342768181952708,0.3387904273433278
20344,2025-12-25 20:55:00,2025-12-22/2025-12-28,0.3500351567322115,0.34960112963265827,0.3491198796495406,0.34978903812552004
20347,2025-12-25 20:57:00,2025-12-22/2025-12-28,0.4202399000800078,0.42428091332814516,0.42465516553804256,0.42571941686336084
20349,2025-12-25 23:01:00,2025-12-22/2025-12-28,0.30347190032249205,0.30469388149259985,0.30682953281354014,0.30706333497256943
20351,2025-12-25 23:35:00,2025-12-22/2025-12-28,0.4170645541929559,0.4199334867028952,0.42091214206000954,0.42309799048064983
20352,2025-12-26 00:16:00,2025-12-22/2025-12-28,0.4785158323771432,0.4477474982496279,0.47485019291983294,0.4397572334603608
20354,2025-12-26 01:26:00,2025-12-22/2025-12-28,0.4884316358154452,0.4946686590127983,0.4859827332479098,0.493437168200591
20356,2025-12-26 02:02:00,2025-12-22/2025-12-28,0.47410405546619006,0.4743264447181538,0.4690658757867483,0.47071503341904775
20357,2025-12-26 03:30:00,2025-12-22/2025-12-28,0.4465999771449241,0.445117853688825,0.4501906129433905,0.4486853404216126
20359,2025-12-26 04:01:00,2025-12-22/2025-12-28,0.5340756966045032,0.5359393613208243,0.5367422354538991,0.5374219639995672
20362,2025-12-26 05:09:00,2025-12-22/2025-12-28,0.4881595650181478,0.4909296513166417,0.4906983688306404,0.4930872009287043
20368,2025-12-26 06:20:00,2025-12-22/2025-12-28,0.44600422934921713,0.44740317692524917,0.44918695872650055,0.4504138837089981
20369,2025-12-26 07:21:00,2025-12-22/2025-12-28,0.2943470251806424,0.2942293107963548,0.29459307278367647,0.2945141812760723
20372,2025-12-26 07:52:00,2025-12-22/2025-12-28,0.31332591665800597,0.28624656539427806,0.3121863493405159,0.2812138904176285
20373,2025-12-26 07:54:00,2025-12-22/2025-12-28,0.2761883331775126,0.25334575668199466,0.27304520851139885,0.24768397223519714
20374,2025-12-26 08:03:00,2025-12-22/2025-12-28,0.4910295457988934,0.49347396048206404,0.49124024459655935,0.4947833161746976
20376,2025-12-26 08:22:00,2025-12-22/2025-12-28,0.3441468661226076,0.35273736039328196,0.34472884402104365,0.3551388468594078
20377,2025-12-26 08:30:00,2025-12-22/2025-12-28,0.3020147290738131,0.3038671813776755,0.30210814037532135,0.3041928698360923
20381,2025-12-26 09:01:00,2025-12-22/2025-12-28,0.3106703477009966,0.3147765565710916,0.31150137113774273,0.3164133557572311
20383,2025-12-26 09:18:00,2025-12-22/2025-12-28,0.29679270433054156,0.2985610736116724,0.2984847597504456,0.3004960629217259
20384,2025-12-26 10:29:00,2025-12-22/2025-12-28,0.31007696038222227,0.31151765741405896,0.30747013863405304,0.3099839717383741
20385,2025-12-26 10:30:00,2025-12-22/2025-12-28,0.33789772968792964,0.33826757886555975,0.33806460988540993,0.3383542832086421
20386,2025-12-26 10:58:00,2025-12-22/2025-12-28,0.5293443261465987,0.5292633366596136,0.5330892692276824,0.5314300670631462
20388,2025-12-26 13:43:00,2025-12-22/2025-12-28,0.4434167199865031,0.45085641718260383,0.43892778643215896,0.4477193783635066
20394,2025-12-26 14:08:00,2025-12-22/2025-12-28,0.49237500130304385,0.49407811264551094,0.4955307538476851,0.49644713632213955
20400,2025-12-26 14:18:00,2025-12-22/2025-12-28,0.41724174911998263,0.42220888374077686,0.41945858939020475,0.4240790104590233
20402,2025-12-26 14:31:00,2025-12-22/2025-12-28,0.7889043187016316,0.7856846552256874,0.7862101876849126,0.7824075547352827
20403,2025-12-26 14:45:00,2025-12-22/2025-12-28,0.2815109427483732,0.2594368990907942,0.2780461732297488,0.2526905854756551
20404,2025-12-26 14:49:00,2025-12-22/2025-12-28,0.3049834851605412,0.3055975711381293,0.3049171105068693,0.30536239062238696
20408,2025-12-26 15:11:00,2025-12-22/2025-12-28,0.28840835356035277,0.29661037635139637,0.28512767376643744,0.29469059843805345
20409,2025-12-26 15:13:00,2025-12-22/2025-12-28,0.3294919336939538,0.3030043808907316,0.3266367199132606,0.2964750240163325
20410,2025-12-26 15:40:00,2025-12-22/2025-12-28,0.2873397398644929,0.29761472153652624,0.2823939937485014,0.2836118229576837
20413,2025-12-26 16:20:00,2025-12-22/2025-12-28,0.34247672973560883,0.34786523582012396,0.33893166526003843,0.3454116656654656
20421,2025-12-27 00:04:00,2025-12-22/2025-12-28,0.41801812196544136,0.4257689519067584,0.4121997965768888,0.4223911575998797
20434,2025-12-27 03:22:00,2025-12-22/2025-12-28,0.34109012537793965,0.34340339677823256,0.3420312721642454,0.34528888169286376
20471,2025-12-27 04:47:00,2025-12-22/2025-12-28,0.3125672923702314,0.2870942225023344,0.30829990216344555,0.2803104089296509
20473,2025-12-27 05:07:00,2025-12-22/2025-12-28,0.4441876273185251,0.44801302622259254,0.44436991550833194,0.4495680386214131
20475,2025-12-27 06:26:00,2025-12-22/2025-12-28,0.28617818889540436,0.2759113601298311,0.284989767446256,0.27089091771519036
20476,2025-12-27 06:39:00,2025-12-22/2025-12-28,0.47734190891993084,0.47960391568585525,0.47823402671018866,0.480945134683262
20477,2025-12-27 07:06:00,2025-12-22/2025-12-28,0.4586702332367267,0.4592670430678988,0.45803004630612165,0.4599572024411667
20478,2025-12-27 07:19:00,2025-12-22/2025-12-28,0.31118347599223395,0.3134573351830751,0.3130277570631507,0.3156645351007218
20479,2025-12-27 08:26:00,2025-12-22/2025-12-28,0.36287473842206724,0.3652924130438957,0.3619090254758809,0.36567187727972256
20480,2025-12-27 08:39:00,2025-12-22/2025-12-28,0.3623107932163171,0.3644904831339195,0.3617017070497571,0.3652031908297692
20482,2025-12-27 09:49:00,2025-12-22/2025-12-28,0.4381670770451396,0.44002985686083346,0.43860771675734256,0.44130319338986757
20491,2025-12-27 12:38:00,2025-12-22/2025-12-28,0.3026880995052071,0.3129612323042106,0.3004481198739933,0.31096510992894066
20494,2025-12-27 14:30:00,2025-12-22/2025-12-28,0.3106397049481272,0.3142858180477377,0.3077837219785816,0.3130641794504908
20496,2025-12-27 14:45:00,2025-12-22/2025-12-28,0.31216412807731325,0.31773168734110263,0.3118121652683649,0.31915810017903734
20498,2025-12-27 15:30:00,2025-12-22/2025-12-28,0.3277847038116482,0.3293417339484047,0.32638116874690204,0.328881243518681
20522,2025-12-28 05:58:00,2025-12-22/2025-12-28,0.26447579604001537,0.26669998473630907,0.2659440415730289,0.2679419025895358
20524,2025-12-28 08:40:00,2025-12-22/2025-12-28,0.45429568521174046,0.4603463899187247,0.4545836994757522,0.46155767264229475
20525,2025-12-28 11:16:00,2025-12-22/2025-12-28,0.2681594844112395,0.26909039632594955,0.2694945709517427,0.26985504528588444
20526,2025-12-28 11:51:00,2025-12-22/2025-12-28,0.2894703506978054,0.2998081736663906,0.28760947032694917,0.2973329042094887
20529,2025-12-28 16:19:00,2025-12-22/2025-12-28,0.32778702355624517,0.3344679959416869,0.33089144673133675,0.33608031143546424
20533,2025-12-29 15:57:00,2025-12-29/2026-01-04,0.5480582500272779,0.5613994599440042,0.5470983356716929,0.560862651271756
20543,2025-12-30 09:57:00,2025-12-29/2026-01-04,0.32075761978678174,0.4244998236048326,0.3210449776157578,0.4227697321759002
20548,2025-12-30 10:32:00,2025-12-29/2026-01-04,0.3709937844422457,0.3727611702583768,0.3732993194739118,0.375495634632861
20550,2025-12-30 10:53:00,2025-12-29/2026-01-04,0.2917098300581241,0.31061334775961974,0.29904280396556826,0.30889662685281555
20562,2025-12-30 11:35:00,2025-12-29/2026-01-04,0.31439829069057534,0.3210315336055279,0.3177797082974746,0.32275315608858285
20610,2025-12-30 12:21:00,2025-12-29/2026-01-04,0.34119732176613476,0.28344267538640155,0.3382736558225052,0.28011968759690153
20615,2025-12-30 12:29:00,2025-12-29/2026-01-04,0.4842880788242544,0.48861949137092286,0.4880031757101658,0.49203723433851165
20617,2025-12-30 12:32:00,2025-12-29/2026-01-04,0.4960463985261585,0.6072101338330017,0.4950988951672346,0.6040244550205341
20631,2025-12-30 12:54:00,2025-12-29/2026-01-04,0.5977308479241635,0.6035472798912981,0.5957331944995462,0.6025083730027522
20637,2025-12-30 13:21:00,2025-12-29/2026-01-04,0.4204843036023782,0.4289684209520489,0.42372071497673,0.43233599533910666
20644,2025-12-30 14:18:00,2025-12-29/2026-01-04,0.5333275154856388,0.5383613070702248,0.5288554751865802,0.5359354848530932
20647,2025-12-30 14:32:00,2025-12-29/2026-01-04,0.36425824428789305,0.3656020384022843,0.36759351818724617,0.37080140921550303
20648,2025-12-30 14:45:00,2025-12-29/2026-01-04,0.3530305506894883,0.36131499808117173,0.35359129586554533,0.36298667849984506
20653,2025-12-30 15:08:00,2025-12-29/2026-01-04,0.5081695981067161,0.5107088674399218,0.5067929857953029,0.5134419430231442
20656,2025-12-30 15:23:00,2025-12-29/2026-01-04,0.34866143504686287,0.35640652907834325,0.3468409416884989,0.35665617721956316
20657,2025-12-30 15:34:00,2025-12-29/2026-01-04,0.33576671463460983,0.3395613707513693,0.3376272585068784,0.3435635886545263
20662,2025-12-30 15:51:00,2025-12-29/2026-01-04,0.3273358734961836,0.2705814544648067,0.32693581313095726,0.2658561057657526
20666,2025-12-30 17:02:00,2025-12-29/2026-01-04,0.47442806576342983,0.476725815129033,0.4753288882302366,0.47841034444798025
20679,2025-12-30 17:47:00,2025-12-29/2026-01-04,0.497324990911114,0.4986358957194662,0.4970149639636313,0.5027982187666262
20687,2025-12-30 18:41:00,2025-12-29/2026-01-04,0.4836196938465989,0.5985056867874418,0.48848165976925245,0.5992805318384823
20690,2025-12-30 18:52:00,2025-12-29/2026-01-04,0.4803976926631653,0.4150363924355706,0.48170913170320523,0.40924217162080256
20691,2025-12-30 20:17:00,2025-12-29/2026-01-04,0.32070337821042844,0.2673242915570161,0.323797054440514,0.2658094646719319
20694,2025-12-30 22:27:00,2025-12-29/2026-01-04,0.36675061019183713,0.30907187251633944,0.37033950423153467,0.3065061682334713
20697,2025-12-30 22:42:00,2025-12-29/2026-01-04,0.5216863883868308,0.5342684687175459,0.52527096088241,0.5364072010192871
20701,2025-12-31 09:15:00,2025-12-29/2026-01-04,0.469959948583728,0.4855064992038753,0.46974020443944847,0.4840091427968278
20702,2025-12-31 10:18:00,2025-12-29/2026-01-04,0.4347432541177852,0.4576968811815733,0.43719304548902455,0.4576193238850371
20706,2025-12-31 12:32:00,2025-12-29/2026-01-04,0.38743848755191057,0.3980190320324695,0.3862130196071159,0.39785826570991456
20721,2025-12-31 23:02:00,2025-12-29/2026-01-04,0.45950616581779935,0.4652153111722157,0.4628077146376219,0.4659406858215937
20765,2026-01-01 12:44:00,2025-12-29/2026-01-04,0.4686181975047762,0.45024990197660975,0.46562303262508137,0.45252853714277447
20766,2026-01-01 12:44:00,2025-12-29/2026-01-04,0.46538717811450714,0.4680713036877515,0.4673833238655296,0.4706499143497668
20770,2026-01-01 14:18:00,2025-12-29/2026-01-04,0.28007355008322465,0.2833679504561122,0.280458479961818,0.28343952383229215
20775,2026-01-02 00:58:00,2025-12-29/2026-01-04,0.420859695156821,0.44063653155316357,0.4218582396539338,0.4428836185002691
20778,2026-01-02 05:35:00,2025-12-29/2026-01-04,0.45192023013540455,0.45149129734794596,0.4539980546154984,0.4556547720385939
20781,2026-01-02 09:58:00,2025-12-29/2026-01-04,0.4392297941752174,0.44898730778613616,0.43780460340178307,0.4483979692115444
20782,2026-01-02 11:40:00,2025-12-29/2026-01-04,0.47596295311512227,0.47850698525908403,0.47662985341429565,0.4787070670481089
20784,2026-01-02 13:42:00,2025-12-29/2026-01-04,0.2958985496285343,0.2969781332063191,0.29732220663821923,0.30021776989218174
20785,2026-01-02 14:02:00,2025-12-29/2026-01-04,0.5860573664221228,0.5842693016886548,0.5881218898830545,0.5866575063329802
20788,2026-01-02 15:00:00,2025-12-29/2026-01-04,0.375234958473365,0.38017207400912756,0.37916383034036,0.38511591453212307
20789,2026-01-02 15:01:00,2025-12-29/2026-01-04,0.39057653832804995,0.3970591915162118,0.38800259502436285,0.39624515823838957
20790,2026-01-02 15:01:00,2025-12-29/2026-01-04,0.32573436740851713,0.32909335329523826,0.3248703836030951,0.32897571542652937
20799,2026-01-02 18:47:00,2025-12-29/2026-01-04,0.5113063543236102,0.5172091268074265,0.5134307334931927,0.5216960657803865
20807,2026-01-03 01:29:00,2025-12-29/2026-01-04,0.31701723005801796,0.3308007279584156,0.3126217094496351,0.32921990247068283
20810,2026-01-03 04:47:00,2025-12-29/2026-01-04,0.4172246120871093,0.4337898919941473,0.4186433823385301,0.43609998490697205
20811,2026-01-03 05:08:00,2025-12-29/2026-01-04,0.2912545643397214,0.29551678215016647,0.29105947701749496,0.29552570673343104
20812,2026-01-03 05:50:00,2025-12-29/2026-01-04,0.4281875719656957,0.43977757028955533,0.4232970774265286,0.4358207636051946
20817,2026-01-03 08:29:00,2025-12-29/2026-01-04,0.42408044460213695,0.36687363328772366,0.41744042788162383,0.355109473092765
20818,2026-01-03 08:31:00,2025-12-29/2026-01-04,0.30375966894273543,0.31143344796056777,0.3033227336321696,0.3102382562239023
20819,2026-01-03 08:36:00,2025-12-29/2026-01-04,0.3033307540676841,0.30790830880749953,0.30274632100791826,0.30827658350929693
20821,2026-01-03 09:18:00,2025-12-29/2026-01-04,0.5429407793552474,0.5369159991838995,0.5367659712740088,0.5389891308447878
20825,2026-01-03 10:37:00,2025-12-29/2026-01-04,0.3570364733335439,0.3573488031955135,0.35605025378753835,0.36245124769290193
20860,2026-01-03 12:50:00,2025-12-29/2026-01-04,0.3502580239028071,0.3390499367736946,0.3514143339806662,0.3405236881593235
20975,2026-01-03 14:36:00,2025-12-29/2026-01-04,0.3281752478518972,0.3315129264455972,0.32580934855667854,0.3354171467012629
20994,2026-01-03 22:42:00,2025-12-29/2026-01-04,0.38683337607067936,0.39858273310328707,0.3816442413128281,0.39363090549589935
20998,2026-01-04 14:01:00,2025-12-29/2026-01-04,0.32387271869109063,0.3273321548700227,0.32727727436223736,0.32851662448800545
21001,2026-01-04 20:00:00,2025-12-29/2026-01-04,0.4604477512804595,0.4606339539005559,0.46280902469079593,0.46464482447559413
21004,2026-01-05 05:09:00,2026-01-05/2026-01-11,0.34322295175379935,0.3435935248302647,0.33926960392203936,0.3407073623575142
21005,2026-01-05 19:47:00,2026-01-05/2026-01-11,0.3068575641047407,0.2656373651776402,0.30990780841708443,0.2618567559543614
21006,2026-01-05 19:48:00,2026-01-05/2026-01-11,0.5496502919176016,0.5005152676245855,0.5533406002823857,0.4966314960605059
21007,2026-01-06 07:15:00,2026-01-05/2026-01-11,0.33788253709663285,0.4776761802955715,0.3352132066256356,0.47284111104302384
21008,2026-01-06 07:16:00,2026-01-05/2026-01-11,0.5094614086845234,0.45506266469556184,0.5063019747961571,0.4446808743517323
21009,2026-01-06 07:17:00,2026-01-05/2026-01-11,0.33982999260285107,0.3410967110768469,0.3374509042816453,0.3390157749374572
21013,2026-01-06 07:19:00,2026-01-05/2026-01-11,0.5103266179177204,0.5130731319985236,0.5087418571992379,0.5123221352425288
21014,2026-01-06 07:20:00,2026-01-05/2026-01-11,0.3343539051765447,0.3378606801359177,0.3346017977146907,0.33860706166248405
21016,2026-01-06 07:20:00,2026-01-05/2026-01-11,0.5820711538563063,0.5304759313072902,0.5836524558850833,0.5261311813303824
21017,2026-01-06 07:21:00,2026-01-05/2026-01-11,0.5359564452403137,0.5390739587954719,0.5327248061097285,0.5365810183320943
21018,2026-01-06 07:21:00,2026-01-05/2026-01-11,0.3584151171406766,0.35975086509524107,0.36105417461707107,0.3623230350829763
21019,2026-01-06 07:23:00,2026-01-05/2026-01-11,0.2748762212207545,0.2773735134235717,0.27382663566474275,0.27456376260035986
21023,2026-01-06 07:28:00,2026-01-05/2026-01-11,0.511866789656977,0.5147585033487072,0.5102694912470346,0.5139942740030365
21024,2026-01-06 07:31:00,2026-01-05/2026-01-11,0.33453587916537725,0.28699352439457004,0.3315072438876763,0.27793219683883974
21025,2026-01-06 07:32:00,2026-01-05/2026-01-11,0.5350224156976428,0.5369544180287942,0.5353197720091611,0.538738612147291
21026,2026-01-06 07:47:00,2026-01-05/2026-01-11,0.34123832806772947,0.3427179000736865,0.33875555752877323,0.3406665802969668
21031,2026-01-06 08:00:00,2026-01-05/2026-01-11,0.5623223524014828,0.6956382310056021,0.560700478265291,0.6865337157443716
21032,2026-01-06 08:09:00,2026-01-05/2026-01-11,0.3358996789519426,0.33654374337283677,0.3331952969189267,0.33431237175541384
21035,2026-01-06 08:14:00,2026-01-05/2026-01-11,0.510850444187603,0.4560953672581313,0.5074362254573024,0.4453705863026087
21039,2026-01-06 08:28:00,2026-01-05/2026-01-11,0.5055622782942505,0.45006965588603015,0.5020564868410642,0.43911445829284235
21040,2026-01-06 08:34:00,2026-01-05/2026-01-11,0.33087484681143636,0.46868128429484224,0.3277549781614079,0.46345770701711664
21041,2026-01-06 08:39:00,2026-01-05/2026-01-11,0.48107571235079827,0.4815829576030747,0.4818447668815078,0.4823242644054707
21044,2026-01-06 08:50:00,2026-01-05/2026-01-11,0.3894188238236679,0.3934856377174885,0.3921317866003141,0.39569280462919937
21045,2026-01-06 08:54:00,2026-01-05/2026-01-11,0.3359301881175465,0.33659491111355666,0.33336546684577156,0.33432830845837497
21049,2026-01-06 09:11:00,2026-01-05/2026-01-11,0.32076912972220406,0.2745143135458252,0.32072951434072083,0.26846366902211666
21050,2026-01-06 09:16:00,2026-01-05/2026-01-11,0.39989615391828687,0.40216468133082034,0.3998306214902939,0.40159449552563675
21052,2026-01-06 09:24:00,2026-01-05/2026-01-11,0.6329183820863373,0.6326509304148403,0.6361686639707029,0.6406144599589223
21055,2026-01-06 09:33:00,2026-01-05/2026-01-11,0.32333714438599165,0.3296943061936229,0.3214372191176295,0.33020755784896655
21056,2026-01-06 09:35:00,2026-01-05/2026-01-11,0.5038183123446767,0.5018250615785932,0.5016976137429073,0.5006118897102302
21060,2026-01-06 09:52:00,2026-01-05/2026-01-11,0.3397958297245352,0.34076545641413925,0.33714708137643556,0.3384434924433965
21066,2026-01-06 10:21:00,2026-01-05/2026-01-11,0.38760460318483025,0.3884987687243518,0.3860556561286462,0.3871749247738288
21072,2026-01-06 10:44:00,2026-01-05/2026-01-11,0.48228071696170727,0.47860592765622134,0.48477238364254177,0.4793492051423079
21073,2026-01-06 10:57:00,2026-01-05/2026-01-11,0.3589966497468026,0.31514204991616673,0.3623495195036904,0.3115641330185368
21078,2026-01-06 11:09:00,2026-01-05/2026-01-11,0.5251227357083256,0.666584913788195,0.5297756172308049,0.665575114304016
21079,2026-01-06 11:16:00,2026-01-05/2026-01-11,0.35890218071176133,0.36228687073212024,0.3566866665621536,0.3601846834269083
21080,2026-01-06 11:33:00,2026-01-05/2026-01-11,0.41440395307357974,0.41454651771850043,0.4172404273316053,0.4173543636685104
21081,2026-01-06 11:35:00,2026-01-05/2026-01-11,0.40474058320299694,0.40403484179012367,0.407812940510695,0.4068952267904114
21082,2026-01-06 11:37:00,2026-01-05/2026-01-11,0.5028491245816906,0.5039550250551418,0.5003650427300445,0.5019124396541819
21083,2026-01-06 11:41:00,2026-01-05/2026-01-11,0.3605843703092824,0.36141775373923146,0.3650564915264363,0.36434451574006954
21089,2026-01-06 12:28:00,2026-01-05/2026-01-11,0.5294220704577884,0.52927204606833,0.5297155012902921,0.5293252387751733
21090,2026-01-06 12:46:00,2026-01-05/2026-01-11,0.5715546099578585,0.5752404184269088,0.5691108162655281,0.5749527858026271
21091,2026-01-06 12:49:00,2026-01-05/2026-01-11,0.40966108396001516,0.41269812350842566,0.4070943516368604,0.4110505472703321
21092,2026-01-06 12:50:00,2026-01-05/2026-01-11,0.344739189080605,0.3464646361051422,0.34119600216602963,0.34384598576037084
21093,2026-01-06 12:50:00,2026-01-05/2026-01-11,0.5077090466257868,0.5074457066661049,0.5086081063053185,0.5102711737953547
21095,2026-01-06 12:56:00,2026-01-05/2026-01-11,0.3165845349921844,0.31832884820618657,0.3170332574067305,0.3193768957216626
21096,2026-01-06 13:10:00,2026-01-05/2026-01-11,0.5068813466626383,0.5071650591955633,0.5024032777631866,0.5036373995959904
21097,2026-01-06 13:19:00,2026-01-05/2026-01-11,0.5417785432956299,0.6786060595796847,0.538555886794497,0.6754226938938959
21098,2026-01-06 13:22:00,2026-01-05/2026-01-11,0.39005723836784617,0.3934103944622915,0.3886619852708625,0.3936097547509149
21099,2026-01-06 13:22:00,2026-01-05/2026-01-11,0.5633379398856193,0.6988892870432317,0.5599630240133984,0.6958305016637942
21106,2026-01-06 14:15:00,2026-01-05/2026-01-11,0.5211211659841297,0.6622814142655338,0.517043352697622,0.6576872335055736
21132,2026-01-06 15:14:00,2026-01-05/2026-01-11,0.515419524345849,0.46252796535163465,0.5169732157044062,0.4580169942676909
21136,2026-01-06 15:17:00,2026-01-05/2026-01-11,0.5213181532272808,0.5239093686060213,0.5177268200208497,0.5212991159012089
21158,2026-01-06 15:35:00,2026-01-05/2026-01-11,0.5051535555186987,0.5085405040507163,0.5068376669424828,0.5105816311772516
21173,2026-01-06 17:24:00,2026-01-05/2026-01-11,0.36495129157966233,0.36761793217256655,0.36357123291389465,0.36405259922641947
21194,2026-01-06 19:55:00,2026-01-05/2026-01-11,0.46533089949048995,0.4170238733375561,0.4695757281933867,0.4133965619104214
21221,2026-01-06 23:19:00,2026-01-05/2026-01-11,0.5253749663437566,0.5285965182279411,0.5245161993284663,0.5288892693386302
21225,2026-01-06 23:57:00,2026-01-05/2026-01-11,0.5015764024665325,0.506423682315281,0.49888114195476535,0.5049027010569506
21236,2026-01-07 01:33:00,2026-01-05/2026-01-11,0.5591336724592387,0.5596410046801111,0.5549082891694938,0.5589152917115935
21245,2026-01-07 06:30:00,2026-01-05/2026-01-11,0.5196623577639586,0.518857673316178,0.5212850134853106,0.5218958891642446
21247,2026-01-07 07:01:00,2026-01-05/2026-01-11,0.5130177979104055,0.5118806322637595,0.5146075238328264,0.514802975276221
21248,2026-01-07 07:06:00,2026-01-05/2026-01-11,0.3501481896558555,0.3532417215481074,0.3501230661366702,0.3547157829200617
21256,2026-01-07 08:44:00,2026-01-05/2026-01-11,0.31913280420261486,0.3202307523556222,0.31758342334060835,0.3204212945737704
21267,2026-01-07 11:17:00,2026-01-05/2026-01-11,0.4682381490464355,0.46782425402757927,0.47220023620229257,0.4735401340640221
21277,2026-01-07 11:22:00,2026-01-05/2026-01-11,0.532157909873244,0.4745682225220647,0.5356866028150852,0.47217773048265127
21279,2026-01-07 12:09:00,2026-01-05/2026-01-11,0.5174666749509721,0.5257852594524631,0.5193725699450668,0.5288341378301195
21280,2026-01-07 12:42:00,2026-01-05/2026-01-11,0.4689154378551294,0.4155624294628389,0.46939914341327954,0.41046846548252564
21285,2026-01-07 14:52:00,2026-01-05/2026-01-11,0.5139526302233056,0.5224776925739757,0.5154984120511368,0.525512450995845
21302,2026-01-07 18:09:00,2026-01-05/2026-01-11,0.31155437224030896,0.31163914715705476,0.31321901418683784,0.3143690000064841
21324,2026-01-07 21:06:00,2026-01-05/2026-01-11,0.40616802499971033,0.40715782507698395,0.4066930583648685,0.40568213912133144
21325,2026-01-07 21:06:00,2026-01-05/2026-01-11,0.3933194408085417,0.4001447705527876,0.39747259989820055,0.4022861829242362
21332,2026-01-07 22:32:00,2026-01-05/2026-01-11,0.5005419552588705,0.5074363537201193,0.5025761823141697,0.5099925838245888
21336,2026-01-08 01:00:00,2026-01-05/2026-01-11,0.4707906636480982,0.47301512772042204,0.46674655801717063,0.47111452802748016
21337,2026-01-08 01:00:00,2026-01-05/2026-01-11,0.3068280217128037,0.3094298265083901,0.3039806149246051,0.3081320143180393
21339,2026-01-08 04:09:00,2026-01-05/2026-01-11,0.3182806718592984,0.3175780009105503,0.31849488815217647,0.3185413943269274
21343,2026-01-08 07:33:00,2026-01-05/2026-01-11,0.2666294194878921,0.26570544791134215,0.2665170419112868,0.26589781433644516
21344,2026-01-08 07:41:00,2026-01-05/2026-01-11,0.27469760329384185,0.2743499110188584,0.274415248750081,0.2744541150396703
21345,2026-01-08 07:54:00,2026-01-05/2026-01-11,0.46554527507923804,0.465976684974371,0.46741881126803575,0.4684956662848474
21346,2026-01-08 08:01:00,2026-01-05/2026-01-11,0.5013887912078842,0.5020716630385069,0.5058900322843131,0.5080746259391712
21355,2026-01-08 11:30:00,2026-01-05/2026-01-11,0.48500813563354983,0.4895049917774014,0.48442392325567935,0.48930887271165546
21364,2026-01-08 13:38:00,2026-01-05/2026-01-11,0.2442684156091272,0.2509867526165483,0.24054714662347756,0.2504729942821933
21365,2026-01-08 13:38:00,2026-01-05/2026-01-11,0.22753195250346925,0.23299431448253433,0.224476710294362,0.23272703131704053
21368,2026-01-08 14:01:00,2026-01-05/2026-01-11,0.330605507663402,0.33496532739185375,0.3282376011375145,0.3340546482108597
21375,2026-01-09 00:12:00,2026-01-05/2026-01-11,0.5464572663174213,0.4930900183809977,0.5416979308794008,0.4816614977789312
21376,2026-01-09 00:13:00,2026-01-05/2026-01-11,0.3186602473949752,0.3200478430715346,0.31634206412673255,0.31807621652183005
21377,2026-01-09 00:13:00,2026-01-05/2026-01-11,0.47701876891605977,0.47956423579020746,0.4754903106852158,0.4790883813687415
21378,2026-01-09 00:14:00,2026-01-05/2026-01-11,0.3421332001224455,0.34478072369391183,0.33692999183937444,0.34022345755868094
21379,2026-01-09 00:14:00,2026-01-05/2026-01-11,0.4665857951006627,0.46446039442201875,0.46736493371977644,0.4641216028895301
21380,2026-01-09 00:15:00,2026-01-05/2026-01-11,0.3472235541676597,0.3506210175177026,0.34231578082515884,0.3461841319390348
21382,2026-01-09 00:15:00,2026-01-05/2026-01-11,0.3188288892749286,0.32020435758273663,0.316492432596048,0.3182272906517029
21384,2026-01-09 00:15:00,2026-01-05/2026-01-11,0.517865522384481,0.5217084789518471,0.5125679553715697,0.516976014471388
21385,2026-01-09 00:16:00,2026-01-05/2026-01-11,0.47275066489898504,0.47915321282852574,0.46488641449549606,0.4758698140368629
21386,2026-01-09 00:16:00,2026-01-05/2026-01-11,0.4598342056423376,0.46804767294771515,0.46149964291797363,0.47227013997150386
21387,2026-01-09 00:16:00,2026-01-05/2026-01-11,0.31762753402627286,0.319067349697709,0.31540866068447776,0.3171264248723726
21388,2026-01-09 00:17:00,2026-01-05/2026-01-11,0.5387342718839624,0.4812655186957785,0.5341475337064221,0.4595980194080542
21391,2026-01-09 00:17:00,2026-01-05/2026-01-11,0.5293765391591819,0.5357278962933566,0.5293734315496426,0.5360467915052186
21393,2026-01-09 00:18:00,2026-01-05/2026-01-11,0.46963534495098885,0.46740360873266834,0.4676022267631396,0.46650493430464895
21394,2026-01-09 00:18:00,2026-01-05/2026-01-11,0.6100207007940988,0.6127005031622528,0.6132107417246863,0.6168826088603027
21396,2026-01-09 00:19:00,2026-01-05/2026-01-11,0.3181183352387451,0.31952696933975094,0.3158486509814678,0.31757070224774864
21397,2026-01-09 00:19:00,2026-01-05/2026-01-11,0.5276402891558745,0.5321915716817257,0.5222659928952122,0.5275887723172633
21398,2026-01-09 00:19:00,2026-01-05/2026-01-11,0.47529576194195355,0.4788478216659528,0.474907369496749,0.4794979887232323
21400,2026-01-09 00:20:00,2026-01-05/2026-01-11,0.5397451334578045,0.5439624237791261,0.5423573505876449,0.5465253213887366
21401,2026-01-09 00:20:00,2026-01-05/2026-01-11,0.5391148909255449,0.5424496100456401,0.5369642445130675,0.5415351212118166
21402,2026-01-09 00:20:00,2026-01-05/2026-01-11,0.4804124908184321,0.4818017610273042,0.47964533037103785,0.48024116105730347
21403,2026-01-09 00:23:00,2026-01-05/2026-01-11,0.3144189338760877,0.31657200125289814,0.312991149250308,0.3154452906326055
21406,2026-01-09 01:19:00,2026-01-05/2026-01-11,0.5107729845968402,0.5160111166776324,0.5082899037776005,0.5139345858491556
21407,2026-01-09 01:20:00,2026-01-05/2026-01-11,0.5368276602500294,0.5464876191714704,0.5326526095473334,0.546118763933283
21409,2026-01-09 02:02:00,2026-01-05/2026-01-11,0.47369177445207455,0.48061578062292937,0.46643691280692773,0.47781850907982687
21412,2026-01-09 02:03:00,2026-01-05/2026-01-11,0.26609873709933607,0.26820173686025556,0.26253108331219016,0.2633150244713357
21413,2026-01-09 02:03:00,2026-01-05/2026-01-11,0.2805941196435991,0.2877152948231246,0.2745415840909841,0.2844801169459576
21421,2026-01-09 05:02:00,2026-01-05/2026-01-11,0.4014898753465327,0.3652873833550494,0.39934131971192777,0.3577561392200291
21422,2026-01-09 05:35:00,2026-01-05/2026-01-11,0.41155899853087174,0.41037311167984564,0.4095684086334848,0.4053014764600883
21423,2026-01-09 06:08:00,2026-01-05/2026-01-11,0.2739676571671529,0.24709129488100126,0.2757764533531613,0.24643098669887056
21425,2026-01-09 08:17:00,2026-01-05/2026-01-11,0.5064766409942913,0.5050221607501784,0.5092651701970475,0.507332961042993
21427,2026-01-09 08:38:00,2026-01-05/2026-01-11,0.4472243580737772,0.4462403513667856,0.44918360933117363,0.44838846041629493
21428,2026-01-09 08:57:00,2026-01-05/2026-01-11,0.4732078507115875,0.480304522150895,0.4773994572747547,0.4840350252721503
21431,2026-01-09 09:13:00,2026-01-05/2026-01-11,0.2701278926865611,0.2747943428749722,0.2636559748730661,0.2703066682984154
21432,2026-01-09 09:15:00,2026-01-05/2026-01-11,0.5797563316933297,0.5970807362738388,0.5797731817913221,0.6008725956654889
21433,2026-01-09 09:15:00,2026-01-05/2026-01-11,0.2652866193325962,0.27143982415227547,0.261147252096891,0.2691465145256047
21434,2026-01-09 09:18:00,2026-01-05/2026-01-11,0.5159970384477663,0.5214499642396099,0.51838892725125,0.5202288716537996
21435,2026-01-09 09:22:00,2026-01-05/2026-01-11,0.3018735595591945,0.30181051070739684,0.3013442391976804,0.2997706914526594
21436,2026-01-09 09:23:00,2026-01-05/2026-01-11,0.36677428189135614,0.3698504428958839,0.36430110793583936,0.365662803262549
21437,2026-01-09 09:55:00,2026-01-05/2026-01-11,0.5028732250768738,0.5058282646190003,0.4989772123870013,0.501881021990859
21439,2026-01-09 10:13:00,2026-01-05/2026-01-11,0.2611637972131669,0.2630640875487963,0.257488284652524,0.2579895482521555
21442,2026-01-09 11:00:00,2026-01-05/2026-01-11,0.3122959063370807,0.3136370595000152,0.311024240194563,0.31190769150533815
21443,2026-01-09 11:00:00,2026-01-05/2026-01-11,0.303789108466189,0.30436090970925395,0.3025109797498254,0.30279451816934594
21445,2026-01-09 11:51:00,2026-01-05/2026-01-11,0.3364934644080727,0.3398058263719859,0.33314392233423107,0.3364434562394413
21446,2026-01-09 12:30:00,2026-01-05/2026-01-11,0.4648992302306068,0.46882906444559586,0.45909875052650806,0.4624535403284737
21447,2026-01-09 12:35:00,2026-01-05/2026-01-11,0.5808400206171828,0.5844563337171285,0.5815267323481409,0.5860293432258941
21448,2026-01-09 13:16:00,2026-01-05/2026-01-11,0.5108979042022918,0.5141321499103099,0.5053614658069335,0.5090042499966766
21456,2026-01-09 14:18:00,2026-01-05/2026-01-11,0.5072758308772826,0.5098799448575757,0.5014881758873835,0.5045160304663521
21457,2026-01-09 14:26:00,2026-01-05/2026-01-11,0.47863408548914177,0.4860178595986344,0.47059916672317575,0.4825457770476099
21458,2026-01-09 14:30:00,2026-01-05/2026-01-11,0.35440219732351363,0.3594451414044347,0.3499345617106033,0.35524418514806394
21459,2026-01-09 14:45:00,2026-01-05/2026-01-11,0.5329243515814182,0.5385263319317943,0.5278876008706256,0.5339397680721212
21460,2026-01-09 15:01:00,2026-01-05/2026-01-11,0.5230916599162058,0.5244965056788928,0.5212416166139803,0.5238034904845037
21461,2026-01-09 15:01:00,2026-01-05/2026-01-11,0.523777664369074,0.5251432500306296,0.5218626043739363,0.5244316923088125
21462,2026-01-09 15:15:00,2026-01-05/2026-01-11,0.5229821419367349,0.529319339334435,0.5193945154257548,0.5262737245444314
21463,2026-01-09 15:25:00,2026-01-05/2026-01-11,0.5195510443854862,0.5210470705808978,0.5195978055979015,0.520964837284315
21464,2026-01-09 15:52:00,2026-01-05/2026-01-11,0.3288090125581609,0.33081584580761453,0.3239119892152013,0.3261433700010326
21465,2026-01-09 15:54:00,2026-01-05/2026-01-11,0.5101958028133895,0.5137153438605976,0.5078033199008067,0.5120679564958813
21468,2026-01-09 16:36:00,2026-01-05/2026-01-11,0.40477943262375515,0.41060725921373525,0.4020757794170626,0.4080585319846861
21473,2026-01-09 17:13:00,2026-01-05/2026-01-11,0.34828001674488634,0.34970107535714384,0.34822342367906606,0.3492906978203042
21475,2026-01-09 17:27:00,2026-01-05/2026-01-11,0.3502183279450774,0.3540710611118357,0.34493329004435547,0.34922884975164437
21476,2026-01-09 17:30:00,2026-01-05/2026-01-11,0.5579627624389711,0.5616370700727202,0.5534719519081898,0.5582942831657017
21477,2026-01-09 17:31:00,2026-01-05/2026-01-11,0.3215966294306947,0.3244499093954212,0.3198069045486427,0.3228440771256735
21478,2026-01-09 17:32:00,2026-01-05/2026-01-11,0.3456952122536133,0.3501337703877122,0.341112402587866,0.3462042818030537
21481,2026-01-09 18:15:00,2026-01-05/2026-01-11,0.24686050666351758,0.2539649020722069,0.2424550075499497,0.25180360863590684
21482,2026-01-09 18:17:00,2026-01-05/2026-01-11,0.3094710708274517,0.3140173607483106,0.3065194089238891,0.31130844201552665
21484,2026-01-09 19:00:00,2026-01-05/2026-01-11,0.37460334213646745,0.3792284273463398,0.3715473467658174,0.3756040378823972
21485,2026-01-09 19:02:00,2026-01-05/2026-01-11,0.5450498962867353,0.507670940028739,0.5463799207297353,0.5022209183393853
21486,2026-01-09 19:13:00,2026-01-05/2026-01-11,0.4655968631268788,0.46711914530932824,0.46682160553655966,0.4688205541658312
21487,2026-01-09 19:19:00,2026-01-05/2026-01-11,0.31756224006732675,0.3206999832514876,0.32135843293532623,0.32274236331873085
21490,2026-01-10 00:21:00,2026-01-05/2026-01-11,0.5167269359072559,0.5183222403837785,0.5104492016404049,0.5152941713825127
21491,2026-01-10 00:50:00,2026-01-05/2026-01-11,0.4983192418996678,0.5017652718369673,0.49459610055470854,0.4969893928427628
21492,2026-01-10 01:13:00,2026-01-05/2026-01-11,0.5005294724213786,0.5039619655199089,0.4929384358708205,0.49876296538234777
21494,2026-01-10 02:15:00,2026-01-05/2026-01-11,0.5673065571066086,0.5724690026223211,0.5648895337762484,0.5731253282893167
21499,2026-01-10 04:29:00,2026-01-05/2026-01-11,0.35285885010786405,0.35721555591984816,0.35451857579968127,0.35880719701899133
21501,2026-01-10 05:05:00,2026-01-05/2026-01-11,0.7423026962197069,0.7450131582117416,0.7355896765644656,0.7516028880578309
21504,2026-01-10 05:47:00,2026-01-05/2026-01-11,0.41333974629655756,0.4209969296211377,0.4041658819961903,0.4167047353116893
21505,2026-01-10 06:05:00,2026-01-05/2026-01-11,0.32312085572684773,0.3260269819389522,0.32384365319773384,0.32802287983141853
21507,2026-01-10 07:20:00,2026-01-05/2026-01-11,0.5110234431660501,0.5108373143489049,0.5113367623746843,0.5136409881511286
21509,2026-01-10 07:50:00,2026-01-05/2026-01-11,0.29441212106908726,0.2979100441559701,0.29276617242831016,0.296933260816869
21513,2026-01-10 10:08:00,2026-01-05/2026-01-11,0.3342244554208449,0.339389299955525,0.332346165941725,0.3383228636970813
21514,2026-01-10 11:26:00,2026-01-05/2026-01-11,0.32196427585726817,0.3236246851483157,0.3223872055892601,0.3246955066186524
21515,2026-01-10 11:27:00,2026-01-05/2026-01-11,0.31328697742916434,0.31745630294888555,0.31175679782269217,0.3171025222783466
21516,2026-01-10 12:05:00,2026-01-05/2026-01-11,0.31983473273116003,0.31543560110136626,0.31402232691062926,0.30276628784600107
21517,2026-01-10 12:12:00,2026-01-05/2026-01-11,0.5022959374826199,0.5076894508748979,0.5010351241493743,0.5088734387279947
21519,2026-01-10 12:30:00,2026-01-05/2026-01-11,0.36868166045059725,0.3705480568606327,0.3690889298470283,0.372371397359114
21520,2026-01-10 12:34:00,2026-01-05/2026-01-11,0.6605096271345405,0.6714540963987823,0.6560525243561085,0.6698396777574966
21521,2026-01-10 13:08:00,2026-01-05/2026-01-11,0.25916954638655676,0.2672258402483459,0.25351207511545715,0.26505123972884226
21522,2026-01-10 13:29:00,2026-01-05/2026-01-11,0.38722336806991514,0.38639260076376175,0.38418704413195803,0.38115855274533694
21523,2026-01-10 13:49:00,2026-01-05/2026-01-11,0.28001358052268654,0.2824899761056478,0.2787602556403069,0.28255991266164254
21525,2026-01-10 14:33:00,2026-01-05/2026-01-11,0.28005391630707965,0.28246912920724127,0.27876308299536173,0.2825307557513883
21526,2026-01-10 14:41:00,2026-01-05/2026-01-11,0.3013610785303527,0.2594302936066662,0.2983781120981652,0.25185818467963544
21529,2026-01-10 15:23:00,2026-01-05/2026-01-11,0.596455939923229,0.597487316366129,0.5989356094875584,0.5942196909304541
21531,2026-01-10 15:23:00,2026-01-05/2026-01-11,0.360836265528901,0.3553595088375261,0.36524432635770376,0.35552585441282536
21532,2026-01-10 15:24:00,2026-01-05/2026-01-11,0.4268973644346275,0.43934291838922546,0.42212408536394924,0.4387008342148589
21533,2026-01-10 15:24:00,2026-01-05/2026-01-11,0.4968728593163548,0.5034470027432855,0.49158217228110107,0.5004953582103399
21535,2026-01-10 15:24:00,2026-01-05/2026-01-11,0.408239738921989,0.4089214568354534,0.404840818968885,0.40330161118204433
21537,2026-01-10 16:46:00,2026-01-05/2026-01-11,0.5008286125236211,0.5021209549317355,0.5019099029264406,0.5047285213192977
21538,2026-01-10 17:02:00,2026-01-05/2026-01-11,0.5148153992116271,0.5147263253365789,0.5140523385297591,0.5165811210218633
21539,2026-01-10 17:14:00,2026-01-05/2026-01-11,0.43053615889872,0.437754238095807,0.4268471863818195,0.4336243082913624
21541,2026-01-10 19:38:00,2026-01-05/2026-01-11,0.2844568100316128,0.2879760534298007,0.28217253798052383,0.28640915113405985
21542,2026-01-10 20:31:00,2026-01-05/2026-01-11,0.30972431356321134,0.3158323799962666,0.3056642961943576,0.31290013629388763
21543,2026-01-10 21:12:00,2026-01-05/2026-01-11,0.3029584700904648,0.3065389845075425,0.30493244759450944,0.30881683753810096
21545,2026-01-10 21:25:00,2026-01-05/2026-01-11,0.23722465821820282,0.24381724548638378,0.23109853511582482,0.24047790861024063
21551,2026-01-11 04:56:00,2026-01-05/2026-01-11,0.3180218955054915,0.3177921326424023,0.31913568117284524,0.31863880854877186
21552,2026-01-11 05:12:00,2026-01-05/2026-01-11,0.4987306685537807,0.49947730812188024,0.4973499014816092,0.49875529885138553
21554,2026-01-11 08:35:00,2026-01-05/2026-01-11,0.23938438610039872,0.24019078613733824,0.23726241598317743,0.23590429720512662
21556,2026-01-11 09:34:00,2026-01-05/2026-01-11,0.3918473876511153,0.39697593453982216,0.3869050167695792,0.39357689878248203
21558,2026-01-11 13:05:00,2026-01-05/2026-01-11,0.3014137963682722,0.30360624055774926,0.2997279995903359,0.30094167097518193
21559,2026-01-11 13:48:00,2026-01-05/2026-01-11,0.3306211043032705,0.33303433661126586,0.3336014531145208,0.3347944981426096
21560,2026-01-11 19:30:00,2026-01-05/2026-01-11,0.3028033593620044,0.30624374665261184,0.29969815037530845,0.30257987413479687
21563,2026-01-12 07:24:00,2026-01-12/2026-01-18,0.6108489069755645,0.6088583641118978,0.615160802179673,0.601805830709016
21565,2026-01-12 12:42:00,2026-01-12/2026-01-18,0.5298537483581774,0.5288553883623919,0.5287254634010472,0.5297173110294984
21570,2026-01-12 15:04:00,2026-01-12/2026-01-18,0.34771114032231587,0.3505335983403265,0.3462329777750385,0.35149456588887346
21573,2026-01-12 20:49:00,2026-01-12/2026-01-18,0.4224415542245885,0.36162054721847375,0.41665070508778446,0.34972996399029926
21576,2026-01-12 23:55:00,2026-01-12/2026-01-18,0.5279036847348254,0.4619921376746547,0.5297042501784621,0.4525031718244043
21577,2026-01-13 04:22:00,2026-01-12/2026-01-18,0.32336593042934964,0.2723705717487247,0.326605528163051,0.264518597065262
21578,2026-01-13 05:55:00,2026-01-12/2026-01-18,0.4446549511636026,0.45051091749589656,0.4374696332867038,0.44825638745116597
21580,2026-01-13 05:55:00,2026-01-12/2026-01-18,0.5453527312001206,0.5356049414003189,0.54703937446153,0.5414488165104291
21581,2026-01-13 05:56:00,2026-01-12/2026-01-18,0.3734964772298828,0.5216945539525336,0.3782445729541526,0.5224792051849245
21582,2026-01-13 05:56:00,2026-01-12/2026-01-18,0.27248757351021385,0.23055011691365843,0.2686667345086243,0.22019120806060366
21583,2026-01-13 05:56:00,2026-01-12/2026-01-18,0.3517416196806792,0.3506224263457267,0.3487769405047948,0.35104758500182226
21584,2026-01-13 05:57:00,2026-01-12/2026-01-18,0.35854825344874,0.35704041529040725,0.355196231155683,0.3572527502047118
21585,2026-01-13 05:57:00,2026-01-12/2026-01-18,0.541442673053748,0.5422283861670079,0.545382479196935,0.5478225778172546
21586,2026-01-13 05:58:00,2026-01-12/2026-01-18,0.5373357934940477,0.47502475651161263,0.538060455203423,0.46308938653479703
21587,2026-01-13 05:58:00,2026-01-12/2026-01-18,0.36885399245578215,0.36819274322197815,0.36570253374207506,0.36844599651852217
21588,2026-01-13 05:59:00,2026-01-12/2026-01-18,0.33063094488762973,0.3382313258918514,0.3284232970306233,0.3395734736935839
21589,2026-01-13 06:00:00,2026-01-12/2026-01-18,0.4652333333093537,0.4602159185010312,0.46897498069016963,0.46471123136294434
21590,2026-01-13 06:00:00,2026-01-12/2026-01-18,0.49524110175433306,0.4936240821021739,0.49379018725423585,0.4950002418468864
21591,2026-01-13 06:01:00,2026-01-12/2026-01-18,0.5638328547774191,0.5635405049562953,0.568608070558294,0.5687444406814552
21594,2026-01-13 06:01:00,2026-01-12/2026-01-18,0.4944046685744808,0.4927548523267864,0.4929464720015534,0.49413068253669445
21595,2026-01-13 06:02:00,2026-01-12/2026-01-18,0.33958032357073825,0.34459137813709545,0.3397440179400798,0.34356889861719025
21596,2026-01-13 06:02:00,2026-01-12/2026-01-18,0.5258671310317505,0.5256449464272165,0.5297810886730469,0.5308759615705524
21599,2026-01-13 06:10:00,2026-01-12/2026-01-18,0.4838304787605208,0.4822400682166097,0.48413620284728814,0.48509786097212754
21602,2026-01-13 06:35:00,2026-01-12/2026-01-18,0.5161183402398488,0.5144132439950985,0.5221967013658366,0.5198682009682412
21603,2026-01-13 06:45:00,2026-01-12/2026-01-18,0.4962400583694359,0.4922099379402731,0.4958463984038065,0.49581824341721015
21606,2026-01-13 06:53:00,2026-01-12/2026-01-18,0.31033760826045326,0.31077782055910513,0.3163388538666003,0.3176063149094228
21609,2026-01-13 07:02:00,2026-01-12/2026-01-18,0.4596308761830748,0.4580196593612623,0.46270841737426865,0.4619849007956495
21610,2026-01-13 07:04:00,2026-01-12/2026-01-18,0.31060541611023834,0.30903088253260885,0.31248809720765885,0.31209650169445746
21612,2026-01-13 07:06:00,2026-01-12/2026-01-18,0.4507421818711783,0.4496173032402766,0.45627729020382607,0.4558444091523792
21613,2026-01-13 07:10:00,2026-01-12/2026-01-18,0.4367076168586651,0.4300671002163783,0.4420898772238244,0.4362420779738668
21616,2026-01-13 07:22:00,2026-01-12/2026-01-18,0.5153866167700509,0.5141551412524064,0.5234641345379912,0.5213406739304692
21620,2026-01-13 07:46:00,2026-01-12/2026-01-18,0.3069457362128462,0.30598877333764885,0.31002652939655473,0.31012828781568536
21621,2026-01-13 07:47:00,2026-01-12/2026-01-18,0.5370130597986825,0.537267222966775,0.5414917725622566,0.542913644784353
21623,2026-01-13 07:50:00,2026-01-12/2026-01-18,0.35339759073411875,0.35381148614746044,0.3591240123099026,0.3596163922021721
21627,2026-01-13 08:02:00,2026-01-12/2026-01-18,0.5456682622651288,0.544812302704506,0.5512040709937676,0.5508752564318417
21628,2026-01-13 08:02:00,2026-01-12/2026-01-18,0.5413511163365632,0.5405683193662212,0.547844639228664,0.5474944659889899
21629,2026-01-13 08:03:00,2026-01-12/2026-01-18,0.49968180384134836,0.4982479348557807,0.4982838118802743,0.4996320662193343
21631,2026-01-13 08:10:00,2026-01-12/2026-01-18,0.3419259446438897,0.34152280143909103,0.3428152678594487,0.34461718752536824
21632,2026-01-13 08:11:00,2026-01-12/2026-01-18,0.5013005720255027,0.4960572922061108,0.49960244213393684,0.4970713950451371
21633,2026-01-13 08:13:00,2026-01-12/2026-01-18,0.34752170840163454,0.3467291164384652,0.35465012261224615,0.35165278522197424
21634,2026-01-13 08:15:00,2026-01-12/2026-01-18,0.4825432172106976,0.4805424999605408,0.48471315914862945,0.4858215554820739
21635,2026-01-13 08:17:00,2026-01-12/2026-01-18,0.5812752276235285,0.5817582057702038,0.5857664513132508,0.586649437836134
21636,2026-01-13 08:25:00,2026-01-12/2026-01-18,0.47736543528093817,0.47308044621903705,0.47580446888077305,0.47560309183209154
21638,2026-01-13 08:27:00,2026-01-12/2026-01-18,0.3472998877028652,0.3454923264961179,0.34937634551963875,0.34945220398577914
21639,2026-01-13 08:33:00,2026-01-12/2026-01-18,0.48832282387292025,0.4239268091575202,0.4913629146068807,0.4127819630722133
21640,2026-01-13 08:33:00,2026-01-12/2026-01-18,0.517640150703535,0.5213654053756706,0.527892931376412,0.5279190456331092
21641,2026-01-13 08:34:00,2026-01-12/2026-01-18,0.49405997539683216,0.49311505231514646,0.4930807038970923,0.494738741716925
21642,2026-01-13 08:36:00,2026-01-12/2026-01-18,0.47125828882382237,0.4740570164157211,0.47054763642559116,0.4771371437212276
21643,2026-01-13 08:37:00,2026-01-12/2026-01-18,0.5083933804430901,0.50638525923122,0.5084536806127559,0.5100946196649164
21644,2026-01-13 08:38:00,2026-01-12/2026-01-18,0.47021766933546927,0.46711586155717083,0.4724398079759808,0.4726577468725528
21648,2026-01-13 09:07:00,2026-01-12/2026-01-18,0.4002979998050713,0.4055800615602745,0.3976791350187123,0.40724883568638276
21650,2026-01-13 09:19:00,2026-01-12/2026-01-18,0.28038969774096306,0.2777094545370762,0.2832899274238041,0.2816499974244603
21653,2026-01-13 09:33:00,2026-01-12/2026-01-18,0.522849084790052,0.5119073652096798,0.5171077218834458,0.5134459581302073
21654,2026-01-13 09:34:00,2026-01-12/2026-01-18,0.4727780536596284,0.4718713161762611,0.4811497184063896,0.47998416218849654
21657,2026-01-13 09:52:00,2026-01-12/2026-01-18,0.3216340470949069,0.3190765425775684,0.3196739341901549,0.3200602603680932
21659,2026-01-13 09:59:00,2026-01-12/2026-01-18,0.49935578030366123,0.4345704521614553,0.5042371392744549,0.4250012477610053
21660,2026-01-13 10:02:00,2026-01-12/2026-01-18,0.29410793659788725,0.24167984263264378,0.29245498907252987,0.23309133568901738
21664,2026-01-13 10:13:00,2026-01-12/2026-01-18,0.3345505982179415,0.27949694141775594,0.33430778639033915,0.26991779506366603
21665,2026-01-13 10:14:00,2026-01-12/2026-01-18,0.48351175197751517,0.48107163821837884,0.4866957508310184,0.4859940549740649
21667,2026-01-13 10:16:00,2026-01-12/2026-01-18,0.5195436529149423,0.5210991838846531,0.5262905360457378,0.5288784716486555
21668,2026-01-13 10:16:00,2026-01-12/2026-01-18,0.5080795933217882,0.5084824596051243,0.5134238414113301,0.5149501339060661
21669,2026-01-13 10:17:00,2026-01-12/2026-01-18,0.3724945095164489,0.3740246914741279,0.37660484527368066,0.37934605415814426
21673,2026-01-13 10:29:00,2026-01-12/2026-01-18,0.4756110892118919,0.4874807224149553,0.47769671848994244,0.4949483578686299
21674,2026-01-13 10:37:00,2026-01-12/2026-01-18,0.5172181545864523,0.5195834128357689,0.5279281713501105,0.5326307360306911
21675,2026-01-13 10:40:00,2026-01-12/2026-01-18,0.3557408771901474,0.3534947841905508,0.3551854086935694,0.35523044731780556
21682,2026-01-13 11:25:00,2026-01-12/2026-01-18,0.3345109933222771,0.33377824188090177,0.3377835421878931,0.3375200275864092
21684,2026-01-13 11:29:00,2026-01-12/2026-01-18,0.5132251893982691,0.5108929076123743,0.5130340880312815,0.512397011992376
21685,2026-01-13 11:30:00,2026-01-12/2026-01-18,0.3635586146928512,0.3615716081797231,0.3682157772141385,0.36642893107343144
21686,2026-01-13 11:32:00,2026-01-12/2026-01-18,0.38059928863162834,0.3819220312540026,0.38281039822649354,0.38559732838464794
21687,2026-01-13 11:38:00,2026-01-12/2026-01-18,0.3151486081729786,0.3121473048490399,0.3128386688305775,0.3129179830372906
21688,2026-01-13 11:38:00,2026-01-12/2026-01-18,0.4647923987850873,0.4625702427148322,0.4708287745591928,0.4686172365819153
21689,2026-01-13 11:48:00,2026-01-12/2026-01-18,0.24688568659998567,0.2501306923255184,0.24320978583714783,0.24996021693323175
21694,2026-01-13 12:00:00,2026-01-12/2026-01-18,0.38508039521075726,0.3874609749262871,0.3891767026133924,0.39146767473223104
21698,2026-01-13 12:09:00,2026-01-12/2026-01-18,0.4878163334168629,0.48795317656458764,0.4907200688461322,0.49255275359766215
21700,2026-01-13 12:21:00,2026-01-12/2026-01-18,0.3067527123030678,0.3071482215464899,0.31178730158774953,0.31299557166976294
21707,2026-01-13 12:49:00,2026-01-12/2026-01-18,0.3948173562450559,0.3949902708054997,0.3967306809536038,0.3965554218122292
21708,2026-01-13 12:52:00,2026-01-12/2026-01-18,0.29491759835381126,0.2938087950478077,0.2988515777771532,0.2987242456366865
21711,2026-01-13 12:58:00,2026-01-12/2026-01-18,0.5195364760896501,0.5188424482144397,0.5248599509532011,0.5234738096622875
21712,2026-01-13 13:08:00,2026-01-12/2026-01-18,0.49630071578556756,0.5006759471801926,0.5075374450729954,0.5065901726100308
21713,2026-01-13 13:10:00,2026-01-12/2026-01-18,0.4750734405317104,0.4699367399901037,0.47131634857775395,0.4717072484901596
21714,2026-01-13 13:11:00,2026-01-12/2026-01-18,0.4955785703346959,0.49375759875475,0.49850724136724744,0.4977979335676266
21717,2026-01-13 13:22:00,2026-01-12/2026-01-18,0.3463114720530746,0.34684421386481806,0.3454369272814409,0.34853012989357923
21721,2026-01-13 13:46:00,2026-01-12/2026-01-18,0.4684509613699626,0.47184681517145854,0.470842567032521,0.4753802374015135
21723,2026-01-13 13:49:00,2026-01-12/2026-01-18,0.4340998705510137,0.4360056347995459,0.4411458500583652,0.4433284320532213
21724,2026-01-13 13:59:00,2026-01-12/2026-01-18,0.6529923492961336,0.6477490112680486,0.6605351194543637,0.6555667441807922
21727,2026-01-13 14:35:00,2026-01-12/2026-01-18,0.4863016108700286,0.49469013191162947,0.48833819175076915,0.500561833492504
21737,2026-01-13 16:38:00,2026-01-12/2026-01-18,0.4984524770981455,0.5076345286569441,0.49841672667487347,0.5098988729023337
21740,2026-01-13 17:01:00,2026-01-12/2026-01-18,0.5725020948726227,0.5751481314868429,0.5742753199511029,0.5806395996772139
21741,2026-01-13 17:05:00,2026-01-12/2026-01-18,0.5618271551164605,0.5408339664097634,0.5652550116596257,0.5308538744671186
21742,2026-01-13 17:13:00,2026-01-12/2026-01-18,0.3494649362257069,0.34991627531622804,0.35071160031723014,0.3522660105140125
21750,2026-01-13 18:11:00,2026-01-12/2026-01-18,0.35564678176360537,0.35792560460608636,0.364975893162352,0.3633542561897536
21754,2026-01-13 18:27:00,2026-01-12/2026-01-18,0.31806573613469913,0.3177506614298482,0.319348460887676,0.32075152784437433
21757,2026-01-13 18:42:00,2026-01-12/2026-01-18,0.4725904287396183,0.47137510255211673,0.4764789529318257,0.47688983036118543
21759,2026-01-13 18:49:00,2026-01-12/2026-01-18,0.43492005848997206,0.42398172828077424,0.4420537012385744,0.43368522970999923
21761,2026-01-13 19:12:00,2026-01-12/2026-01-18,0.46188539785959704,0.47140389826107865,0.4621161103718863,0.4745413767481385
21762,2026-01-13 19:24:00,2026-01-12/2026-01-18,0.5028218971013775,0.5066641472955097,0.504874757067787,0.511620937128184
21766,2026-01-13 20:23:00,2026-01-12/2026-01-18,0.42005602629515304,0.36843204759909803,0.41805449828004604,0.35657594131080667
21770,2026-01-13 20:53:00,2026-01-12/2026-01-18,0.4661220107833214,0.48098105408682024,0.470512108585032,0.4886230762150573
21784,2026-01-14 00:36:00,2026-01-12/2026-01-18,0.563879319519512,0.5651568061529277,0.5684061063282538,0.569749529001474
21785,2026-01-14 01:05:00,2026-01-12/2026-01-18,0.3898640148026593,0.3895659110213263,0.3860502152375911,0.38790065212256386
21790,2026-01-14 03:04:00,2026-01-12/2026-01-18,0.4491340758269086,0.46074934262633616,0.45157906211171794,0.46512255716041173
21792,2026-01-14 04:11:00,2026-01-12/2026-01-18,0.5309606422412095,0.5289927505916329,0.5299295674355922,0.5294128090721452
21797,2026-01-14 05:34:00,2026-01-12/2026-01-18,0.38262696375047606,0.3820384042491307,0.38636467335778196,0.38429090237414926
21800,2026-01-14 06:31:00,2026-01-12/2026-01-18,0.38375886460457376,0.386620780418914,0.3862798008902376,0.3899606586463911
21801,2026-01-14 08:12:00,2026-01-12/2026-01-18,0.5006761688944497,0.5924091338012205,0.5040404069653769,0.5734798649913874
21802,2026-01-14 08:24:00,2026-01-12/2026-01-18,0.3026272327476806,0.3019195124649171,0.3059921714424326,0.305267083480804
21803,2026-01-14 08:58:00,2026-01-12/2026-01-18,0.30955279220255766,0.3150451838429853,0.30743257468888796,0.3146916690054423
21806,2026-01-14 09:55:00,2026-01-12/2026-01-18,0.3692572873033798,0.37027586552074904,0.3680840020349379,0.35873491588501555
21808,2026-01-14 10:07:00,2026-01-12/2026-01-18,0.3375458120747377,0.3365062060926177,0.3365353062422915,0.3367894103249824
21814,2026-01-14 10:52:00,2026-01-12/2026-01-18,0.31348997859909633,0.311927996414908,0.31521034524986247,0.313489233329873
21816,2026-01-14 11:40:00,2026-01-12/2026-01-18,0.32366306228807734,0.32380105346432453,0.3221161159571275,0.3262199258075436
21817,2026-01-14 11:40:00,2026-01-12/2026-01-18,0.46981969188716205,0.41538720933374235,0.4666422699017787,0.39981750929759136
21821,2026-01-14 13:12:00,2026-01-12/2026-01-18,0.4782434877211002,0.45496392544670033,0.4827412342323212,0.4507669787860868
21824,2026-01-14 14:30:00,2026-01-12/2026-01-18,0.5781200897172367,0.5597648176535577,0.5832381722857383,0.5539918613793404
21829,2026-01-14 15:25:00,2026-01-12/2026-01-18,0.5338741802834592,0.5144536301967684,0.5361420516495676,0.5032754661779345
21834,2026-01-14 17:51:00,2026-01-12/2026-01-18,0.6108955459608567,0.5560184520358118,0.6108130153286547,0.5415946130020367
21836,2026-01-14 18:15:00,2026-01-12/2026-01-18,0.3492162459036274,0.3498046270641266,0.34615607798469494,0.3488707005391994
21838,2026-01-14 18:30:00,2026-01-12/2026-01-18,0.5125954372108182,0.5130744522173116,0.5095869901493634,0.5122857940716534
21839,2026-01-14 18:43:00,2026-01-12/2026-01-18,0.4423135177681186,0.4560306731431889,0.4458381961332706,0.4613593303388557
21840,2026-01-14 19:00:00,2026-01-12/2026-01-18,0.5508261828644604,0.5548865664224167,0.5510775042186119,0.5571514470597712
21841,2026-01-14 19:01:00,2026-01-12/2026-01-18,0.44556903753158295,0.45481992319496106,0.44204634160627315,0.4554172078213042
21842,2026-01-14 19:30:00,2026-01-12/2026-01-18,0.5208108489204362,0.5233245783378342,0.5205308337178824,0.524555467987016
21843,2026-01-14 19:32:00,2026-01-12/2026-01-18,0.4621364128209496,0.4644360776802392,0.4689819679653505,0.47197213335240057
21844,2026-01-14 19:42:00,2026-01-12/2026-01-18,0.32551284939755737,0.32635325256048825,0.32655053609283957,0.32772382881582623
21845,2026-01-14 19:45:00,2026-01-12/2026-01-18,0.5361725000553009,0.5359828810538736,0.5359815443013497,0.5369303834911325
21846,2026-01-14 19:52:00,2026-01-12/2026-01-18,0.27609199620262886,0.2827953120942115,0.27167009594178143,0.2815211830876419
21848,2026-01-14 20:15:00,2026-01-12/2026-01-18,0.4786299089063749,0.42883744646074723,0.4786390258005391,0.41678856229805067
21852,2026-01-14 21:45:00,2026-01-12/2026-01-18,0.4429481218485084,0.44116657984912117,0.4377728021300291,0.44265511338833063
21853,2026-01-14 21:55:00,2026-01-12/2026-01-18,0.3281503028753973,0.3306971802043049,0.33304787797959706,0.3357534071243539
21854,2026-01-14 22:30:00,2026-01-12/2026-01-18,0.45127461208682673,0.4610305147470966,0.4499771545000126,0.4621224553545218
21855,2026-01-14 22:52:00,2026-01-12/2026-01-18,0.26727197182225393,0.27351752822481573,0.26331957168766457,0.27261116846349814
21856,2026-01-14 23:11:00,2026-01-12/2026-01-18,0.47490201249252995,0.47074049897934994,0.4715730055425629,0.4721234696647528
21858,2026-01-14 23:46:00,2026-01-12/2026-01-18,0.5007946622030512,0.5020078009586293,0.4989493067015953,0.5021279740813003
21859,2026-01-15 02:38:00,2026-01-12/2026-01-18,0.45117277590397903,0.4511787622676023,0.4559302548696249,0.4554354378944074
21860,2026-01-15 03:04:00,2026-01-12/2026-01-18,0.47932640077423105,0.4805255345267963,0.47858136309808325,0.4803853124781974
21861,2026-01-15 04:00:00,2026-01-12/2026-01-18,0.28990685598689603,0.2892711579091628,0.29085966568547633,0.289866186304446
21862,2026-01-15 04:09:00,2026-01-12/2026-01-18,0.4524285934512268,0.4524803679987554,0.4531943055063101,0.4535476824185155
21865,2026-01-15 07:00:00,2026-01-12/2026-01-18,0.4487028539066478,0.4475233265538595,0.45686791982950076,0.4533713179478454
21867,2026-01-15 09:04:00,2026-01-12/2026-01-18,0.41895439885732205,0.4176542392356668,0.42720580513646983,0.4235368632617796
21868,2026-01-15 09:18:00,2026-01-12/2026-01-18,0.21323060776005837,0.21524312059965858,0.20791766951061408,0.21196507090945754
21869,2026-01-15 09:50:00,2026-01-12/2026-01-18,0.47329399877287803,0.47325378751357616,0.4815567958136815,0.47811003356064546
21876,2026-01-15 11:00:00,2026-01-12/2026-01-18,0.48251920887649785,0.48191306933672645,0.4893475149508722,0.48547000263543866
21896,2026-01-15 12:36:00,2026-01-12/2026-01-18,0.29945039810246593,0.3026149970142366,0.3001733338814057,0.30358691919386177
21897,2026-01-15 12:37:00,2026-01-12/2026-01-18,0.28898141222497276,0.290300261298579,0.2930691957719834,0.2934320156118396
21900,2026-01-15 12:37:00,2026-01-12/2026-01-18,0.2898132956202149,0.2892704008434864,0.29289785991948536,0.2918239780178811
21903,2026-01-15 13:00:00,2026-01-12/2026-01-18,0.23714317482217306,0.24117619769377605,0.2313957330475372,0.23750824071986207
21909,2026-01-15 14:00:00,2026-01-12/2026-01-18,0.5007760985358064,0.5008278985356093,0.5014351419219955,0.5011817328031998
21910,2026-01-15 14:01:00,2026-01-12/2026-01-18,0.27580205539584607,0.27513648684375763,0.2753880325330893,0.27449180622049196
21911,2026-01-15 14:01:00,2026-01-12/2026-01-18,0.24866879820284654,0.254084986128215,0.24276754215206953,0.25002729723620143
21912,2026-01-15 14:30:00,2026-01-12/2026-01-18,0.39288147641747967,0.4002254922208427,0.3866834191522814,0.39606354222546564
21914,2026-01-15 14:42:00,2026-01-12/2026-01-18,0.24544110597137173,0.25087457158855725,0.24037852340203056,0.24766464440865837
21915,2026-01-15 14:44:00,2026-01-12/2026-01-18,0.2627968065404332,0.2686216877181174,0.26077819046129314,0.26774640533738775
21917,2026-01-15 14:47:00,2026-01-12/2026-01-18,0.3515235066383034,0.3535033264722391,0.357698645015887,0.35775096858032074
21918,2026-01-15 15:00:00,2026-01-12/2026-01-18,0.23419935768335717,0.23943055860118828,0.23157887752165446,0.23856197106639915
21919,2026-01-15 15:00:00,2026-01-12/2026-01-18,0.31858285889008153,0.31952196234149366,0.31639651046565226,0.3178573255737795
21920,2026-01-15 15:00:00,2026-01-12/2026-01-18,0.31851479765238233,0.3191831871598504,0.315938862315699,0.3172856617270752
21921,2026-01-15 15:01:00,2026-01-12/2026-01-18,0.27447077020281246,0.2737167574952018,0.27622590290110954,0.2748008827411311
21923,2026-01-15 15:01:00,2026-01-12/2026-01-18,0.3866012077670957,0.383399615099093,0.38281173295442295,0.3846267893331181
22164,2026-01-15 18:20:00,2026-01-12/2026-01-18,0.3828658329460129,0.3826113262208585,0.3840143805488385,0.38370152861746576
22165,2026-01-15 18:20:00,2026-01-12/2026-01-18,0.2555265181371465,0.25601148064461304,0.2579121444722113,0.25812775685969613
22166,2026-01-15 18:20:00,2026-01-12/2026-01-18,0.41553532491929285,0.41790954019860627,0.41595927118279313,0.4190635267738421
22167,2026-01-15 18:20:00,2026-01-12/2026-01-18,0.4303853342935528,0.43040275901546926,0.4278030995581593,0.4293038969189101
22168,2026-01-15 18:21:00,2026-01-12/2026-01-18,0.29069947943730773,0.29220785678356637,0.28917786838839,0.29174960959411106
22169,2026-01-15 18:21:00,2026-01-12/2026-01-18,0.2526172123597633,0.2527402184585884,0.2545509366799024,0.25441769083228116
22170,2026-01-15 18:21:00,2026-01-12/2026-01-18,0.3892393523918037,0.39105912536804716,0.386841584202564,0.3941816781563806
22171,2026-01-15 18:22:00,2026-01-12/2026-01-18,0.39002720784520367,0.3916730291901816,0.38724660974323355,0.3943884653389213
22172,2026-01-15 18:22:00,2026-01-12/2026-01-18,0.39002720784520367,0.3916730291901816,0.38724660974323355,0.3943884653389213
22173,2026-01-15 18:22:00,2026-01-12/2026-01-18,0.35754990137673315,0.3650776381140572,0.354487299572686,0.3651675160130726
22174,2026-01-15 18:23:00,2026-01-12/2026-01-18,0.4230053279477674,0.4252604101491569,0.43209312363320707,0.432775012966398
22175,2026-01-15 18:23:00,2026-01-12/2026-01-18,0.4230053279477674,0.4252604101491569,0.43209312363320707,0.432775012966398
22176,2026-01-15 18:23:00,2026-01-12/2026-01-18,0.20264520318812942,0.20635984496822138,0.19832609350657812,0.20424661621385465
22177,2026-01-15 18:24:00,2026-01-12/2026-01-18,0.210657170281947,0.21537956744621897,0.20641207405833356,0.21312310715089172
22178,2026-01-15 18:24:00,2026-01-12/2026-01-18,0.36847199789237634,0.3736343877012527,0.3632302799221373,0.37043094855304426
22180,2026-01-15 18:24:00,2026-01-12/2026-01-18,0.4639917348644343,0.47364407441823986,0.4737688053355961,0.47807675916767167
22181,2026-01-15 18:24:00,2026-01-12/2026-01-18,0.3630130199857043,0.3752786401034294,0.36961672293622155,0.38049720811641397
22183,2026-01-15 18:30:00,2026-01-12/2026-01-18,0.21004812682476504,0.21404179783794164,0.2050985776507184,0.21133067905114972
22184,2026-01-15 18:58:00,2026-01-12/2026-01-18,0.4801732181833367,0.4718769792770535,0.4862089774519465,0.47804568486205784
22185,2026-01-15 19:00:00,2026-01-12/2026-01-18,0.20740552945322277,0.2113615303739951,0.20303055846885673,0.20920215184693383
22187,2026-01-15 19:00:00,2026-01-12/2026-01-18,0.2664820229167083,0.2687087803404651,0.2713688171231574,0.2731659261748593
22188,2026-01-15 19:01:00,2026-01-12/2026-01-18,0.3582948128431493,0.3655668594592396,0.3575429564538118,0.3666628493376615
22189,2026-01-15 19:25:00,2026-01-12/2026-01-18,0.39383184590838216,0.3960677869584319,0.3912110392759116,0.39875772385667785
22191,2026-01-15 19:25:00,2026-01-12/2026-01-18,0.4948812789599947,0.49822092338493745,0.4997891485719595,0.5019758911783323
22192,2026-01-15 19:30:00,2026-01-12/2026-01-18,0.21701234848522016,0.2225408826419627,0.21354883433707686,0.22111475955785928
22193,2026-01-15 19:49:00,2026-01-12/2026-01-18,0.4397872995774732,0.43953311083417834,0.4477638957940562,0.44590896175707234
22194,2026-01-15 20:00:00,2026-01-12/2026-01-18,0.4401131277000212,0.4407930466419364,0.4374751479219203,0.43953200538871584
22195,2026-01-15 20:15:00,2026-01-12/2026-01-18,0.4476465516526995,0.45033781181069926,0.4526159534424442,0.4549500826900296
22196,2026-01-15 20:30:00,2026-01-12/2026-01-18,0.44357001356488607,0.434432393812291,0.43981135659883164,0.4360747586421275
22197,2026-01-15 20:36:00,2026-01-12/2026-01-18,0.21516479207551786,0.22019831844547014,0.21095283841693815,0.21798045573380218
22199,2026-01-15 20:37:00,2026-01-12/2026-01-18,0.23152724174422265,0.23106063513939426,0.23598918143764447,0.23515686174935743
22200,2026-01-15 20:38:00,2026-01-12/2026-01-18,0.269452265558454,0.27271486925622757,0.269912282136205,0.2739997114456877
22203,2026-01-15 21:50:00,2026-01-12/2026-01-18,0.4355451734405158,0.42640778864246276,0.4404337954430652,0.4317794072952855
22204,2026-01-15 21:52:00,2026-01-12/2026-01-18,0.2715195669193859,0.272707198038645,0.27246722655115235,0.27435438375054594
22205,2026-01-15 23:20:00,2026-01-12/2026-01-18,0.3825732092343132,0.37645279308187074,0.38698485263633997,0.38007449147783856
22206,2026-01-16 00:26:00,2026-01-12/2026-01-18,0.3723200613144939,0.3751600349444913,0.370259325275158,0.3755442430780267
22209,2026-01-16 16:11:00,2026-01-12/2026-01-18,0.49820576908923986,0.5018699103835762,0.5017984771845996,0.5060370468808274
22210,2026-01-16 16:11:00,2026-01-12/2026-01-18,0.49820576908923986,0.5018699103835762,0.5017984771845996,0.5060370468808274
22211,2026-01-16 16:12:00,2026-01-12/2026-01-18,0.4438639520966304,0.4526761521518539,0.4398525555670202,0.45200977012192817
22216,2026-01-16 16:13:00,2026-01-12/2026-01-18,0.586550005448313,0.591276571421394,0.5890771873817003,0.5946148233564762
22217,2026-01-16 16:13:00,2026-01-12/2026-01-18,0.44803893283440166,0.4483911784949456,0.439520871561439,0.44735459556210216
22218,2026-01-16 16:13:00,2026-01-12/2026-01-18,0.35827970679062004,0.35907210409882545,0.35447228140226616,0.3578596992564006
22219,2026-01-16 16:14:00,2026-01-12/2026-01-18,0.595692397020222,0.5987103149468662,0.5968598102153527,0.5999413826283257
22220,2026-01-16 16:14:00,2026-01-12/2026-01-18,0.5466059162306628,0.547137641498226,0.5496249102226636,0.5494203567439253
22221,2026-01-16 16:14:00,2026-01-12/2026-01-18,0.5394999543091334,0.5427975725863157,0.5349384805445732,0.5405880536284241
22223,2026-01-16 16:16:00,2026-01-12/2026-01-18,0.4843975796814337,0.4850940899625671,0.4836831627450115,0.48546145487642
22224,2026-01-16 16:16:00,2026-01-12/2026-01-18,0.4620121779371463,0.4709315892319817,0.4519757511961177,0.46509102955456905
22225,2026-01-16 16:18:00,2026-01-12/2026-01-18,0.5094935074884578,0.5135445849686157,0.5031143545394038,0.5141575852459016
22226,2026-01-16 16:18:00,2026-01-12/2026-01-18,0.5054663500278023,0.5076201101875883,0.5058975528767277,0.5084945379467385
22227,2026-01-16 16:18:00,2026-01-12/2026-01-18,0.36257683961787057,0.30864365215281536,0.3569807425635448,0.2934667498215286
22228,2026-01-16 16:18:00,2026-01-12/2026-01-18,0.3897780578105586,0.3935069901167233,0.3924871283468053,0.39588534401741776
22229,2026-01-16 16:19:00,2026-01-12/2026-01-18,0.3588098383805734,0.3606683246929264,0.35453045988927145,0.35885889147457484
22230,2026-01-16 16:19:00,2026-01-12/2026-01-18,0.4686006528644372,0.4778981091556781,0.46304591705367604,0.47537908704390436
22231,2026-01-16 16:19:00,2026-01-12/2026-01-18,0.4392795142165629,0.44537253268061683,0.4316629528463895,0.4424240637303486
22233,2026-01-16 16:21:00,2026-01-12/2026-01-18,0.5002447107230088,0.5036825924334213,0.4939632137896819,0.5044771521917928
22234,2026-01-16 16:22:00,2026-01-12/2026-01-18,0.4905580792476314,0.4939852207543116,0.4847446335969045,0.4950912355428942
22235,2026-01-16 16:22:00,2026-01-12/2026-01-18,0.3462832946447564,0.34649370822567926,0.345466269801124,0.3469779727109868
22236,2026-01-16 16:22:00,2026-01-12/2026-01-18,0.3738351562101516,0.37667278970007473,0.37072947520402255,0.37572966615474734
22237,2026-01-16 16:23:00,2026-01-12/2026-01-18,0.3476039167069914,0.34896035408976755,0.346187817460606,0.3485711372166326
22238,2026-01-16 16:23:00,2026-01-12/2026-01-18,0.5677686695059863,0.5635683533431711,0.5612873179441327,0.56394610418538
22242,2026-01-16 16:25:00,2026-01-12/2026-01-18,0.585193805375773,0.590003641526136,0.5879835751560423,0.5937022071895314
22243,2026-01-16 16:26:00,2026-01-12/2026-01-18,0.3852610904754717,0.38874659370414927,0.3814170742677177,0.3871729399751205
22247,2026-01-16 16:27:00,2026-01-12/2026-01-18,0.5312050058797578,0.5355256244151677,0.5301997025597798,0.5366742168527946
22250,2026-01-16 16:27:00,2026-01-12/2026-01-18,0.3615305564123813,0.3095430314150504,0.3611518402931401,0.2975259249907377
22251,2026-01-16 16:30:00,2026-01-12/2026-01-18,0.5778804788173911,0.5840800869233513,0.5776666769095,0.5862103274392617
22252,2026-01-16 16:37:00,2026-01-12/2026-01-18,0.5723867072341363,0.5765613309026808,0.5718145108458599,0.5770195100958766
22253,2026-01-16 16:39:00,2026-01-12/2026-01-18,0.601923752402838,0.604851931905611,0.6026323721163636,0.6058506594835529
22256,2026-01-16 16:55:00,2026-01-12/2026-01-18,0.3185704541304907,0.31911052133429013,0.3180593387170221,0.31958276636390615
22257,2026-01-16 16:55:00,2026-01-12/2026-01-18,0.41637802497148335,0.4132310636035913,0.40832899328060446,0.41275068995995745
22259,2026-01-16 17:30:00,2026-01-12/2026-01-18,0.3845466134758349,0.38707224784248295,0.37918623064325396,0.38422690017793254
22260,2026-01-16 17:30:00,2026-01-12/2026-01-18,0.32949977468049724,0.3312656563626537,0.3324614637498388,0.3347541865526613
22261,2026-01-16 17:48:00,2026-01-12/2026-01-18,0.5219241534317234,0.5244426808377464,0.519117214820493,0.5243339774256653
22262,2026-01-16 17:48:00,2026-01-12/2026-01-18,0.4037487424992845,0.405913507256727,0.40159589781500293,0.40542708429500673
22263,2026-01-16 17:50:00,2026-01-12/2026-01-18,0.4675351364659198,0.4786356527418153,0.4609637325180703,0.47586733261894953
22264,2026-01-16 17:50:00,2026-01-12/2026-01-18,0.43804483411325096,0.43593732680663,0.4303945506780872,0.43566705234283115
22266,2026-01-16 18:15:00,2026-01-12/2026-01-18,0.4193212438714736,0.42793815948411557,0.4098808009408199,0.42324279329543746
22267,2026-01-16 18:30:00,2026-01-12/2026-01-18,0.47139160649993816,0.47409860968808076,0.4694425789153306,0.4737106101925223
22268,2026-01-16 18:30:00,2026-01-12/2026-01-18,0.5615925617014553,0.5650626366375178,0.5629797361632398,0.567150699187249
22270,2026-01-16 19:00:00,2026-01-12/2026-01-18,0.3117007148230326,0.31352971945159425,0.311124147119409,0.31417425348681205
22271,2026-01-16 19:08:00,2026-01-12/2026-01-18,0.4966376084384984,0.4957089418175072,0.4974647081687691,0.4975369654060561
22273,2026-01-16 19:14:00,2026-01-12/2026-01-18,0.5350025642176521,0.5372155399240409,0.5357779963075625,0.5391432136442103
22274,2026-01-16 19:23:00,2026-01-12/2026-01-18,0.30937931255769163,0.3102855450051773,0.3056819176837364,0.30961602783245984
22276,2026-01-16 20:02:00,2026-01-12/2026-01-18,0.4721293440691253,0.49402362520776205,0.47948363580543824,0.5016582359879292
22278,2026-01-16 20:30:00,2026-01-12/2026-01-18,0.40951803699269984,0.41592335589529766,0.40138513238003115,0.41286655369678876
22280,2026-01-16 20:45:00,2026-01-12/2026-01-18,0.2994582519651934,0.30016591102401113,0.2965699660517043,0.3002286751728365
22288,2026-01-17 11:35:00,2026-01-12/2026-01-18,0.28274778422836316,0.2824864155624214,0.28074220562857916,0.2817952604469701
22290,2026-01-17 11:36:00,2026-01-12/2026-01-18,0.41074614577478885,0.567483826579599,0.4020025745391704,0.5571194205133543
22291,2026-01-17 11:36:00,2026-01-12/2026-01-18,0.5256678287153647,0.5261505448165914,0.5204166942254473,0.5228846074274804
22296,2026-01-17 11:37:00,2026-01-12/2026-01-18,0.4795145465310975,0.48110047201747885,0.47325437527771164,0.4774986870147662
22299,2026-01-17 11:37:00,2026-01-12/2026-01-18,0.3855080964405049,0.3925558111496981,0.37583498804819854,0.3873124800969093
22301,2026-01-17 11:38:00,2026-01-12/2026-01-18,0.4308250606451085,0.44021821497292646,0.42307729411120876,0.4374278219037018
22302,2026-01-17 11:40:00,2026-01-12/2026-01-18,0.3149016255412852,0.31415424632622724,0.312343882778485,0.3129891861179434
22303,2026-01-17 11:40:00,2026-01-12/2026-01-18,0.45599824422697094,0.45514285817514133,0.4576128356719624,0.4572786960109992
22306,2026-01-17 11:40:00,2026-01-12/2026-01-18,0.3929263587574837,0.3893651172488477,0.38337615145030945,0.38726257162976346
22307,2026-01-17 11:41:00,2026-01-12/2026-01-18,0.2917673631630714,0.29302566142199077,0.2893101543389824,0.2934163099818512
22312,2026-01-17 11:51:00,2026-01-12/2026-01-18,0.3948852120358638,0.392340301486716,0.3864642226470887,0.39134263703921257
22313,2026-01-17 11:56:00,2026-01-12/2026-01-18,0.44463151072604584,0.44550726762865483,0.44304861771182835,0.444957461627352
22314,2026-01-17 12:00:00,2026-01-12/2026-01-18,0.5034652293983329,0.5063036110991087,0.5024361026104609,0.5066467700186907
22316,2026-01-17 12:30:00,2026-01-12/2026-01-18,0.3541076946396008,0.36142757012655563,0.3563105909458022,0.35802060796360874
22317,2026-01-17 12:40:00,2026-01-12/2026-01-18,0.35532689298398074,0.3603331909424878,0.3536576667668112,0.3583350018970047
22321,2026-01-17 13:05:00,2026-01-12/2026-01-18,0.21105351398024244,0.2162678828660901,0.20408943391921358,0.21180941978236886
22539,2026-01-17 17:41:00,2026-01-12/2026-01-18,0.5327159602102441,0.5359886481386099,0.5247910928182291,0.530953814945698
22540,2026-01-17 18:00:00,2026-01-12/2026-01-18,0.3060620087813622,0.30893119329734015,0.3033687223461549,0.30789402807192967
22542,2026-01-17 18:47:00,2026-01-12/2026-01-18,0.3819708247478739,0.3905244460711114,0.3705628606103837,0.38424654116732504
22543,2026-01-17 19:00:00,2026-01-12/2026-01-18,0.2984182311335113,0.30087891883989376,0.29557088003793464,0.2995360633260487
22545,2026-01-17 19:00:00,2026-01-12/2026-01-18,0.47069989264767487,0.4734959217429217,0.4704887396450543,0.47401745787975674
22546,2026-01-17 19:05:00,2026-01-12/2026-01-18,0.36874209736378805,0.37112898634049024,0.3695040041771619,0.3724850792042863
22547,2026-01-17 19:30:00,2026-01-12/2026-01-18,0.5090380720607861,0.5147509421047786,0.5034540114746647,0.5122382582662665
22549,2026-01-17 21:00:00,2026-01-12/2026-01-18,0.3984554923701692,0.4061840054917357,0.38972393683846535,0.4020441177473535
22550,2026-01-17 21:00:00,2026-01-12/2026-01-18,0.2980838186632532,0.30161592400401444,0.298084900306037,0.3029383207300581
22551,2026-01-17 22:19:00,2026-01-12/2026-01-18,0.49375709718114646,0.4933970844273011,0.4861844327506221,0.4892208869827059
22554,2026-01-18 00:32:00,2026-01-12/2026-01-18,0.2550492836198427,0.2600921386830894,0.2515126252077739,0.25956704555561205
22557,2026-01-18 04:57:00,2026-01-12/2026-01-18,0.4144315634239401,0.417437565669172,0.40795417841627,0.41410269312039255
22559,2026-01-18 05:06:00,2026-01-12/2026-01-18,0.4667869068501736,0.4681277705989282,0.47272849591222504,0.4739563042062667
22564,2026-01-18 09:05:00,2026-01-12/2026-01-18,0.47819190075117673,0.47503568948961566,0.47703868008664024,0.47531547874894187
22566,2026-01-18 09:27:00,2026-01-12/2026-01-18,0.40625331551489124,0.4123766736000929,0.40677298614989593,0.41456482885742263
22567,2026-01-18 10:47:00,2026-01-12/2026-01-18,0.45274082065409116,0.4562489801050651,0.4649663094911296,0.46223604669027174
22568,2026-01-18 11:09:00,2026-01-12/2026-01-18,0.4200995642212668,0.41734185992622697,0.4233782136527455,0.42041925177436495
22569,2026-01-18 17:26:00,2026-01-12/2026-01-18,0.30127965746687574,0.30020630362947126,0.3002732453826257,0.30071279103216136
22570,2026-01-18 18:45:00,2026-01-12/2026-01-18,0.4843718174720183,0.48620297621741054,0.49075794744507906,0.4933847559271738
22571,2026-01-18 19:10:00,2026-01-12/2026-01-18,0.4166706318109179,0.422198624002261,0.41091081659778467,0.4194447241280704
22572,2026-01-18 20:22:00,2026-01-12/2026-01-18,0.3147588688684042,0.31901744045710645,0.3152015301860226,0.3209316708671603
22573,2026-01-18 20:49:00,2026-01-12/2026-01-18,0.3057575678233328,0.30685727745999786,0.30457313666136465,0.3074909712496074
22575,2026-01-18 21:00:00,2026-01-12/2026-01-18,0.24946025656491647,0.2414709746772999,0.24449573132859315,0.23298222309946073
22656,2026-01-19 11:58:00,2026-01-19/2026-01-25,0.5187119902095587,0.520390203226268,0.5067358065354639,0.5161310267851048
22657,2026-01-19 11:58:00,2026-01-19/2026-01-25,0.4225611587190409,0.42604924319241194,0.41557386897289517,0.4225114833457454
22658,2026-01-19 13:53:00,2026-01-19/2026-01-25,0.4128957839819161,0.41720003503595865,0.40905120863562294,0.41223694945515926
22660,2026-01-19 16:02:00,2026-01-19/2026-01-25,0.5598805687316002,0.5588935840362808,0.5525898290778697,0.5557445786825378
22661,2026-01-19 16:26:00,2026-01-19/2026-01-25,0.5207073470657954,0.5261914444987661,0.5122864028793045,0.5204013454558748
22662,2026-01-19 17:01:00,2026-01-19/2026-01-25,0.5512264313241293,0.5532257642725676,0.541698985749338,0.5470288933581032
22665,2026-01-19 19:37:00,2026-01-19/2026-01-25,0.5416926101538705,0.5388647791707167,0.5369818673378384,0.5382493981267745
22666,2026-01-19 19:37:00,2026-01-19/2026-01-25,0.5219555957188944,0.5207759546098027,0.5158448567867344,0.5185853995152644
22667,2026-01-19 19:38:00,2026-01-19/2026-01-25,0.3379663725259965,0.3384924816189946,0.3391994115183364,0.33750434549816594
22668,2026-01-19 19:38:00,2026-01-19/2026-01-25,0.34198740223656876,0.34156769018090033,0.33869091539995844,0.33962847312312117
22669,2026-01-19 19:38:00,2026-01-19/2026-01-25,0.5034665407995331,0.5015199222554394,0.49769213724557543,0.4987299357380898
22670,2026-01-19 19:39:00,2026-01-19/2026-01-25,0.3493976066483824,0.3487879948602355,0.3449476461073588,0.34594480921151377
22672,2026-01-19 19:41:00,2026-01-19/2026-01-25,0.5670555759783114,0.5636104127459388,0.5616675093692274,0.5626833025270008
22673,2026-01-19 19:42:00,2026-01-19/2026-01-25,0.5045397116522004,0.5035507159221194,0.49976953620437536,0.5023914887539019
22674,2026-01-19 19:43:00,2026-01-19/2026-01-25,0.3558444202597057,0.3560598474726216,0.3512578843655805,0.3539310693218561
22675,2026-01-19 20:00:00,2026-01-19/2026-01-25,0.3071714967134673,0.31045378115828925,0.29968544631419125,0.30498758197759007
22676,2026-01-19 20:03:00,2026-01-19/2026-01-25,0.3098932206502694,0.3088849617649563,0.30580858988143184,0.3061081724768528
22677,2026-01-19 20:08:00,2026-01-19/2026-01-25,0.4468886076944001,0.44398780325776555,0.44292664454720493,0.4421349706629969
22679,2026-01-19 20:16:00,2026-01-19/2026-01-25,0.48365105703436306,0.4817992080358925,0.47832161840427173,0.4785567827659455
22680,2026-01-19 20:48:00,2026-01-19/2026-01-25,0.5024146295137262,0.5076338159517246,0.49563759187822976,0.5025197480401752
22682,2026-01-19 21:08:00,2026-01-19/2026-01-25,0.4615704764573668,0.4593364099573381,0.4563790660744556,0.45632210670675716
22683,2026-01-19 21:32:00,2026-01-19/2026-01-25,0.3320286108006584,0.3308122889325846,0.3279529307613399,0.3283440641125558
22684,2026-01-19 21:45:00,2026-01-19/2026-01-25,0.534228525460621,0.5337478145913291,0.5322586938803188,0.5333612707609491
22689,2026-01-19 22:22:00,2026-01-19/2026-01-25,0.4944844278883674,0.4969705141783462,0.4879257938190759,0.4932304659584237
22693,2026-01-19 22:46:00,2026-01-19/2026-01-25,0.36115586165998437,0.3608304392210775,0.35546210689198776,0.35778943216329734
22696,2026-01-20 03:51:00,2026-01-19/2026-01-25,0.33739973552260316,0.33625086134167825,0.3381727485690082,0.3377126405914241
22697,2026-01-20 03:51:00,2026-01-19/2026-01-25,0.5520220628354255,0.5530377107788788,0.5570649368604835,0.5582253651644759
22698,2026-01-20 03:51:00,2026-01-19/2026-01-25,0.3294374554182401,0.32798694198895234,0.33082577331461943,0.3299359658876338
22703,2026-01-20 04:02:00,2026-01-19/2026-01-25,0.5878559561399798,0.5876374140330417,0.5897881356345267,0.5912701135036584
22704,2026-01-20 04:04:00,2026-01-19/2026-01-25,0.4659907275501753,0.4637228151656071,0.4667687616830014,0.4671280659858472
22705,2026-01-20 04:05:00,2026-01-19/2026-01-25,0.3286046940983691,0.3269376975536477,0.32975426209230396,0.3287595443429855
22706,2026-01-20 04:10:00,2026-01-19/2026-01-25,0.6127764126756999,0.6175511914016557,0.6121714297440791,0.6190595548065952
22707,2026-01-20 04:11:00,2026-01-19/2026-01-25,0.3810547164169249,0.3841114879102415,0.3783415215937224,0.3836814081771037
22709,2026-01-20 04:11:00,2026-01-19/2026-01-25,0.5173396770750583,0.5163400467362212,0.5182082676755007,0.5197809973568149
22710,2026-01-20 04:11:00,2026-01-19/2026-01-25,0.5343656236888942,0.5325225390534494,0.5343848667500815,0.5339811703139058
22711,2026-01-20 04:21:00,2026-01-19/2026-01-25,0.5034533354610776,0.5011303102424159,0.5045762482744249,0.5043872418015364
22712,2026-01-20 04:22:00,2026-01-19/2026-01-25,0.49147767441642226,0.48917457428035266,0.49143434710142814,0.4910502019582204
22713,2026-01-20 04:28:00,2026-01-19/2026-01-25,0.3646548847529139,0.36424904660133106,0.3660716053377527,0.366147710636573
22714,2026-01-20 04:29:00,2026-01-19/2026-01-25,0.34430539076205074,0.3435745724352562,0.34599593685537217,0.3457616501928324
22721,2026-01-20 04:45:00,2026-01-19/2026-01-25,0.33435775372851934,0.33549757910724654,0.33879193065075536,0.3393791875433965
22723,2026-01-20 04:53:00,2026-01-19/2026-01-25,0.3437738702057378,0.3430367770576696,0.345463629006298,0.34522184112884446
22724,2026-01-20 05:02:00,2026-01-19/2026-01-25,0.5783231859866197,0.577585464847295,0.5786739496907036,0.5792971632576648
22725,2026-01-20 05:06:00,2026-01-19/2026-01-25,0.42906412097240276,0.4274646704802541,0.4310312137786799,0.43135549327988354
22728,2026-01-20 05:17:00,2026-01-19/2026-01-25,0.5300247653152845,0.528516877244936,0.5304485372275767,0.5302372116773855
22729,2026-01-20 05:33:00,2026-01-19/2026-01-25,0.37393685636039187,0.3739784528436009,0.3801386552037727,0.3773235344558568
22730,2026-01-20 05:34:00,2026-01-19/2026-01-25,0.4541852412901729,0.45828857091061354,0.45156252279177783,0.45720400714595866
22732,2026-01-20 05:40:00,2026-01-19/2026-01-25,0.38086362785437927,0.3500161113201685,0.37859544176570414,0.3411486469314441
22735,2026-01-20 06:02:00,2026-01-19/2026-01-25,0.5234691763267716,0.5243970565726236,0.52257193445775,0.5244686984777929
22737,2026-01-20 06:18:00,2026-01-19/2026-01-25,0.3577600886797102,0.35819050154505755,0.36562247520825564,0.36234766717705696
22744,2026-01-20 07:03:00,2026-01-19/2026-01-25,0.2914851786148136,0.28959519387656074,0.2939713956631291,0.29196058080550735
22745,2026-01-20 07:06:00,2026-01-19/2026-01-25,0.4712003708469726,0.46758496304689107,0.47299025519731,0.4711497826684639
22746,2026-01-20 07:13:00,2026-01-19/2026-01-25,0.5368912357755179,0.5366957657544947,0.5389147990362722,0.5403732901117239
22748,2026-01-20 07:32:00,2026-01-19/2026-01-25,0.4908437769102473,0.48933702823819963,0.49466107945859383,0.4924361085179814
22750,2026-01-20 07:43:00,2026-01-19/2026-01-25,0.4801883756191833,0.4786755528761286,0.48413747674764085,0.48265147530873587
22751,2026-01-20 07:45:00,2026-01-19/2026-01-25,0.37708730316165845,0.37505525050117894,0.3779735267931516,0.377048498080798
22757,2026-01-20 08:25:00,2026-01-19/2026-01-25,0.34569965869180536,0.3441769450798214,0.3471498132727458,0.345817997800716
22770,2026-01-20 09:00:00,2026-01-19/2026-01-25,0.47506342887404934,0.4716785900529062,0.4760469920516426,0.4735740266996077
22772,2026-01-20 09:19:00,2026-01-19/2026-01-25,0.46866416317088017,0.4677690149911663,0.4662424655724072,0.466797261114597
22776,2026-01-20 09:29:00,2026-01-19/2026-01-25,0.45906691067781896,0.4554664104705177,0.46002061635626684,0.45720792142682254
22777,2026-01-20 09:31:00,2026-01-19/2026-01-25,0.3264337711708023,0.3233555407743352,0.3290411448304969,0.32580500371226606
