order_id,execution_id,audit_id,trace_id,event_id,event_name,league_id,league_name,competition_id,competition_name,country,created_at_utc,kickoff_utc,policy_id,policy_version,side,period,line,odd_at_decision,odd_final,stake,capacity_final,slippage_pre_pct,pre_submit_ms,call_to_done_ms,place_duration_ms,bookmaker,settlement_status,settlement_ts,pnl,friendly_class,friendly_source,friendly_rule_id,friendly_confidence,clv_post_5m,clv_post_5m_valid_strict,clv_post_15m,clv_post_15m_valid_strict,clv_closing,clv_closing_valid_strict,clv_failure_reason
1931674091,693ee6d7-5471-4b12-bf63-fc763c9906b5,419662,,"2026-07-28,60848,652",Lincoln Red Imps vs Mjällby AIF,,UEFA Champions League,,UEFA Champions League,,2026-07-28T15:30:25.309321+00:00,,H3BUP_vNext,H3BUP_vNext_20260629,away,Pre,3,1.882,1.862,10.0,655.3063,-1.06269925611051,1222.0,5225.0,,pin88,SETTLED_DECIDED,,-9.97,NON_FRIENDLY,league_name,R_NAME_OFFICIAL_DEFAULT,medium,,False,,False,,False,
1932353274,f1918965-9811-4c30-b7f6-0cff33762dad,419935,,"2026-07-28,324,10003088",Shamrock Rovers FC (IRE) vs Ararat Armenia,,UEFA Champions League,,UEFA Champions League,,2026-07-28T17:58:41.861191+00:00,,H3BUP_vNext,H3BUP_vNext_20260629,away,Pre,-4,1.892,1.877,10.0,321.2393,-0.7928118393234621,1129.0,6474.0,,pin88,VOID_PUSH,,0.0,NON_FRIENDLY,league_name,R_NAME_OFFICIAL_DEFAULT,medium,,False,,False,,False,
1933822208,ccd3c23a-ada8-41e4-94f0-a0b23ad674a3,420463,,"2026-07-29,23470,23456",Bogota FC vs Deportivo Pasto,,Colombia Cup,,Colombia Cup,,2026-07-28T23:58:59.009030+00:00,,H3BUP_vNext,H3BUP_vNext_20260629,away,Pre,2,1.98,1.945,10.0,129.5895,-1.7676767676767637,1105.0,3804.0,,punter_io,SETTLED_DECIDED,,9.54,NON_FRIENDLY,league_name,R_NAME_OFFICIAL_DEFAULT,medium,,False,,False,,False,
1934662052,c015f8c4-e10c-466e-9c56-da7b9858555b,420839,,"2026-07-30,1583,1624",CA Bragantino (SP) vs Sporting Cristal,,CONMEBOL Copa Sudamericana,,CONMEBOL Copa Sudamericana,,2026-07-29T04:00:51.513933+00:00,,H3BUP_vNext,H3BUP_vNext_20260629,home,Pre,-6,1.952,1.914,10.0,122.1849,-1.9467213114754116,1261.0,5933.0,,4casters,SETTLED_DECIDED,,-9.99,NON_FRIENDLY,league_name,R_NAME_OFFICIAL_DEFAULT,medium,,False,,False,,False,
1934994839,e8a4c6bd-4eab-448b-b77a-6c6f0b407cbe,421000,,"2026-07-29,23475,29682",Barranquilla FC vs CPD Junior Barranquilla,,Colombia Cup,,Colombia Cup,,2026-07-29T07:51:53.000127+00:00,,H3BUP_vNext,H3BUP_vNext_20260629,home,Pre,3,1.961,1.934,10.0,120.6398,-1.3768485466598743,1115.0,6551.0,,pin88,SETTLED_DECIDED,,9.29,NON_FRIENDLY,league_name,R_NAME_OFFICIAL_DEFAULT,medium,,False,,False,,False,
1935045057,3b615f29-d760-4b2b-ab21-e6e1b891a268,421030,,"2026-07-29,10059479,10088422",Internacional FC de Palmira vs Internacional de Bogotá,,Colombia Cup,,Colombia Cup,,2026-07-29T08:28:28.900981+00:00,,H3BUP_vNext,H3BUP_vNext_20260629,home,Pre,-1,2.038,2.03,10.0,112.7673,-0.39254170755642825,1155.0,5929.0,,pin88,SETTLED_DECIDED,,-9.97,NON_FRIENDLY,league_name,R_NAME_OFFICIAL_DEFAULT,medium,,False,,False,,False,
1935402833,4b3ed54f-455f-4ba9-91f1-241e175d3236,421392,,"2026-07-29,11,70",Bradford City FC vs Preston North End,,Club Friendly,,Club Friendly,,2026-07-29T10:42:41.730156+00:00,,H3BUP_vNext,H3BUP_vNext_20260629,away,Pre,1,2.068,1.94,10.0,502.79,-6.189555125725344,4785.0,9890.0,,sing2,SETTLED_DECIDED,,-9.99,FRIENDLY,league_name,R_CLUB_FRIENDLY,medium,,False,,False,,False,
1935460146,069e7402-86ec-460d-ae61-d7c00b919341,421512,,"2026-07-29,184,305",Real Betis vs Lyon,,Club Friendly,,Club Friendly,,2026-07-29T10:59:25.391071+00:00,,H3BUP_vNext,H3BUP_vNext_20260629,away,Pre,0,2.029,1.99,10.0,113.924,-1.9221291276490846,1223.0,3434.0,,pin88,SETTLED_DECIDED,,-9.99,FRIENDLY,league_name,R_CLUB_FRIENDLY,medium,,False,,False,,False,
1935475500,c80dcf77-36d8-4289-b703-ff79cf38b918,421546,,"2026-07-29,244,1283",US Città di Palermo vs Iraklis FC Thessaloniki,,Club Friendly,,Club Friendly,,2026-07-29T11:04:26.200252+00:00,,H3BUP_vNext,H3BUP_vNext_20260629,away,Pre,-6,1.892,1.821,10.0,173.4944,-3.7526427061310756,1113.0,3720.0,,pmk,SETTLED_DECIDED,,8.11,FRIENDLY,league_name,R_CLUB_FRIENDLY,medium,,False,,False,,False,
1935568718,979a9f1e-faae-49a0-b8b3-cf2a01be91a4,421737,,"2026-07-29,92,229",Watford vs Fiorentina,,Club Friendly,,Club Friendly,,2026-07-29T11:28:10.704022+00:00,,H3BUP_vNext,H3BUP_vNext_20260629,away,Pre,1,1.999,1.92,10.0,502.7673,-3.951975987994006,2214.0,9025.0,,sing2,SETTLED_DECIDED,,9.45,FRIENDLY,league_name,R_CLUB_FRIENDLY,medium,,False,,False,,False,
1935642980,90412878-5f1f-4f03-badb-19989bb2777a,421892,,"2026-07-29,92,229",Watford vs Fiorentina,,Club Friendly,,Club Friendly,,2026-07-29T11:49:35.133640+00:00,,H3BUP_vNext,H3BUP_vNext_20260629,home,Pre,1,1.892,1.833,10.0,112.7562,-3.118393234672302,1679.0,5317.0,,pin88,SETTLED_DECIDED,,-10.0,FRIENDLY,league_name,R_CLUB_FRIENDLY,medium,,False,,False,,False,
1935703108,ed69e9dd-fd5b-4221-9b47-c7db17720fb9,421992,,"2026-07-29,1095,1074",AEK Athens vs Samsunspor,,Club Friendly,,Club Friendly,,2026-07-29T12:11:53.027523+00:00,,H3BUP_vNext,H3BUP_vNext_20260629,home,Pre,-2,1.891,1.788,10.0,185.4641,-5.4468535166578524,1169.0,3625.0,,pmk,SETTLED_DECIDED,,-9.5,FRIENDLY,league_name,R_CLUB_FRIENDLY,medium,,False,,False,,False,
1936401912,ae6e8995-09b2-46f2-820e-998fdd1374cb,422603,,"2026-07-29,1095,1074",AEK Athens vs Samsunspor,,Club Friendly,,Club Friendly,,2026-07-29T15:42:32.181242+00:00,,H3BUP_vNext,H3BUP_vNext_20260629,away,Pre,-1,2.038,1.9,10.0,166.9339,-6.771344455348377,1741.0,5578.0,,pin88,SETTLED_DECIDED,,8.99,FRIENDLY,league_name,R_CLUB_FRIENDLY,medium,,False,,False,,False,
1936596042,2c505171-0932-4281-9607-fce88f2c5a82,423006,,"2026-07-29,545,24042",Valladolid vs CD Coria,,Club Friendly,,Club Friendly,,2026-07-29T16:23:30.244911+00:00,,H3BUP_vNext,H3BUP_vNext_20260629,home,Pre,-4,1.862,1.832,10.0,120.4024,-1.6111707841031164,1806.0,8400.0,,sharp,SETTLED_DECIDED,,7.62,FRIENDLY,league_name,R_CLUB_FRIENDLY,medium,,False,,False,,False,
1936637320,72ce8edc-16bc-4136-bbd8-3149b1b444e2,423077,,"2026-07-29,55602,1139",CS Universitatea Craiova vs PFC Levski Sofia,,UEFA Champions League,,UEFA Champions League,,2026-07-29T16:31:36.841850+00:00,,H3BUP_vNext,H3BUP_vNext_20260629,away,Pre,-1,2.146,2.144,10.0,200.6285,-0.09319664492077259,2010.0,6009.0,,sbo,SETTLED_DECIDED,,5.65,NON_FRIENDLY,league_name,R_NAME_OFFICIAL_DEFAULT,medium,,False,,False,,False,
1936724778,3c774703-01ee-4687-b9f6-9006e03bc7ef,423232,,"2026-07-29,31918,541",Real Sociedad II vs Eibar,,Club Friendly,,Club Friendly,,2026-07-29T16:48:59.271257+00:00,,H3BUP_vNext,H3BUP_vNext_20260629,away,Pre,3,2.009,1.943,10.0,159.5888,-3.2852165256346364,1974.0,4684.0,,pin88,SETTLED_DECIDED,,4.71,FRIENDLY,league_name,R_CLUB_FRIENDLY,medium,,False,,False,,False,
1936750483,d4d9b2c1-cf1f-4cfb-9413-2e6067b8c265,423278,,"2026-07-29,24845,1702",Hapoel Be'er Sheva FC vs KPFG Víkingur Reykjavík,,UEFA Champions League,,UEFA Champions League,,2026-07-29T16:54:59.145778+00:00,,H3BUP_vNext,H3BUP_vNext_20260629,away,Pre,-2,2.146,2.141,10.0,113.781,-0.23299161230195217,1496.0,10230.0,,bf,SETTLED_DECIDED,,-9.97,NON_FRIENDLY,league_name,R_NAME_OFFICIAL_DEFAULT,medium,,False,,False,,False,
1936946893,cee80fe5-e6c9-4c46-9d52-552814779a21,423687,,"2026-07-29,1206,69",Farnborough Town FC vs Portsmouth,,Club Friendly,,Club Friendly,,2026-07-29T17:36:56.610918+00:00,,H3BUP_vNext,H3BUP_vNext_20260629,away,Pre,0,1.882,1.833,10.0,180.574,-2.603613177470772,1287.0,4259.0,,pin88,VOID_PUSH,,0.0,FRIENDLY,league_name,R_CLUB_FRIENDLY,medium,,False,,False,,False,
1936956073,3f937337-ac88-44d7-bfc0-8b767ee9b53f,423707,,"2026-07-29,23624,22197",Real Oviedo CF vs SD Ponferradina,,Club Friendly,,Club Friendly,,2026-07-29T17:39:07.730646+00:00,,H3BUP_vNext,H3BUP_vNext_20260629,away,Pre,-2,2.029,1.964,10.0,182.9493,-3.2035485460818114,1211.0,6793.0,,pmk,SETTLED_DECIDED,,-9.42,FRIENDLY,league_name,R_CLUB_FRIENDLY,medium,,False,,False,,False,
1936961828,15c021aa-925c-4814-8518-7a886894ff9f,423720,,"2026-07-29,23624,22197",Real Oviedo CF vs SD Ponferradina,,Club Friendly,,Club Friendly,,2026-07-29T17:40:31.004337+00:00,,H3BUP_vNext,H3BUP_vNext_20260629,home,Pre,-2,1.901,1.855,10.0,170.2474,-2.4197790636507124,3237.0,8357.0,,pmk,SETTLED_DECIDED,,8.3,FRIENDLY,league_name,R_CLUB_FRIENDLY,medium,,False,,False,,False,
1936963700,91786e1a-c6e6-4b7d-8713-111ac7bcfc18,423728,,"2026-07-29,11,70",Bradford City FC vs Preston North End,,Club Friendly,,Club Friendly,,2026-07-29T17:41:00.541683+00:00,,H3BUP_vNext,H3BUP_vNext_20260629,home,Pre,0,2.087,2.03,10.0,150.4726,-2.731193100143765,1365.0,4133.0,,pin88,SETTLED_DECIDED,,10.29,FRIENDLY,league_name,R_CLUB_FRIENDLY,medium,,False,,False,,False,
1937013393,52af2a52-b0ec-457e-ab0a-11f09db78117,423845,,"2026-07-29,32,97",Doncaster Rovers FC vs Wolves,,Club Friendly,,Club Friendly,,2026-07-29T17:53:08.164033+00:00,,H3BUP_vNext,H3BUP_vNext_20260629,away,Pre,2,1.891,1.869,10.0,216.3118,-1.1634056054997366,1851.0,6488.0,,pin88,SETTLED_DECIDED,,8.68,FRIENDLY,league_name,R_CLUB_FRIENDLY,medium,,False,,False,,False,
1937095091,bfc956ac-c811-4486-924d-3263028160fc,424019,,"2026-07-29,11,70",Bradford City FC vs Preston North End,,Club Friendly,,Club Friendly,,2026-07-29T18:11:51.576684+00:00,,H3BUP_vNext,H3BUP_vNext_20260629,away,Pre,0,1.999,1.98,10.0,153.5032,-0.9504752376188157,1107.0,5567.0,,pin88,SETTLED_DECIDED,,-9.99,FRIENDLY,league_name,R_CLUB_FRIENDLY,medium,,False,,False,,False,
1937669560,b5d383cf-73a6-4a2f-8767-32d52f3ebd6b,424968,,"2026-07-30,39545,1585",Sportivo San Lorenzo vs Club Guaraní,,Paraguay Division 1 (Primera División),,Paraguay Division 1 (Primera División),,2026-07-29T20:18:14.945998+00:00,,H3BUP_vNext,H3BUP_vNext_20260629,home,Pre,1,2.034,2.021,10.0,376.8964,-0.6391347099311653,2036.0,5216.0,,vx,SETTLED_DECIDED,,-9.969999999999999,NON_FRIENDLY,league_name,R_NAME_OFFICIAL_DEFAULT,medium,-0.6391347099311662,True,-0.6391347099311662,True,,False,COLLECTOR_UNAVAILABLE
1937747430,a543555a-c789-40e4-a03a-4054868bb5bd,425031,,"2026-07-29,1621,1620",Club Nacional Asuncion vs Club Olimpia Asunción,,Paraguay Division 1 (Primera División),,Paraguay Division 1 (Primera División),,2026-07-29T20:37:51.486287+00:00,,H3BUP_vNext,H3BUP_vNext_20260629,home,Pre,1,1.98,1.97,10.0,160.45,-0.5050505050505055,1255.0,3456.0,,bf,SETTLED_DECIDED,,9.67,NON_FRIENDLY,league_name,R_NAME_OFFICIAL_DEFAULT,medium,0.4077471967380175,True,0.4077471967380175,True,0.4077471967380175,True,COLLECTOR_UNAVAILABLE
1938082582,c7bcd502-0d20-4e7f-bd95-285c6dfaf6b3,425230,,"2026-07-29,49,98",Liverpool vs Wrexham FC,,Club Friendly,,Club Friendly,,2026-07-29T22:21:51.539665+00:00,,H3BUP_vNext,H3BUP_vNext_20260629,away,Pre,-5,1.97,1.934,10.0,200.1755,-1.8274111675126918,1602.0,3723.0,,pin88,SETTLED_DECIDED,,4.66,FRIENDLY,league_name,R_CLUB_FRIENDLY,medium,,False,,False,,False,COLLECTOR_UNAVAILABLE
1938105954,df416cb6-d65a-48c8-b768-29112c3b5365,425247,,"2026-07-29,49,98",Liverpool vs Wrexham FC,,Club Friendly,,Club Friendly,,2026-07-29T22:30:18.859170+00:00,,H3BUP_vNext,H3BUP_vNext_20260629,away,Pre,-4,2.136,2.069,10.0,107.4047,-3.136704119850195,2283.0,6499.0,,sbo,VOID_PUSH,,0.0,FRIENDLY,league_name,R_CLUB_FRIENDLY,medium,,False,,False,2.4764735017335227,True,COLLECTOR_UNAVAILABLE
1939216476,ebf8e6d4-a334-4148-b915-03c57532014e,425867,,"2026-07-30,23458,23460",Envigado FC vs CD Once Caldas,,Colombia Cup,,Colombia Cup,,2026-07-30T04:00:17.656497+00:00,,H3BUP_vNext,H3BUP_vNext_20260629,away,Pre,1,1.931,1.925,10.0,121.3575,-0.3107198342827553,1213.0,4117.0,,pin88,SETTLED_DECIDED,,9.22,NON_FRIENDLY,league_name,R_NAME_OFFICIAL_DEFAULT,medium,,False,,False,,False,COLLECTOR_UNAVAILABLE
1939218867,284e7669-f1d9-46e4-9f04-752f3a234e3d,425874,,"2026-07-31,900,1155",Ferencvárosi TC vs FC Twente,,UEFA Europa League,,UEFA Europa League,,2026-07-30T04:01:05.202427+00:00,,H3BUP_vNext,H3BUP_vNext_20260629,home,Pre,1,1.862,1.826,10.0,226.5926,-1.9334049409237397,1339.0,6266.0,,pin88,SETTLED_DECIDED,,4.14,NON_FRIENDLY,league_name,R_NAME_OFFICIAL_DEFAULT,medium,-1.9334049409237442,True,-1.9334049409237442,True,-6.358974358974356,True,COLLECTOR_UNAVAILABLE
1939219764,c111deb5-062d-41b8-a802-01b6700baa90,425878,,"2026-07-30,704,10044956",AC Mantova vs ASD Alcione Milano,,Club Friendly,,Club Friendly,,2026-07-30T04:01:06.049221+00:00,,H3BUP_vNext,H3BUP_vNext_20260629,home,Pre,-4,1.892,1.87,10.0,250.5817,-1.162790697674408,14608.0,21845.0,,sing2,SETTLED_DECIDED,,8.67,FRIENDLY,league_name,R_CLUB_FRIENDLY,medium,,False,,False,,False,EVENT_NOT_FOUND
1940422731,58f6f06b-3bed-4720-bf23-edcf06ece08f,427110,,"2026-07-30,1662,1617",Gremio Porto Alegrense (RS) vs Club Bolívar,,CONMEBOL Copa Sudamericana,,CONMEBOL Copa Sudamericana,,2026-07-30T12:55:19.652400+00:00,,H3BUP_vNext,H3BUP_vNext_20260629,home,Pre,-6,1.934,1.932,10.0,172.6994,-0.10341261633919348,1291.0,4323.0,,4casters,SETTLED_DECIDED,,-10.0,NON_FRIENDLY,league_name,R_NAME_OFFICIAL_DEFAULT,medium,,False,,False,-1.0245901639344246,True,COLLECTOR_UNAVAILABLE
1940500788,8116ba90-94ff-42b1-a1ce-8b95bf69efe3,427259,,"2026-07-30,152,288",Parma vs US Arezzo,,Club Friendly,,Club Friendly,,2026-07-30T13:11:38.660147+00:00,,H3BUP_vNext,H3BUP_vNext_20260629,home,Pre,-2,1.917,1.821,10.0,622.0467,-5.007824726134589,1139.0,3923.0,,pmk,SETTLED_DECIDED,,-9.96,FRIENDLY,league_name,R_CLUB_FRIENDLY,medium,,False,,False,-0.27382256297919794,True,COLLECTOR_UNAVAILABLE
1940764690,0b4fa62a-2526-408c-956f-18a7e4fd36f1,427482,,"2026-07-30,152,288",Parma vs US Arezzo,,Club Friendly,,Club Friendly,,2026-07-30T14:38:35.945217+00:00,,H3BUP_vNext,H3BUP_vNext_20260629,away,Pre,-3,1.852,1.694,10.0,214.3948,-8.531317494600438,1296.0,4021.0,,pin88,SETTLED_DECIDED,,8.17,FRIENDLY,league_name,R_CLUB_FRIENDLY,medium,-8.531317494600444,True,-12.0,True,-13.2172131147541,True,
1941014331,de79b04c-55f6-44c9-84a9-18e9cf6e070c,427726,,"2026-07-31,919,522",RSC Anderlecht vs Hammarby IF,,UEFA Europa League,,UEFA Europa League,,2026-07-30T15:52:08.669363+00:00,,H3BUP_vNext,H3BUP_vNext_20260629,away,Pre,0,2.136,2.127,10.0,693.074,-0.42134831460675753,1217.0,4757.0,,bf,SETTLED_DECIDED,,-9.96,NON_FRIENDLY,league_name,R_NAME_OFFICIAL_DEFAULT,medium,0.4723665564478008,True,0.4723665564478008,True,-1.345083487940646,True,
1941229018,462f2b38-1b4a-477b-a00b-dc511be0e54b,427935,,"2026-07-31,340,1049",FC Midtjylland vs Beşiktaş JK,,UEFA Europa League,,UEFA Europa League,,2026-07-30T16:32:37.624430+00:00,,H3BUP_vNext,H3BUP_vNext_20260629,home,Pre,-1,1.882,1.858,10.0,290.6021,-1.2752391073326141,1143.0,6983.0,,bf,SETTLED_DECIDED,,-9.97,NON_FRIENDLY,league_name,R_NAME_OFFICIAL_DEFAULT,medium,-0.21482277121375182,True,-0.21482277121375182,True,-2.210526315789463,True,
1941951294,43e3f54e-f24f-4b2e-b9c7-32aadfcb4932,428948,,"2026-07-31,918,277",SL Benfica vs FC St Gallen 1879,,UEFA Europa League,,UEFA Europa League,,2026-07-30T18:52:55.667926+00:00,,H3BUP_vNext,H3BUP_vNext_20260629,away,Pre,-10,1.884,1.854,10.0,1954.4733,-1.5923566878980788,1434.0,6265.0,,pin88,SETTLED_DECIDED,,-9.97,NON_FRIENDLY,league_name,R_NAME_OFFICIAL_DEFAULT,medium,-2.0084566596194398,True,,False,-2.0084566596194398,True,
1942404454,4ed576f6-0b38-4493-8fc8-98cb3abdd476,429263,,"2026-08-01,33704,52173",Manta FC vs Mushuc Runa SC,,Ecuador Serie A (Copa Pilsener),,Ecuador Serie A (Copa Pilsener),,2026-07-30T20:31:06.446705+00:00,,H3BUP_vNext,H3BUP_vNext_20260629,away,Pre,1,2.107,2.096,10.0,203.11,-0.5220692928334181,1355.0,6765.0,,bf,SETTLED_DECIDED,,10.9,NON_FRIENDLY,league_name,R_NAME_OFFICIAL_DEFAULT,medium,,False,,False,,False,COLLECTOR_UNAVAILABLE
1942475356,7f8d6e88-ab5f-43c7-8a69-518a9c06aaa4,429324,,"2026-07-31,1162,95",Southport FC vs Wigan Athletic,,Club Friendly,,Club Friendly,,2026-07-30T20:54:20.976500+00:00,,H3BUP_vNext,H3BUP_vNext_20260629,away,Pre,2,1.921,1.258,10.0,108.5442,-34.51327433628319,1168.0,5332.0,,pmk,SETTLED_DECIDED,,-9.53,FRIENDLY,league_name,R_CLUB_FRIENDLY,medium,,False,,False,,False,COLLECTOR_UNAVAILABLE
1942567698,1514f234-5146-4aa3-8a5a-225cffb0e038,429410,,"2026-07-31,188,1467",Albacete Balompié vs Real Madrid Castilla CF,,Club Friendly,,Club Friendly,,2026-07-30T21:29:51.104449+00:00,,H3BUP_vNext,H3BUP_vNext_20260629,away,Pre,-2,1.872,1.566,10.0,474.03,-16.34615384615385,1600.0,4005.0,,pmk,SETTLED_DECIDED,,5.42,FRIENDLY,league_name,R_CLUB_FRIENDLY,medium,,False,,False,,False,COLLECTOR_UNAVAILABLE
1942652925,9a8c170d-9c31-431e-b542-452398f0fc94,429474,,"2026-07-31,188,1467",Albacete Balompié vs Real Madrid Castilla CF,,Club Friendly,,Club Friendly,,2026-07-30T21:59:57.502808+00:00,,H3BUP_vNext,H3BUP_vNext_20260629,home,Pre,-2,1.999,1.757,10.0,211.2792,-12.106053026513267,1952.0,6504.0,,pmk,SETTLED_DECIDED,,-9.67,FRIENDLY,league_name,R_CLUB_FRIENDLY,medium,,False,,False,,False,COLLECTOR_UNAVAILABLE
1942723628,a1109a4e-d1ac-4348-9461-ae791e6d2718,429537,,"2026-07-30,85,45",Sunderland FC vs Leeds United FC,,Club Friendly,,Club Friendly,,2026-07-30T22:22:13.645620+00:00,,H3BUP_vNext,H3BUP_vNext_20260629,away,Pre,1,2.087,2.058,10.0,216.7502,-1.3895543842836777,1456.0,5156.0,,sbo,SETTLED_DECIDED,,10.52,FRIENDLY,league_name,R_CLUB_FRIENDLY,medium,,False,,False,,False,COLLECTOR_UNAVAILABLE
1943764169,edb8a4b5-d264-4e2f-a9e5-11e4f07afd08,430268,,"2026-07-31,117,140",Dundee United FC vs Rangers,,Scotland Premier League,,Scotland Premier League,,2026-07-31T04:03:05.022825+00:00,,H3BUP_vNext,H3BUP_vNext_20260629,away,Pre,4,1.877,1.854,10.0,261.0043,-1.2253596164091587,1230.0,6718.0,,pin88,SETTLED_DECIDED,,-9.989999999999998,NON_FRIENDLY,league_name,R_NAME_OFFICIAL_DEFAULT,medium,-1.2253596164091607,True,-1.2253596164091607,True,,False,SOURCE_MISSING
1944070635,e5cd24cc-e944-44ec-9c22-cef5717ee072,430672,,"2026-08-02,38271,10018754",Minnesota United FC vs San Diego FC,,USA Major League Soccer,,USA Major League Soccer,,2026-07-31T06:50:55.692565+00:00,,H3BUP_vNext,H3BUP_vNext_20260629,home,Pre,-2,2.038,2.03,10.0,399.7381,-0.39254170755642825,1596.0,5695.0,,pin88,SETTLED_DECIDED,,-9.97,NON_FRIENDLY,league_name,R_NAME_OFFICIAL_DEFAULT,medium,-0.39254170755642637,True,-0.39254170755642637,True,-2.3099133782483183,True,
1944073458,1fd2647a-1a17-4da6-9ea4-6a8389d8b442,430677,,"2026-07-31,1681,62",Portimonense SC vs Nottingham Forest,,Club Friendly,,Club Friendly,,2026-07-31T06:52:11.139942+00:00,,H3BUP_vNext,H3BUP_vNext_20260629,home,Pre,3,2.048,1.917,10.0,162.124,-6.396484375,1096.0,5909.0,,pin88,SETTLED_DECIDED,,-5.0,FRIENDLY,league_name,R_CLUB_FRIENDLY,medium,,False,,False,,False,LINE_NOT_FOUND
1944107326,9dc91c30-3a10-4e5d-8fbf-0160d5740a0e,430741,,"2026-08-05,1077,305",AC Sparta Praha vs Lyon,,UEFA Champions League,,UEFA Champions League,,2026-07-31T07:10:16.138452+00:00,,H3BUP_vNext,H3BUP_vNext_20260629,away,Pre,1,2.0,1.961,10.0,195.023,-1.9499999999999962,1123.0,4041.0,,pin88,SETTLED_DECIDED,,-9.96,NON_FRIENDLY,league_name,R_NAME_OFFICIAL_DEFAULT,medium,6.576086956521743,True,6.576086956521743,True,-7.93427230046948,True,
1944200090,1d08a067-4f2e-4522-bbbe-2ef3ee72041c,430896,,"2026-08-01,23565,200",FC de Paris vs VfB Stuttgart 1893,,Club Friendly,,Club Friendly,,2026-07-31T07:55:50.794740+00:00,,H3BUP_vNext,H3BUP_vNext_20260629,home,Pre,3,1.862,1.821,10.0,125.5144,-2.2019334049409314,1082.0,5029.0,,bdaq,SETTLED_DECIDED,,8.21,FRIENDLY,league_name,R_CLUB_FRIENDLY,medium,,False,,False,,False,EVENT_NOT_FOUND
1944224455,33a6e317-9bb3-4674-8f67-a32e0b132c1e,430941,,"2026-08-05,652,21661",Mjällby AIF vs ŠK Slovan Bratislava,,UEFA Champions League,,UEFA Champions League,,2026-07-31T08:08:26.607422+00:00,,H3BUP_vNext,H3BUP_vNext_20260629,away,Pre,-2,1.85,1.847,10.0,219.2432,-0.16216216216216828,1899.0,7770.0,,pin88,SETTLED_DECIDED,,8.46,NON_FRIENDLY,league_name,R_NAME_OFFICIAL_DEFAULT,medium,-0.1621621621621716,True,-0.1621621621621716,True,0.16268980477223138,True,LINE_NOT_FOUND
1944274539,4f41a8d9-aa67-47ef-b393-9a824b37aa87,431058,,"2026-07-31,188,1467",Albacete Balompié vs Real Madrid Castilla CF,,Club Friendly,,Club Friendly,,2026-07-31T08:35:30.814220+00:00,,H3BUP_vNext,H3BUP_vNext_20260629,away,Pre,-1,1.989,1.98,10.0,151.6967,-0.45248868778281137,1117.0,6135.0,,pin88,SETTLED_DECIDED,,9.79,FRIENDLY,league_name,R_CLUB_FRIENDLY,medium,3.071317022384168,True,3.071317022384168,True,4.706504494976205,True,LINE_NOT_FOUND
1944282514,3756540c-74f5-4baa-9f13-165528bcd3a1,431075,,"2026-07-31,188,1467",Albacete Balompié vs Real Madrid Castilla CF,,Club Friendly,,Club Friendly,,2026-07-31T08:39:35.818529+00:00,,H3BUP_vNext,H3BUP_vNext_20260629,home,Pre,-1,1.98,1.943,10.0,157.6488,-1.8686868686868647,1461.0,7910.0,,pin88,SETTLED_DECIDED,,-9.99,FRIENDLY,league_name,R_CLUB_FRIENDLY,medium,-1.3705583756345119,True,-2.801400700350176,True,-5.126953125,True,
1944282834,77f8cdb5-772f-49cf-b756-f4c28b8eeede,431076,,"2026-08-02,26819,26822",Portland Timbers vs Seattle Sounders,,USA Major League Soccer,,USA Major League Soccer,,2026-07-31T08:39:41.009783+00:00,,H3BUP_vNext,H3BUP_vNext_20260629,away,Pre,-1,2.087,2.08,10.0,399.6886,-0.33540967896502716,5766.0,11524.0,,pin88,SETTLED_DECIDED,,-9.95,NON_FRIENDLY,league_name,R_NAME_OFFICIAL_DEFAULT,medium,,False,,False,-2.209685002350714,True,LINE_NOT_FOUND
1944284968,c8add41a-1103-4bbf-ac77-44d94f225aa4,431080,,"2026-08-01,122,143",Falkirk FC vs St Mirren,,Scotland Premier League,,Scotland Premier League,,2026-07-31T08:40:49.577917+00:00,,H3BUP_vNext,H3BUP_vNext_20260629,away,Pre,-2,1.872,1.87,10.0,147.6747,-0.10683760683760693,1349.0,7726.0,,bdaq,SETTLED_DECIDED,,8.65,NON_FRIENDLY,league_name,R_NAME_OFFICIAL_DEFAULT,medium,,False,,False,,False,LINE_NOT_FOUND
1944320971,b5ac9929-a822-4b37-8c38-cd0e01e55b7e,431152,,"2026-07-31,154,62",Sporting CP vs Nottingham Forest,,Club Friendly,,Club Friendly,,2026-07-31T08:57:44.794772+00:00,,H3BUP_vNext,H3BUP_vNext_20260629,away,Pre,-2,1.883,1.877,10.0,127.1604,-0.3186404673393524,1145.0,4067.0,,pin88,SETTLED_DECIDED,,-9.99,FRIENDLY,league_name,R_CLUB_FRIENDLY,medium,-0.31864046733934837,True,-0.31864046733934837,True,,False,LINE_NOT_FOUND
1944357831,f835f0ef-1c10-4e6c-9a75-625a51404741,431235,,"2026-07-31,316,25500",SM Caen vs FC Dieppe,,Club Friendly,,Club Friendly,,2026-07-31T09:13:46.483891+00:00,,H3BUP_vNext,H3BUP_vNext_20260629,home,Pre,-2,1.852,1.819,10.0,181.3606,-1.781857451403895,1700.0,4803.0,,pin88,SETTLED_DECIDED,,-9.99,FRIENDLY,league_name,R_CLUB_FRIENDLY,medium,-1.7818574514038898,True,-5.3097345132743445,True,-9.905894006934135,True,LINE_NOT_FOUND
1944367645,ed194381-bf74-4ccf-8b5e-97e5e6f25103,431258,,"2026-08-02,613,10048051",Chicago Fire vs Charlotte FC,,USA Major League Soccer,,USA Major League Soccer,,2026-07-31T09:18:11.813884+00:00,,H3BUP_vNext,H3BUP_vNext_20260629,home,Pre,-4,1.921,1.909,10.0,439.4737,-0.6246746486205107,1289.0,4063.0,,pin88,VOID_PUSH,,0.0,NON_FRIENDLY,league_name,R_NAME_OFFICIAL_DEFAULT,medium,,False,,False,1.4346439957492185,True,LINE_NOT_FOUND
1944546142,1b26de77-40bf-456b-9a3b-01af66ec244c,431611,,"2026-07-31,117,140",Dundee United FC vs Rangers,,Scotland Premier League,,Scotland Premier League,,2026-07-31T10:32:01.894481+00:00,,H3BUP_vNext,H3BUP_vNext_20260629,home,Pre,4,1.952,1.934,10.0,395.4303,-0.9221311475409845,3224.0,6408.0,,vx,SETTLED_DECIDED,,9.37,NON_FRIENDLY,league_name,R_NAME_OFFICIAL_DEFAULT,medium,,False,,False,,False,LINE_NOT_FOUND
1944779981,2b4c4f12-c90c-4343-affc-52bf810092ad,431861,,"2026-08-02,26819,26822",Portland Timbers vs Seattle Sounders,,USA Major League Soccer,,USA Major League Soccer,,2026-07-31T11:38:14.624914+00:00,,H3BUP_vNext,H3BUP_vNext_20260629,home,Pre,-1,1.952,1.934,10.0,427.6588,-0.9221311475409845,2460.0,6038.0,,pin88,SETTLED_DECIDED,,9.37,NON_FRIENDLY,league_name,R_NAME_OFFICIAL_DEFAULT,medium,,False,,False,4.314994606256728,True,LINE_NOT_FOUND
1945088020,32db45f3-0c5b-4dbe-9c59-6e1895737fab,432123,,"2026-08-01,26818,650",CF Montreal vs New England Revolution,,USA Major League Soccer,,USA Major League Soccer,,2026-07-31T13:20:14.694693+00:00,,H3BUP_vNext,H3BUP_vNext_20260629,away,Pre,-1,1.95,1.937,10.0,175.9016,-0.6666666666666616,1084.0,4432.0,,sharp,SETTLED_DECIDED,,4.75,NON_FRIENDLY,league_name,R_NAME_OFFICIAL_DEFAULT,medium,,False,,False,,False,LINE_NOT_FOUND
1945095375,6b71ef79-f495-4ad6-ad9e-a12eaebc3094,432133,,"2026-08-01,26818,650",CF Montreal vs New England Revolution,,USA Major League Soccer,,USA Major League Soccer,,2026-07-31T13:22:37.480544+00:00,,H3BUP_vNext,H3BUP_vNext_20260629,home,Pre,-1,2.0,1.917,10.0,588.9333,-4.149999999999999,1098.0,3997.0,,pin88,SETTLED_DECIDED,,-4.99,NON_FRIENDLY,league_name,R_NAME_OFFICIAL_DEFAULT,medium,,False,,False,,False,LINE_NOT_FOUND
1945242424,baa8729c-d4d7-468d-a59c-691775574d7b,432319,,"2026-08-05,1077,305",AC Sparta Praha vs Lyon,,UEFA Champions League,,UEFA Champions League,,2026-07-31T14:09:54.368546+00:00,,H3BUP_vNext,H3BUP_vNext_20260629,home,Pre,1,1.97,1.952,10.0,195.4466,-0.9137055837563459,1227.0,8713.0,,pin88,SETTLED_DECIDED,,9.52,NON_FRIENDLY,league_name,R_NAME_OFFICIAL_DEFAULT,medium,-0.9137055837563413,True,-0.9137055837563413,True,4.721030042918439,True,LINE_NOT_FOUND
1945242553,5bca39f1-39ec-4059-99f9-294aaf15ebbb,432320,,"2026-08-05,1734,77444",Dinamo Zagreb vs Kauno Zalgiris,,UEFA Champions League,,UEFA Champions League,,2026-07-31T14:09:54.536503+00:00,,H3BUP_vNext,H3BUP_vNext_20260629,home,Pre,-8,2.03,1.952,10.0,195.4466,-3.842364532019697,2406.0,11406.0,,pin88,SETTLED_DECIDED,,10.07,NON_FRIENDLY,league_name,R_NAME_OFFICIAL_DEFAULT,medium,-3.842364532019693,True,-3.842364532019693,True,0.9307135470527417,True,LINE_NOT_FOUND
1945663746,c5e1f7c0-929c-4494-ac43-13d70c33473f,432679,,"2026-07-31,1072,31238",Caykur Rizespor vs Abha,,Club Friendly,,Club Friendly,,2026-07-31T15:45:40.272549+00:00,,H3BUP_vNext,H3BUP_vNext_20260629,away,Pre,-4,2.068,2.06,10.0,149.0438,-0.386847195357834,1103.0,4325.0,,pin88,SETTLED_DECIDED,,10.59,FRIENDLY,league_name,R_CLUB_FRIENDLY,medium,,False,,False,,False,LINE_NOT_FOUND
1945937956,8d5549bb-ab84-4f3e-a43c-82a914adc578,432994,,"2026-07-31,77,25",Scunthorpe United FC vs Chesterfield FC,,Club Friendly,,Club Friendly,,2026-07-31T16:38:18.194000+00:00,,H3BUP_vNext,H3BUP_vNext_20260629,away,Pre,2,2.019,1.99,10.0,248.6324,-1.436354631005455,2027.0,4988.0,,sing2,VOID_PUSH,,0.0,FRIENDLY,league_name,R_CLUB_FRIENDLY,medium,,False,,False,,False,LINE_NOT_FOUND
1945975118,51234feb-2915-4dab-b7a0-dc8e793389c2,433047,,"2026-07-31,1576,856",Fortuna Sittard Combinatie vs APOEL Nicosia,,Club Friendly,,Club Friendly,,2026-07-31T16:45:08.400945+00:00,,H3BUP_vNext,H3BUP_vNext_20260629,away,Pre,-1,2.058,1.97,10.0,153.6247,-4.2759961127308,1836.0,5746.0,,pin88,SETTLED_DECIDED,,-9.99,FRIENDLY,league_name,R_CLUB_FRIENDLY,medium,,False,,False,,False,LINE_NOT_FOUND
1946083771,e4919525-49d0-429c-9102-4ae25e08abeb,433242,,"2026-08-06,918,126",SL Benfica vs Hearts,,UEFA Europa League,,UEFA Europa League,,2026-07-31T17:06:08.101384+00:00,,H3BUP_vNext,H3BUP_vNext_20260629,home,Pre,-7,1.961,1.952,10.0,195.7933,-0.45894951555329516,1242.0,6533.0,,pin88,SETTLED_DECIDED,,9.5,NON_FRIENDLY,league_name,R_NAME_OFFICIAL_DEFAULT,medium,3.1712473572938826,True,2.736842105263171,True,,False,LINE_NOT_FOUND
1946087546,a628e073-a15a-4ff8-aeab-d6cccd1aaed3,433257,,"2026-07-31,54,31",Mansfield Town vs Derby County,,Club Friendly,,Club Friendly,,2026-07-31T17:06:53.210571+00:00,,H3BUP_vNext,H3BUP_vNext_20260629,home,Pre,-2,2.019,1.926,10.0,1928.2165,-4.606240713224378,2066.0,9478.0,,pmk,SETTLED_DECIDED,,-9.86,FRIENDLY,league_name,R_CLUB_FRIENDLY,medium,,False,,False,,False,LINE_NOT_FOUND
1946336513,a5ce317f-6636-418f-aae2-c601403767bc,433774,,"2026-07-31,1125,49620",Altrincham FC vs Manchester United FC U21,,Club Friendly,,Club Friendly,,2026-07-31T17:52:58.190513+00:00,,H3BUP_vNext,H3BUP_vNext_20260629,home,Pre,1,1.98,1.934,10.0,158.9257,-2.3232323232323253,1623.0,4198.0,,pin88,SETTLED_DECIDED,,9.34,FRIENDLY,league_name,R_CLUB_FRIENDLY,medium,,False,,False,,False,LINE_NOT_FOUND
1946375329,b1056b11-9316-46c1-bbdb-d998153700a2,433858,,"2026-07-31,1131,72",Crawley Town vs Reading,,Club Friendly,,Club Friendly,,2026-07-31T18:00:32.623430+00:00,,H3BUP_vNext,H3BUP_vNext_20260629,away,Pre,2,2.009,1.926,10.0,163.5864,-4.131408661025384,1437.0,4569.0,,pmk,SETTLED_DECIDED,,9.13,FRIENDLY,league_name,R_CLUB_FRIENDLY,medium,,False,,False,,False,LINE_NOT_FOUND
1946470238,31fead9a-2f45-4d5f-a0a8-679015e5d886,434061,,"2026-07-31,154,62",Sporting CP vs Nottingham Forest,,Club Friendly,,Club Friendly,,2026-07-31T18:18:26.108905+00:00,,H3BUP_vNext,H3BUP_vNext_20260629,home,Pre,-1,1.892,1.787,10.0,470.9395,-5.54968287526427,1267.0,6593.0,,pin88,SETTLED_DECIDED,,7.87,FRIENDLY,league_name,R_CLUB_FRIENDLY,medium,,False,,False,,False,LINE_NOT_FOUND
1946512460,500be803-fdc7-41bc-bb94-e3edd1deb243,434150,,"2026-07-31,1705,71",Bromley FC vs Queens Park Rangers,,Club Friendly,,Club Friendly,,2026-07-31T18:26:40.685303+00:00,,H3BUP_vNext,H3BUP_vNext_20260629,home,Pre,4,1.852,1.775,10.0,191.3389,-4.157667386609081,1101.0,6243.0,,pin88,SETTLED_DECIDED,,-9.98,FRIENDLY,league_name,R_CLUB_FRIENDLY,medium,,False,,False,,False,LINE_NOT_FOUND
1946584372,f695ecb9-a577-49e3-a44b-f7034234be41,434309,,"2026-07-31,29,10062448",Crystal Palace vs Al-Ula FC,,Club Friendly,,Club Friendly,,2026-07-31T18:39:44.913760+00:00,,H3BUP_vNext,H3BUP_vNext_20260629,home,Pre,-10,2.058,2.04,10.0,148.3249,-0.8746355685131096,1090.0,7270.0,,pin88,SETTLED_DECIDED,,-10.0,FRIENDLY,league_name,R_CLUB_FRIENDLY,medium,,False,,False,,False,LINE_NOT_FOUND
1947151721,3dc3da3c-b12b-43ea-b820-1e5822abd3e1,435208,,"2026-08-03,111,116",Celtic vs Dundee FC,,Scotland Premier League,,Scotland Premier League,,2026-07-31T20:28:45.253987+00:00,,H3BUP_vNext,H3BUP_vNext_20260629,away,Pre,-8,1.94,1.934,10.0,178.6459,-0.3092783505154642,1133.0,4066.0,,pin88,SETTLED_DECIDED,,9.64,NON_FRIENDLY,league_name,R_NAME_OFFICIAL_DEFAULT,medium,-0.3092783505154628,True,-0.3092783505154628,True,,False,LINE_NOT_FOUND
1947819383,f162349f-03b6-4643-a57b-81ddb8e420b9,435704,,"2026-08-01,10021073,557",Inter Miami vs Columbus Crew,,USA Major League Soccer,,USA Major League Soccer,,2026-07-31T23:33:59.315652+00:00,,H3BUP_vNext,H3BUP_vNext_20260629,home,Pre,-4,2.06,2.04,10.0,537.794,-0.9708737864077678,1262.0,4391.0,,pin88,SETTLED_DECIDED,,-9.84,NON_FRIENDLY,league_name,R_NAME_OFFICIAL_DEFAULT,medium,-0.9708737864077666,True,-0.9708737864077666,True,,False,LINE_NOT_FOUND
1947965644,c895aafe-e38b-4846-bfa2-990d6ee81cba,435808,,"2026-08-01,37844,29824",Universidad Católica del Ecuador vs CD Técnico Universitario,,Ecuador Serie A (Copa Pilsener),,Ecuador Serie A (Copa Pilsener),,2026-08-01T00:08:07.266202+00:00,,H3BUP_vNext,H3BUP_vNext_20260629,away,Pre,-5,1.864,1.854,10.0,173.5544,-0.5364806866952794,4813.0,7810.0,,pin88,SETTLED_DECIDED,,-9.98,NON_FRIENDLY,league_name,R_NAME_OFFICIAL_DEFAULT,medium,,False,,False,,False,LINE_NOT_FOUND
1948212197,7ddd51f1-cd5a-42f2-b001-bcfedbff3309,436030,,"2026-08-01,10021073,557",Inter Miami vs Columbus Crew,,USA Major League Soccer,,USA Major League Soccer,,2026-08-01T01:19:47.677977+00:00,,H3BUP_vNext,H3BUP_vNext_20260629,away,Pre,-4,1.872,1.863,10.0,143.25,-0.4807692307692371,8867.0,12106.0,,bf,SETTLED_DECIDED,,8.61,NON_FRIENDLY,league_name,R_NAME_OFFICIAL_DEFAULT,medium,-0.48076923076924016,True,-0.48076923076924016,True,,False,LINE_NOT_FOUND
1948689710,10ea5853-9369-4cf3-8af1-eda4090495a4,436427,,"2026-08-02,602,555",LA Galaxy vs FC Dallas,,USA Major League Soccer,,USA Major League Soccer,,2026-08-01T04:00:59.150713+00:00,,H3BUP_vNext,H3BUP_vNext_20260629,away,Pre,-1,2.0,1.99,10.0,543.1074,-0.5000000000000004,8228.0,17938.0,,pin88,SETTLED_DECIDED,,4.96,NON_FRIENDLY,league_name,R_NAME_OFFICIAL_DEFAULT,medium,,False,,False,8.15217391304348,True,LINE_NOT_FOUND
1948705738,9f99cd3c-af28-4b0f-9acc-938fcf655579,436458,,"2026-08-02,25722,38643",CS Emelec vs Aucas,,Ecuador Serie A (Copa Pilsener),,Ecuador Serie A (Copa Pilsener),,2026-08-01T04:06:14.687848+00:00,,H3BUP_vNext,H3BUP_vNext_20260629,home,Pre,-1,1.9,1.88,10.0,248.4149,-1.0526315789473695,3499.0,10461.0,,sing2,SETTLED_DECIDED,,-9.98,NON_FRIENDLY,league_name,R_NAME_OFFICIAL_DEFAULT,medium,,False,,False,,False,LINE_NOT_FOUND
1949058711,62c5a279-994e-42dc-a6df-b59fe9964372,436960,,"2026-08-01,52,231",Manchester City vs Internazionale,,Club Friendly,,Club Friendly,,2026-08-01T06:51:45.731814+00:00,,H3BUP_vNext,H3BUP_vNext_20260629,home,Pre,-1,1.877,1.813,10.0,205.2654,-3.409696323921154,1186.0,4146.0,,pin88,SETTLED_DECIDED,,-5.0,FRIENDLY,league_name,R_CLUB_FRIENDLY,medium,,False,,False,,False,LINE_NOT_FOUND
1949096716,09c56237-a10c-40f7-853e-3af1ae58ffcd,437047,,"2026-08-01,184,535",Real Betis vs UD Almería,,Club Friendly,,Club Friendly,,2026-08-01T07:10:04.867800+00:00,,H3BUP_vNext,H3BUP_vNext_20260629,home,Pre,-3,1.911,1.892,10.0,104.2199,-0.9942438513867151,1254.0,6184.0,,pin88,SETTLED_DECIDED,,4.45,FRIENDLY,league_name,R_CLUB_FRIENDLY,medium,,False,,False,,False,LINE_NOT_FOUND
1949335817,6b6e4eda-ec52-46b0-82fe-1c2c12783392,437496,,"2026-08-01,23538,10089439",KVK Tienen vs Olympic Charleroi,,Club Friendly,,Club Friendly,,2026-08-01T08:31:27.854578+00:00,,H3BUP_vNext,H3BUP_vNext_20260629,away,Pre,3,1.917,1.89,10.0,496.8299,-1.4084507042253591,22345.0,24379.0,,sing2,SETTLED_DECIDED,,-9.98,FRIENDLY,league_name,R_CLUB_FRIENDLY,medium,-1.4084507042253613,True,-1.4084507042253613,True,-1.4084507042253613,True,
1949430538,85ce6755-cac6-423f-ae9d-a3590b82df87,437677,,"2026-08-01,202,216",Bayer Leverkusen vs Rot-Weiss Essen,,Club Friendly,,Club Friendly,,2026-08-01T08:58:49.898911+00:00,,H3BUP_vNext,H3BUP_vNext_20260629,home,Pre,-8,1.862,1.787,10.0,188.3917,-4.027926960257797,1348.0,5012.0,,pin88,SETTLED_DECIDED,,7.87,FRIENDLY,league_name,R_CLUB_FRIENDLY,medium,,False,,False,-4.027926960257799,True,
1949442202,c421b519-e41d-4954-814b-d45edb5c3811,437707,,"2026-08-01,206,23624",1. FC Nürnberg vs Real Oviedo CF,,Club Friendly,,Club Friendly,,2026-08-01T09:02:03.495384+00:00,,H3BUP_vNext,H3BUP_vNext_20260629,away,Pre,-1,2.0,1.943,10.0,157.2369,-2.849999999999997,1401.0,4295.0,,pin88,SETTLED_DECIDED,,-9.99,FRIENDLY,league_name,R_CLUB_FRIENDLY,medium,,False,,False,,False,LINE_NOT_FOUND
1949737791,f43cc668-0037-4d6b-baa7-9334f6206c0d,438326,,"2026-08-01,67,14",Plymouth Argyle FC vs Bristol City,,Club Friendly,,Club Friendly,,2026-08-01T10:21:17.399883+00:00,,H3BUP_vNext,H3BUP_vNext_20260629,away,Pre,0,1.891,1.68,10.0,109.0288,-11.158117398202014,1249.0,8331.0,,pin88,VOID_PUSH,,0.0,FRIENDLY,league_name,R_CLUB_FRIENDLY,medium,,False,,False,,False,LINE_NOT_FOUND
1949757343,b4823383-bd7b-48be-94db-199dad66724a,438374,,"2026-08-04,324,98087",Shamrock Rovers FC (IRE) vs Egnatia Rrogozhinë,,UEFA Europa League,,UEFA Europa League,,2026-08-01T10:26:44.281399+00:00,,H3BUP_vNext,H3BUP_vNext_20260629,away,Pre,-3,1.91,1.909,10.0,203.9648,-0.05235602094240262,1211.0,6639.0,,pin88,SETTLED_DECIDED,,-9.98,NON_FRIENDLY,league_name,R_NAME_OFFICIAL_DEFAULT,medium,-0.052356020942401216,True,-0.052356020942401216,True,-4.977600796416127,True,
1949906626,f5c31a20-96ab-49ee-8e19-1114bfc1aba7,438674,,"2026-08-01,23,58",Cheltenham Town vs MK Dons,,Club Friendly,,Club Friendly,,2026-08-01T11:03:09.365428+00:00,,H3BUP_vNext,H3BUP_vNext_20260629,away,Pre,3,2.117,2.02,10.0,222.507,-4.581955597543693,3846.0,11936.0,,pin88,SETTLED_DECIDED,,10.19,FRIENDLY,league_name,R_CLUB_FRIENDLY,medium,,False,,False,,False,LINE_NOT_FOUND
1949955995,51781ecc-be57-400e-832c-9a525b17ec7b,438789,,"2026-08-01,300,151",Racing Club de Lens vs Villarreal,,Club Friendly,,Club Friendly,,2026-08-01T11:12:42.399670+00:00,,H3BUP_vNext,H3BUP_vNext_20260629,home,Pre,-1,1.862,1.84,10.0,248.4149,-1.1815252416756186,12176.0,27505.0,,sing2,SETTLED_DECIDED,,8.39,FRIENDLY,league_name,R_CLUB_FRIENDLY,medium,,False,,False,,False,LINE_NOT_FOUND
1950178835,c67f16ec-e6c4-4e2e-8911-0dd8efb0bcd3,439198,,"2026-08-01,1080,69",SV Darmstadt 1898 vs Portsmouth,,Club Friendly,,Club Friendly,,2026-08-01T11:57:34.794603+00:00,,H3BUP_vNext,H3BUP_vNext_20260629,home,Pre,-2,2.038,1.925,10.0,160.2061,-5.544651619234533,1184.0,4489.0,,pin88,SETTLED_DECIDED,,-9.99,FRIENDLY,league_name,R_CLUB_FRIENDLY,medium,,False,,False,,False,EVENT_NOT_FOUND
1950349087,f916ff1c-b2b3-4ae6-b72c-c46fb623bc06,439503,,"2026-08-01,26508,526",Sandvikens IF vs GIF Sundsvall,,Sweden Superettan,,Sweden Superettan,,2026-08-01T12:30:25.121284+00:00,,H3BUP_vNext,H3BUP_vNext_20260629,away,Pre,-2,2.009,2.0,2.0,537.574,-0.4479840716774463,5856.0,8357.0,,bf,MISSING,,,NON_FRIENDLY,league_name,R_NAME_OFFICIAL_DEFAULT,medium,2.7749229188078095,True,2.0408163265306145,True,3.5196687370600444,True,LINE_NOT_FOUND
1950605384,c4f201f5-effd-472f-b5ab-a1785289f2a4,440104,,"2026-08-01,23035,42",Kasımpaşa SK vs Hull City,,Club Friendly,,Club Friendly,,2026-08-01T13:20:31.115840+00:00,,H3BUP_vNext,H3BUP_vNext_20260629,home,Pre,1,1.911,1.82,2.0,496.8299,-4.76190476190476,3562.0,5964.0,,sing2,SETTLED_DECIDED,,0.91,FRIENDLY,league_name,R_CLUB_FRIENDLY,medium,,False,,False,,False,LINE_NOT_FOUND
1950663405,8e574946-d755-49a6-b8c5-d34d1b5388c5,440235,,"2026-08-01,34412,1281",Kolding IF vs Hvidovre IF,,Denmark Division 1,,Denmark Division 1,,2026-08-01T13:31:25.160504+00:00,,H3BUP_vNext,H3BUP_vNext_20260629,home,Pre,0,1.852,1.847,2.0,547.0007,-0.269978401727868,1222.0,5640.0,,pin88,SETTLED_DECIDED,,-2.0,NON_FRIENDLY,league_name,R_NAME_OFFICIAL_DEFAULT,medium,,False,,False,,False,LINE_NOT_FOUND
1950678620,723da67c-bf1f-4d4e-aee7-742d903a9195,440268,,"2026-08-06,330,96602",AGF Aarhus vs FC Sabah,,UEFA Champions League,,UEFA Champions League,,2026-08-01T13:34:14.816609+00:00,,H3BUP_vNext,H3BUP_vNext_20260629,home,Pre,-4,1.97,1.961,2.0,192.8411,-0.45685279187816735,1167.0,4710.0,,pin88,VOID_PUSH,,0.0,NON_FRIENDLY,league_name,R_NAME_OFFICIAL_DEFAULT,medium,-0.4568527918781706,True,-0.4568527918781706,True,,False,LINE_NOT_FOUND
1950742531,2398efe0-f044-4bc6-b2cf-2782ce09e61c,440432,,"2026-08-01,32,48",Doncaster Rovers FC vs Lincoln City,,Club Friendly,,Club Friendly,,2026-08-01T13:46:13.067789+00:00,,H3BUP_vNext,H3BUP_vNext_20260629,home,Pre,0,2.117,2.05,2.0,148.338,-3.1648559282002915,1369.0,4761.0,,pin88,SETTLED_DECIDED,,-2.0,FRIENDLY,league_name,R_CLUB_FRIENDLY,medium,,False,,False,,False,LINE_NOT_FOUND
1950778302,cccee31d-3910-4e10-b9b9-266b645a6722,440513,,"2026-08-01,57,23534",Millwall vs Royal Antwerp FC,,Club Friendly,,Club Friendly,,2026-08-01T13:53:27.566130+00:00,,H3BUP_vNext,H3BUP_vNext_20260629,away,Pre,-3,2.097,2.06,2.0,222.507,-1.7644253695755805,1109.0,3428.0,,pin88,MISSING,,,FRIENDLY,league_name,R_CLUB_FRIENDLY,medium,,False,,False,,False,LINE_NOT_FOUND
1950783300,029f9b49-cb7b-4c8e-8ee3-e0ae7309d7da,440521,,"2026-08-01,57,23534",Millwall vs Royal Antwerp FC,,Club Friendly,,Club Friendly,,2026-08-01T13:54:33.580379+00:00,,H3BUP_vNext,H3BUP_vNext_20260629,home,Pre,-4,2.048,2.02,2.0,222.507,-1.367187500000001,2735.0,5315.0,,pin88,VOID_PUSH,,0.0,FRIENDLY,league_name,R_CLUB_FRIENDLY,medium,,False,,False,,False,LINE_NOT_FOUND
1950790740,6009b0a6-04e9-47f9-ac68-774c9821552b,440528,,"2026-08-01,1161,1256",Morecambe vs Barrow AFC,,Club Friendly,,Club Friendly,,2026-08-01T13:56:10.386128+00:00,,H3BUP_vNext,H3BUP_vNext_20260629,home,Pre,2,1.98,1.925,2.0,160.2061,-2.7777777777777746,1504.0,4767.0,,pin88,SETTLED_DECIDED,,-2.0,FRIENDLY,league_name,R_CLUB_FRIENDLY,medium,,False,,False,,False,LINE_NOT_FOUND
1950808302,dc4a8841-a53e-49fc-8c4b-eef0610927eb,440568,,"2026-08-01,191,78",VfL Bochum 1848 vs Sheffield United,,Club Friendly,,Club Friendly,,2026-08-01T13:59:48.808193+00:00,,H3BUP_vNext,H3BUP_vNext_20260629,home,Pre,1,1.921,1.769,2.0,192.8411,-7.912545549193135,1706.0,10398.0,,pin88,SETTLED_DECIDED,,0.77,FRIENDLY,league_name,R_CLUB_FRIENDLY,medium,,False,,False,,False,EVENT_NOT_FOUND
1950846259,7db80cc9-24b4-485f-b1fd-42230fb00889,440776,,"2026-08-01,707,523",IFK Norrköping vs Helsingborgs IF,,Sweden Superettan,,Sweden Superettan,,2026-08-01T14:07:01.370707+00:00,,H3BUP_vNext,H3BUP_vNext_20260629,home,Pre,-4,2.06,2.037,2.0,373.0761,-1.1165048543689384,2305.0,5752.0,,vx,SETTLED_DECIDED,,2.12,NON_FRIENDLY,league_name,R_NAME_OFFICIAL_DEFAULT,medium,,False,,False,,False,LINE_NOT_FOUND
1950910851,d17667ba-c4ac-4dad-80d2-1094ac60c478,441075,,"2026-08-05,24845,1140",Hapoel Be'er Sheva FC vs Red Star Belgrade,,UEFA Champions League,,UEFA Champions League,,2026-08-01T14:18:42.258291+00:00,,H3BUP_vNext,H3BUP_vNext_20260629,away,Pre,2,1.93,1.925,2.0,200.2597,-0.25906735751294785,1318.0,5037.0,,pin88,SETTLED_DECIDED,,-2.0,NON_FRIENDLY,league_name,R_NAME_OFFICIAL_DEFAULT,medium,0.0,True,0.0,True,,False,LINE_NOT_FOUND
1950939414,652024d1-41e6-4850-8dde-8ea047f429fb,441197,,"2026-08-01,97,183",Wolves vs Racing Santander,,Club Friendly,,Club Friendly,,2026-08-01T14:23:38.907243+00:00,,H3BUP_vNext,H3BUP_vNext_20260629,home,Pre,-2,1.901,1.84,2.0,292.2353,-3.2088374539715905,4070.0,8635.0,,sing2,MISSING,,,FRIENDLY,league_name,R_CLUB_FRIENDLY,medium,,False,,False,,False,EVENT_NOT_FOUND
1950960340,7b86d8ac-197b-4307-a216-8f4e8c032273,441275,,"2026-08-01,1079,1074",KV Club Westerlo vs Samsunspor,,Club Friendly,,Club Friendly,,2026-08-01T14:27:13.581891+00:00,,H3BUP_vNext,H3BUP_vNext_20260629,home,Pre,-1,2.038,1.99,2.0,248.4149,-2.3552502453385586,3795.0,7230.0,,sing2,SETTLED_DECIDED,,-2.0,FRIENDLY,league_name,R_CLUB_FRIENDLY,medium,,False,,False,,False,EVENT_NOT_FOUND
1951082310,06664930-9e2c-4c4f-8075-8037971a1253,441738,,"2026-08-02,10049302,10050227",Leones del Norte vs Barcelona Guayaquil,,Ecuador Serie A (Copa Pilsener),,Ecuador Serie A (Copa Pilsener),,2026-08-01T14:48:06.285802+00:00,,H3BUP_vNext,H3BUP_vNext_20260629,away,Pre,0,1.98,1.793,2.0,186.9028,-9.444444444444446,1116.0,6519.0,,pin88,VOID_PUSH,,0.0,NON_FRIENDLY,league_name,R_NAME_OFFICIAL_DEFAULT,medium,,False,,False,-14.902705268153781,True,LINE_NOT_FOUND
1951140052,d7c51e25-84b9-4f23-ad77-b193cd6d8417,441831,,"2026-08-01,1079,1074",KV Club Westerlo vs Samsunspor,,Club Friendly,,Club Friendly,,2026-08-01T14:59:53.525072+00:00,,H3BUP_vNext,H3BUP_vNext_20260629,away,Pre,-1,1.862,1.81,2.0,496.8299,-2.792696025778735,4451.0,11078.0,,sing2,SETTLED_DECIDED,,1.67,FRIENDLY,league_name,R_CLUB_FRIENDLY,medium,,False,,False,,False,EVENT_NOT_FOUND
1951392683,5925dd95-c5bf-4227-9d61-10cc4b4a8553,442932,,"2026-08-01,923,217",Roda JC vs TSV Alemannia Aachen,,Club Friendly,,Club Friendly,,2026-08-01T15:57:02.376945+00:00,,H3BUP_vNext,H3BUP_vNext_20260629,away,Pre,1,1.884,1.862,2.0,172.0741,-1.1677282377919214,1804.0,7909.0,,pin88,SETTLED_DECIDED,,1.72,FRIENDLY,league_name,R_CLUB_FRIENDLY,medium,,False,,False,,False,LINE_NOT_FOUND
1951399473,5db3a177-48c9-462f-8eeb-b13994d53841,442946,,"2026-08-01,84,176",Stoke City vs Valencia,,Club Friendly,,Club Friendly,,2026-08-01T15:59:04.679412+00:00,,H3BUP_vNext,H3BUP_vNext_20260629,away,Pre,0,1.891,1.826,2.0,179.4927,-3.4373347435219435,1496.0,5026.0,,pin88,VOID_PUSH,,0.0,FRIENDLY,league_name,R_CLUB_FRIENDLY,medium,,False,,False,,False,LINE_NOT_FOUND
1951745589,3a9a3aee-2ca7-40b9-bf4e-c5a183849784,443522,,"2026-08-01,882,92872",NK Široki Brijeg vs HNK Tomislavgrad,,Club Friendly,,Club Friendly,,2026-08-01T17:05:10.356168+00:00,,H3BUP_vNext,H3BUP_vNext_20260629,away,Pre,-5,1.925,1.862,2.0,223.6964,-3.2727272727272694,2269.0,5188.0,,pin88,SETTLED_DECIDED,,-2.0,FRIENDLY,league_name,R_CLUB_FRIENDLY,medium,,False,,False,,False,EVENT_NOT_FOUND
1951768617,f301516b-8802-482e-bc34-77a42860d937,443564,,"2026-08-01,31918,23169",Real Sociedad II vs SD Huesca,,Club Friendly,,Club Friendly,,2026-08-01T17:09:21.831577+00:00,,H3BUP_vNext,H3BUP_vNext_20260629,home,Pre,-1,1.94,1.877,2.0,169.105,-3.2474226804123685,1355.0,6504.0,,pin88,SETTLED_DECIDED,,-2.0,FRIENDLY,league_name,R_CLUB_FRIENDLY,medium,,False,,False,,False,LINE_NOT_FOUND
1952096100,8a2508a1-fb52-4ee5-864f-6785cf426d5c,444132,,"2026-08-02,37833,1595",CSD Independiente Del Valle vs CD Cuenca,,Ecuador Serie A (Copa Pilsener),,Ecuador Serie A (Copa Pilsener),,2026-08-01T18:09:32.159440+00:00,,H3BUP_vNext,H3BUP_vNext_20260629,home,Pre,-6,2.004,1.992,2.0,373.0761,-0.5988023952095813,1211.0,4374.0,,vx,MISSING,,,NON_FRIENDLY,league_name,R_NAME_OFFICIAL_DEFAULT,medium,,False,,False,,False,LINE_NOT_FOUND
1952144595,ead5086d-021b-416e-9cb3-7bcd464da482,444205,,"2026-08-01,35507,31382",USC Paredes vs Lusitânia (Lourosa) FC,,Club Friendly,,Club Friendly,,2026-08-01T18:18:43.827884+00:00,,H3BUP_vNext,H3BUP_vNext_20260629,away,Pre,0,2.0,1.97,2.0,152.7875,-1.5000000000000013,2404.0,5552.0,,pin88,SETTLED_DECIDED,,-2.0,FRIENDLY,league_name,R_CLUB_FRIENDLY,medium,,False,,False,,False,EVENT_NOT_FOUND
1952423641,4d5620b4-bb55-44d3-b91b-f6cc1a3405b7,444541,,"2026-08-02,509,1388",Molde FK vs Sarpsborg 08 FF,,Norway Premier League (Tippeligaen),,Norway Premier League (Tippeligaen),,2026-08-01T19:10:04.690334+00:00,,H3BUP_vNext,H3BUP_vNext_20260629,home,Pre,-3,1.85,1.847,2.0,525.1213,-0.16216216216216828,1350.0,7253.0,,pin88,SETTLED_DECIDED,,-2.0,NON_FRIENDLY,league_name,R_NAME_OFFICIAL_DEFAULT,medium,,False,,False,,False,LINE_NOT_FOUND
1952437280,63491c06-716d-4ae4-8b37-395d4763e219,444560,,"2026-08-01,1185,1186",CS Maritimo vs CD Nacional da Madeira,,Club Friendly,,Club Friendly,,2026-08-01T19:12:35.536935+00:00,,H3BUP_vNext,H3BUP_vNext_20260629,home,Pre,0,1.877,1.85,2.0,248.4149,-1.4384656366542308,3198.0,7191.0,,sing2,MISSING,,,FRIENDLY,league_name,R_CLUB_FRIENDLY,medium,,False,,False,-1.4384656366542292,True,EVENT_NOT_FOUND
1952556213,5dce9365-8316-42a2-ae75-cfbbe6de89de,444669,,"2026-08-02,157,510",SK Brann vs Rosenborg,,Norway Premier League (Tippeligaen),,Norway Premier League (Tippeligaen),,2026-08-01T19:34:24.130032+00:00,,H3BUP_vNext,H3BUP_vNext_20260629,home,Pre,-2,2.019,2.018,2.0,3563.6447,-0.04952947003468717,1118.0,4199.0,,sxbet,SETTLED_DECIDED,,2.04,NON_FRIENDLY,league_name,R_NAME_OFFICIAL_DEFAULT,medium,,False,,False,-2.512077294685988,True,LINE_NOT_FOUND
1952556847,9908e7e0-47fa-4c2f-91e2-ff578f7fa427,444671,,"2026-08-02,516,527",Aalesunds FK vs Tromsø IL,,Norway Premier League (Tippeligaen),,Norway Premier League (Tippeligaen),,2026-08-01T19:34:29.869830+00:00,,H3BUP_vNext,H3BUP_vNext_20260629,home,Pre,2,1.911,1.906,2.0,106.9037,-0.26164311878598195,2557.0,5870.0,,bf,SETTLED_DECIDED,,-2.01,NON_FRIENDLY,league_name,R_NAME_OFFICIAL_DEFAULT,medium,,False,,False,,False,LINE_NOT_FOUND
1952769462,af4f33e1-5ba3-4910-8218-c471f4ee82f7,444831,,"2026-08-02,30500,23087",KFUM-Kameratene Oslo vs Kristiansund BK,,Norway Premier League (Tippeligaen),,Norway Premier League (Tippeligaen),,2026-08-01T20:15:05.180181+00:00,,H3BUP_vNext,H3BUP_vNext_20260629,away,Pre,-3,1.96,1.952,2.0,145.536,-0.40816326530612285,1363.0,4389.0,,sharp,SETTLED_DECIDED,,-1.0,NON_FRIENDLY,league_name,R_NAME_OFFICIAL_DEFAULT,medium,,False,,False,,False,LINE_NOT_FOUND
1952957260,d85d803f-40f0-4e3b-a5cb-cfc20ab72b9f,444914,,"2026-08-02,25721,54647",CSyD Macará vs Guayaquil City,,Ecuador Serie A (Copa Pilsener),,Ecuador Serie A (Copa Pilsener),,2026-08-01T20:58:01.443462+00:00,,H3BUP_vNext,H3BUP_vNext_20260629,away,Pre,-4,1.984,1.94,2.0,226.09,-2.2177419354838728,1153.0,5318.0,,bf,VOID_PUSH,,0.0,NON_FRIENDLY,league_name,R_NAME_OFFICIAL_DEFAULT,medium,,False,,False,,False,LINE_NOT_FOUND
1952964690,c0ed3877-2ddb-44b4-957c-31614b725892,444916,,"2026-08-02,30500,23087",KFUM-Kameratene Oslo vs Kristiansund BK,,Norway Premier League (Tippeligaen),,Norway Premier League (Tippeligaen),,2026-08-01T20:59:56.831279+00:00,,H3BUP_vNext,H3BUP_vNext_20260629,home,Pre,-3,1.98,1.97,2.0,458.3709,-0.5050505050505055,1346.0,3920.0,,pin88,SETTLED_DECIDED,,0.98,NON_FRIENDLY,league_name,R_NAME_OFFICIAL_DEFAULT,medium,,False,,False,,False,LINE_NOT_FOUND
1953405945,59261994-bf2e-4d36-bb1b-82a61928ead6,445073,,"2026-08-01,640,44238",New York Red Bulls vs Orlando City SC,,USA Major League Soccer,,USA Major League Soccer,,2026-08-01T22:38:37.431545+00:00,,H3BUP_vNext,H3BUP_vNext_20260629,home,Pre,0,1.891,1.882,2.0,285.13,-0.4759386567953527,1138.0,3476.0,,bf,SETTLED_DECIDED,,1.76,NON_FRIENDLY,league_name,R_NAME_OFFICIAL_DEFAULT,medium,,False,,False,,False,LINE_NOT_FOUND
1953452253,1c6b21ee-4e11-440b-959d-d827c9e167c4,445094,,"2026-08-01,26823,98781",Vancouver Whitecaps FC vs Los Angeles FC,,USA Major League Soccer,,USA Major League Soccer,,2026-08-01T22:48:47.450014+00:00,,H3BUP_vNext,H3BUP_vNext_20260629,away,Pre,-3,1.903,1.892,2.0,278.96,-0.5780346820809311,1374.0,4052.0,,bf,SETTLED_DECIDED,,1.78,NON_FRIENDLY,league_name,R_NAME_OFFICIAL_DEFAULT,medium,,False,,False,,False,LINE_NOT_FOUND
1953473478,8e698c5e-4735-448d-b8df-4c70a9c89197,445105,,"2026-08-01,640,44238",New York Red Bulls vs Orlando City SC,,USA Major League Soccer,,USA Major League Soccer,,2026-08-01T22:53:46.452867+00:00,,H3BUP_vNext,H3BUP_vNext_20260629,away,Pre,0,2.078,2.069,2.0,358.7464,-0.4331087584215542,1172.0,3792.0,,sharp,SETTLED_DECIDED,,-2.0,NON_FRIENDLY,league_name,R_NAME_OFFICIAL_DEFAULT,medium,,False,,False,,False,LINE_NOT_FOUND
1954222044,75321629-fe24-422d-b7ed-2128f192ac3d,445909,,"2026-08-02,602,555",LA Galaxy vs FC Dallas,,USA Major League Soccer,,USA Major League Soccer,,2026-08-02T01:45:05.382377+00:00,,H3BUP_vNext,H3BUP_vNext_20260629,home,Pre,0,1.88,1.862,2.0,17072.468,-0.9574468085106274,1111.0,4173.0,,vx,VOID_PUSH,,0.0,NON_FRIENDLY,league_name,R_NAME_OFFICIAL_DEFAULT,medium,-1.585623678646919,True,-2.86906624934794,True,-1.585623678646919,True,
1954383559,50a391df-b2be-4a74-b69e-cf86dec8c3cc,446068,,"2026-08-02,54106,1058",Vendsyssel FF vs Hobro IK,,Denmark Division 1,,Denmark Division 1,,2026-08-02T02:22:34.587420+00:00,,H3BUP_vNext,H3BUP_vNext_20260629,home,Pre,-1,2.078,2.07,2.0,185.4225,-0.3849855630413863,1239.0,6375.0,,pin88,SETTLED_DECIDED,,-2.0,NON_FRIENDLY,league_name,R_NAME_OFFICIAL_DEFAULT,medium,,False,,False,,False,LINE_NOT_FOUND
1954897029,fd734408-535b-49fb-a236-e7c1d3168c3b,446416,,"2026-08-02,1095,1237",AEK Athens vs Saint Truidense VV,,Club Friendly,,Club Friendly,,2026-08-02T05:16:22.546418+00:00,,H3BUP_vNext,H3BUP_vNext_20260629,away,Pre,-2,1.96,1.855,2.0,237.0821,-5.357142857142856,1089.0,4107.0,,pmk,SETTLED_DECIDED,,-1.62,FRIENDLY,league_name,R_CLUB_FRIENDLY,medium,,False,,False,,False,LINE_NOT_FOUND
1955092566,c1a1406b-4047-44d7-a15c-1438a930bd34,446506,,"2026-08-02,1095,1237",AEK Athens vs Saint Truidense VV,,Club Friendly,,Club Friendly,,2026-08-02T06:43:18.533773+00:00,,H3BUP_vNext,H3BUP_vNext_20260629,home,Pre,-2,1.862,1.788,2.0,715.2398,-3.974221267454354,1107.0,4110.0,,pmk,SETTLED_DECIDED,,1.32,FRIENDLY,league_name,R_CLUB_FRIENDLY,medium,,False,,False,,False,LINE_NOT_FOUND
1955345825,cde10d38-1aa2-476f-9d32-111e3af9ad49,446629,,"2026-08-02,157,510",SK Brann vs Rosenborg,,Norway Premier League (Tippeligaen),,Norway Premier League (Tippeligaen),,2026-08-02T08:20:29.880489+00:00,,H3BUP_vNext,H3BUP_vNext_20260629,home,Pre,-1,1.9,1.892,2.0,498.4596,-0.4210526315789478,2049.0,7247.0,,pin88,SETTLED_DECIDED,,1.78,NON_FRIENDLY,league_name,R_NAME_OFFICIAL_DEFAULT,medium,,False,,False,,False,LINE_NOT_FOUND
1955739431,a8fa77d1-0494-44a1-95bb-e93224c9a4bf,446811,,"2026-08-02,335,331",FC Nordsjælland vs Randers FC,,Denmark Superliga (SAS Ligaen),,Denmark Superliga (SAS Ligaen),,2026-08-02T10:11:53.766496+00:00,,H3BUP_vNext,H3BUP_vNext_20260629,home,Pre,-4,2.097,2.093,2.0,525.3633,-0.19074868860276603,3163.0,6892.0,,sbo,VOID_PUSH,,0.0,NON_FRIENDLY,league_name,R_NAME_OFFICIAL_DEFAULT,medium,,False,,False,,False,LINE_NOT_FOUND
1955877125,bc18bf5b-b886-46ce-82ab-4760dcf54928,446871,,"2026-08-02,47,23534",Leyton Orient FC vs Royal Antwerp FC,,Club Friendly,,Club Friendly,,2026-08-02T10:46:56.167647+00:00,,H3BUP_vNext,H3BUP_vNext_20260629,home,Pre,-1,2.127,2.0,2.0,222.5068,-5.9708509637987675,1161.0,3863.0,,pin88,SETTLED_DECIDED,,2.0,FRIENDLY,league_name,R_CLUB_FRIENDLY,medium,,False,,False,,False,LINE_NOT_FOUND
1955918017,2fe0cc2e-61ee-4b7e-a7d0-6dcce97bb90d,446896,,"2026-08-02,54106,1058",Vendsyssel FF vs Hobro IK,,Denmark Division 1,,Denmark Division 1,,2026-08-02T10:58:31.128525+00:00,,H3BUP_vNext,H3BUP_vNext_20260629,away,Pre,-1,1.891,1.884,2.0,523.8271,-0.37017451084083114,1148.0,3796.0,,pin88,SETTLED_DECIDED,,1.76,NON_FRIENDLY,league_name,R_NAME_OFFICIAL_DEFAULT,medium,,False,,False,,False,LINE_NOT_FOUND
1956132009,65be888b-9079-4341-b1e0-f4e077c2433c,447009,,"2026-08-05,1626,514",Royale Union Saint-Gilloise vs FK Bodø/Glimt,,UEFA Champions League,,UEFA Champions League,,2026-08-02T11:43:59.831405+00:00,,H3BUP_vNext,H3BUP_vNext_20260629,away,Pre,-1,2.06,2.0,2.0,185.4266,-2.9126213592233037,1112.0,3799.0,,pin88,SETTLED_DECIDED,,1.0,NON_FRIENDLY,league_name,R_NAME_OFFICIAL_DEFAULT,medium,-2.9126213592232997,True,-2.9126213592232997,True,10.192837465564741,True,
1956169138,39bca764-82c4-43cf-9b20-e4b33f9d0d23,447037,,"2026-08-02,50,1516",Luton Town vs Go Ahead Eagles,,Club Friendly,,Club Friendly,,2026-08-02T11:51:45.515583+00:00,,H3BUP_vNext,H3BUP_vNext_20260629,home,Pre,0,1.862,1.793,2.0,186.9064,-3.705692803437173,3362.0,9455.0,,pin88,SETTLED_DECIDED,,-2.0,FRIENDLY,league_name,R_CLUB_FRIENDLY,medium,-6.468440271257181,True,,False,-6.468440271257181,True,LINE_NOT_FOUND
1956407764,5350dbfb-52b0-4825-a9a7-bcd4e4f3dc00,447187,,"2026-08-02,933,243",Feyenoord vs Atalanta,,Club Friendly,,Club Friendly,,2026-08-02T12:35:32.172797+00:00,,H3BUP_vNext,H3BUP_vNext_20260629,away,Pre,0,1.864,1.851,2.0,246.1822,-0.6974248927038692,1777.0,8470.0,,mbook,VOID_PUSH,,0.0,FRIENDLY,league_name,R_CLUB_FRIENDLY,medium,,False,,False,,False,LINE_NOT_FOUND
1956855259,2cc4c354-b1dd-41b5-adde-9df4b60f8ab0,447596,,"2026-08-02,802,242",Trabzonspor vs Udinese,,Club Friendly,,Club Friendly,,2026-08-02T13:52:15.525835+00:00,,H3BUP_vNext,H3BUP_vNext_20260629,away,Pre,-2,1.917,1.757,2.0,293.7161,-8.34637454355765,2799.0,5499.0,,pin88,SETTLED_DECIDED,,-2.0,FRIENDLY,league_name,R_CLUB_FRIENDLY,medium,,False,,False,,False,LINE_NOT_FOUND
1957016525,ddf7195d-f166-488a-b0c1-adfbc3e07f26,447729,,"2026-08-02,127,133",Hibernian vs Motherwell,,Scotland Premier League,,Scotland Premier League,,2026-08-02T14:20:22.653301+00:00,,H3BUP_vNext,H3BUP_vNext_20260629,away,Pre,-2,1.884,1.881,2.0,332.068,-0.1592356687898032,1487.0,6213.0,,bf,SETTLED_DECIDED,,1.76,NON_FRIENDLY,league_name,R_NAME_OFFICIAL_DEFAULT,medium,-0.05313496280552332,True,-1.5698587127158548,True,-3.041237113402062,True,
1957053014,120fd410-e399-412f-bb1e-1e7d1f9fd43f,447757,,"2026-08-02,152,1283",Parma vs Iraklis FC Thessaloniki,,Club Friendly,,Club Friendly,,2026-08-02T14:26:35.205826+00:00,,H3BUP_vNext,H3BUP_vNext_20260629,home,Pre,-6,2.068,2.004,2.0,356.3524,-3.094777562862672,2736.0,8056.0,,pmk,SETTLED_DECIDED,,-2.0,FRIENDLY,league_name,R_CLUB_FRIENDLY,medium,,False,,False,,False,LINE_NOT_FOUND
1957174461,b8426fd4-a166-4c60-9683-190ae78d3451,447858,,"2026-08-02,152,1283",Parma vs Iraklis FC Thessaloniki,,Club Friendly,,Club Friendly,,2026-08-02T14:46:52.399283+00:00,,H3BUP_vNext,H3BUP_vNext_20260629,away,Pre,-6,1.917,1.821,2.0,302.5603,-5.007824726134589,1327.0,3899.0,,pmk,SETTLED_DECIDED,,1.35,FRIENDLY,league_name,R_CLUB_FRIENDLY,medium,,False,,False,,False,LINE_NOT_FOUND
1957251384,c545fc3d-852e-4942-8328-4ec7ed7c58ba,447927,,"2026-08-02,337,158",Silkeborg IF vs FC København,,Denmark Superliga (SAS Ligaen),,Denmark Superliga (SAS Ligaen),,2026-08-02T15:00:40.825847+00:00,,H3BUP_vNext,H3BUP_vNext_20260629,home,Pre,5,1.852,1.845,2.0,933.7739,-0.37796976241901276,1429.0,4151.0,,sbo,SETTLED_DECIDED,,-2.0,NON_FRIENDLY,league_name,R_NAME_OFFICIAL_DEFAULT,medium,0.654664484451728,True,-0.9129967776584369,True,-7.286432160804024,True,
1958401684,51db0d10-eb0f-4215-bfc9-bcee68c49382,448761,,"2026-08-02,49,45",Liverpool vs Leeds United FC,,Club Friendly,,Club Friendly,,2026-08-02T18:18:57.779763+00:00,,H3BUP_vNext,H3BUP_vNext_20260629,away,Pre,-4,1.94,1.881,2.0,273.5663,-3.041237113402059,1095.0,4577.0,,bdaq,SETTLED_DECIDED,,1.76,FRIENDLY,league_name,R_CLUB_FRIENDLY,medium,,False,,False,,False,LINE_NOT_FOUND
1958693559,6568bf34-941f-46ec-ac6c-f86e3e564865,448887,,"2026-08-02,49,45",Liverpool vs Leeds United FC,,Club Friendly,,Club Friendly,,2026-08-02T19:11:34.478851+00:00,,H3BUP_vNext,H3BUP_vNext_20260629,home,Pre,-2,1.96,1.959,2.0,121.0336,-0.05102040816325969,1246.0,8471.0,,bdaq,SETTLED_DECIDED,,-1.99,FRIENDLY,league_name,R_CLUB_FRIENDLY,medium,,False,,False,,False,LINE_NOT_FOUND
1958776889,ca3d5064-9f86-4b6a-b4ed-02a7b55e146c,448918,,"2026-08-02,49,45",Liverpool vs Leeds United FC,,Club Friendly,,Club Friendly,,2026-08-02T19:26:41.527772+00:00,,H3BUP_vNext,H3BUP_vNext_20260629,away,Pre,-1,2.127,2.08,2.0,278.1399,-2.209685002350715,1701.0,3816.0,,pin88,SETTLED_DECIDED,,2.06,FRIENDLY,league_name,R_CLUB_FRIENDLY,medium,,False,,False,,False,LINE_NOT_FOUND
1958798321,8db3902d-f7e6-43b6-bc7d-ad82aaac7ff3,448928,,"2026-08-02,49,45",Liverpool vs Leeds United FC,,Club Friendly,,Club Friendly,,2026-08-02T19:30:27.660316+00:00,,H3BUP_vNext,H3BUP_vNext_20260629,home,Pre,-1,1.931,1.917,2.0,606.3358,-0.7250129466597625,2872.0,7267.0,,pin88,SETTLED_DECIDED,,-2.0,FRIENDLY,league_name,R_CLUB_FRIENDLY,medium,,False,,False,,False,LINE_NOT_FOUND
1959779918,2dccd084-4b9a-4aef-b202-5886d7c76d74,449224,,"2026-08-02,10049302,10050227",Leones del Norte vs Barcelona Guayaquil,,Ecuador Serie A (Copa Pilsener),,Ecuador Serie A (Copa Pilsener),,2026-08-02T23:08:13.654260+00:00,,H3BUP_vNext,H3BUP_vNext_20260629,away,Pre,-1,1.901,1.882,2.0,131.47,-0.9994739610731261,1092.0,4118.0,,bf,SETTLED_DECIDED,,0.88,NON_FRIENDLY,league_name,R_NAME_OFFICIAL_DEFAULT,medium,,False,,False,,False,LINE_NOT_FOUND
1960460211,4e3390f1-e564-4f69-8cdb-6a2c1780bbdd,449397,,"2026-08-09,126,117",Hearts vs Dundee United FC,,Scotland Premier League,,Scotland Premier League,,2026-08-03T02:29:18.343365+00:00,,H3BUP_vNext,H3BUP_vNext_20260629,home,Pre,-4,1.884,1.854,2.0,195.1951,-1.5923566878980788,1068.0,6814.0,,pin88,SETTLED_DECIDED,,1.7,NON_FRIENDLY,league_name,R_NAME_OFFICIAL_DEFAULT,medium,,False,,False,,False,LINE_NOT_FOUND
1960462220,605fd1dc-8374-4548-a640-70e22bd6986e,449400,,"2026-08-09,126,117",Hearts vs Dundee United FC,,Scotland Premier League,,Scotland Premier League,,2026-08-03T02:30:17.671366+00:00,,H3BUP_vNext,H3BUP_vNext_20260629,away,Pre,-4,2.009,2.0,2.0,166.8308,-0.4479840716774463,1196.0,3561.0,,pin88,SETTLED_DECIDED,,-2.0,NON_FRIENDLY,league_name,R_NAME_OFFICIAL_DEFAULT,medium,,False,,False,,False,LINE_NOT_FOUND
1960612232,1b67aa3c-e190-4669-931f-f998e0329dac,449445,,"2026-08-09,140,127",Rangers vs Hibernian,,Scotland Premier League,,Scotland Premier League,,2026-08-03T04:00:50.561310+00:00,,H3BUP_vNext,H3BUP_vNext_20260629,home,Pre,-4,1.877,1.869,2.0,192.0885,-0.4262120404901443,1141.0,7273.0,,pin88,SETTLED_DECIDED,,-2.0,NON_FRIENDLY,league_name,R_NAME_OFFICIAL_DEFAULT,medium,-0.42621204049014816,True,-0.42621204049014816,True,,False,LINE_NOT_FOUND
1960612609,cb45f86e-20b4-4d1e-9afe-55cd6a32800c,449456,,"2026-08-07,1260,930",Maccabi Tel Aviv vs PFC CSKA Sofia,,UEFA Europa League,,UEFA Europa League,,2026-08-03T04:00:51.805196+00:00,,H3BUP_vNext,H3BUP_vNext_20260629,away,Pre,-2,1.862,1.84,2.0,149.1784,-1.1815252416756186,17122.0,22137.0,,sing2,SETTLED_DECIDED,,1.62,NON_FRIENDLY,league_name,R_NAME_OFFICIAL_DEFAULT,medium,-1.1815252416756183,True,-1.1815252416756183,True,-1.7618793379604814,True,
1961108137,bdf9441a-eb6d-471e-b844-7d978bddf45c,449578,,"2026-08-16,539,185",Alavés vs Getafe,,Spain La Liga,,Spain La Liga,,2026-08-03T08:58:56.132231+00:00,,H3BUP_vNext,H3BUP_vNext_20260629,away,Pre,-1,1.917,1.89,2.0,497.6283,-1.4084507042253591,2092.0,7228.0,,sing2,MISSING,,,NON_FRIENDLY,league_name,R_NAME_OFFICIAL_DEFAULT,medium,-1.4084507042253613,True,-1.4084507042253613,True,,False,
1961512375,30ede68a-7daa-4b3f-8b0e-bcf30570cfe7,449831,,"2026-08-15,21,31",Charlton Athletic vs Derby County,,England Football League Championship,,England Football League Championship,,2026-08-03T11:57:20.689962+00:00,,H3BUP_vNext,H3BUP_vNext_20260629,away,Pre,0,1.98,1.925,2.0,100.3031,-2.7777777777777746,9834.0,14848.0,,pin88,OPEN,,,NON_FRIENDLY,league_name,R_NAME_OFFICIAL_DEFAULT,medium,,False,,False,,False,LINE_NOT_FOUND
1961512383,294ccf78-7432-421d-8e1f-14d04b078bdd,449832,,"2026-08-15,55,48",Middlesbrough vs Lincoln City,,England Football League Championship,,England Football League Championship,,2026-08-03T11:57:20.992106+00:00,,H3BUP_vNext,H3BUP_vNext_20260629,away,Pre,-6,1.884,1.847,2.0,109.592,-1.9639065817409727,9633.0,14340.0,,pin88,OPEN,,,NON_FRIENDLY,league_name,R_NAME_OFFICIAL_DEFAULT,medium,,False,,False,,False,LINE_NOT_FOUND
1961516907,ccd81437-bf4b-4996-b602-488b6944db80,449876,,"2026-08-08,650,1642",New England Revolution vs Houston Dynamo,,USA Major League Soccer,,USA Major League Soccer,,2026-08-03T11:58:39.599429+00:00,,H3BUP_vNext,H3BUP_vNext_20260629,away,Pre,0,2.07,2.04,2.0,269.3356,-1.4492753623188313,1129.0,6076.0,,pin88,SETTLED_DECIDED,,2.08,NON_FRIENDLY,league_name,R_NAME_OFFICIAL_DEFAULT,medium,,False,,False,0.0,True,LINE_NOT_FOUND
1963060196,feec68c6-e147-4c91-b4dc-f0114268668a,450471,,"2026-08-03,24299,1313",Potters Bar Town FC vs St Albans City FC,,Club Friendly,,Club Friendly,,2026-08-03T18:01:06.935672+00:00,,H3BUP_vNext,H3BUP_vNext_20260629,away,Pre,-4,1.925,1.862,2.0,172.7784,-3.2727272727272694,1195.0,6533.0,,pin88,SETTLED_DECIDED,,1.71,FRIENDLY,league_name,R_CLUB_FRIENDLY,medium,,False,,False,,False,LINE_NOT_FOUND
1963795407,cd1f143b-076a-4bbb-97db-e9141a0763b9,450784,,"2026-08-05,24845,1140",Hapoel Be'er Sheva FC vs Red Star Belgrade,,UEFA Champions League,,UEFA Champions League,,2026-08-03T20:34:53.974257+00:00,,H3BUP_vNext,H3BUP_vNext_20260629,home,Pre,3,1.891,1.882,2.0,978.04,-0.4759386567953527,1308.0,4992.0,,bf,SETTLED_DECIDED,,1.76,NON_FRIENDLY,league_name,R_NAME_OFFICIAL_DEFAULT,medium,-0.4759386567953494,True,-1.517530088958663,True,-11.226415094339636,True,
1965208793,f3c3c01b-88f6-4ed0-ac19-cd5d9e2c1784,451237,,"2026-08-04,310,1053",Strasbourg vs SV 07 Elversberg,,Club Friendly,,Club Friendly,,2026-08-04T04:02:45.833761+00:00,,H3BUP_vNext,H3BUP_vNext_20260629,away,Pre,-2,1.9,1.89,2.0,107.7203,-0.5263157894736847,1098.0,3357.0,,pmk,SETTLED_DECIDED,,1.41,FRIENDLY,league_name,R_CLUB_FRIENDLY,medium,,False,,False,,False,EVENT_NOT_FOUND
1965427431,346b330d-85f2-4847-88c6-fdef56a29e37,451341,,"2026-08-04,543,10002359",CD Tenerife vs UD Tamaraceite,,Club Friendly,,Club Friendly,,2026-08-04T06:01:18.129969+00:00,,H3BUP_vNext,H3BUP_vNext_20260629,away,Pre,-6,1.892,1.821,2.0,891.1114,-3.7526427061310756,1010.0,3474.0,,pmk,SETTLED_DECIDED,,1.76,FRIENDLY,league_name,R_CLUB_FRIENDLY,medium,,False,,False,,False,EVENT_NOT_FOUND
1965521886,82d2771c-529b-4029-a35c-a8f089bcb7ec,451400,,"2026-08-04,31554,179",CD Teruel vs Levante,,Club Friendly,,Club Friendly,,2026-08-04T07:01:42.574728+00:00,,H3BUP_vNext,H3BUP_vNext_20260629,home,Pre,-4,2.087,1.91,2.0,249.3684,-8.4810733109727,1761.0,3924.0,,sing2,MISSING,,,FRIENDLY,league_name,R_CLUB_FRIENDLY,medium,,False,,False,,False,EVENT_NOT_FOUND
1965626174,ac5d31b2-cf9a-4d1f-a9ef-c8b352819f77,451497,,"2026-08-07,659,274",Sønderjyske Elitesport vs Viborg FF,,Denmark Superliga (SAS Ligaen),,Denmark Superliga (SAS Ligaen),,2026-08-04T08:06:12.870809+00:00,,H3BUP_vNext,H3BUP_vNext_20260629,away,Pre,1,1.98,1.925,2.0,180.9106,-2.7777777777777746,1181.0,3722.0,,pin88,SETTLED_DECIDED,,-1.0,NON_FRIENDLY,league_name,R_NAME_OFFICIAL_DEFAULT,medium,,False,,False,,False,LINE_NOT_FOUND
1965628217,fa8cfd74-864d-40b6-9399-739320626cb8,451500,,"2026-08-07,659,274",Sønderjyske Elitesport vs Viborg FF,,Denmark Superliga (SAS Ligaen),,Denmark Superliga (SAS Ligaen),,2026-08-04T08:07:14.538606+00:00,,H3BUP_vNext,H3BUP_vNext_20260629,home,Pre,1,1.934,1.925,2.0,180.9106,-0.46535677352636495,1132.0,4904.0,,pin88,SETTLED_DECIDED,,0.94,NON_FRIENDLY,league_name,R_NAME_OFFICIAL_DEFAULT,medium,,False,,False,,False,LINE_NOT_FOUND
1965934987,04fe3afa-ab34-4ef9-9f1d-f8770044cba4,451775,,"2026-08-05,1626,514",Royale Union Saint-Gilloise vs FK Bodø/Glimt,,UEFA Champions League,,UEFA Champions League,,2026-08-04T10:09:49.415348+00:00,,H3BUP_vNext,H3BUP_vNext_20260629,home,Pre,0,1.852,1.843,2.0,801.75,-0.4859611231101576,1217.0,5121.0,,bf,VOID_PUSH,,0.0,NON_FRIENDLY,league_name,R_NAME_OFFICIAL_DEFAULT,medium,-0.4859611231101568,True,0.1630434782608603,True,-6.446700507614212,True,
1966150340,f4dfabc3-1597-4ef0-b2dd-bfc0cca82f8a,452051,,"2026-08-05,22,233",Chelsea vs Juventus,,Club Friendly,,Club Friendly,,2026-08-04T11:52:40.667734+00:00,,H3BUP_vNext,H3BUP_vNext_20260629,home,Pre,-2,2.068,2.066,2.0,403.7805,-0.09671179883946923,1164.0,6069.0,,polymarket,SETTLED_DECIDED,,-1.99,FRIENDLY,league_name,R_CLUB_FRIENDLY,medium,-0.09671179883946612,True,-0.09671179883946612,True,,False,LINE_NOT_FOUND
1966546087,8f4985e6-c9eb-4c63-9984-a8f7aa615090,452427,,"2026-08-04,23682,730",FC Dynamo Makhachkala vs PFK Krylya Sovetov Samara,,Russia Cup,,Russia Cup,,2026-08-04T14:30:20.748854+00:00,,H3BUP_vNext,H3BUP_vNext_20260629,home,Pre,-1,1.9,1.884,2.0,630.7159,-0.8421052631578956,1563.0,4547.0,,pin88,SETTLED_DECIDED,,-2.0,NON_FRIENDLY,league_name,R_NAME_OFFICIAL_DEFAULT,medium,-3.036541430777162,True,-2.1298701298701372,True,-7.192118226600986,True,
1966578414,df083db3-f4d2-4bea-b6be-7839d98115ff,452485,,"2026-08-04,80848,744",Rodina vs FK Rubin Kazan',,Russia Cup,,Russia Cup,,2026-08-04T14:49:05.954705+00:00,,H3BUP_vNext,H3BUP_vNext_20260629,home,Pre,1,1.98,1.961,2.0,580.4815,-0.9595959595959549,1331.0,5785.0,,pin88,SETTLED_DECIDED,,1.92,NON_FRIENDLY,league_name,R_NAME_OFFICIAL_DEFAULT,medium,-3.8725490196078405,True,-0.9595959595959602,True,-0.4568527918781706,True,
1966578432,ae33a544-ba1b-44df-ac38-988022a27d66,452486,,"2026-08-05,10003088,1088",Ararat Armenia vs NK MIK CM Celje,,UEFA Champions League,,UEFA Champions League,,2026-08-04T14:49:08.215444+00:00,,H3BUP_vNext,H3BUP_vNext_20260629,home,Pre,1,1.892,1.87,2.0,2987.4979,-1.162790697674408,8919.0,13349.0,,sing2,SETTLED_DECIDED,,1.75,NON_FRIENDLY,league_name,R_NAME_OFFICIAL_DEFAULT,medium,-1.1627906976744096,True,-1.5789473684210464,True,3.1439602868174488,True,
1966638033,fee6edca-9587-4baf-afe6-98c3ad67db24,452598,,"2026-08-04,599,153",FK Lokomotiv Moskva vs PFK CSKA Moskva,,Russia Cup,,Russia Cup,,2026-08-04T15:15:47.910439+00:00,,H3BUP_vNext,H3BUP_vNext_20260629,away,Pre,-1,1.862,1.847,2.0,526.8619,-0.8055853920515641,1161.0,7524.0,,pin88,SETTLED_DECIDED,,0.86,NON_FRIENDLY,league_name,R_NAME_OFFICIAL_DEFAULT,medium,,False,-2.378435517970401,True,0.7637752318603308,True,LINE_NOT_FOUND
1966755711,4028d78c-d5ad-4c08-8ecd-e4be97204798,452692,,"2026-08-05,24845,1140",Hapoel Be'er Sheva FC vs Red Star Belgrade,,UEFA Champions League,,UEFA Champions League,,2026-08-04T15:45:32.399621+00:00,,H3BUP_vNext,H3BUP_vNext_20260629,away,Pre,4,2.117,2.09,2.0,371.6725,-1.275389702409076,1219.0,4132.0,,pin88,SETTLED_DECIDED,,-1.8,NON_FRIENDLY,league_name,R_NAME_OFFICIAL_DEFAULT,medium,-0.4761904761904856,True,,False,-0.9478672985781977,True,LINE_NOT_FOUND
1966766743,612e7e72-d3c2-4279-b887-c3acc1e407ef,452700,,"2026-08-05,230,231",AC Milan vs Internazionale,,Club Friendly,,Club Friendly,,2026-08-04T15:48:46.345828+00:00,,H3BUP_vNext,H3BUP_vNext_20260629,home,Pre,1,1.864,1.862,2.0,129.3389,-0.10729613733905588,1192.0,3998.0,,pin88,SETTLED_DECIDED,,0.86,FRIENDLY,league_name,R_CLUB_FRIENDLY,medium,,False,,False,0.0,True,LINE_NOT_FOUND
1966776073,9068f14a-a63d-47c7-b06a-0516f9cc8dd7,452712,,"2026-08-04,310,1053",Strasbourg vs SV 07 Elversberg,,Club Friendly,,Club Friendly,,2026-08-04T15:51:37.734974+00:00,,H3BUP_vNext,H3BUP_vNext_20260629,away,Pre,-1,1.999,1.98,2.0,303.2812,-0.9504752376188157,1148.0,4097.0,,pin88,SETTLED_DECIDED,,1.96,FRIENDLY,league_name,R_CLUB_FRIENDLY,medium,,False,,False,-1.4435042309606683,True,LINE_NOT_FOUND
1966981976,a5309949-e156-4f29-baf9-fb86f3cb24a1,452914,,"2026-08-04,26906,535",Al Nasr (KSA) vs UD Almería,,Club Friendly,,Club Friendly,,2026-08-04T16:39:18.936661+00:00,,H3BUP_vNext,H3BUP_vNext_20260629,home,Pre,2,1.999,1.952,2.0,156.074,-2.3511755877939042,1218.0,4099.0,,pin88,SETTLED_DECIDED,,-1.99,FRIENDLY,league_name,R_CLUB_FRIENDLY,medium,,False,,False,,False,LINE_NOT_FOUND
1967025492,cf43db17-8bb3-45c2-a824-36adbc539abd,452966,,"2026-08-05,151,179",Villarreal vs Levante,,Club Friendly,,Club Friendly,,2026-08-04T16:48:28.738247+00:00,,H3BUP_vNext,H3BUP_vNext_20260629,home,Pre,-2,2.019,2.018,2.0,193.2715,-0.04952947003468717,1295.0,4399.0,,bdaq,SETTLED_DECIDED,,2.03,FRIENDLY,league_name,R_CLUB_FRIENDLY,medium,,False,,False,,False,LINE_NOT_FOUND
1967236060,4ce623b1-8a86-44fe-b90f-d6f86e2fd1ee,453226,,"2026-08-04,599,153",FK Lokomotiv Moskva vs PFK CSKA Moskva,,Russia Cup,,Russia Cup,,2026-08-04T17:35:32.691765+00:00,,H3BUP_vNext,H3BUP_vNext_20260629,home,Pre,0,1.862,1.847,2.0,1974.2562,-0.8055853920515641,1942.0,7252.0,,pin88,VOID_PUSH,,0.0,NON_FRIENDLY,league_name,R_NAME_OFFICIAL_DEFAULT,medium,,False,,False,,False,LINE_NOT_FOUND
1967525240,67d5f9c8-f23b-468f-9d3a-8128d1ea6d7c,453652,,"2026-08-04,21672,10059199",Larne FC vs FC Iberia 1999,,UEFA Europa League,,UEFA Europa League,,2026-08-04T18:30:15.368862+00:00,,H3BUP_vNext,H3BUP_vNext_20260629,away,Pre,0,2.009,1.961,2.0,580.486,-2.389248382279732,1864.0,6168.0,,pin88,VOID_PUSH,,0.0,NON_FRIENDLY,league_name,R_NAME_OFFICIAL_DEFAULT,medium,0.05102040816327147,True,-4.248046875,True,-7.499999999999996,True,
1967975651,6403aecd-b308-4e65-9036-b63fc016fba9,454313,,"2026-08-06,330,96602",AGF Aarhus vs FC Sabah,,UEFA Champions League,,UEFA Champions League,,2026-08-04T20:07:49.348066+00:00,,H3BUP_vNext,H3BUP_vNext_20260629,away,Pre,-4,1.877,1.819,2.0,226.8911,-3.0900372935535456,1083.0,3326.0,,pin88,VOID_PUSH,,0.0,NON_FRIENDLY,league_name,R_NAME_OFFICIAL_DEFAULT,medium,-2.309344790547807,True,-2.309344790547807,True,,False,LINE_NOT_FOUND
1969785000,4dcbf84a-b26d-44a9-a887-99886d97cfb7,455308,,"2026-08-05,533,37488",Cádiz CF vs Granada,,Club Friendly,,Club Friendly,,2026-08-05T07:51:49.695305+00:00,,H3BUP_vNext,H3BUP_vNext_20260629,away,Pre,0,1.911,1.816,2.0,101.2213,-4.971219256933542,1174.0,5646.0,,sharp,SETTLED_DECIDED,,-1.16,FRIENDLY,league_name,R_CLUB_FRIENDLY,medium,,False,,False,,False,LINE_NOT_FOUND
1969850236,5720e389-62de-4329-8ac0-0cc97910868b,455425,,"2026-08-05,22148,540",Sassuolo vs Celta Vigo,,Club Friendly,,Club Friendly,,2026-08-05T08:27:29.436514+00:00,,H3BUP_vNext,H3BUP_vNext_20260629,home,Pre,0,1.97,1.932,2.0,116.0247,-1.928934010152286,1017.0,7608.0,,bdaq,SETTLED_DECIDED,,-2.0,FRIENDLY,league_name,R_CLUB_FRIENDLY,medium,-2.4242424242424288,True,-7.868383404864099,True,,False,LINE_NOT_FOUND
1969853487,89c9800d-faa6-4527-8c58-26c254157f18,455438,,"2026-08-05,25428,342",Stade Briochin (Saint-Brieuc) vs Stade Brest,,Club Friendly,,Club Friendly,,2026-08-05T08:29:12.900626+00:00,,H3BUP_vNext,H3BUP_vNext_20260629,away,Pre,6,1.98,1.926,2.0,216.1946,-2.7272727272727297,1088.0,4565.0,,pmk,SETTLED_DECIDED,,-1.49,FRIENDLY,league_name,R_CLUB_FRIENDLY,medium,,False,-4.131408661025382,True,,False,LINE_NOT_FOUND
1970051593,6d8733aa-196e-4035-aec5-c7a07658b749,455731,,"2026-08-05,1,184",Arsenal vs Real Betis,,Club Friendly,,Club Friendly,,2026-08-05T10:18:27.038236+00:00,,H3BUP_vNext,H3BUP_vNext_20260629,away,Pre,-3,1.961,1.94,2.0,497.4924,-1.0708822029576812,3994.0,8423.0,,sing2,SETTLED_DECIDED,,1.9,FRIENDLY,league_name,R_CLUB_FRIENDLY,medium,-1.0708822029576792,True,,False,,False,LINE_NOT_FOUND
1970097130,7795168f-b92a-4a01-8b3c-a08e96961701,455763,,"2026-08-05,22,233",Chelsea vs Juventus,,Club Friendly,,Club Friendly,,2026-08-05T10:38:32.394710+00:00,,H3BUP_vNext,H3BUP_vNext_20260629,home,Pre,-1,1.98,1.9,2.0,309.1716,-4.040404040404044,1042.0,3568.0,,pin88,SETTLED_DECIDED,,-2.0,FRIENDLY,league_name,R_CLUB_FRIENDLY,medium,,False,,False,-7.766990291262143,True,LINE_NOT_FOUND
1970136241,07ef959b-52ba-453d-9005-a171e2037e29,455806,,"2026-08-05,22,233",Chelsea vs Juventus,,Club Friendly,,Club Friendly,,2026-08-05T11:02:11.088397+00:00,,H3BUP_vNext,H3BUP_vNext_20260629,home,Pre,0,1.877,1.806,2.0,690.7809,-3.782631859350024,1116.0,4445.0,,pin88,SETTLED_DECIDED,,-2.0,FRIENDLY,league_name,R_CLUB_FRIENDLY,medium,-4.545454545454541,True,-3.7826318593500274,True,-3.7826318593500274,True,LINE_NOT_FOUND
1970817831,fa960b79-886a-4eb6-b8f2-b3d7f93cc7a9,456463,,"2026-08-05,51546,23764",L'Entregu CF vs UP Langreo,,Club Friendly,,Club Friendly,,2026-08-05T15:00:05.095485+00:00,,H3BUP_vNext,H3BUP_vNext_20260629,away,Pre,1,1.862,1.791,2.0,248.3799,-3.8131041890440476,3022.0,10266.0,,sing2,SETTLED_DECIDED,,1.64,FRIENDLY,league_name,R_CLUB_FRIENDLY,medium,-3.8131041890440476,True,-1.2134583563155,True,,False,LINE_NOT_FOUND
1971477018,5392c8e9-2846-47ae-8df0-a1721a7428cf,457116,,"2026-08-05,927,23681",FK Zenit St Petersburg vs FK Baltika Kaliningrad,,Russia Cup,,Russia Cup,,2026-08-05T17:07:44.943012+00:00,,H3BUP_vNext,H3BUP_vNext_20260629,away,Pre,-6,1.98,1.952,2.0,584.6694,-1.4141414141414155,1032.0,3519.0,,pin88,SETTLED_DECIDED,,1.9,NON_FRIENDLY,league_name,R_NAME_OFFICIAL_DEFAULT,medium,-2.400000000000002,True,-4.780487804878042,True,-4.780487804878042,True,
1971492712,611fc3bb-e304-4900-92b2-87875d000737,457150,,"2026-08-05,34072,747",Krasnodar vs FK Akhmat Grozny,,Russia Cup,,Russia Cup,,2026-08-05T17:10:51.340816+00:00,,H3BUP_vNext,H3BUP_vNext_20260629,home,Pre,-3,2.04,1.961,2.0,579.1024,-3.8725490196078414,1096.0,3793.0,,pin88,SETTLED_DECIDED,,-2.0,NON_FRIENDLY,league_name,R_NAME_OFFICIAL_DEFAULT,medium,-4.805825242718442,True,,False,-4.805825242718442,True,LINE_NOT_FOUND
1971516607,53f3d3d6-d315-4734-9857-7160add7fd19,457185,,"2026-08-05,34072,747",Krasnodar vs FK Akhmat Grozny,,Russia Cup,,Russia Cup,,2026-08-05T17:15:23.328698+00:00,,H3BUP_vNext,H3BUP_vNext_20260629,away,Pre,-2,2.05,2.043,2.0,104.0873,-0.34146341463413044,1082.0,5713.0,,overtime,SETTLED_DECIDED,,2.1,NON_FRIENDLY,league_name,R_NAME_OFFICIAL_DEFAULT,medium,0.14705882352941124,True,,False,0.14705882352941124,True,LINE_NOT_FOUND
1971688129,b5ad5228-059d-487f-bc4d-59f69701fc62,457444,,"2026-08-05,31488,10068082",CP Cacereño vs Chivas Guadalajara,,Club Friendly,,Club Friendly,,2026-08-05T17:50:06.674333+00:00,,H3BUP_vNext,H3BUP_vNext_20260629,away,Pre,-2,1.862,1.788,2.0,105.4575,-3.974221267454354,1410.0,7876.0,,pmk,SETTLED_DECIDED,,-1.65,FRIENDLY,league_name,R_CLUB_FRIENDLY,medium,,False,,False,,False,LINE_NOT_FOUND
1973235970,06679c37-b8bf-442b-95c3-b063d6bf42fe,458391,,"2026-08-06,229,190",Fiorentina vs Deportivo La Coruna,,Club Friendly,,Club Friendly,,2026-08-06T00:12:26.872448+00:00,,H3BUP_vNext,H3BUP_vNext_20260629,away,Pre,-2,1.96,1.949,2.0,502.6249,-0.5612244897959132,1160.0,4035.0,,mbook,SETTLED_DECIDED,,1.89,FRIENDLY,league_name,R_CLUB_FRIENDLY,medium,,False,,False,-5.754352030947773,True,LINE_NOT_FOUND
1973688890,39805f82-8d58-4727-a94e-d6d3c79482f8,458557,,"2026-08-06,180,26866",Málaga CF vs Al Arabi SC (QAT),,Club Friendly,,Club Friendly,,2026-08-06T02:15:37.638757+00:00,,H3BUP_vNext,H3BUP_vNext_20260629,home,Pre,-2,1.921,1.908,2.0,575.6178,-0.6767308693388924,1242.0,3994.0,,polymarket,SETTLED_DECIDED,,1.81,FRIENDLY,league_name,R_CLUB_FRIENDLY,medium,,False,,False,1.9230769230769162,True,LINE_NOT_FOUND
1973951923,e7009af2-d16f-4181-b700-df127e36f095,458672,,"2026-08-06,186,10016552",Real Zaragoza vs FC Andorra,,Club Friendly,,Club Friendly,,2026-08-06T04:01:13.933176+00:00,,H3BUP_vNext,H3BUP_vNext_20260629,home,Pre,2,1.862,1.84,2.0,248.9094,-1.1815252416756186,1865.0,4858.0,,sing2,SETTLED_DECIDED,,-2.0,FRIENDLY,league_name,R_CLUB_FRIENDLY,medium,,False,,False,,False,LINE_NOT_FOUND
1973951916,3dc4725c-83f1-4e7d-859e-5a66b1793d0c,458675,,"2026-08-06,186,10016552",Real Zaragoza vs FC Andorra,,Club Friendly,,Club Friendly,,2026-08-06T04:01:14.199958+00:00,,H3BUP_vNext,H3BUP_vNext_20260629,away,Pre,2,1.925,1.9,2.0,248.9094,-1.2987012987013056,1523.0,3845.0,,sing2,SETTLED_DECIDED,,2.41,FRIENDLY,league_name,R_CLUB_FRIENDLY,medium,,False,,False,,False,LINE_NOT_FOUND
1973952168,b5a5b13a-95a8-46ec-955c-5d188bb60aaf,458676,,"2026-08-06,22135,1284",SS Cavese vs SS Juve Stabia,,Club Friendly,,Club Friendly,,2026-08-06T04:01:14.649901+00:00,,H3BUP_vNext,H3BUP_vNext_20260629,home,Pre,5,1.892,1.87,2.0,248.9094,-1.162790697674408,6182.0,10334.0,,sing2,SETTLED_DECIDED,,0.54,FRIENDLY,league_name,R_CLUB_FRIENDLY,medium,,False,,False,,False,LINE_NOT_FOUND
1974296779,7da74570-41c8-47ab-a6cc-1182e77f81f1,458856,,"2026-08-06,186,10016552",Real Zaragoza vs FC Andorra,,Club Friendly,,Club Friendly,,2026-08-06T06:46:32.433196+00:00,,H3BUP_vNext,H3BUP_vNext_20260629,home,Pre,1,1.862,1.847,2.0,109.5453,-0.8055853920515641,1198.0,6310.0,,pin88,SETTLED_DECIDED,,-2.0,FRIENDLY,league_name,R_CLUB_FRIENDLY,medium,,False,,False,2.4403771491957826,True,LINE_NOT_FOUND
1974438568,446c0cd2-697c-4d7d-8e31-a012ab076575,459012,,"2026-08-07,915,1702",FC Thun 1898 vs KPFG Víkingur Reykjavík,,UEFA Europa League,,UEFA Europa League,,2026-08-06T07:54:00.461678+00:00,,H3BUP_vNext,H3BUP_vNext_20260629,home,Pre,-4,1.864,1.861,2.0,111.9711,-0.16094420600858977,1370.0,5620.0,,sxbet,SETTLED_DECIDED,,1.73,NON_FRIENDLY,league_name,R_NAME_OFFICIAL_DEFAULT,medium,-0.16094420600859527,True,1.5275504637206838,True,-10.956937799043054,True,
1974963492,f47be0de-6011-445a-b9fe-a15c6af4f1a6,459575,,"2026-08-11,581,10062119",CA Boca Juniors vs Deportivo Recoleta,,CONMEBOL Copa Sudamericana,,CONMEBOL Copa Sudamericana,,2026-08-06T11:50:01.781279+00:00,,H3BUP_vNext,H3BUP_vNext_20260629,away,Pre,-5,2.139,1.87,2.0,178.2338,-12.57597007947638,1132.0,7595.0,,sharp,SETTLED_DECIDED,,-2.0,NON_FRIENDLY,league_name,R_NAME_OFFICIAL_DEFAULT,medium,,False,,False,,False,LINE_NOT_FOUND
1975365473,d3fdeca8-4024-47d3-9944-053cd2dd1273,459967,,"2026-08-07,23543,140",Jagiellonia Białystok vs Rangers,,UEFA Europa League,,UEFA Europa League,,2026-08-06T14:51:01.077613+00:00,,H3BUP_vNext,H3BUP_vNext_20260629,home,Pre,0,2.127,2.115,2.0,323.66,-0.564174894217187,1254.0,3855.0,,bf,SETTLED_DECIDED,,2.24,NON_FRIENDLY,league_name,R_NAME_OFFICIAL_DEFAULT,medium,-0.5641748942171843,True,,False,3.271484375,True,LINE_NOT_FOUND
1975383653,b3f23521-9f8d-4dbb-9a83-340b0bdb3e26,459974,,"2026-08-06,1441,24900",APO Levadiakos FC vs Panetolikos,,Club Friendly,,Club Friendly,,2026-08-06T14:55:00.506260+00:00,,H3BUP_vNext,H3BUP_vNext_20260629,home,Pre,-2,1.98,1.892,2.0,166.2031,-4.444444444444449,1126.0,4456.0,,pin88,SETTLED_DECIDED,,1.78,FRIENDLY,league_name,R_CLUB_FRIENDLY,medium,,False,,False,-9.904761904761916,True,
1975646747,a1d743d5-6102-46e9-88b7-b79abf11d388,460232,,"2026-08-07,23543,140",Jagiellonia Białystok vs Rangers,,UEFA Europa League,,UEFA Europa League,,2026-08-06T15:57:34.201593+00:00,,H3BUP_vNext,H3BUP_vNext_20260629,away,Pre,0,1.99,1.884,2.0,1257.824,-5.326633165829151,1232.0,3443.0,,pin88,SETTLED_DECIDED,,-2.0,NON_FRIENDLY,league_name,R_NAME_OFFICIAL_DEFAULT,medium,,False,,False,-3.926568077511483,True,
1975773983,68022c92-1055-4ad0-ad14-e620c2d518dc,460387,,"2026-08-12,96602,330",FC Sabah vs AGF Aarhus,,UEFA Champions League,,UEFA Champions League,,2026-08-06T16:26:33.688332+00:00,,H3BUP_vNext,H3BUP_vNext_20260629,home,Pre,-1,1.85,1.847,2.0,109.4183,-0.16216216216216828,1174.0,4948.0,,pin88,SETTLED_DECIDED,,1.7,NON_FRIENDLY,league_name,R_NAME_OFFICIAL_DEFAULT,medium,-0.1621621621621716,True,-0.1621621621621716,True,,False,LINE_NOT_FOUND
1975822153,41a9b6a5-1127-4475-8cbe-92d9e18cf830,460453,,"2026-08-06,920,21647",FC Red Bull Salzburg vs AEP Paphos FC,,UEFA Europa League,,UEFA Europa League,,2026-08-06T16:37:24.545521+00:00,,H3BUP_vNext,H3BUP_vNext_20260629,home,Pre,-5,2.087,2.067,2.0,108.85,-0.9583133684714908,1180.0,3804.0,,bf,SETTLED_DECIDED,,-1.0,NON_FRIENDLY,league_name,R_NAME_OFFICIAL_DEFAULT,medium,-0.5293551491818871,True,0.4373177842565745,True,1.8728437654016883,True,
1975855293,5e6bb7c1-4dcb-4cf2-a075-1ef76ecc3a70,460495,,"2026-08-06,229,190",Fiorentina vs Deportivo La Coruna,,Club Friendly,,Club Friendly,,2026-08-06T16:44:37.437154+00:00,,H3BUP_vNext,H3BUP_vNext_20260629,away,Pre,-3,1.917,1.89,2.0,995.8571,-1.4084507042253591,1602.0,5399.0,,sing2,MISSING,,,FRIENDLY,league_name,R_CLUB_FRIENDLY,medium,-1.4084507042253613,True,-1.4084507042253613,True,4.6511627906976605,True,
1976044181,4f584187-9b6d-44ca-9dae-eb0d570013c5,460719,,"2026-08-06,180,26866",Málaga CF vs Al Arabi SC (QAT),,Club Friendly,,Club Friendly,,2026-08-06T17:24:49.062221+00:00,,H3BUP_vNext,H3BUP_vNext_20260629,home,Pre,-4,2.087,1.98,2.0,151.6031,-5.126976521322482,1174.0,5482.0,,pin88,SETTLED_DECIDED,,1.96,FRIENDLY,league_name,R_CLUB_FRIENDLY,medium,-7.735321528424977,True,-8.587257617728527,True,-3.790087463556846,True,
1976092981,47cd81ee-6732-4289-a087-c38be8dc9be4,460768,,"2026-08-06,22135,1284",SS Cavese vs SS Juve Stabia,,Club Friendly,,Club Friendly,,2026-08-06T17:34:00.184154+00:00,,H3BUP_vNext,H3BUP_vNext_20260629,home,Pre,3,2.038,1.96,2.0,497.9171,-3.827281648675165,2148.0,5266.0,,sing2,MISSING,,,FRIENDLY,league_name,R_CLUB_FRIENDLY,medium,-1.0101010101010055,True,2.564102564102555,True,-5.769230769230771,True,
1977677208,4952e6fa-44d5-44de-b7f3-df8a0099eb8c,461715,,"2026-08-18,190,538",Deportivo La Coruna vs Elche CF,,Spain La Liga,,Spain La Liga,,2026-08-06T23:56:37.040270+00:00,,H3BUP_vNext,H3BUP_vNext_20260629,away,Pre,-1,1.877,1.775,2.0,959.0406,-5.434203516249339,1112.0,3293.0,,pin88,OPEN,,,NON_FRIENDLY,league_name,R_NAME_OFFICIAL_DEFAULT,medium,-3.532608695652184,True,-3.532608695652184,True,,False,
1978094589,6d1bbf78-6833-4be0-8c55-d3993ade8afa,461897,,"2026-08-11,581,10062119",CA Boca Juniors vs Deportivo Recoleta,,CONMEBOL Copa Sudamericana,,CONMEBOL Copa Sudamericana,,2026-08-07T02:04:28.514382+00:00,,H3BUP_vNext,H3BUP_vNext_20260629,away,Pre,-6,1.98,1.974,2.0,144.654,-0.3030303030303033,1134.0,3626.0,,sharp,SETTLED_DECIDED,,-2.0,NON_FRIENDLY,league_name,R_NAME_OFFICIAL_DEFAULT,medium,,False,,False,,False,LINE_NOT_FOUND
1978383566,c7ddd19e-30a9-4edc-af77-788030e91c41,462066,,"2026-08-11,581,10062119",CA Boca Juniors vs Deportivo Recoleta,,CONMEBOL Copa Sudamericana,,CONMEBOL Copa Sudamericana,,2026-08-07T04:04:17.062165+00:00,,H3BUP_vNext,H3BUP_vNext_20260629,home,Pre,-6,1.862,1.654,2.0,171.9747,-11.17078410311494,1122.0,3194.0,,sharp,SETTLED_DECIDED,,1.52,NON_FRIENDLY,league_name,R_NAME_OFFICIAL_DEFAULT,medium,,False,,False,,False,LINE_NOT_FOUND
1978385076,2df1f742-0342-4761-8cfa-e2bd55b630a0,462069,,"2026-08-09,140,127",Rangers vs Hibernian,,Scotland Premier League,,Scotland Premier League,,2026-08-07T04:05:01.895920+00:00,,H3BUP_vNext,H3BUP_vNext_20260629,away,Pre,-4,1.97,1.964,2.0,116.9068,-0.304568527918782,1659.0,4036.0,,sbo,SETTLED_DECIDED,,1.79,NON_FRIENDLY,league_name,R_NAME_OFFICIAL_DEFAULT,medium,,False,,False,,False,LINE_NOT_FOUND
1978387870,c4e48bdf-1b93-42bc-8bca-3a97e318c4ea,462089,,"2026-08-15,539,185",Alavés vs Getafe,,Spain La Liga,,Spain La Liga,,2026-08-07T04:06:11.558242+00:00,,H3BUP_vNext,H3BUP_vNext_20260629,away,Pre,-1,1.917,1.884,2.0,419.9911,-1.7214397496087708,4274.0,8180.0,,pin88,OPEN,,,NON_FRIENDLY,league_name,R_NAME_OFFICIAL_DEFAULT,medium,-1.7214397496087663,True,-1.7214397496087663,True,,False,
1978388151,78e6e9c4-20fb-42e7-9eba-a66249153e68,462094,,"2026-08-19,173,180",Atletico Madrid vs Málaga CF,,Spain La Liga,,Spain La Liga,,2026-08-07T04:06:12.247662+00:00,,H3BUP_vNext,H3BUP_vNext_20260629,away,Pre,-6,1.943,1.917,2.0,405.1212,-1.3381369016984057,10299.0,15894.0,,pin88,OPEN,,,NON_FRIENDLY,league_name,R_NAME_OFFICIAL_DEFAULT,medium,-1.3381369016984057,True,-1.3381369016984057,True,,False,
1978388146,5e989aeb-a4a6-400f-a1c1-308caec367e0,462095,,"2026-08-25,176,184",Valencia vs Real Betis,,Spain La Liga,,Spain La Liga,,2026-08-07T04:06:12.539202+00:00,,H3BUP_vNext,H3BUP_vNext_20260629,home,Pre,0,1.943,1.925,2.0,200.7018,-0.9264024704065885,9997.0,14610.0,,pin88,OPEN,,,NON_FRIENDLY,league_name,R_NAME_OFFICIAL_DEFAULT,medium,-0.9264024704065843,True,-0.9264024704065843,True,,False,
1978915607,52dac54a-37f2-4505-96d7-c1bb6cb57f7e,462620,,"2026-08-07,183,539",Racing Santander vs Alavés,,Club Friendly,,Club Friendly,,2026-08-07T08:45:47.733083+00:00,,H3BUP_vNext,H3BUP_vNext_20260629,home,Pre,1,1.872,1.769,2.0,120.8342,-5.502136752136763,1090.0,3534.0,,pin88,SETTLED_DECIDED,,0.77,FRIENDLY,league_name,R_CLUB_FRIENDLY,medium,-2.9621503017004946,True,-2.9621503017004946,True,,False,LINE_NOT_FOUND
1979209920,448168c8-d311-47c7-8900-472eaaa8f426,462921,,"2026-08-07,35,29",Fulham vs Crystal Palace,,Club Friendly,,Club Friendly,,2026-08-07T10:39:08.229713+00:00,,H3BUP_vNext,H3BUP_vNext_20260629,away,Pre,0,2.078,2.07,2.0,167.4954,-0.3849855630413863,1203.0,6902.0,,pin88,SETTLED_DECIDED,,2.13,FRIENDLY,league_name,R_CLUB_FRIENDLY,medium,-0.48076923076924016,True,,False,,False,LINE_NOT_FOUND
1979254776,f6dad2d3-9737-46d7-8f4c-4e290eaa1161,462941,,"2026-08-07,27311,244",Melbourne City vs US Città di Palermo,,Club Friendly,,Club Friendly,,2026-08-07T10:50:15.634574+00:00,,H3BUP_vNext,H3BUP_vNext_20260629,home,Pre,5,1.877,1.85,2.0,997.4966,-1.4384656366542308,2160.0,4325.0,,sing2,MISSING,,,FRIENDLY,league_name,R_CLUB_FRIENDLY,medium,,False,,False,-1.4384656366542292,True,LINE_NOT_FOUND
1979346182,a617e3af-dd9b-4b96-90e8-ca37e5c563cb,463007,,"2026-08-07,198,2",Bayern München vs Aston Villa,,Club Friendly,,Club Friendly,,2026-08-07T11:15:04.840804+00:00,,H3BUP_vNext,H3BUP_vNext_20260629,away,Pre,-1,2.058,2.05,2.0,279.0297,-0.3887269193391646,1458.0,7413.0,,pin88,SETTLED_DECIDED,,-1.99,FRIENDLY,league_name,R_CLUB_FRIENDLY,medium,,False,,False,-1.7728797316722722,True,LINE_NOT_FOUND
1979533483,7ebb414d-3cb4-4e01-8fec-0774e6ed5bf8,463147,,"2026-08-07,23824,23811",Girona FC vs CE Sabadell FC,,Club Friendly,,Club Friendly,,2026-08-07T12:05:38.936820+00:00,,H3BUP_vNext,H3BUP_vNext_20260629,home,Pre,-4,1.95,1.877,2.0,105.9873,-3.743589743589741,1074.0,3901.0,,pin88,SETTLED_DECIDED,,-2.0,FRIENDLY,league_name,R_CLUB_FRIENDLY,medium,-3.2474226804123707,True,-2.7964785085447974,True,,False,LINE_NOT_FOUND
1979623017,1edd9793-1207-4709-b4f1-0ed2cd5f0ba1,463203,,"2026-08-08,89,185",Tottenham vs Getafe,,Club Friendly,,Club Friendly,,2026-08-07T12:27:42.971828+00:00,,H3BUP_vNext,H3BUP_vNext_20260629,home,Pre,-2,1.882,1.855,2.0,371.1599,-1.4346439957491983,1109.0,6803.0,,pmk,SETTLED_DECIDED,,-1.62,FRIENDLY,league_name,R_CLUB_FRIENDLY,medium,-2.8287061288632787,True,-4.9692622950819665,True,,False,LINE_NOT_FOUND
1979830879,c6464ed9-fce1-4b2a-aa61-be7d5938db08,463336,,"2026-08-07,23824,23811",Girona FC vs CE Sabadell FC,,Club Friendly,,Club Friendly,,2026-08-07T13:29:19.115924+00:00,,H3BUP_vNext,H3BUP_vNext_20260629,away,Pre,-4,2.019,1.833,2.0,178.4758,-9.212481426448745,1055.0,3417.0,,pin88,SETTLED_DECIDED,,1.65,FRIENDLY,league_name,R_CLUB_FRIENDLY,medium,-5.515463917525776,True,-5.515463917525776,True,,False,LINE_NOT_FOUND
1980442854,7e827236-7013-478c-8440-ea3abbf5238e,463613,,"2026-08-08,22,230",Chelsea vs AC Milan,,Club Friendly,,Club Friendly,,2026-08-07T16:06:42.410772+00:00,,H3BUP_vNext,H3BUP_vNext_20260629,away,Pre,-1,2.009,2.0,2.0,111.1938,-0.4479840716774463,1266.0,4132.0,,pin88,SETTLED_DECIDED,,-2.0,FRIENDLY,league_name,R_CLUB_FRIENDLY,medium,,False,,False,,False,LINE_NOT_FOUND
1981018595,8f24bf37-caec-45b3-91e5-d852f3cb4cd1,464011,,"2026-08-08,27,182",Coventry City FC vs Espanyol,,Club Friendly,,Club Friendly,,2026-08-07T17:49:49.408434+00:00,,H3BUP_vNext,H3BUP_vNext_20260629,home,Pre,-1,1.911,1.833,2.0,133.3909,-4.081632653061228,1224.0,4136.0,,pin88,SETTLED_DECIDED,,1.65,FRIENDLY,league_name,R_CLUB_FRIENDLY,medium,,False,,False,,False,EVENT_NOT_FOUND
1981206868,845623b4-3a6f-4a3d-bd48-a110b1207bef,464173,,"2026-08-07,1296,1299",AC Monza Brianza vs Calcio Padova,,Club Friendly,,Club Friendly,,2026-08-07T18:25:48.784643+00:00,,H3BUP_vNext,H3BUP_vNext_20260629,home,Pre,-3,1.872,1.819,2.0,180.8363,-2.8311965811965893,1247.0,7751.0,,pin88,SETTLED_DECIDED,,-1.99,FRIENDLY,league_name,R_CLUB_FRIENDLY,medium,,False,,False,,False,LINE_NOT_FOUND
1982465331,dd43a79b-ac56-42be-987c-32a6d5dd782d,464848,,"2026-08-08,36927,10089071",CA Estudiantes de Caseros (BA) vs Deportivo Madryn,,Argentina Primera Nacional,,Argentina Primera Nacional,,2026-08-07T23:11:47.976794+00:00,,H3BUP_vNext,H3BUP_vNext_20260629,home,Pre,-2,1.901,1.9,2.0,164.5852,-0.0526038926880648,1170.0,3765.0,,pin88,SETTLED_DECIDED,,-2.0,NON_FRIENDLY,league_name,R_NAME_OFFICIAL_DEFAULT,medium,-0.052603892688063425,True,0.0,True,,False,LINE_NOT_FOUND
1983332551,65c8496d-dbb9-4c7e-9c50-5c55e4eedf8f,465362,,"2026-08-08,13,240",Brighton & Hove Albion FC vs Roma,,Club Friendly,,Club Friendly,,2026-08-08T02:45:38.669861+00:00,,H3BUP_vNext,H3BUP_vNext_20260629,home,Pre,-1,2.019,1.99,2.0,168.4415,-1.436354631005455,1363.0,3865.0,,pin88,SETTLED_DECIDED,,1.97,FRIENDLY,league_name,R_CLUB_FRIENDLY,medium,,False,,False,,False,LINE_NOT_FOUND
1983469209,806fdeda-4c97-4a0c-90fc-ed1f835eae4c,465403,,"2026-08-08,25985,25939",Botafogo FC (SP) vs América FC (MG),,Brazil Campeonato Brasiliero Série B,,Brazil Campeonato Brasiliero Série B,,2026-08-08T03:31:36.532603+00:00,,H3BUP_vNext,H3BUP_vNext_20260629,away,Pre,-2,1.98,1.979,2.0,121.4542,-0.050505050505044946,1101.0,3435.0,,bdaq,SETTLED_DECIDED,,-1.99,NON_FRIENDLY,league_name,R_NAME_OFFICIAL_DEFAULT,medium,,False,,False,,False,LINE_NOT_FOUND
1983471141,b9cd713f-c540-46c9-9d43-46c99a5c0876,465405,,"2026-08-08,1655,26015",Vila Nova FC (GO) vs SC Recife (PE),,Brazil Campeonato Brasiliero Série B,,Brazil Campeonato Brasiliero Série B,,2026-08-08T03:32:22.462631+00:00,,H3BUP_vNext,H3BUP_vNext_20260629,away,Pre,-1,1.934,1.877,2.0,253.502,-2.947259565667008,1251.0,3773.0,,pin88,SETTLED_DECIDED,,1.76,NON_FRIENDLY,league_name,R_NAME_OFFICIAL_DEFAULT,medium,,False,,False,,False,LINE_NOT_FOUND
1983479339,536174cc-d733-4306-a4a3-acbae7d1e8b9,465413,,"2026-08-08,25985,25939",Botafogo FC (SP) vs América FC (MG),,Brazil Campeonato Brasiliero Série B,,Brazil Campeonato Brasiliero Série B,,2026-08-08T03:35:32.056263+00:00,,H3BUP_vNext,H3BUP_vNext_20260629,home,Pre,-2,1.952,1.9,2.0,246.8264,-2.6639344262295106,1100.0,4088.0,,pin88,SETTLED_DECIDED,,1.83,NON_FRIENDLY,league_name,R_NAME_OFFICIAL_DEFAULT,medium,,False,,False,,False,LINE_NOT_FOUND
1983549168,f2be9697-2114-4ffc-adff-f771ddc524da,465462,,"2026-08-11,1595,33704",CD Cuenca vs Manta FC,,Ecuador Serie A (Copa Pilsener),,Ecuador Serie A (Copa Pilsener),,2026-08-08T04:03:03.647307+00:00,,H3BUP_vNext,H3BUP_vNext_20260629,home,Pre,-3,1.884,1.869,2.0,127.865,-0.7961783439490394,1441.0,4059.0,,pin88,SETTLED_DECIDED,,-2.0,NON_FRIENDLY,league_name,R_NAME_OFFICIAL_DEFAULT,medium,,False,,False,,False,LINE_NOT_FOUND
1984137454,62351481-02eb-49f0-a20a-da4b8387f74c,465949,,"2026-08-08,30948,36815",NK Karlovac vs NK Lucko Zagreb,,Club Friendly,,Club Friendly,,2026-08-08T07:52:16.527415+00:00,,H3BUP_vNext,H3BUP_vNext_20260629,home,Pre,-3,1.862,1.847,2.0,174.893,-0.8055853920515641,1075.0,3704.0,,pin88,SETTLED_DECIDED,,0.86,FRIENDLY,league_name,R_CLUB_FRIENDLY,medium,,False,,False,,False,LINE_NOT_FOUND
1984147378,687dd12f-a7c8-43c8-b215-18a7d5f1f898,465958,,"2026-08-08,188,529",Albacete Balompié vs Real Murcia CF,,Club Friendly,,Club Friendly,,2026-08-08T07:55:24.635270+00:00,,H3BUP_vNext,H3BUP_vNext_20260629,away,Pre,-3,2.02,1.9,2.0,248.3929,-5.940594059405946,2096.0,4106.0,,sing2,MISSING,,,FRIENDLY,league_name,R_CLUB_FRIENDLY,medium,,False,,False,,False,LINE_NOT_FOUND
1984202300,7a0a8f24-f7bd-4573-9ea3-7b025c5fe5b5,466020,,"2026-08-08,227,250",Cagliari vs Nice,,Club Friendly,,Club Friendly,,2026-08-08T08:10:25.778534+00:00,,H3BUP_vNext,H3BUP_vNext_20260629,away,Pre,0,1.852,1.847,2.0,109.3071,-0.269978401727868,1161.0,4174.0,,pin88,VOID_PUSH,,0.0,FRIENDLY,league_name,R_CLUB_FRIENDLY,medium,-0.26997840172786614,True,-0.26997840172786614,True,,False,LINE_NOT_FOUND
1984529208,014a3e7b-1138-4731-b79b-d2a1f2877309,466350,,"2026-08-08,22,230",Chelsea vs AC Milan,,Club Friendly,,Club Friendly,,2026-08-08T09:29:19.034079+00:00,,H3BUP_vNext,H3BUP_vNext_20260629,home,Pre,-1,1.882,1.826,2.0,336.3291,-2.975557917109449,1199.0,3914.0,,pin88,SETTLED_DECIDED,,1.65,FRIENDLY,league_name,R_CLUB_FRIENDLY,medium,,False,,False,,False,LINE_NOT_FOUND
1984571823,d5767a70-61ec-488b-b76d-d46140c05cb3,466392,,"2026-08-08,792,23025",Ōita Trinīta vs Shōnan Bellmare,,Japan J-League 2/3 100 Year Vision League,,Japan J-League 2/3 100 Year Vision League,,2026-08-08T09:38:46.242669+00:00,,H3BUP_vNext,H3BUP_vNext_20260629,away,Pre,0,1.882,1.881,2.0,133.551,-0.053134962805520186,1121.0,4310.0,,bf,SETTLED_DECIDED,,1.76,NON_FRIENDLY,league_name,R_NAME_OFFICIAL_DEFAULT,medium,-0.05313496280552332,True,-0.05313496280552332,True,-0.05313496280552332,True,
1984643954,e10053c2-3603-44b2-8c62-d71afc12ff60,466486,,"2026-08-08,70847,23028",Tegevajaro Miyazaki vs Yokohama FC,,Japan J-League 2/3 100 Year Vision League,,Japan J-League 2/3 100 Year Vision League,,2026-08-08T09:55:05.033367+00:00,,H3BUP_vNext,H3BUP_vNext_20260629,home,Pre,0,2.11,2.036,2.0,1110.852,-3.507109004739329,1601.0,7700.0,,sbo,SETTLED_DECIDED,,-1.99,NON_FRIENDLY,league_name,R_NAME_OFFICIAL_DEFAULT,medium,,False,,False,-3.9622641509433953,True,
1984650165,51c2ef09-daa9-44e7-bf6c-2b2e1e2b2dff,466498,,"2026-08-08,226,177",1. FC Köln vs Real Sociedad,,Club Friendly,,Club Friendly,,2026-08-08T09:56:48.232531+00:00,,H3BUP_vNext,H3BUP_vNext_20260629,away,Pre,-1,1.901,1.869,2.0,170.4824,-1.6833245660178866,2502.0,6013.0,,pin88,SETTLED_DECIDED,,-2.0,FRIENDLY,league_name,R_CLUB_FRIENDLY,medium,,False,,False,,False,LINE_NOT_FOUND
1984665748,3f4b02a2-4bb0-4d53-a0d3-0a95ea675de7,466523,,"2026-08-08,23024,1613",Sagan Tosu vs Vanfōre Kōfu,,Japan J-League 2/3 100 Year Vision League,,Japan J-League 2/3 100 Year Vision League,,2026-08-08T10:00:38.690123+00:00,,H3BUP_vNext,H3BUP_vNext_20260629,away,Pre,-3,1.882,1.877,2.0,845.0085,-0.26567481402762455,1165.0,3483.0,,pin88,SETTLED_DECIDED,,-2.0,NON_FRIENDLY,league_name,R_NAME_OFFICIAL_DEFAULT,medium,-0.37154989384288184,True,-0.37154989384288184,True,0.9139784946236462,True,LINE_NOT_FOUND
1984692433,ae2d43a1-08c3-4441-94ef-76a44e2a778f,466569,,"2026-08-08,300,85",Racing Club de Lens vs Sunderland FC,,Club Friendly,,Club Friendly,,2026-08-08T10:06:39.730143+00:00,,H3BUP_vNext,H3BUP_vNext_20260629,away,Pre,0,1.97,1.892,2.0,207.5419,-3.9593908629441663,1062.0,7301.0,,pin88,SETTLED_DECIDED,,1.78,FRIENDLY,league_name,R_CLUB_FRIENDLY,medium,,False,,False,,False,LINE_NOT_FOUND
1984821401,0e9f6c30-df92-443d-991a-0708c8dc0025,466753,,"2026-08-08,233,231",Juventus vs Internazionale,,Club Friendly,,Club Friendly,,2026-08-08T10:34:08.121208+00:00,,H3BUP_vNext,H3BUP_vNext_20260629,away,Pre,0,1.901,1.869,2.0,639.3089,-1.6833245660178866,1311.0,4024.0,,pin88,SETTLED_DECIDED,,1.73,FRIENDLY,league_name,R_CLUB_FRIENDLY,medium,,False,-3.210771620921804,True,-2.7069234773555495,True,LINE_NOT_FOUND
1984855923,3f2b19b9-045f-49b9-812a-e9d842608604,466803,,"2026-08-08,10093944,10071606",Xiamen Feilu vs Guangzhou Dandelion Alpha FC,,China Division 2 (Yi League),,China Division 2 (Yi League),,2026-08-08T10:41:54.841123+00:00,,H3BUP_vNext,H3BUP_vNext_20260629,away,Pre,-2,1.893,1.892,2.0,124.5286,-0.052826201796096775,1175.0,4693.0,,pin88,SETTLED_DECIDED,,1.78,NON_FRIENDLY,league_name,R_NAME_OFFICIAL_DEFAULT,medium,,False,,False,,False,LINE_NOT_FOUND
1985578770,85f05c10-d9cf-4aa2-b029-d492cacaa8dc,467758,,"2026-08-09,52,173",Manchester City vs Atletico Madrid,,Club Friendly,,Club Friendly,,2026-08-08T13:06:16.063474+00:00,,H3BUP_vNext,H3BUP_vNext_20260629,away,Pre,-2,1.862,1.854,2.0,130.0811,-0.42964554242749764,2625.0,5554.0,,pin88,SETTLED_DECIDED,,-2.0,FRIENDLY,league_name,R_CLUB_FRIENDLY,medium,,False,,False,,False,LINE_NOT_FOUND
1985645493,e745bacf-132f-49c7-b9f3-14da1ad94637,467821,,"2026-08-08,707,26502",IFK Norrköping vs IK Brage,,Sweden Superettan,,Sweden Superettan,,2026-08-08T13:18:36.246399+00:00,,H3BUP_vNext,H3BUP_vNext_20260629,home,Pre,-4,2.0,1.964,2.0,350.8441,-1.8000000000000016,1969.0,7386.0,,sbo,SETTLED_DECIDED,,1.93,NON_FRIENDLY,league_name,R_NAME_OFFICIAL_DEFAULT,medium,,False,,False,,False,LINE_NOT_FOUND
1985657074,220a6d47-7be7-43bd-85ab-78aed2accc5d,467830,,"2026-08-08,22788,583",FC Trollhättan vs Laholms FK,,Sweden Division 1,,Sweden Division 1,,2026-08-08T13:20:32.673173+00:00,,H3BUP_vNext,H3BUP_vNext_20260629,away,Pre,-3,1.97,1.95,2.0,187.017,-1.0152284263959401,1256.0,3861.0,,bf,SETTLED_DECIDED,,1.9,NON_FRIENDLY,league_name,R_NAME_OFFICIAL_DEFAULT,medium,,False,,False,,False,LINE_NOT_FOUND
1985657869,4b38b890-d45f-4ac6-8fa2-ebe2eb7e4b4f,467831,,"2026-08-08,22788,583",FC Trollhättan vs Laholms FK,,Sweden Division 1,,Sweden Division 1,,2026-08-08T13:20:37.556810+00:00,,H3BUP_vNext,H3BUP_vNext_20260629,home,Pre,-3,1.95,1.943,2.0,196.4283,-0.3589743589743536,4448.0,8248.0,,pin88,SETTLED_DECIDED,,-2.0,NON_FRIENDLY,league_name,R_NAME_OFFICIAL_DEFAULT,medium,,False,,False,,False,LINE_NOT_FOUND
1985711536,ef1ad542-8009-4103-a45d-dee497617465,467886,,"2026-08-08,29164,584",Skövde AIK vs Lunds BK,,Sweden Division 1,,Sweden Division 1,,2026-08-08T13:31:08.672713+00:00,,H3BUP_vNext,H3BUP_vNext_20260629,away,Pre,2,1.94,1.931,2.0,203.72,-0.46391752577319056,1252.0,3991.0,,bf,SETTLED_DECIDED,,-2.0,NON_FRIENDLY,league_name,R_NAME_OFFICIAL_DEFAULT,medium,,False,,False,,False,LINE_NOT_FOUND
1985711995,3200063b-4560-4711-8266-bf9bbe47d338,467888,,"2026-08-08,26688,693",Tvååkers IF vs Åtvidabergs FF,,Sweden Division 1,,Sweden Division 1,,2026-08-08T13:31:11.045494+00:00,,H3BUP_vNext,H3BUP_vNext_20260629,home,Pre,2,1.94,1.932,2.0,135.9592,-0.4123711340206189,2758.0,9990.0,,bf,SETTLED_DECIDED,,-1.99,NON_FRIENDLY,league_name,R_NAME_OFFICIAL_DEFAULT,medium,,False,,False,,False,LINE_NOT_FOUND
1985760940,edc1832c-0b40-44a2-bc19-edbe479232d0,467942,,"2026-08-08,143,142",St Mirren vs St Johnstone,,Scotland Premier League,,Scotland Premier League,,2026-08-08T13:40:16.233123+00:00,,H3BUP_vNext,H3BUP_vNext_20260629,home,Pre,0,1.884,1.847,2.0,983.9839,-1.9639065817409727,1522.0,4108.0,,pin88,SETTLED_DECIDED,,1.7,NON_FRIENDLY,league_name,R_NAME_OFFICIAL_DEFAULT,medium,,False,,False,,False,LINE_NOT_FOUND
1985782802,1eba81d6-4f6d-430e-aa06-459859669e6c,467973,,"2026-08-08,207,197",VfL Wolfsburg vs 1. FC Kaiserslautern,,Germany Bundesliga 2,,Germany Bundesliga 2,,2026-08-08T13:44:35.872333+00:00,,H3BUP_vNext,H3BUP_vNext_20260629,away,Pre,-4,1.891,1.884,2.0,376.9189,-0.37017451084083114,1232.0,7555.0,,pin88,SETTLED_DECIDED,,1.65,NON_FRIENDLY,league_name,R_NAME_OFFICIAL_DEFAULT,medium,,False,,False,,False,LINE_NOT_FOUND
1985865268,24d7b652-513f-49c1-bb01-6685c68ca502,468080,,"2026-08-08,343,361",Lorient Bretagne Sud vs Angers,,Club Friendly,,Club Friendly,,2026-08-08T14:02:10.908012+00:00,,H3BUP_vNext,H3BUP_vNext_20260629,away,Pre,-1,2.087,2.08,2.0,111.1871,-0.33540967896502716,2395.0,5108.0,,pin88,SETTLED_DECIDED,,2.16,FRIENDLY,league_name,R_CLUB_FRIENDLY,medium,,False,,False,,False,LINE_NOT_FOUND
1985934685,b9b856bf-e9c8-4e39-b0de-420e8b0d7415,468218,,"2026-08-08,192,23565",Mainz 05 vs FC de Paris,,Club Friendly,,Club Friendly,,2026-08-08T14:15:40.836541+00:00,,H3BUP_vNext,H3BUP_vNext_20260629,home,Pre,-1,1.852,1.819,2.0,180.859,-1.781857451403895,3278.0,6014.0,,pin88,SETTLED_DECIDED,,1.64,FRIENDLY,league_name,R_CLUB_FRIENDLY,medium,,False,,False,,False,LINE_NOT_FOUND
1986603704,8fbf4f42-c3dd-41f6-a6c9-b140290a6b4a,469101,,"2026-08-08,1268,179",CD Castellón vs Levante,,Club Friendly,,Club Friendly,,2026-08-08T16:12:22.811948+00:00,,H3BUP_vNext,H3BUP_vNext_20260629,home,Pre,1,1.99,1.952,2.0,155.6586,-1.909547738693469,2245.0,6291.0,,pin88,SETTLED_DECIDED,,-2.0,FRIENDLY,league_name,R_CLUB_FRIENDLY,medium,,False,,False,,False,LINE_NOT_FOUND
1986642763,99485dcc-51fb-435c-b547-9abdd4d89eb1,469156,,"2026-08-08,23605,543",Leganés vs CD Tenerife,,Club Friendly,,Club Friendly,,2026-08-08T16:19:37.982682+00:00,,H3BUP_vNext,H3BUP_vNext_20260629,away,Pre,-2,1.892,1.821,2.0,103.3673,-3.7526427061310756,1270.0,3937.0,,pmk,SETTLED_DECIDED,,1.35,FRIENDLY,league_name,R_CLUB_FRIENDLY,medium,,False,,False,,False,LINE_NOT_FOUND
1987419102,368d0779-40c5-442f-a666-dd4ec33f1219,470393,,"2026-08-08,10017092,1660",Club Sportivo Ameliano vs Club Cerro Porteño,,Paraguay Division 1 (Primera División),,Paraguay Division 1 (Primera División),,2026-08-08T18:44:22.340041+00:00,,H3BUP_vNext,H3BUP_vNext_20260629,home,Pre,2,1.883,1.873,2.0,225.12,-0.5310674455655873,996.0,5982.0,,bdaq,SETTLED_DECIDED,,1.74,NON_FRIENDLY,league_name,R_NAME_OFFICIAL_DEFAULT,medium,,False,,False,,False,LINE_NOT_FOUND
1987421435,6e7b8a50-953d-44bd-b38d-67d1d852f8dd,470398,,"2026-08-08,280,190",Genoa vs Deportivo La Coruna,,Club Friendly,,Club Friendly,,2026-08-08T18:44:47.410597+00:00,,H3BUP_vNext,H3BUP_vNext_20260629,home,Pre,-1,2.068,2.0,2.0,296.4933,-3.288201160541589,1694.0,4915.0,,pin88,SETTLED_DECIDED,,-2.0,FRIENDLY,league_name,R_CLUB_FRIENDLY,medium,,False,,False,,False,LINE_NOT_FOUND
1987450944,51762ba0-5f3f-4a24-8638-1d2716552b82,470464,,"2026-08-08,10017092,1660",Club Sportivo Ameliano vs Club Cerro Porteño,,Paraguay Division 1 (Primera División),,Paraguay Division 1 (Primera División),,2026-08-08T18:50:41.467793+00:00,,H3BUP_vNext,H3BUP_vNext_20260629,away,Pre,2,2.078,2.07,2.0,491.0622,-0.3849855630413863,1035.0,4850.0,,pin88,SETTLED_DECIDED,,-2.0,NON_FRIENDLY,league_name,R_NAME_OFFICIAL_DEFAULT,medium,,False,,False,,False,LINE_NOT_FOUND
1988005181,ef6b6cb7-52b4-4c09-9746-be896f2ef4e7,471379,,"2026-08-08,27385,1620",Club 2 de Mayo vs Club Olimpia Asunción,,Paraguay Division 1 (Primera División),,Paraguay Division 1 (Primera División),,2026-08-08T21:11:35.039612+00:00,,H3BUP_vNext,H3BUP_vNext_20260629,home,Pre,3,1.892,1.877,2.0,422.5043,-0.7928118393234621,2564.0,6962.0,,pin88,SETTLED_DECIDED,,1.76,NON_FRIENDLY,league_name,R_NAME_OFFICIAL_DEFAULT,medium,,False,,False,,False,LINE_NOT_FOUND
1988575133,c089555e-4f7c-4527-a263-4fc11b77f5a3,471678,,"2026-08-09,25901,624",Cuiabá EC (MT) vs Fortaleza EC (CE),,Brazil Campeonato Brasiliero Série B,,Brazil Campeonato Brasiliero Série B,,2026-08-08T23:19:12.231816+00:00,,H3BUP_vNext,H3BUP_vNext_20260629,away,Pre,-1,1.862,1.833,2.0,266.8125,-1.557465091299685,1184.0,5724.0,,pin88,SETTLED_DECIDED,,0.84,NON_FRIENDLY,league_name,R_NAME_OFFICIAL_DEFAULT,medium,,False,,False,,False,LINE_NOT_FOUND
1988769710,a8530a5b-c8b6-4e99-a83f-4ca0eac85343,471740,,"2026-08-10,54647,25722",Guayaquil City vs CS Emelec,,Ecuador Serie A (Copa Pilsener),,Ecuador Serie A (Copa Pilsener),,2026-08-09T00:09:45.519385+00:00,,H3BUP_vNext,H3BUP_vNext_20260629,away,Pre,0,1.869,1.858,2.0,428.7009,-0.5885500267522685,1305.0,7212.0,,vx,VOID_PUSH,,0.0,NON_FRIENDLY,league_name,R_NAME_OFFICIAL_DEFAULT,medium,,False,,False,0.21574973031284195,True,LINE_NOT_FOUND
1989316842,cb755729-fb88-4f80-8120-e600076717d3,471914,,"2026-08-09,129,111",Kilmarnock vs Celtic,,Scotland Premier League,,Scotland Premier League,,2026-08-09T02:24:53.421592+00:00,,H3BUP_vNext,H3BUP_vNext_20260629,home,Pre,6,1.873,1.869,2.0,383.5864,-0.21356113187399914,1282.0,4281.0,,pin88,SETTLED_DECIDED,,-2.0,NON_FRIENDLY,league_name,R_NAME_OFFICIAL_DEFAULT,medium,,False,,False,,False,LINE_NOT_FOUND
1989604604,98718695-b441-4727-8b95-ebd587498928,471986,,"2026-08-09,92519,26567",FC Arlanda vs Piteå IF,,Sweden Division 1,,Sweden Division 1,,2026-08-09T04:02:08.803629+00:00,,H3BUP_vNext,H3BUP_vNext_20260629,away,Pre,-5,1.961,1.925,2.0,120.0544,-1.8357980622131582,4402.0,9741.0,,pin88,SETTLED_DECIDED,,1.86,NON_FRIENDLY,league_name,R_NAME_OFFICIAL_DEFAULT,medium,,False,,False,-1.8357980622131564,True,LINE_NOT_FOUND
1989604644,ce47af00-0fe4-4ed4-ae8f-42b07c899286,471988,,"2026-08-09,23023,10014143",Montedio Yamagata vs Tochigi City,,Japan J-League 2/3 100 Year Vision League,,Japan J-League 2/3 100 Year Vision League,,2026-08-09T04:02:09.138894+00:00,,H3BUP_vNext,H3BUP_vNext_20260629,home,Pre,0,1.854,1.813,2.0,273.4567,-2.211434735706588,4790.0,10167.0,,pin88,SETTLED_DECIDED,,1.62,NON_FRIENDLY,league_name,R_NAME_OFFICIAL_DEFAULT,medium,,False,,False,,False,LINE_NOT_FOUND
1989685998,1aafb79a-4d4d-41f0-915a-b1636bb40990,472047,,"2026-08-09,92982,49931",Iwaki FC vs FC Imabari,,Japan J-League 2/3 100 Year Vision League,,Japan J-League 2/3 100 Year Vision League,,2026-08-09T04:41:08.004160+00:00,,H3BUP_vNext,H3BUP_vNext_20260629,away,Pre,-1,2.058,2.047,2.0,261.98,-0.5344995140913351,1199.0,3502.0,,bf,SETTLED_DECIDED,,-2.0,NON_FRIENDLY,league_name,R_NAME_OFFICIAL_DEFAULT,medium,,False,,False,,False,LINE_NOT_FOUND
1989779870,c2b322de-667d-4543-8bd9-084ead0503d5,472101,,"2026-08-09,206,214",1. FC Nürnberg vs SG Dynamo Dresden,,Germany Bundesliga 2,,Germany Bundesliga 2,,2026-08-09T05:22:08.559987+00:00,,H3BUP_vNext,H3BUP_vNext_20260629,home,Pre,-1,2.04,2.01,2.0,261.2544,-1.4705882352941297,1089.0,6458.0,,bf,SETTLED_DECIDED,,2.02,NON_FRIENDLY,league_name,R_NAME_OFFICIAL_DEFAULT,medium,,False,,False,,False,LINE_NOT_FOUND
1989865021,526edcc4-1070-4c4f-8254-7948e95cce1d,472165,,"2026-08-09,49,302",Liverpool vs AS Monaco,,Club Friendly,,Club Friendly,,2026-08-09T06:24:10.430945+00:00,,H3BUP_vNext,H3BUP_vNext_20260629,away,Pre,-5,1.862,1.833,2.0,200.122,-1.557465091299685,1287.0,4181.0,,pin88,SETTLED_DECIDED,,1.66,FRIENDLY,league_name,R_CLUB_FRIENDLY,medium,,False,,False,,False,LINE_NOT_FOUND
1990193569,27dd6eee-d49c-4f74-8b0d-0c8795367942,472311,,"2026-08-09,92982,49931",Iwaki FC vs FC Imabari,,Japan J-League 2/3 100 Year Vision League,,Japan J-League 2/3 100 Year Vision League,,2026-08-09T08:09:45.505296+00:00,,H3BUP_vNext,H3BUP_vNext_20260629,away,Pre,-2,1.873,1.866,2.0,258.8208,-0.37373198077949255,1198.0,4516.0,,bf,SETTLED_DECIDED,,-2.0,NON_FRIENDLY,league_name,R_NAME_OFFICIAL_DEFAULT,medium,,False,,False,,False,LINE_NOT_FOUND
1990679143,82613d73-de12-476d-aefc-0636c7367a52,472615,,"2026-08-09,1657,38836",Jönköpings Södra IF vs BK Olympic,,Sweden Division 1,,Sweden Division 1,,2026-08-09T10:14:00.204372+00:00,,H3BUP_vNext,H3BUP_vNext_20260629,away,Pre,-3,1.877,1.85,2.0,248.411,-1.4384656366542308,4799.0,8302.0,,sing2,SETTLED_DECIDED,,-2.0,NON_FRIENDLY,league_name,R_NAME_OFFICIAL_DEFAULT,medium,,False,,False,,False,LINE_NOT_FOUND
1991298078,dd22da79-3963-491d-8897-f44e73098618,473181,,"2026-08-09,1,194",Arsenal vs Borussia Dortmund,,Club Friendly,,Club Friendly,,2026-08-09T12:21:56.905397+00:00,,H3BUP_vNext,H3BUP_vNext_20260629,home,Pre,-5,2.068,2.06,2.0,278.4699,-0.386847195357834,1300.0,5109.0,,pin88,SETTLED_DECIDED,,-1.93,FRIENDLY,league_name,R_CLUB_FRIENDLY,medium,,False,,False,,False,LINE_NOT_FOUND
1991549472,28183ca4-93de-4f9b-9f5a-757bbd11adcc,473445,,"2026-08-09,58921,100360",Delfin SC vs Orense SC,,Ecuador Serie A (Copa Pilsener),,Ecuador Serie A (Copa Pilsener),,2026-08-09T13:10:10.004918+00:00,,H3BUP_vNext,H3BUP_vNext_20260629,home,Pre,0,1.855,1.844,2.0,436.5583,-0.5929919137466253,1322.0,4621.0,,vx,VOID_PUSH,,0.0,NON_FRIENDLY,league_name,R_NAME_OFFICIAL_DEFAULT,medium,,False,,False,-0.5929919137466211,True,LINE_NOT_FOUND
1991652730,24101c07-8b2c-49a1-8994-9a4f02f01c16,473523,,"2026-08-09,1657,38836",Jönköpings Södra IF vs BK Olympic,,Sweden Division 1,,Sweden Division 1,,2026-08-09T13:28:41.710235+00:00,,H3BUP_vNext,H3BUP_vNext_20260629,home,Pre,-2,1.931,1.921,2.0,176.91,-0.5178663904712588,1298.0,7122.0,,bf,SETTLED_DECIDED,,1.85,NON_FRIENDLY,league_name,R_NAME_OFFICIAL_DEFAULT,medium,,False,,False,,False,LINE_NOT_FOUND
1991653786,081193db-3629-44a0-af28-2e8b4c9cf539,473525,,"2026-08-09,1657,38836",Jönköpings Södra IF vs BK Olympic,,Sweden Division 1,,Sweden Division 1,,2026-08-09T13:28:48.376551+00:00,,H3BUP_vNext,H3BUP_vNext_20260629,away,Pre,-2,1.96,1.943,2.0,195.9347,-0.8673469387755053,6778.0,9039.0,,pin88,SETTLED_DECIDED,,-2.0,NON_FRIENDLY,league_name,R_NAME_OFFICIAL_DEFAULT,medium,,False,,False,,False,LINE_NOT_FOUND
1991709792,fc07bea1-9182-4182-b775-7c7053cafbe7,473572,,"2026-08-09,26518,26622",Hammarby TFF vs FBK Karlstad,,Sweden Division 1,,Sweden Division 1,,2026-08-09T13:39:34.405744+00:00,,H3BUP_vNext,H3BUP_vNext_20260629,away,Pre,-7,1.872,1.869,2.0,425.1347,-0.16025641025641632,1309.0,4722.0,,pin88,SETTLED_DECIDED,,1.74,NON_FRIENDLY,league_name,R_NAME_OFFICIAL_DEFAULT,medium,,False,,False,,False,LINE_NOT_FOUND
1991782590,cf7c2943-d077-4a3c-9183-e1e972cb22ab,473631,,"2026-08-09,10011153,1659",Athletic Club (Minas Gerais) vs Criciúma EC (SC),,Brazil Campeonato Brasiliero Série B,,Brazil Campeonato Brasiliero Série B,,2026-08-09T13:54:04.164604+00:00,,H3BUP_vNext,H3BUP_vNext_20260629,away,Pre,1,2.146,2.144,2.0,301.0347,-0.09319664492077259,2941.0,6550.0,,sbo,SETTLED_DECIDED,,-1.72,NON_FRIENDLY,league_name,R_NAME_OFFICIAL_DEFAULT,medium,,False,,False,,False,LINE_NOT_FOUND
1991788592,45888eda-a8a9-4dae-89e9-bbda7d7b57be,473637,,"2026-08-09,140,127",Rangers vs Hibernian,,Scotland Premier League,,Scotland Premier League,,2026-08-09T13:55:17.213866+00:00,,H3BUP_vNext,H3BUP_vNext_20260629,away,Pre,-5,1.917,1.884,2.0,939.9225,-1.7214397496087708,1689.0,4574.0,,pin88,SETTLED_DECIDED,,1.76,NON_FRIENDLY,league_name,R_NAME_OFFICIAL_DEFAULT,medium,-1.7214397496087663,True,-1.9260801665799132,True,-7.192118226600986,True,
1992039086,0d407ba2-f259-4753-93ee-b0226e910968,473822,,"2026-08-09,39545,10053758",Sportivo San Lorenzo vs Sportivo Luqueno,,Paraguay Division 1 (Primera División),,Paraguay Division 1 (Primera División),,2026-08-09T14:42:35.410658+00:00,,H3BUP_vNext,H3BUP_vNext_20260629,away,Pre,0,1.882,1.873,2.0,141.6915,-0.4782146652497289,1449.0,4492.0,,bf,SETTLED_DECIDED,,1.75,NON_FRIENDLY,league_name,R_NAME_OFFICIAL_DEFAULT,medium,,False,,False,,False,LINE_NOT_FOUND
1992107049,78d4d6a0-2291-41d5-8b21-71c1a0e412a5,473874,,"2026-08-09,304,174",Marseille vs Athletic Bilbao,,Club Friendly,,Club Friendly,,2026-08-09T14:55:55.558665+00:00,,H3BUP_vNext,H3BUP_vNext_20260629,home,Pre,1,1.852,1.813,2.0,228.3455,-2.1058315334773297,1105.0,6448.0,,pin88,SETTLED_DECIDED,,1.62,FRIENDLY,league_name,R_CLUB_FRIENDLY,medium,,False,,False,0.0,True,LINE_NOT_FOUND
1992443603,4458e11e-3fd3-49c7-9c6f-37f4cf9815bf,474122,,"2026-08-12,514,1626",FK Bodø/Glimt vs Royale Union Saint-Gilloise,,UEFA Champions League,,UEFA Champions League,,2026-08-09T15:57:28.410018+00:00,,H3BUP_vNext,H3BUP_vNext_20260629,away,Pre,-4,1.87,1.862,2.0,193.8155,-0.4278074866310164,1194.0,6609.0,,pin88,SETTLED_DECIDED,,1.72,NON_FRIENDLY,league_name,R_NAME_OFFICIAL_DEFAULT,medium,0.0,True,0.0,True,1.1956521739130421,True,
1992860399,5e49380e-441b-454d-addf-625d8fba3f01,474446,,"2026-08-12,77444,1734",Kauno Zalgiris vs Dinamo Zagreb,,UEFA Champions League,,UEFA Champions League,,2026-08-09T17:17:11.123807+00:00,,H3BUP_vNext,H3BUP_vNext_20260629,away,Pre,5,1.852,1.847,2.0,131.4377,-0.269978401727868,1487.0,3995.0,,pin88,SETTLED_DECIDED,,-1.0,NON_FRIENDLY,league_name,R_NAME_OFFICIAL_DEFAULT,medium,0.0,True,0.0,True,,False,LINE_NOT_FOUND
1993103212,0878c741-b50e-4a91-b7fc-e2b09d347f30,474549,,"2026-08-09,58469,654",Gremio Novorizontino (SP) vs EC Juventude (RS),,Brazil Campeonato Brasiliero Série B,,Brazil Campeonato Brasiliero Série B,,2026-08-09T18:05:50.911915+00:00,,H3BUP_vNext,H3BUP_vNext_20260629,away,Pre,-2,1.892,1.881,2.0,6697.6443,-0.581395348837204,2091.0,5996.0,,vx,SETTLED_DECIDED,,1.83,NON_FRIENDLY,league_name,R_NAME_OFFICIAL_DEFAULT,medium,,False,,False,,False,LINE_NOT_FOUND
1993763912,84bdd310-80bf-45ad-969b-9fc86867d595,474905,,"2026-08-09,25901,624",Cuiabá EC (MT) vs Fortaleza EC (CE),,Brazil Campeonato Brasiliero Série B,,Brazil Campeonato Brasiliero Série B,,2026-08-09T20:15:28.405563+00:00,,H3BUP_vNext,H3BUP_vNext_20260629,home,Pre,0,1.883,1.876,2.0,6713.9094,-0.37174721189591703,1049.0,6411.0,,vx,VOID_PUSH,,0.0,NON_FRIENDLY,league_name,R_NAME_OFFICIAL_DEFAULT,medium,,False,-6.2000000000000055,True,-6.2000000000000055,True,LINE_NOT_FOUND
1993783260,c10ce44b-9fed-4c7a-b0d3-282083f24532,474919,,"2026-08-09,25901,624",Cuiabá EC (MT) vs Fortaleza EC (CE),,Brazil Campeonato Brasiliero Série B,,Brazil Campeonato Brasiliero Série B,,2026-08-09T20:19:13.281895+00:00,,H3BUP_vNext,H3BUP_vNext_20260629,away,Pre,0,2.019,2.01,2.0,558.2101,-0.44576523031205256,1421.0,6337.0,,pin88,VOID_PUSH,,0.0,NON_FRIENDLY,league_name,R_NAME_OFFICIAL_DEFAULT,medium,,False,,False,1.0558069381598534,True,LINE_NOT_FOUND
1994167918,c1d01fc1-5f34-4f0f-98f7-dc301c62c538,475095,,"2026-08-10,1634,27391",Club Libertad vs CS Trinidense,,Paraguay Division 1 (Primera División),,Paraguay Division 1 (Primera División),,2026-08-09T21:41:44.499100+00:00,,H3BUP_vNext,H3BUP_vNext_20260629,away,Pre,-1,1.852,1.847,2.0,174.9228,-0.269978401727868,1108.0,3819.0,,pin88,SETTLED_DECIDED,,-2.0,NON_FRIENDLY,league_name,R_NAME_OFFICIAL_DEFAULT,medium,,False,,False,-2.3268112109994687,True,LINE_NOT_FOUND
1994265648,615d00ba-af01-489a-bae2-1738f5f52804,475129,,"2026-08-14,55602,161",CS Universitatea Craiova vs KuPS Kuopio,,UEFA Europa League,,UEFA Europa League,,2026-08-09T22:03:30.159090+00:00,,H3BUP_vNext,H3BUP_vNext_20260629,home,Pre,-5,1.97,1.909,2.0,101.9422,-3.0964467005076113,1253.0,3670.0,,pin88,SETTLED_DECIDED,,-0.8,NON_FRIENDLY,league_name,R_NAME_OFFICIAL_DEFAULT,medium,-3.0964467005076157,True,-3.0964467005076157,True,,False,LINE_NOT_FOUND
1995362195,dde06a6b-1e5e-4c52-a35a-27e6ce52fbb2,475546,,"2026-08-14,97,6",Wolves vs Blackburn Rovers,,England Football League Championship,,England Football League Championship,,2026-08-10T04:02:52.290438+00:00,,H3BUP_vNext,H3BUP_vNext_20260629,home,Pre,-4,1.98,1.934,2.0,237.934,-2.3232323232323253,1414.0,6152.0,,pin88,OPEN,,,NON_FRIENDLY,league_name,R_NAME_OFFICIAL_DEFAULT,medium,,False,,False,,False,LINE_NOT_FOUND
1996341840,62879d12-5ab6-400b-92b8-c2974b276628,476072,,"2026-08-10,1729,10056830",FC Karpaty Lviv vs FC LNZ Cherkasy,,Ukraine Premier League (Vyscha Liha),,Ukraine Premier League (Vyscha Liha),,2026-08-10T13:58:01.284285+00:00,,H3BUP_vNext,H3BUP_vNext_20260629,away,Pre,0,2.05,2.0,2.0,277.6948,-2.439024390243894,1244.0,3782.0,,pin88,SETTLED_DECIDED,,-2.0,NON_FRIENDLY,league_name,R_NAME_OFFICIAL_DEFAULT,medium,-2.4390243902438935,True,-0.990099009900991,True,3.573278094251675,True,
1996344618,15850273-41fa-4fb7-acb1-3713d8606f91,476075,,"2026-08-10,10063173,67986",Olimpik Mobiuz vs Shurtan Guzor,,Uzbekistan Pro League,,Uzbekistan Pro League,,2026-08-10T13:59:02.527589+00:00,,H3BUP_vNext,H3BUP_vNext_20260629,home,Pre,-1,1.9,1.729,2.0,202.9071,-8.999999999999991,1204.0,3638.0,,pin88,SETTLED_DECIDED,,-1.0,NON_FRIENDLY,league_name,R_NAME_OFFICIAL_DEFAULT,medium,,False,,False,-6.032608695652176,True,
1996716222,162e451f-be2c-4d70-8a0c-01066abc7e4d,476389,,"2026-08-12,77444,1734",Kauno Zalgiris vs Dinamo Zagreb,,UEFA Champions League,,UEFA Champions League,,2026-08-10T16:03:07.378467+00:00,,H3BUP_vNext,H3BUP_vNext_20260629,home,Pre,5,2.06,2.019,2.0,240.5805,-1.9902912621359188,1451.0,7660.0,,sing2,SETTLED_DECIDED,,1.02,NON_FRIENDLY,league_name,R_NAME_OFFICIAL_DEFAULT,medium,-1.0294117647058787,True,-1.0294117647058787,True,,False,LINE_NOT_FOUND
1997782387,b96d1233-979d-4bc2-ac42-a7bc0ce887a6,476746,,"2026-08-15,61,93",Norwich City vs West Bromwich Albion,,England Football League Championship,,England Football League Championship,,2026-08-10T19:43:02.236260+00:00,,H3BUP_vNext,H3BUP_vNext_20260629,away,Pre,-2,1.92,1.917,2.0,242.0636,-0.15624999999999437,1103.0,3392.0,,pin88,OPEN,,,NON_FRIENDLY,league_name,R_NAME_OFFICIAL_DEFAULT,medium,,False,,False,,False,LINE_NOT_FOUND
1997787115,d2313dd0-0cce-4d2d-8bfa-c3ac19c821d8,476751,,"2026-08-12,1088,10003088",NK MIK CM Celje vs Ararat Armenia,,UEFA Champions League,,UEFA Champions League,,2026-08-10T19:44:06.544656+00:00,,H3BUP_vNext,H3BUP_vNext_20260629,away,Pre,-5,1.934,1.877,2.0,210.9693,-2.947259565667008,1582.0,5900.0,,pin88,SETTLED_DECIDED,,-2.0,NON_FRIENDLY,league_name,R_NAME_OFFICIAL_DEFAULT,medium,-2.947259565667004,True,-2.947259565667004,True,1.240560949298808,True,
1998688506,56780860-f178-4da2-ad65-e5b26f709348,477220,,"2026-08-11,23165,23946",CD Eldense vs FC Cartagena,,Club Friendly,,Club Friendly,,2026-08-11T00:21:01.380182+00:00,,H3BUP_vNext,H3BUP_vNext_20260629,away,Pre,-2,1.921,1.909,2.0,101.7884,-0.6246746486205107,1298.0,3987.0,,pin88,SETTLED_DECIDED,,-2.0,FRIENDLY,league_name,R_CLUB_FRIENDLY,medium,,False,,False,,False,LINE_NOT_FOUND
1999360883,a1baf851-0200-4119-ab8e-6d155873727d,477481,,"2026-08-12,28825,53546",CA Tigre vs CA Torque,,CONMEBOL Copa Sudamericana,,CONMEBOL Copa Sudamericana,,2026-08-11T04:06:46.594977+00:00,,H3BUP_vNext,H3BUP_vNext_20260629,away,Pre,-3,1.877,1.795,2.0,237.84,-4.368673415023978,1333.0,3861.0,,bf,SETTLED_DECIDED,,1.59,NON_FRIENDLY,league_name,R_NAME_OFFICIAL_DEFAULT,medium,,False,,False,,False,LINE_NOT_FOUND
1999799857,c4f63794-d73c-4500-ae68-21b0bd8f5c2e,477758,,"2026-08-13,773,1620",CR Vasco da Gama (RJ) vs Club Olimpia Asunción,,CONMEBOL Copa Sudamericana,,CONMEBOL Copa Sudamericana,,2026-08-11T08:46:09.465535+00:00,,H3BUP_vNext,H3BUP_vNext_20260629,away,Pre,-3,2.068,2.065,2.0,127.9096,-0.1450676982591931,1261.0,4106.0,,bf,SETTLED_DECIDED,,2.13,NON_FRIENDLY,league_name,R_NAME_OFFICIAL_DEFAULT,medium,,False,,False,7.272727272727275,True,LINE_NOT_FOUND
1999868747,0654daee-4d63-4cad-9763-c61e6deb4503,477825,,"2026-08-15,78,5",Sheffield United vs Birmingham City,,England Football League Championship,,England Football League Championship,,2026-08-11T09:22:01.684042+00:00,,H3BUP_vNext,H3BUP_vNext_20260629,home,Pre,0,1.87,1.865,2.0,129.7253,-0.26737967914439115,1251.0,4467.0,,bdaq,OPEN,,,NON_FRIENDLY,league_name,R_NAME_OFFICIAL_DEFAULT,medium,,False,,False,,False,LINE_NOT_FOUND
2000225359,937f512e-52c1-4118-b6f7-8b7aa490e27a,478470,,"2026-08-15,54,32",Mansfield Town vs Doncaster Rovers FC,,England League 1,,England League 1,,2026-08-11T12:14:38.555514+00:00,,H3BUP_vNext,H3BUP_vNext_20260629,away,Pre,-1,2.009,1.99,2.0,112.2729,-0.9457441513190596,9176.0,12603.0,,pin88,OPEN,,,NON_FRIENDLY,league_name,R_NAME_OFFICIAL_DEFAULT,medium,,False,,False,,False,LINE_NOT_FOUND
2000229949,fee9c79f-986f-4739-a44e-156428ef3045,478521,,"2026-08-17,182,179",Espanyol vs Levante,,Spain La Liga,,Spain La Liga,,2026-08-11T12:16:50.835836+00:00,,H3BUP_vNext,H3BUP_vNext_20260629,away,Pre,-1,2.13,2.099,2.0,332.1973,-1.4553990610328496,1990.0,4602.0,,sharp,OPEN,,,NON_FRIENDLY,league_name,R_NAME_OFFICIAL_DEFAULT,medium,-1.455399061032847,True,-1.455399061032847,True,,False,
2000480745,d4718424-e9fd-4428-a36b-20a6e03c8010,478865,,"2026-08-12,832,1139",FC Kairat Almaty vs PFC Levski Sofia,,UEFA Champions League,,UEFA Champions League,,2026-08-11T14:51:37.198978+00:00,,H3BUP_vNext,H3BUP_vNext_20260629,home,Pre,1,1.97,1.943,2.0,1177.2339,-1.3705583756345134,1377.0,5950.0,,pin88,SETTLED_DECIDED,,-2.0,NON_FRIENDLY,league_name,R_NAME_OFFICIAL_DEFAULT,medium,-2.3618090452261264,True,,False,-1.868686868686864,True,
2000483404,7b23bd57-47c3-4f6d-bdb8-14cecd046478,478871,,"2026-08-12,1140,24845",Red Star Belgrade vs Hapoel Be'er Sheva FC,,UEFA Champions League,,UEFA Champions League,,2026-08-11T14:54:19.647092+00:00,,H3BUP_vNext,H3BUP_vNext_20260629,away,Pre,-8,1.925,1.884,2.0,582.985,-2.1298701298701377,1978.0,7301.0,,sbo,SETTLED_DECIDED,,1.65,NON_FRIENDLY,league_name,R_NAME_OFFICIAL_DEFAULT,medium,-0.8421052631578996,True,-1.7214397496087663,True,,False,LINE_NOT_FOUND
2000580554,0d4c29cf-611b-4a86-92c3-098a801ced85,478995,,"2026-08-12,77444,1734",Kauno Zalgiris vs Dinamo Zagreb,,UEFA Champions League,,UEFA Champions League,,2026-08-11T15:40:45.196554+00:00,,H3BUP_vNext,H3BUP_vNext_20260629,home,Pre,4,2.048,2.038,2.0,208.1696,-0.48828125000001127,1129.0,3865.0,,sxbet,VOID_PUSH,,0.0,NON_FRIENDLY,league_name,R_NAME_OFFICIAL_DEFAULT,medium,-0.09803921568628526,True,-0.4882812500000111,True,0.0,True,
2000611717,0ec4d266-b539-4240-89a1-70b26cd212d3,479031,,"2026-08-12,305,1077",Lyon vs AC Sparta Praha,,UEFA Champions League,,UEFA Champions League,,2026-08-11T15:50:34.331075+00:00,,H3BUP_vNext,H3BUP_vNext_20260629,away,Pre,-6,1.961,1.909,2.0,976.7883,-2.6517083120856726,1099.0,4798.0,,pin88,SETTLED_DECIDED,,-2.0,NON_FRIENDLY,league_name,R_NAME_OFFICIAL_DEFAULT,medium,-2.6517083120856766,True,-3.0964467005076157,True,0.8452192287374594,True,LINE_NOT_FOUND
2000956493,fa9b2efc-761c-42ca-8e56-7678bfbdd5ba,479453,,"2026-08-12,1172,1092",NEC Nijmegen vs Olympiakos,,UEFA Champions League,,UEFA Champions League,,2026-08-11T17:13:17.232626+00:00,,H3BUP_vNext,H3BUP_vNext_20260629,away,Pre,-1,1.862,1.833,2.0,1998.6222,-1.557465091299685,2093.0,6106.0,,pin88,SETTLED_DECIDED,,0.84,NON_FRIENDLY,league_name,R_NAME_OFFICIAL_DEFAULT,medium,-2.344166222695798,True,-2.344166222695798,True,-2.7070063694267454,True,
2002021719,c033042e-9ac9-4ea5-afb5-a865a3a6515e,480521,,"2026-08-12,23614,23885",AD Alcorcón vs CF Rayo Majadahonda,,Club Friendly,,Club Friendly,,2026-08-11T22:34:55.108151+00:00,,H3BUP_vNext,H3BUP_vNext_20260629,away,Pre,-2,1.872,1.757,2.0,444.2954,-6.143162393162404,1117.0,4124.0,,pmk,SETTLED_DECIDED,,1.26,FRIENDLY,league_name,R_CLUB_FRIENDLY,medium,,False,,False,,False,EVENT_NOT_FOUND
2002299906,21164192-be1f-4cb9-a15b-ed19d7d82732,480658,,"2026-08-12,190,178",Deportivo La Coruna vs Real Madrid,,Club Friendly,,Club Friendly,,2026-08-12T00:31:35.136801+00:00,,H3BUP_vNext,H3BUP_vNext_20260629,home,Pre,5,1.989,1.98,2.0,113.2507,-0.45248868778281137,1388.0,5230.0,,pin88,SETTLED_DECIDED,,0.98,FRIENDLY,league_name,R_CLUB_FRIENDLY,medium,,False,,False,,False,LINE_NOT_FOUND
2002817675,dd2caa88-c859-4148-8174-9f63f644d221,480935,,"2026-08-13,1098,555",Deportivo Toluca FC vs FC Dallas,,USA/Mexico Leagues Cup,,USA/Mexico Leagues Cup,,2026-08-12T04:21:37.055525+00:00,,H3BUP_vNext,H3BUP_vNext_20260629,away,Pre,-6,1.943,1.908,2.0,1168.7457,-1.8013381369017054,1221.0,3771.0,,polymarket,SETTLED_DECIDED,,-1.56,NON_FRIENDLY,league_name,R_NAME_OFFICIAL_DEFAULT,medium,,False,,False,-4.600000000000004,True,LINE_NOT_FOUND
2002936097,01f3fbab-7c6b-4378-bc8c-d80e9acc87ac,481141,,"2026-08-12,1095,1507",AEK Athens vs OFI Crete,,Greece Super Cup,,Greece Super Cup,,2026-08-12T07:29:31.178232+00:00,,H3BUP_vNext,H3BUP_vNext_20260629,away,Pre,-4,1.884,1.854,2.0,216.5795,-1.5923566878980788,3452.0,8650.0,,pin88,SETTLED_DECIDED,,1.7,NON_FRIENDLY,league_name,R_NAME_OFFICIAL_DEFAULT,medium,,False,,False,,False,LINE_NOT_FOUND
2002936178,93357e59-7524-42b4-8a51-cc53f388d0f4,481140,,"2026-08-12,30314,966",FC Eintracht Norderstedt 03 vs BSV Kickers Emden,,Germany Regionalliga North,,Germany Regionalliga North,,2026-08-12T07:29:31.557669+00:00,,H3BUP_vNext,H3BUP_vNext_20260629,away,Pre,2,1.854,1.84,2.0,132.1682,-0.7551240560949305,8023.0,13769.0,,pin88,SETTLED_DECIDED,,-2.0,NON_FRIENDLY,league_name,R_NAME_OFFICIAL_DEFAULT,medium,-0.7551240560949357,True,-0.7551240560949357,True,,False,LINE_NOT_FOUND
2002936192,135748c5-3697-47cc-bbf4-33a7661f7fe6,481157,,"2026-08-12,53,45",Manchester United vs Leeds United FC,,Club Friendly,,Club Friendly,,2026-08-12T07:29:34.223800+00:00,,H3BUP_vNext,H3BUP_vNext_20260629,home,Pre,-2,2.099,2.084,2.0,325.1624,-0.7146260123868567,8932.0,14136.0,,mbook,SETTLED_DECIDED,,-1.99,FRIENDLY,league_name,R_CLUB_FRIENDLY,medium,,False,,False,,False,LINE_NOT_FOUND
2003013868,10272583-662c-41f2-b7e1-691b3e5385cd,481269,,"2026-08-12,30251,30415",SV Drochtersen-Assel vs Hannover SV 96 II,,Germany Regionalliga North,,Germany Regionalliga North,,2026-08-12T08:21:14.246256+00:00,,H3BUP_vNext,H3BUP_vNext_20260629,home,Pre,-2,1.961,1.877,2.0,126.6282,-4.283528811830703,1090.0,3581.0,,pin88,SETTLED_DECIDED,,-2.0,NON_FRIENDLY,league_name,R_NAME_OFFICIAL_DEFAULT,medium,,False,,False,,False,LINE_NOT_FOUND
2003352525,fba7bd0e-83d2-4e52-a813-93bbe3a843c4,481652,,"2026-08-12,706,1265",Napoli vs Aris Thessaloniki,,Club Friendly,,Club Friendly,,2026-08-12T11:32:34.086018+00:00,,H3BUP_vNext,H3BUP_vNext_20260629,home,Pre,-5,1.98,1.877,2.0,105.4227,-5.202020202020201,1342.0,3962.0,,pin88,SETTLED_DECIDED,,1.75,FRIENDLY,league_name,R_CLUB_FRIENDLY,medium,0.0,True,-4.234693877551021,True,,False,LINE_NOT_FOUND
2003358932,5219c846-0731-427c-ba19-7220bd8f6fdf,481658,,"2026-08-12,180,35",Málaga CF vs Fulham,,Club Friendly,,Club Friendly,,2026-08-12T11:37:35.846641+00:00,,H3BUP_vNext,H3BUP_vNext_20260629,home,Pre,2,2.029,1.961,2.0,115.4085,-3.3514046328240434,1179.0,4388.0,,pin88,SETTLED_DECIDED,,1.92,FRIENDLY,league_name,R_CLUB_FRIENDLY,medium,-2.8727092620108974,True,,False,,False,LINE_NOT_FOUND
2003388766,9c63142d-34f0-48dc-b2c6-70d0dbe89200,481686,,"2026-08-12,28825,53546",CA Tigre vs CA Torque,,CONMEBOL Copa Sudamericana,,CONMEBOL Copa Sudamericana,,2026-08-12T12:01:31.213672+00:00,,H3BUP_vNext,H3BUP_vNext_20260629,home,Pre,-2,1.862,1.851,2.0,124.8712,-0.5907626208378153,1217.0,5634.0,,bdaq,SETTLED_DECIDED,,-1.97,NON_FRIENDLY,league_name,R_NAME_OFFICIAL_DEFAULT,medium,,False,,False,,False,LINE_NOT_FOUND
2003421599,3693329f-9baa-4104-8a26-ad0f43b7451f,481734,,"2026-08-14,1000,10039390",CF América vs Austin FC,,USA/Mexico Leagues Cup,,USA/Mexico Leagues Cup,,2026-08-12T12:29:17.527878+00:00,,H3BUP_vNext,H3BUP_vNext_20260629,away,Pre,-2,2.038,2.004,2.0,147.5357,-1.6683022571148092,1111.0,4823.0,,pmk,SETTLED_DECIDED,,1.94,NON_FRIENDLY,league_name,R_NAME_OFFICIAL_DEFAULT,medium,,False,,False,,False,LINE_NOT_FOUND
2003473867,4691b231-4a17-4d67-8dc1-d268c679981f,481781,,"2026-08-14,1000,10039390",CF América vs Austin FC,,USA/Mexico Leagues Cup,,USA/Mexico Leagues Cup,,2026-08-12T13:09:38.054451+00:00,,H3BUP_vNext,H3BUP_vNext_20260629,home,Pre,-2,1.911,1.902,2.0,249.32,-0.47095761381476287,1198.0,4895.0,,bf,SETTLED_DECIDED,,-2.0,NON_FRIENDLY,league_name,R_NAME_OFFICIAL_DEFAULT,medium,,False,,False,,False,LINE_NOT_FOUND
2003492258,a107f410-07ad-4536-9855-3f3a570b67b2,481806,,"2026-08-12,30287,10016498",Bremer SV vs Phonix Lubeck,,Germany Regionalliga North,,Germany Regionalliga North,,2026-08-12T13:23:21.293950+00:00,,H3BUP_vNext,H3BUP_vNext_20260629,away,Pre,3,1.884,1.847,2.0,218.2137,-1.9639065817409727,1083.0,3386.0,,pin88,SETTLED_DECIDED,,-2.0,NON_FRIENDLY,league_name,R_NAME_OFFICIAL_DEFAULT,medium,,False,,False,,False,LINE_NOT_FOUND
2003494712,776912a7-f87f-47a9-855c-7084e59ac42e,481849,,"2026-08-12,190,178",Deportivo La Coruna vs Real Madrid,,Club Friendly,,Club Friendly,,2026-08-12T13:42:55.465104+00:00,,H3BUP_vNext,H3BUP_vNext_20260629,home,Pre,6,1.925,1.838,2.0,102.0736,-4.519480519480518,1029.0,3481.0,,polymarket,SETTLED_DECIDED,,1.38,FRIENDLY,league_name,R_CLUB_FRIENDLY,medium,-4.519480519480512,True,,False,,False,LINE_NOT_FOUND
2003504035,1fc330f9-12db-4fed-b57d-78ba271c98d5,481859,,"2026-08-12,706,1265",Napoli vs Aris Thessaloniki,,Club Friendly,,Club Friendly,,2026-08-12T13:45:56.211604+00:00,,H3BUP_vNext,H3BUP_vNext_20260629,home,Pre,-6,2.009,1.984,2.0,392.9994,-1.2444001991040277,1227.0,6637.0,,polymarket,SETTLED_DECIDED,,2.0,FRIENDLY,league_name,R_CLUB_FRIENDLY,medium,,False,,False,,False,LINE_NOT_FOUND
2003578839,236ea357-9b79-449e-97b9-b029b5381936,481907,,"2026-08-12,22812,21648",Asteras Tripolis vs AEK Larnaca FC,,Club Friendly,,Club Friendly,,2026-08-12T14:11:26.647575+00:00,,H3BUP_vNext,H3BUP_vNext_20260629,home,Pre,1,1.877,1.85,2.0,247.9237,-1.4384656366542308,3679.0,6991.0,,sing2,SETTLED_DECIDED,,1.8,FRIENDLY,league_name,R_CLUB_FRIENDLY,medium,,False,,False,3.1790295593976614,True,LINE_NOT_FOUND
2003593396,769c7c73-95a3-4cc7-9f3d-52fdfbfc7e37,481918,,"2026-08-12,60089,30316",SSV Jeddeloh vs FC Sankt Pauli II,,Germany Regionalliga North,,Germany Regionalliga North,,2026-08-12T14:17:33.898362+00:00,,H3BUP_vNext,H3BUP_vNext_20260629,away,Pre,-2,1.925,1.869,2.0,212.4541,-2.9090909090909114,1126.0,3267.0,,pin88,SETTLED_DECIDED,,-2.0,NON_FRIENDLY,league_name,R_NAME_OFFICIAL_DEFAULT,medium,,False,,False,,False,LINE_NOT_FOUND
2003809059,33727ee8-7c5f-4c78-8611-d1af16d9c7e2,482107,,"2026-08-12,176,31554",Valencia vs CD Teruel,,Club Friendly,,Club Friendly,,2026-08-12T15:33:51.199133+00:00,,H3BUP_vNext,H3BUP_vNext_20260629,home,Pre,-7,2.009,1.892,2.0,165.7921,-5.823792931806869,1229.0,3671.0,,pin88,SETTLED_DECIDED,,-2.0,FRIENDLY,league_name,R_CLUB_FRIENDLY,medium,-5.823792931806871,True,,False,-4.924623115577898,True,LINE_NOT_FOUND
2003868115,a1953706-abcd-437c-af04-59f39f7fdc6c,482150,,"2026-08-12,176,31554",Valencia vs CD Teruel,,Club Friendly,,Club Friendly,,2026-08-12T15:50:15.534002+00:00,,H3BUP_vNext,H3BUP_vNext_20260629,away,Pre,-7,1.854,1.787,2.0,187.9974,-3.6138079827400302,2292.0,4783.0,,pin88,SETTLED_DECIDED,,1.57,FRIENDLY,league_name,R_CLUB_FRIENDLY,medium,,False,,False,-3.613807982740036,True,LINE_NOT_FOUND
2004125283,28b92759-85dd-4756-880d-77587961d333,482496,,"2026-08-12,23177,23813",RCD Espanyol II vs CE Europa,,Club Friendly,,Club Friendly,,2026-08-12T16:59:22.114489+00:00,,H3BUP_vNext,H3BUP_vNext_20260629,away,Pre,1,1.925,1.641,2.0,115.4465,-14.753246753246755,1114.0,7530.0,,pin88,SETTLED_DECIDED,,-1.0,FRIENDLY,league_name,R_CLUB_FRIENDLY,medium,,False,,False,-11.868958109559614,True,
2004189121,62d08581-2e46-44fb-b139-46adb1a2cb9b,482577,,"2026-08-12,706,1265",Napoli vs Aris Thessaloniki,,Club Friendly,,Club Friendly,,2026-08-12T17:14:04.584099+00:00,,H3BUP_vNext,H3BUP_vNext_20260629,away,Pre,-6,1.934,1.838,2.0,488.5564,-4.963805584281275,1221.0,3703.0,,polymarket,MISSING,,,FRIENDLY,league_name,R_CLUB_FRIENDLY,medium,-6.224489795918364,True,-6.224489795918364,True,,False,LINE_NOT_FOUND
2004255163,5a323e2c-eaf1-496a-adcc-dc4139b56afc,482671,,"2026-08-12,62,202",Nottingham Forest vs Bayer Leverkusen,,Club Friendly,,Club Friendly,,2026-08-12T17:31:02.029597+00:00,,H3BUP_vNext,H3BUP_vNext_20260629,away,Pre,0,2.117,2.076,2.0,228.6375,-1.9367028814359908,1655.0,5895.0,,bdaq,SETTLED_DECIDED,,-1.99,FRIENDLY,league_name,R_CLUB_FRIENDLY,medium,,False,,False,,False,LINE_NOT_FOUND
2004479982,47b23c38-d3a6-41c0-aaec-e51dcb09fa00,482943,,"2026-08-12,10021073,36546",Inter Miami vs Club León,,USA/Mexico Leagues Cup,,USA/Mexico Leagues Cup,,2026-08-12T18:27:17.082170+00:00,,H3BUP_vNext,H3BUP_vNext_20260629,home,Pre,-1,1.9,1.869,2.0,383.3276,-1.6315789473684168,1853.0,3854.0,,pin88,SETTLED_DECIDED,,-2.0,NON_FRIENDLY,league_name,R_NAME_OFFICIAL_DEFAULT,medium,,False,,False,,False,LINE_NOT_FOUND
2005206424,955e67a1-70cd-4647-aef6-e8630881eefd,483749,,"2026-08-13,974,60016",CF Monterrey vs Nashville FC,,USA/Mexico Leagues Cup,,USA/Mexico Leagues Cup,,2026-08-12T22:25:38.231250+00:00,,H3BUP_vNext,H3BUP_vNext_20260629,away,Pre,0,1.97,1.954,2.0,215.1892,-0.812182741116752,1140.0,3226.0,,3et,SETTLED_DECIDED,,-2.0,NON_FRIENDLY,league_name,R_NAME_OFFICIAL_DEFAULT,medium,,False,,False,,False,LINE_NOT_FOUND
2005209296,dd9528d1-114c-4cf4-96df-4103330eb5d4,483750,,"2026-08-13,974,60016",CF Monterrey vs Nashville FC,,USA/Mexico Leagues Cup,,USA/Mexico Leagues Cup,,2026-08-12T22:26:19.542998+00:00,,H3BUP_vNext,H3BUP_vNext_20260629,home,Pre,0,1.999,1.97,2.0,572.3691,-1.4507253626813474,1272.0,4002.0,,pin88,SETTLED_DECIDED,,1.94,NON_FRIENDLY,league_name,R_NAME_OFFICIAL_DEFAULT,medium,,False,,False,,False,LINE_NOT_FOUND
2005259907,f9206c65-3b02-4649-bd2b-15485e426052,483784,,"2026-08-12,44238,1019",Orlando City SC vs Atlético San Luis,,USA/Mexico Leagues Cup,,USA/Mexico Leagues Cup,,2026-08-12T22:39:37.862987+00:00,,H3BUP_vNext,H3BUP_vNext_20260629,away,Pre,-3,1.911,1.902,2.0,319.23,-0.47095761381476287,1363.0,3588.0,,bf,SETTLED_DECIDED,,1.8,NON_FRIENDLY,league_name,R_NAME_OFFICIAL_DEFAULT,medium,,False,,False,,False,LINE_NOT_FOUND
2005392376,9687e2bf-2c28-47fa-aec5-46a3b1003b6c,483884,,"2026-08-12,44238,1019",Orlando City SC vs Atlético San Luis,,USA/Mexico Leagues Cup,,USA/Mexico Leagues Cup,,2026-08-12T23:21:24.687061+00:00,,H3BUP_vNext,H3BUP_vNext_20260629,away,Pre,-2,2.136,2.133,2.0,11315.3604,-0.1404494382022525,1190.0,3845.0,,pmk,SETTLED_DECIDED,,2.12,NON_FRIENDLY,league_name,R_NAME_OFFICIAL_DEFAULT,medium,,False,,False,,False,LINE_NOT_FOUND
2005690400,e6101276-dcf9-48b2-aa80-a72ad38fae6d,484173,,"2026-08-13,26822,372",Seattle Sounders vs CD Guadalajara (MEX),,USA/Mexico Leagues Cup,,USA/Mexico Leagues Cup,,2026-08-13T01:01:28.456587+00:00,,H3BUP_vNext,H3BUP_vNext_20260629,home,Pre,3,1.921,1.915,2.0,120.9036,-0.31233732431025535,1174.0,5781.0,,bf,SETTLED_DECIDED,,-1.0,NON_FRIENDLY,league_name,R_NAME_OFFICIAL_DEFAULT,medium,,False,,False,,False,LINE_NOT_FOUND
2005786658,c067581d-4e85-45b0-a55e-e818d79d85d7,484289,,"2026-08-13,1098,555",Deportivo Toluca FC vs FC Dallas,,USA/Mexico Leagues Cup,,USA/Mexico Leagues Cup,,2026-08-13T01:39:33.257224+00:00,,H3BUP_vNext,H3BUP_vNext_20260629,home,Pre,-5,1.917,1.877,2.0,1267.0016,-2.0865936358894124,1128.0,3687.0,,pin88,SETTLED_DECIDED,,1.76,NON_FRIENDLY,league_name,R_NAME_OFFICIAL_DEFAULT,medium,,False,,False,,False,LINE_NOT_FOUND
2006114206,defd497a-efc6-435a-84ad-14f055850350,484651,,"2026-08-14,972,613",CDSC Cruz Azul vs Chicago Fire,,USA/Mexico Leagues Cup,,USA/Mexico Leagues Cup,,2026-08-13T04:00:36.392176+00:00,,H3BUP_vNext,H3BUP_vNext_20260629,home,Pre,0,1.891,1.884,2.0,251.3013,-0.37017451084083114,1337.0,4669.0,,pin88,SETTLED_DECIDED,,-2.0,NON_FRIENDLY,league_name,R_NAME_OFFICIAL_DEFAULT,medium,-0.8421052631578996,True,-3.4836065573770503,True,3.916161059018197,True,LINE_NOT_FOUND
2006119674,12def011-2a02-4be7-ba85-da4be44c2ee7,484679,,"2026-08-23,59,49",Newcastle United vs Liverpool,,England Premier League,,England Premier League,,2026-08-13T04:04:23.886588+00:00,,H3BUP_vNext,H3BUP_vNext_20260629,away,Pre,2,2.001,2.0,2.0,370.6484,-0.049975012493747625,1242.0,6045.0,,pin88,OPEN,,,NON_FRIENDLY,league_name,R_NAME_OFFICIAL_DEFAULT,medium,-1.9607843137254943,True,-1.9607843137254943,True,,False,
2006985887,324f80c5-1449-4098-8d48-6ec49025c89d,485712,,"2026-08-13,89460,22200",FC Liefering vs Aris Limassol,,Club Friendly,,Club Friendly,,2026-08-13T12:58:08.009121+00:00,,H3BUP_vNext,H3BUP_vNext_20260629,away,Pre,4,1.934,1.925,2.0,160.0415,-0.46535677352636495,1139.0,3552.0,,pin88,SETTLED_DECIDED,,1.84,FRIENDLY,league_name,R_CLUB_FRIENDLY,medium,,False,,False,2.1762208067940714,True,
2007802488,6a5cce5a-b8e7-4276-aada-33636c95e65a,486464,,"2026-08-13,21647,920",AEP Paphos FC vs FC Red Bull Salzburg,,UEFA Europa League,,UEFA Europa League,,2026-08-13T16:58:45.446005+00:00,,H3BUP_vNext,H3BUP_vNext_20260629,away,Pre,0,1.862,1.782,2.0,109.306,-4.296455424274977,1011.0,3505.0,,bf,VOID_PUSH,,0.0,NON_FRIENDLY,league_name,R_NAME_OFFICIAL_DEFAULT,medium,,False,,False,-3.8834951456310662,True,
2007884883,ffb73777-e345-4eea-88b4-ffc7889744a2,486553,,"2026-08-14,930,1260",PFC CSKA Sofia vs Maccabi Tel Aviv,,UEFA Europa League,,UEFA Europa League,,2026-08-13T17:15:07.650124+00:00,,H3BUP_vNext,H3BUP_vNext_20260629,home,Pre,0,1.864,1.853,2.0,211.3,-0.5901287553648134,1225.0,6925.0,,bf,SETTLED_DECIDED,,-2.0,NON_FRIENDLY,league_name,R_NAME_OFFICIAL_DEFAULT,medium,-0.05393743257821049,True,0.48806941431669415,True,-3.3385498174230643,True,
2007961955,518eeee1-e851-4ec2-8693-c5653c3527a8,486629,,"2026-08-13,30950,10032796",Lorenskog IF U19 vs Grorud U19,,Norway U19 League,,Norway U19 League,,2026-08-13T17:30:33.193196+00:00,,H3BUP_vNext,H3BUP_vNext_20260629,away,Pre,3,1.925,1.709,2.0,104.5418,-11.22077922077922,1657.0,7257.0,,pin88,SETTLED_DECIDED,,1.42,NON_FRIENDLY,league_name,R_NAME_OFFICIAL_DEFAULT,medium,,False,,False,,False,LINE_NOT_FOUND
2008843259,8f53e508-cd1f-446f-b579-4f4ffb9410a5,487574,,"2026-08-14,1631,574",CS Cienciano del Cuzco vs Botafogo FR (RJ),,CONMEBOL Copa Sudamericana,,CONMEBOL Copa Sudamericana,,2026-08-13T20:43:05.968124+00:00,,H3BUP_vNext,H3BUP_vNext_20260629,home,Pre,0,1.854,1.83,2.0,2983.6868,-1.2944983818770237,2080.0,5982.0,,sing2,SETTLED_DECIDED,,1.55,NON_FRIENDLY,league_name,R_NAME_OFFICIAL_DEFAULT,medium,,False,,False,-5.815748841996915,True,LINE_NOT_FOUND
2008843274,cb606eb6-143c-4e96-83fe-dd0fa6ae01de,487577,,"2026-08-13,38053,1021",Philadelphia Union vs Club Santos Laguna,,USA/Mexico Leagues Cup,,USA/Mexico Leagues Cup,,2026-08-13T20:43:06.286212+00:00,,H3BUP_vNext,H3BUP_vNext_20260629,away,Pre,-5,1.943,1.934,2.0,349.9822,-0.4632012352033,1362.0,7666.0,,sbo,SETTLED_DECIDED,,1.87,NON_FRIENDLY,league_name,R_NAME_OFFICIAL_DEFAULT,medium,,False,,False,,False,LINE_NOT_FOUND
2009069110,1c1f0e6b-51c1-4d6d-b675-3107eb420ccc,487702,,"2026-08-13,38053,1021",Philadelphia Union vs Club Santos Laguna,,USA/Mexico Leagues Cup,,USA/Mexico Leagues Cup,,2026-08-13T21:59:58.303240+00:00,,H3BUP_vNext,H3BUP_vNext_20260629,home,Pre,-4,1.97,1.96,2.0,400.0711,-0.5076142131979701,1262.0,4357.0,,bf,SETTLED_DECIDED,,-2.0,NON_FRIENDLY,league_name,R_NAME_OFFICIAL_DEFAULT,medium,,False,,False,,False,LINE_NOT_FOUND
2009389630,f737e407-147f-4405-86ac-1f67d5f4cd2c,487963,,"2026-08-15,26818,552",CF Montreal vs DC United,,USA Major League Soccer,,USA Major League Soccer,,2026-08-13T23:46:43.150851+00:00,,H3BUP_vNext,H3BUP_vNext_20260629,away,Pre,-1,1.921,1.914,2.0,116.6933,-0.364393545028637,2103.0,4616.0,,sbo,OPEN,,,NON_FRIENDLY,league_name,R_NAME_OFFICIAL_DEFAULT,medium,,False,,False,,False,LINE_NOT_FOUND
2009503309,a4ad370d-1ce4-442e-aa27-c924d5f7ab7d,488083,,"2026-08-14,972,613",CDSC Cruz Azul vs Chicago Fire,,USA/Mexico Leagues Cup,,USA/Mexico Leagues Cup,,2026-08-14T00:30:16.353857+00:00,,H3BUP_vNext,H3BUP_vNext_20260629,away,Pre,-1,1.925,1.892,2.0,830.348,-1.7142857142857217,1395.0,3625.0,,pin88,SETTLED_DECIDED,,1.82,NON_FRIENDLY,league_name,R_NAME_OFFICIAL_DEFAULT,medium,,False,,False,2.714440825190012,True,LINE_NOT_FOUND
2009598187,6b05d6f9-5722-4408-a3e2-2d1a7dec24ec,488169,,"2026-08-16,553,605",Colorado Rapids vs Sporting Kansas City,,USA Major League Soccer,,USA Major League Soccer,,2026-08-14T01:02:35.956239+00:00,,H3BUP_vNext,H3BUP_vNext_20260629,home,Pre,-5,2.07,2.031,2.0,129.2291,-1.8840579710144787,1093.0,5327.0,,sharp,OPEN,,,NON_FRIENDLY,league_name,R_NAME_OFFICIAL_DEFAULT,medium,,False,,False,,False,LINE_NOT_FOUND
2010059483,9fbaf366-c8eb-4561-9960-cc0c4ac651a0,488517,,"2026-08-15,33704,10049302",Manta FC vs Leones del Norte,,Ecuador Serie A (Copa Pilsener),,Ecuador Serie A (Copa Pilsener),,2026-08-14T04:12:47.050573+00:00,,H3BUP_vNext,H3BUP_vNext_20260629,home,Pre,0,1.97,1.943,2.0,117.8513,-1.3705583756345134,1300.0,7322.0,,pin88,OPEN,,,NON_FRIENDLY,league_name,R_NAME_OFFICIAL_DEFAULT,medium,,False,,False,,False,LINE_NOT_FOUND
2010059797,29e6923b-45b0-45c8-adb9-a16e18ce2cb6,488519,,"2026-08-15,27391,1621",CS Trinidense vs Club Nacional Asuncion,,Paraguay Division 1 (Primera División),,Paraguay Division 1 (Primera División),,2026-08-14T04:12:47.520858+00:00,,H3BUP_vNext,H3BUP_vNext_20260629,home,Pre,0,1.925,1.9,2.0,149.0767,-1.2987012987013056,9029.0,13031.0,,sing2,OPEN,,,NON_FRIENDLY,league_name,R_NAME_OFFICIAL_DEFAULT,medium,,False,,False,,False,LINE_NOT_FOUND
2011128396,e0ab1120-42ff-4d2e-b4f4-5efe981b4da5,489147,,"2026-08-17,10039390,555",Austin FC vs FC Dallas,,USA Major League Soccer,,USA Major League Soccer,,2026-08-14T11:47:53.810507+00:00,,H3BUP_vNext,H3BUP_vNext_20260629,home,Pre,1,1.884,1.847,2.0,468.9404,-1.9639065817409727,1055.0,5669.0,,pin88,OPEN,,,NON_FRIENDLY,league_name,R_NAME_OFFICIAL_DEFAULT,medium,,False,,False,,False,LINE_NOT_FOUND
